Produkt - Produkt,Kassationsårsag (ui),Stk. tøj per kassationsdato,Dage i cirkulation,Total antal vask,Unik Kode (ui),Måned,Vask per måned,Kategori
09385 T-Shirt Hvid B/P M Arla Tryk,Alm.slid uden restværdi,1,2860,110,00D008FC4146,"PLC, Product detaljeret, Aarhus, Apr. 2023.xlsx",1.1707692307692308,T-shirt
09385 T-Shirt Hvid B/P M Arla Tryk,Alm.slid uden restværdi,1,2758,97,00D00930E607,"PLC, Product detaljeret, Aarhus, Apr. 2023.xlsx",1.0705873821609861,T-shirt
09385 T-Shirt Hvid B/P M Arla Tryk,Alm.slid uden restværdi,1,2758,109,00D00979088E,"PLC, Product detaljeret, Aarhus, Apr. 2023.xlsx",1.2030311820159538,T-shirt
09385 T-Shirt Hvid B/P M Arla Tryk,Alm.slid uden restværdi,1,2749,111,00D009510D99,"PLC, Product detaljeret, Aarhus, Apr. 2023.xlsx",1.2291160421971625,T-shirt
01083 T-Shirt unisex hvid k/æ P/B,Alm.slid uden restværdi,1,2728,119,00D009520622,"PLC, Product detaljeret, Aarhus, Apr. 2023.xlsx",1.3278445747800587,T-shirt
09385 T-Shirt Hvid B/P M Arla Tryk,Alm.slid uden restværdi,1,2715,101,00D009275AA6,"PLC, Product detaljeret, Aarhus, Apr. 2023.xlsx",1.132390423572744,T-shirt
09385 T-Shirt Hvid B/P M Arla Tryk,Alm.slid uden restværdi,1,2694,104,00D0095245F6,"PLC, Product detaljeret, Aarhus, Apr. 2023.xlsx",1.1751150705270972,T-shirt
09385 T-Shirt Hvid B/P M Arla Tryk,Alm.slid uden restværdi,1,2687,99,00D00926FE98,"PLC, Product detaljeret, Aarhus, Apr. 2023.xlsx",1.1215333085225159,T-shirt
09385 T-Shirt Hvid B/P M Arla Tryk,Alm.slid uden restværdi,1,2687,112,00D0095ADF95,"PLC, Product detaljeret, Aarhus, Apr. 2023.xlsx",1.2688053591365835,T-shirt
09385 T-Shirt Hvid B/P M Arla Tryk,Alm.slid uden restværdi,1,2660,116,00D009511359,"PLC, Product detaljeret, Aarhus, Apr. 2023.xlsx",1.3274586466165414,T-shirt
09385 T-Shirt Hvid B/P M Arla Tryk,Alm.slid uden restværdi,1,2659,96,00D0094F9B9C,"PLC, Product detaljeret, Aarhus, Apr. 2023.xlsx",1.0989996239187665,T-shirt
09385 T-Shirt Hvid B/P M Arla Tryk,Alm.slid uden restværdi,1,2647,108,00D00951708D,"PLC, Product detaljeret, Aarhus, Apr. 2023.xlsx",1.2419795995466567,T-shirt
09385 T-Shirt Hvid B/P M Arla Tryk,Alm.slid uden restværdi,1,2627,90,00D009168E1B,"PLC, Product detaljeret, Aarhus, Apr. 2023.xlsx",1.04286258089075,T-shirt
01083 T-Shirt unisex hvid k/æ P/B,Alm.slid uden restværdi,1,2583,97,00D00972C6CB,"PLC, Product detaljeret, Aarhus, Apr. 2023.xlsx",1.1431204026325978,T-shirt
09385 T-Shirt Hvid B/P M Arla Tryk,Alm.slid uden restværdi,1,2577,98,00D0095A5A22,"PLC, Product detaljeret, Aarhus, Apr. 2023.xlsx",1.1575941016686069,T-shirt
01083 T-Shirt unisex hvid k/æ P/B,Alm.slid uden restværdi,1,2570,55,00D009705B4F,"PLC, Product detaljeret, Aarhus, Apr. 2023.xlsx",0.6514396887159534,T-shirt
09385 T-Shirt Hvid B/P M Arla Tryk,Alm.slid uden restværdi,1,2570,103,00D009415229,"PLC, Product detaljeret, Aarhus, Apr. 2023.xlsx",1.219968871595331,T-shirt
09385 T-Shirt Hvid B/P M Arla Tryk,Alm.slid uden restværdi,1,2567,110,00D0095B3C63,"PLC, Product detaljeret, Aarhus, Apr. 2023.xlsx",1.3044020257109468,T-shirt
01083 T-Shirt unisex hvid k/æ P/B,Alm.slid uden restværdi,1,2565,102,00D00952CB7F,"PLC, Product detaljeret, Aarhus, Apr. 2023.xlsx",1.210479532163743,T-shirt
09385 T-Shirt Hvid B/P M Arla Tryk,Alm.slid uden restværdi,1,2561,78,00D007BF348A,"PLC, Product detaljeret, Aarhus, Apr. 2023.xlsx",0.9271065989847717,T-shirt
01083 T-Shirt unisex hvid k/æ P/B,Alm.slid uden restværdi,1,2555,75,00D009706309,"PLC, Product detaljeret, Aarhus, Apr. 2023.xlsx",0.8935420743639921,T-shirt
01083 T-Shirt unisex hvid k/æ P/B,Alm.slid uden restværdi,1,2525,100,00D00972FE4A,"PLC, Product detaljeret, Aarhus, Apr. 2023.xlsx",1.2055445544554455,T-shirt
09385 T-Shirt Hvid B/P M Arla Tryk,Alm.slid uden restværdi,1,2448,111,00D007BADDD7,"PLC, Product detaljeret, Aarhus, Apr. 2023.xlsx",1.3802450980392158,T-shirt
09385 T-Shirt Hvid B/P M Arla Tryk,Alm.slid uden restværdi,1,2435,82,00D009113BCA,"PLC, Product detaljeret, Aarhus, Apr. 2023.xlsx",1.0250841889117044,T-shirt
09385 T-Shirt Hvid B/P M Arla Tryk,Alm.slid uden restværdi,1,2416,97,00D009701F96,"PLC, Product detaljeret, Aarhus, Apr. 2023.xlsx",1.222135761589404,T-shirt
09385 T-Shirt Hvid B/P M Arla Tryk,Alm.slid uden restværdi,1,2407,116,00D009705D11,"PLC, Product detaljeret, Aarhus, Apr. 2023.xlsx",1.466987951807229,T-shirt
09385 T-Shirt Hvid B/P M Arla Tryk,Alm.slid uden restværdi,1,2389,100,00D0097086A9,"PLC, Product detaljeret, Aarhus, Apr. 2023.xlsx",1.2741732942653832,T-shirt
09385 T-Shirt Hvid B/P M Arla Tryk,Alm.slid uden restværdi,1,2293,94,00D0097833AC,"PLC, Product detaljeret, Aarhus, Apr. 2023.xlsx",1.2478674225904929,T-shirt
09385 T-Shirt Hvid B/P M Arla Tryk,Alm.slid uden restværdi,1,2234,109,00D009706668,"PLC, Product detaljeret, Aarhus, Apr. 2023.xlsx",1.4852103849597136,T-shirt
09385 T-Shirt Hvid B/P M Arla Tryk,Alm.slid uden restværdi,1,2228,21,30155C97D461A7C000640810,"PLC, Product detaljeret, Aarhus, Apr. 2023.xlsx",0.2869120287253142,T-shirt
09385 T-Shirt Hvid B/P M Arla Tryk,Alm.slid uden restværdi,1,2228,29,30155C97D461A7C000755DBD,"PLC, Product detaljeret, Aarhus, Apr. 2023.xlsx",0.39621184919210056,T-shirt
09385 T-Shirt Hvid B/P M Arla Tryk,Alm.slid uden restværdi,1,2218,104,00D0098EB23C,"PLC, Product detaljeret, Aarhus, Apr. 2023.xlsx",1.4273038773669975,T-shirt
09385 T-Shirt Hvid B/P M Arla Tryk,Alm.slid uden restværdi,1,2212,112,00D009703533,"PLC, Product detaljeret, Aarhus, Apr. 2023.xlsx",1.5412658227848102,T-shirt
09385 T-Shirt Hvid B/P M Arla Tryk,Alm.slid uden restværdi,1,2211,100,00D0099722CA,"PLC, Product detaljeret, Aarhus, Apr. 2023.xlsx",1.3767526006331978,T-shirt
09385 T-Shirt Hvid B/P M Arla Tryk,Alm.slid uden restværdi,1,2206,109,00D009279776,"PLC, Product detaljeret, Aarhus, Apr. 2023.xlsx",1.504061650045331,T-shirt
09385 T-Shirt Hvid B/P M Arla Tryk,Alm.slid uden restværdi,1,2205,69,00D009989440,"PLC, Product detaljeret, Aarhus, Apr. 2023.xlsx",0.952544217687075,T-shirt
09385 T-Shirt Hvid B/P M Arla Tryk,Alm.slid uden restværdi,1,2201,105,00D0098EA08F,"PLC, Product detaljeret, Aarhus, Apr. 2023.xlsx",1.452158109950023,T-shirt
09385 T-Shirt Hvid B/P M Arla Tryk,Alm.slid uden restværdi,1,2198,101,00D009AC8C4A,"PLC, Product detaljeret, Aarhus, Apr. 2023.xlsx",1.398744313011829,T-shirt
01083 T-Shirt unisex hvid k/æ P/B,Alm.slid uden restværdi,1,2191,126,30155C97D461A7C000685704,"PLC, Product detaljeret, Aarhus, Apr. 2023.xlsx",1.7505431309904154,T-shirt
09385 T-Shirt Hvid B/P M Arla Tryk,Alm.slid uden restværdi,1,2184,96,00D0098E9DCD,"PLC, Product detaljeret, Aarhus, Apr. 2023.xlsx",1.3380219780219782,T-shirt
09385 T-Shirt Hvid B/P M Arla Tryk,Alm.slid uden restværdi,1,2184,110,30155C97D461A7C0007D22FE,"PLC, Product detaljeret, Aarhus, Apr. 2023.xlsx",1.5331501831501833,T-shirt
09385 T-Shirt Hvid B/P M Arla Tryk,Alm.slid uden restværdi,1,2183,88,30155C97D461A7C00092EC3F,"PLC, Product detaljeret, Aarhus, Apr. 2023.xlsx",1.2270819972514888,T-shirt
09385 T-Shirt Hvid B/P M Arla Tryk,Alm.slid uden restværdi,1,2176,103,30155C97D461A7C0007D14C9,"PLC, Product detaljeret, Aarhus, Apr. 2023.xlsx",1.4408639705882353,T-shirt
09385 T-Shirt Hvid B/P M Arla Tryk,Alm.slid uden restværdi,1,2176,84,30155C97D461A7C0007D15CA,"PLC, Product detaljeret, Aarhus, Apr. 2023.xlsx",1.175073529411765,T-shirt
09385 T-Shirt Hvid B/P M Arla Tryk,Alm.slid uden restværdi,1,2176,90,30155C97D461A7C0007D2023,"PLC, Product detaljeret, Aarhus, Apr. 2023.xlsx",1.2590073529411765,T-shirt
09385 T-Shirt Hvid B/P M Arla Tryk,Alm.slid uden restværdi,1,2176,77,30155C97D461A7C0007D2054,"PLC, Product detaljeret, Aarhus, Apr. 2023.xlsx",1.0771507352941176,T-shirt
09385 T-Shirt Hvid B/P M Arla Tryk,Alm.slid uden restværdi,1,2176,92,30155C97D461A7C000933A6B,"PLC, Product detaljeret, Aarhus, Apr. 2023.xlsx",1.2869852941176472,T-shirt
09385 T-Shirt Hvid B/P M Arla Tryk,Alm.slid uden restværdi,1,2170,93,00D00970C899,"PLC, Product detaljeret, Aarhus, Apr. 2023.xlsx",1.3045714285714287,T-shirt
09385 T-Shirt Hvid B/P M Arla Tryk,Alm.slid uden restværdi,1,2169,87,30155C97D461A7C000932E68,"PLC, Product detaljeret, Aarhus, Apr. 2023.xlsx",1.2209681881051178,T-shirt
09385 T-Shirt Hvid B/P M Arla Tryk,Alm.slid uden restværdi,1,2162,110,30155C97D461A7C000B6339A,"PLC, Product detaljeret, Aarhus, Apr. 2023.xlsx",1.5487511563367253,T-shirt
01083 T-Shirt unisex hvid k/æ P/B,Alm.slid uden restværdi,1,2158,127,30155C97D461A7C000B5CDB8,"PLC, Product detaljeret, Aarhus, Apr. 2023.xlsx",1.7914179796107508,T-shirt
01083 T-Shirt unisex hvid k/æ P/B,Alm.slid uden restværdi,1,2158,121,30155C97D461A7C000B5CE1E,"PLC, Product detaljeret, Aarhus, Apr. 2023.xlsx",1.7067840593141799,T-shirt
01083 T-Shirt unisex hvid k/æ P/B,Alm.slid uden restværdi,1,2158,130,30155C97D461A7C000B5CE7C,"PLC, Product detaljeret, Aarhus, Apr. 2023.xlsx",1.8337349397590361,T-shirt
09385 T-Shirt Hvid B/P M Arla Tryk,Alm.slid uden restværdi,1,2154,98,30155C97D461A7C000B6335E,"PLC, Product detaljeret, Aarhus, Apr. 2023.xlsx",1.384921077065924,T-shirt
09385 T-Shirt Hvid B/P M Arla Tryk,Alm.slid uden restværdi,1,2144,79,30155C97D461A7C0007D203F,"PLC, Product detaljeret, Aarhus, Apr. 2023.xlsx",1.1216231343283583,T-shirt
09385 T-Shirt Hvid B/P M Arla Tryk,Alm.slid uden restværdi,1,2144,102,30155C97D461A7C0007D28B9,"PLC, Product detaljeret, Aarhus, Apr. 2023.xlsx",1.4481716417910449,T-shirt
09385 T-Shirt Hvid B/P M Arla Tryk,Alm.slid uden restværdi,1,2136,95,30155C97D461A7C000B642EC,"PLC, Product detaljeret, Aarhus, Apr. 2023.xlsx",1.3538389513108615,T-shirt
09385 T-Shirt Hvid B/P M Arla Tryk,Alm.slid uden restværdi,1,2134,93,30155C97D461A7C0008579F6,"PLC, Product detaljeret, Aarhus, Apr. 2023.xlsx",1.3265791940018745,T-shirt
09385 T-Shirt Hvid B/P M Arla Tryk,Alm.slid uden restværdi,1,2132,95,00D0097A1589,"PLC, Product detaljeret, Aarhus, Apr. 2023.xlsx",1.356378986866792,T-shirt
09385 T-Shirt Hvid B/P M Arla Tryk,Alm.slid uden restværdi,1,2126,93,00D00976F192,"PLC, Product detaljeret, Aarhus, Apr. 2023.xlsx",1.3315710253998119,T-shirt
09385 T-Shirt Hvid B/P M Arla Tryk,Alm.slid uden restværdi,1,2126,77,00D0097FF540,"PLC, Product detaljeret, Aarhus, Apr. 2023.xlsx",1.102483537158984,T-shirt
09385 T-Shirt Hvid B/P M Arla Tryk,Alm.slid uden restværdi,1,2126,78,30155C97D461A7C0008573ED,"PLC, Product detaljeret, Aarhus, Apr. 2023.xlsx",1.1168015051740356,T-shirt
09385 T-Shirt Hvid B/P M Arla Tryk,Alm.slid uden restværdi,1,2126,82,30155C97D461A7C000857B1A,"PLC, Product detaljeret, Aarhus, Apr. 2023.xlsx",1.1740733772342429,T-shirt
09385 T-Shirt Hvid B/P M Arla Tryk,Alm.slid uden restværdi,1,2122,87,30155C97D461A7C000B990AE,"PLC, Product detaljeret, Aarhus, Apr. 2023.xlsx",1.2480113100848256,T-shirt
09385 T-Shirt Hvid B/P M Arla Tryk,Alm.slid uden restværdi,1,2121,90,30155C97D461A7C0007D14B7,"PLC, Product detaljeret, Aarhus, Apr. 2023.xlsx",1.2916548797736918,T-shirt
09385 T-Shirt Hvid B/P M Arla Tryk,Alm.slid uden restværdi,1,2121,91,30155C97D461A7C000B990B4,"PLC, Product detaljeret, Aarhus, Apr. 2023.xlsx",1.3060066006600661,T-shirt
01083 T-Shirt unisex hvid k/æ P/B,Alm.slid uden restværdi,1,2105,83,30155C97D461A7C000B10EF1,"PLC, Product detaljeret, Aarhus, Apr. 2023.xlsx",1.2002470308788598,T-shirt
09385 T-Shirt Hvid B/P M Arla Tryk,Alm.slid uden restværdi,1,2104,114,30155C97D461A7C0007D2934,"PLC, Product detaljeret, Aarhus, Apr. 2023.xlsx",1.6493155893536122,T-shirt
09385 T-Shirt Hvid B/P M Arla Tryk,Alm.slid uden restværdi,1,2104,98,30155C97D461A7C000A11B45,"PLC, Product detaljeret, Aarhus, Apr. 2023.xlsx",1.417832699619772,T-shirt
09385 T-Shirt Hvid B/P M Arla Tryk,Alm.slid uden restværdi,1,2104,94,30155C97D461A7C000A134B5,"PLC, Product detaljeret, Aarhus, Apr. 2023.xlsx",1.3599619771863118,T-shirt
09385 T-Shirt Hvid B/P M Arla Tryk,Alm.slid uden restværdi,1,2104,109,30155C97D461A7C000B99107,"PLC, Product detaljeret, Aarhus, Apr. 2023.xlsx",1.5769771863117872,T-shirt
09385 T-Shirt Hvid B/P M Arla Tryk,Alm.slid uden restværdi,1,2104,105,30155C97D461A7C000B9917B,"PLC, Product detaljeret, Aarhus, Apr. 2023.xlsx",1.5191064638783272,T-shirt
09385 T-Shirt Hvid B/P M Arla Tryk,Alm.slid uden restværdi,1,2092,88,30155C97D461A7C000B1109E,"PLC, Product detaljeret, Aarhus, Apr. 2023.xlsx",1.2804588910133845,T-shirt
09385 T-Shirt Hvid B/P M Arla Tryk,Alm.slid uden restværdi,1,2072,82,30155C97D461A7C00092E60C,"PLC, Product detaljeret, Aarhus, Apr. 2023.xlsx",1.2046718146718147,T-shirt
09385 T-Shirt Hvid B/P M Arla Tryk,Alm.slid uden restværdi,1,2066,97,30155C97D461A7C000B114F9,"PLC, Product detaljeret, Aarhus, Apr. 2023.xlsx",1.4291771539206195,T-shirt
09385 T-Shirt Hvid B/P M Arla Tryk,Alm.slid uden restværdi,1,2064,88,30155C97D461A7C000B992E4,"PLC, Product detaljeret, Aarhus, Apr. 2023.xlsx",1.2978294573643412,T-shirt
09385 T-Shirt Hvid B/P M Arla Tryk,Alm.slid uden restværdi,1,2059,99,30155C97D461A7C000B10C8F,"PLC, Product detaljeret, Aarhus, Apr. 2023.xlsx",1.4636036911121906,T-shirt
09385 T-Shirt Hvid B/P M Arla Tryk,Alm.slid uden restværdi,1,2057,106,30155C97D461A7C000B9938F,"PLC, Product detaljeret, Aarhus, Apr. 2023.xlsx",1.5686144871171608,T-shirt
09385 T-Shirt Hvid B/P M Arla Tryk,Alm.slid uden restværdi,1,2051,101,30155C97D461A7C000B11138,"PLC, Product detaljeret, Aarhus, Apr. 2023.xlsx",1.4989956118966359,T-shirt
09385 T-Shirt Hvid B/P M Arla Tryk,Alm.slid uden restværdi,1,2051,89,30155C97D461A7C000B11455,"PLC, Product detaljeret, Aarhus, Apr. 2023.xlsx",1.3208971233544613,T-shirt
09385 T-Shirt Hvid B/P M Arla Tryk,Alm.slid uden restværdi,1,2042,83,30155C97D461A7C000B992ED,"PLC, Product detaljeret, Aarhus, Apr. 2023.xlsx",1.237277179236043,T-shirt
09385 T-Shirt Hvid B/P M Arla Tryk,Alm.slid uden restværdi,1,2039,104,30155C97D461A7C000B10FE5,"PLC, Product detaljeret, Aarhus, Apr. 2023.xlsx",1.5526042177538009,T-shirt
09385 T-Shirt Hvid B/P M Arla Tryk,Alm.slid uden restværdi,1,2039,93,30155C97D461A7C000B9923F,"PLC, Product detaljeret, Aarhus, Apr. 2023.xlsx",1.3883864639529182,T-shirt
09385 T-Shirt Hvid B/P M Arla Tryk,Alm.slid uden restværdi,1,2038,99,30155C97D461A7C000B99263,"PLC, Product detaljeret, Aarhus, Apr. 2023.xlsx",1.4786849852796862,T-shirt
09385 T-Shirt Hvid B/P M Arla Tryk,Alm.slid uden restværdi,1,2038,96,30155C97D461A7C000B99352,"PLC, Product detaljeret, Aarhus, Apr. 2023.xlsx",1.4338763493621198,T-shirt
09385 T-Shirt Hvid B/P M Arla Tryk,Alm.slid uden restværdi,1,2037,101,30155C97D461A7C000B113EC,"PLC, Product detaljeret, Aarhus, Apr. 2023.xlsx",1.5092979872361316,T-shirt
09385 T-Shirt Hvid B/P M Arla Tryk,Alm.slid uden restværdi,1,2037,82,30155C97D461A7C000B11941,"PLC, Product detaljeret, Aarhus, Apr. 2023.xlsx",1.225370643102602,T-shirt
09385 T-Shirt Hvid B/P M Arla Tryk,Alm.slid uden restværdi,1,2036,92,30155C97D461A7C000908BCF,"PLC, Product detaljeret, Aarhus, Apr. 2023.xlsx",1.3754813359528488,T-shirt
09385 T-Shirt Hvid B/P M Arla Tryk,Alm.slid uden restværdi,1,2035,86,30155C97D461A7C000B11390,"PLC, Product detaljeret, Aarhus, Apr. 2023.xlsx",1.2864078624078625,T-shirt
09385 T-Shirt Hvid B/P M Arla Tryk,Alm.slid uden restværdi,1,2034,120,30155C97D461A7C000B12FBA,"PLC, Product detaljeret, Aarhus, Apr. 2023.xlsx",1.7958702064896757,T-shirt
09385 T-Shirt Hvid B/P M Arla Tryk,Alm.slid uden restværdi,1,2031,76,30155C97D461A7C000B10FFA,"PLC, Product detaljeret, Aarhus, Apr. 2023.xlsx",1.139064500246184,T-shirt
09385 T-Shirt Hvid B/P M Arla Tryk,Alm.slid uden restværdi,1,2031,100,30155C97D461A7C000B993B8,"PLC, Product detaljeret, Aarhus, Apr. 2023.xlsx",1.4987690792712949,T-shirt
09385 T-Shirt Hvid B/P M Arla Tryk,Alm.slid uden restværdi,1,2030,87,30155C97D461A7C000B992DE,"PLC, Product detaljeret, Aarhus, Apr. 2023.xlsx",1.3045714285714287,T-shirt
09385 T-Shirt Hvid B/P M Arla Tryk,Alm.slid uden restværdi,1,2030,103,30155C97D461A7C000B99393,"PLC, Product detaljeret, Aarhus, Apr. 2023.xlsx",1.5444926108374386,T-shirt
09385 T-Shirt Hvid B/P M Arla Tryk,Alm.slid uden restværdi,1,2030,85,30155C97D461A7C000B99396,"PLC, Product detaljeret, Aarhus, Apr. 2023.xlsx",1.2745812807881773,T-shirt
09385 T-Shirt Hvid B/P M Arla Tryk,Alm.slid uden restværdi,1,2030,84,30155C97D461A7C000B993CF,"PLC, Product detaljeret, Aarhus, Apr. 2023.xlsx",1.2595862068965518,T-shirt
09385 T-Shirt Hvid B/P M Arla Tryk,Alm.slid uden restværdi,1,2029,86,30155C97D461A7C000B112BB,"PLC, Product detaljeret, Aarhus, Apr. 2023.xlsx",1.290211927057664,T-shirt
00946 T-Shirt Hvid Bomuld L/Æ Game,Alm.slid uden restværdi,1,2026,61,30155C97D461A7C000BA2892,"PLC, Product detaljeret, Aarhus, Apr. 2023.xlsx",0.9165054294175716,T-shirt
09385 T-Shirt Hvid B/P M Arla Tryk,Alm.slid uden restværdi,1,2023,98,30155C97D461A7C000B13BE2,"PLC, Product detaljeret, Aarhus, Apr. 2023.xlsx",1.4746020761245675,T-shirt
09385 T-Shirt Hvid B/P M Arla Tryk,Alm.slid uden restværdi,1,2022,94,30155C97D461A7C000B11049,"PLC, Product detaljeret, Aarhus, Apr. 2023.xlsx",1.4151137487636003,T-shirt
09385 T-Shirt Hvid B/P M Arla Tryk,Alm.slid uden restværdi,1,2022,90,30155C97D461A7C000B13AEE,"PLC, Product detaljeret, Aarhus, Apr. 2023.xlsx",1.3548961424332346,T-shirt
09385 T-Shirt Hvid B/P M Arla Tryk,Alm.slid uden restværdi,1,2015,87,30155C97D461A7C000B13AF5,"PLC, Product detaljeret, Aarhus, Apr. 2023.xlsx",1.3142828784119107,T-shirt
09385 T-Shirt Hvid B/P M Arla Tryk,Alm.slid uden restværdi,1,2007,94,30155C97D461A7C000B114DE,"PLC, Product detaljeret, Aarhus, Apr. 2023.xlsx",1.4256900847035376,T-shirt
09385 T-Shirt Hvid B/P M Arla Tryk,Alm.slid uden restværdi,1,2002,80,00D0097954DA,"PLC, Product detaljeret, Aarhus, Apr. 2023.xlsx",1.2163836163836164,T-shirt
09385 T-Shirt Hvid B/P M Arla Tryk,Alm.slid uden restværdi,1,2001,73,30155C97D461A7C000B13B08,"PLC, Product detaljeret, Aarhus, Apr. 2023.xlsx",1.110504747626187,T-shirt
09385 T-Shirt Hvid B/P M Arla Tryk,Alm.slid uden restværdi,1,1994,89,00D009785F61,"PLC, Product detaljeret, Aarhus, Apr. 2023.xlsx",1.3586559679037111,T-shirt
09385 T-Shirt Hvid B/P M Arla Tryk,Alm.slid uden restværdi,1,1988,84,30155C97D461A7C000BCFCBD,"PLC, Product detaljeret, Aarhus, Apr. 2023.xlsx",1.2861971830985917,T-shirt
09385 T-Shirt Hvid B/P M Arla Tryk,Alm.slid uden restværdi,1,1987,84,00D009795590,"PLC, Product detaljeret, Aarhus, Apr. 2023.xlsx",1.286844489179668,T-shirt
09385 T-Shirt Hvid B/P M Arla Tryk,Alm.slid uden restværdi,1,1982,84,30155C97D461A7C000BD0329,"PLC, Product detaljeret, Aarhus, Apr. 2023.xlsx",1.2900908173562058,T-shirt
09385 T-Shirt Hvid B/P M Arla Tryk,Alm.slid uden restværdi,1,1982,96,30155C97D461A7C000D7210B,"PLC, Product detaljeret, Aarhus, Apr. 2023.xlsx",1.4743895055499494,T-shirt
09385 T-Shirt Hvid B/P M Arla Tryk,Alm.slid uden restværdi,1,1980,89,30155C97D461A7C000D72233,"PLC, Product detaljeret, Aarhus, Apr. 2023.xlsx",1.3682626262626263,T-shirt
09385 T-Shirt Hvid B/P M Arla Tryk,Alm.slid uden restværdi,1,1974,78,30155C97D461A7C000D720A0,"PLC, Product detaljeret, Aarhus, Apr. 2023.xlsx",1.2027963525835865,T-shirt
09385 T-Shirt Hvid B/P M Arla Tryk,Alm.slid uden restværdi,1,1973,76,00D0096FC4E0,"PLC, Product detaljeret, Aarhus, Apr. 2023.xlsx",1.1725494171312723,T-shirt
09385 T-Shirt Hvid B/P M Arla Tryk,Alm.slid uden restværdi,1,1973,98,30155C97D461A7C000BCF753,"PLC, Product detaljeret, Aarhus, Apr. 2023.xlsx",1.5119716168271669,T-shirt
09385 T-Shirt Hvid B/P M Arla Tryk,Alm.slid uden restværdi,1,1973,86,30155C97D461A7C000D7214C,"PLC, Product detaljeret, Aarhus, Apr. 2023.xlsx",1.3268322351748607,T-shirt
09385 T-Shirt Hvid B/P M Arla Tryk,Alm.slid uden restværdi,1,1972,79,30155C97D461A7C000B10C4B,"PLC, Product detaljeret, Aarhus, Apr. 2023.xlsx",1.2194523326572009,T-shirt
09385 T-Shirt Hvid B/P M Arla Tryk,Alm.slid uden restværdi,1,1972,94,30155C97D461A7C000B10C67,"PLC, Product detaljeret, Aarhus, Apr. 2023.xlsx",1.4509939148073023,T-shirt
01083 T-Shirt unisex hvid k/æ P/B,Alm.slid uden restværdi,1,1970,73,30155C97D461A7C000F06D47,"PLC, Product detaljeret, Aarhus, Apr. 2023.xlsx",1.1279796954314723,T-shirt
01083 T-Shirt unisex hvid k/æ P/B,Alm.slid uden restværdi,1,1961,149,30155C97D461A7C000F01D92,"PLC, Product detaljeret, Aarhus, Apr. 2023.xlsx",2.3128811830698623,T-shirt
09385 T-Shirt Hvid B/P M Arla Tryk,Alm.slid uden restværdi,1,1961,98,30155C97D461A7C000BCF7B5,"PLC, Product detaljeret, Aarhus, Apr. 2023.xlsx",1.521223865374809,T-shirt
09385 T-Shirt Hvid B/P M Arla Tryk,Alm.slid uden restværdi,1,1961,85,30155C97D461A7C000D74B59,"PLC, Product detaljeret, Aarhus, Apr. 2023.xlsx",1.3194288628250892,T-shirt
01083 T-Shirt unisex hvid k/æ P/B,Alm.slid uden restværdi,1,1960,133,30155C97D461A7C000D71E3F,"PLC, Product detaljeret, Aarhus, Apr. 2023.xlsx",2.0655714285714284,T-shirt
01083 T-Shirt unisex hvid k/æ P/B,Alm.slid uden restværdi,1,1950,62,30155C97D461A7C000F0F0D5,"PLC, Product detaljeret, Aarhus, Apr. 2023.xlsx",0.9678358974358975,T-shirt
01083 T-Shirt unisex hvid k/æ P/B,Alm.slid uden restværdi,1,1947,130,30155C97D461A7C00117AC6F,"PLC, Product detaljeret, Aarhus, Apr. 2023.xlsx",2.0324601951720593,T-shirt
09385 T-Shirt Hvid B/P M Arla Tryk,Alm.slid uden restværdi,1,1947,89,00D009AC924D,"PLC, Product detaljeret, Aarhus, Apr. 2023.xlsx",1.3914535182331793,T-shirt
09385 T-Shirt Hvid B/P M Arla Tryk,Alm.slid uden restværdi,1,1945,94,30155C97D461A7C000F0C8CB,"PLC, Product detaljeret, Aarhus, Apr. 2023.xlsx",1.4711362467866325,T-shirt
01083 T-Shirt unisex hvid k/æ P/B,Alm.slid uden restværdi,1,1928,84,30155C97D461A7C000D6FD2F,"PLC, Product detaljeret, Aarhus, Apr. 2023.xlsx",1.3262240663900415,T-shirt
01083 T-Shirt unisex hvid k/æ P/B,Alm.slid uden restværdi,1,1923,46,30155C97D461A7C001175485,"PLC, Product detaljeret, Aarhus, Apr. 2023.xlsx",0.7281539261570463,T-shirt
09385 T-Shirt Hvid B/P M Arla Tryk,Alm.slid uden restværdi,1,1904,92,00D009783B7E,"PLC, Product detaljeret, Aarhus, Apr. 2023.xlsx",1.470840336134454,T-shirt
09385 T-Shirt Hvid B/P M Arla Tryk,Alm.slid uden restværdi,1,1904,98,30155C97D461A7C000684CB0,"PLC, Product detaljeret, Aarhus, Apr. 2023.xlsx",1.5667647058823528,T-shirt
09385 T-Shirt Hvid B/P M Arla Tryk,Alm.slid uden restværdi,1,1903,86,30155C97D461A7C000D72101,"PLC, Product detaljeret, Aarhus, Apr. 2023.xlsx",1.3756384655806622,T-shirt
09385 T-Shirt Hvid B/P M Arla Tryk,Alm.slid uden restværdi,1,1901,100,30155C97D461A7C000F062BA,"PLC, Product detaljeret, Aarhus, Apr. 2023.xlsx",1.6012624934245134,T-shirt
09385 T-Shirt Hvid B/P M Arla Tryk,Alm.slid uden restværdi,1,1901,96,30155C97D461A7C00116AA6C,"PLC, Product detaljeret, Aarhus, Apr. 2023.xlsx",1.5372119936875328,T-shirt
09385 T-Shirt Hvid B/P M Arla Tryk,Alm.slid uden restværdi,1,1900,69,00D00975AF8C,"PLC, Product detaljeret, Aarhus, Apr. 2023.xlsx",1.1054526315789475,T-shirt
09385 T-Shirt Hvid B/P M Arla Tryk,Alm.slid uden restværdi,1,1900,95,30155C97D461A7C000D74EF9,"PLC, Product detaljeret, Aarhus, Apr. 2023.xlsx",1.5220000000000002,T-shirt
09385 T-Shirt Hvid B/P M Arla Tryk,Alm.slid uden restværdi,1,1898,95,30155C97D461A7C00116A16A,"PLC, Product detaljeret, Aarhus, Apr. 2023.xlsx",1.5236037934668072,T-shirt
09385 T-Shirt Hvid B/P M Arla Tryk,Alm.slid uden restværdi,1,1897,77,30155C97D461A7C000D75B46,"PLC, Product detaljeret, Aarhus, Apr. 2023.xlsx",1.2355719557195572,T-shirt
09385 T-Shirt Hvid B/P M Arla Tryk,Alm.slid uden restværdi,1,1896,89,00D0097A2418,"PLC, Product detaljeret, Aarhus, Apr. 2023.xlsx",1.4288818565400845,T-shirt
09385 T-Shirt Hvid B/P M Arla Tryk,Alm.slid uden restværdi,1,1895,99,30155C97D461A7C00116BAAD,"PLC, Product detaljeret, Aarhus, Apr. 2023.xlsx",1.590269129287599,T-shirt
09385 T-Shirt Hvid B/P M Arla Tryk,Alm.slid uden restværdi,1,1894,106,30155C97D461A7C00116BB9A,"PLC, Product detaljeret, Aarhus, Apr. 2023.xlsx",1.703611404435058,T-shirt
09385 T-Shirt Hvid B/P M Arla Tryk,Alm.slid uden restværdi,1,1892,111,00D00AD58467,"PLC, Product detaljeret, Aarhus, Apr. 2023.xlsx",1.7858562367864694,T-shirt
09385 T-Shirt Hvid B/P M Arla Tryk,Alm.slid uden restværdi,1,1888,76,30155C97D461A7C000F084DC,"PLC, Product detaljeret, Aarhus, Apr. 2023.xlsx",1.2253389830508474,T-shirt
09385 T-Shirt Hvid B/P M Arla Tryk,Alm.slid uden restværdi,1,1888,89,30155C97D461A7C001169F8B,"PLC, Product detaljeret, Aarhus, Apr. 2023.xlsx",1.434936440677966,T-shirt
09385 T-Shirt Hvid B/P M Arla Tryk,Alm.slid uden restværdi,1,1888,104,30155C97D461A7C00116A202,"PLC, Product detaljeret, Aarhus, Apr. 2023.xlsx",1.6767796610169492,T-shirt
09385 T-Shirt Hvid B/P M Arla Tryk,Alm.slid uden restværdi,1,1888,90,30155C97D461A7C00117808D,"PLC, Product detaljeret, Aarhus, Apr. 2023.xlsx",1.4510593220338983,T-shirt
09385 T-Shirt Hvid B/P M Arla Tryk,Alm.slid uden restværdi,1,1884,70,30155C97D461A7C001179845,"PLC, Product detaljeret, Aarhus, Apr. 2023.xlsx",1.1309978768577496,T-shirt
09385 T-Shirt Hvid B/P M Arla Tryk,Alm.slid uden restværdi,1,1883,93,30155C97D461A7C00116A1D8,"PLC, Product detaljeret, Aarhus, Apr. 2023.xlsx",1.503409453000531,T-shirt
09385 T-Shirt Hvid B/P M Arla Tryk,Alm.slid uden restværdi,1,1879,105,30155C97D461A7C00117826A,"PLC, Product detaljeret, Aarhus, Apr. 2023.xlsx",1.7010111761575308,T-shirt
09385 T-Shirt Hvid B/P M Arla Tryk,Alm.slid uden restværdi,1,1878,70,30155C97D461A7C0011796DC,"PLC, Product detaljeret, Aarhus, Apr. 2023.xlsx",1.134611288604899,T-shirt
09385 T-Shirt Hvid B/P M Arla Tryk,Alm.slid uden restværdi,1,1874,88,30155C97D461A7C001170611,"PLC, Product detaljeret, Aarhus, Apr. 2023.xlsx",1.4294130202774813,T-shirt
09385 T-Shirt Hvid B/P M Arla Tryk,Alm.slid uden restværdi,1,1874,101,30155C97D461A7C0011707EC,"PLC, Product detaljeret, Aarhus, Apr. 2023.xlsx",1.6405763073639275,T-shirt
01083 T-Shirt unisex hvid k/æ P/B,Alm.slid uden restværdi,1,1871,115,30155C97D461A7C001308AB6,"PLC, Product detaljeret, Aarhus, Apr. 2023.xlsx",1.870978086584714,T-shirt
09385 T-Shirt Hvid B/P M Arla Tryk,Alm.slid uden restværdi,1,1862,83,30155C97D461A7C001242EFA,"PLC, Product detaljeret, Aarhus, Apr. 2023.xlsx",1.3568850698174006,T-shirt
09385 T-Shirt Hvid B/P M Arla Tryk,Alm.slid uden restværdi,1,1861,92,30155C97D461A7C000D74A09,"PLC, Product detaljeret, Aarhus, Apr. 2023.xlsx",1.5048253627082215,T-shirt
09385 T-Shirt Hvid B/P M Arla Tryk,Alm.slid uden restværdi,1,1861,96,30155C97D461A7C001178219,"PLC, Product detaljeret, Aarhus, Apr. 2023.xlsx",1.5702525523911877,T-shirt
09385 T-Shirt Hvid B/P M Arla Tryk,Alm.slid uden restværdi,1,1859,93,30155C97D461A7C001175A35,"PLC, Product detaljeret, Aarhus, Apr. 2023.xlsx",1.5228187197417966,T-shirt
09385 T-Shirt Hvid B/P M Arla Tryk,Alm.slid uden restværdi,1,1855,105,30155C97D461A7C001175267,"PLC, Product detaljeret, Aarhus, Apr. 2023.xlsx",1.7230188679245284,T-shirt
09385 T-Shirt Hvid B/P M Arla Tryk,Alm.slid uden restværdi,1,1855,93,30155C97D461A7C001175B3A,"PLC, Product detaljeret, Aarhus, Apr. 2023.xlsx",1.5261024258760107,T-shirt
09385 T-Shirt Hvid B/P M Arla Tryk,Alm.slid uden restværdi,1,1855,92,30155C97D461A7C00122A36C,"PLC, Product detaljeret, Aarhus, Apr. 2023.xlsx",1.5096927223719676,T-shirt
09385 T-Shirt Hvid B/P M Arla Tryk,Alm.slid uden restværdi,1,1855,84,30155C97D461A7C00122A428,"PLC, Product detaljeret, Aarhus, Apr. 2023.xlsx",1.3784150943396225,T-shirt
09385 T-Shirt Hvid B/P M Arla Tryk,Alm.slid uden restværdi,1,1855,102,30155C97D461A7C00122A466,"PLC, Product detaljeret, Aarhus, Apr. 2023.xlsx",1.673789757412399,T-shirt
03850 T-Shirt Hvid Lady K/Æ P/B,Alm.slid uden restværdi,1,1852,71,30155C97D461A7C001035AB2,"PLC, Product detaljeret, Aarhus, Apr. 2023.xlsx",1.166976241900648,T-shirt
01083 T-Shirt unisex hvid k/æ P/B,Alm.slid uden restværdi,1,1849,80,00D009776861,"PLC, Product detaljeret, Aarhus, Apr. 2023.xlsx",1.317036235803137,T-shirt
03850 T-Shirt Hvid Lady K/Æ P/B,Alm.slid uden restværdi,1,1845,125,30155C97D461A7C000E88383,"PLC, Product detaljeret, Aarhus, Apr. 2023.xlsx",2.062330623306233,T-shirt
03850 T-Shirt Hvid Lady K/Æ P/B,Alm.slid uden restværdi,1,1840,24,30155C97D461A7C001035F55,"PLC, Product detaljeret, Aarhus, Apr. 2023.xlsx",0.39704347826086955,T-shirt
09385 T-Shirt Hvid B/P M Arla Tryk,Alm.slid uden restværdi,1,1831,77,30155C97D461A7C0011752CB,"PLC, Product detaljeret, Aarhus, Apr. 2023.xlsx",1.2801092299290004,T-shirt
03850 T-Shirt Hvid Lady K/Æ P/B,Alm.slid uden restværdi,1,1830,51,30155C97D461A7C000E87C8D,"PLC, Product detaljeret, Aarhus, Apr. 2023.xlsx",0.848327868852459,T-shirt
03850 T-Shirt Hvid Lady K/Æ P/B,Alm.slid uden restværdi,1,1830,60,30155C97D461A7C000E88347,"PLC, Product detaljeret, Aarhus, Apr. 2023.xlsx",0.998032786885246,T-shirt
03850 T-Shirt Hvid Lady K/Æ P/B,Alm.slid uden restværdi,1,1830,59,30155C97D461A7C001035B02,"PLC, Product detaljeret, Aarhus, Apr. 2023.xlsx",0.981398907103825,T-shirt
03850 T-Shirt Hvid Lady K/Æ P/B,Alm.slid uden restværdi,1,1829,60,30155C97D461A7C0010364A1,"PLC, Product detaljeret, Aarhus, Apr. 2023.xlsx",0.9985784581738656,T-shirt
03850 T-Shirt Hvid Lady K/Æ P/B,Alm.slid uden restværdi,1,1825,51,30155C97D461A7C0010359BC,"PLC, Product detaljeret, Aarhus, Apr. 2023.xlsx",0.8506520547945206,T-shirt
09385 T-Shirt Hvid B/P M Arla Tryk,Alm.slid uden restværdi,1,1825,73,30155C97D461A7C000BA18D4,"PLC, Product detaljeret, Aarhus, Apr. 2023.xlsx",1.2176,T-shirt
03850 T-Shirt Hvid Lady K/Æ P/B,Alm.slid uden restværdi,1,1822,23,30155C97D461A7C000E87FF3,"PLC, Product detaljeret, Aarhus, Apr. 2023.xlsx",0.3842590559824369,T-shirt
01083 T-Shirt unisex hvid k/æ P/B,Alm.slid uden restværdi,1,1814,130,30155C97D461A7C00113150B,"PLC, Product detaljeret, Aarhus, Apr. 2023.xlsx",2.181477398015436,T-shirt
03850 T-Shirt Hvid Lady K/Æ P/B,Alm.slid uden restværdi,1,1814,51,30155C97D461A7C0012243FE,"PLC, Product detaljeret, Aarhus, Apr. 2023.xlsx",0.8558103638368247,T-shirt
03850 T-Shirt Hvid Lady K/Æ P/B,Alm.slid uden restværdi,1,1814,54,30155C97D461A7C001224413,"PLC, Product detaljeret, Aarhus, Apr. 2023.xlsx",0.9061521499448733,T-shirt
03850 T-Shirt Hvid Lady K/Æ P/B,Alm.slid uden restværdi,1,1814,53,30155C97D461A7C001225073,"PLC, Product detaljeret, Aarhus, Apr. 2023.xlsx",0.8893715545755237,T-shirt
03850 T-Shirt Hvid Lady K/Æ P/B,Alm.slid uden restværdi,1,1801,93,30155C97D461A7C000E882C6,"PLC, Product detaljeret, Aarhus, Apr. 2023.xlsx",1.5718600777345921,T-shirt
01083 T-Shirt unisex hvid k/æ P/B,Alm.slid uden restværdi,1,1799,90,30155C97D461A7C000E805C5,"PLC, Product detaljeret, Aarhus, Apr. 2023.xlsx",1.5228460255697611,T-shirt
01083 T-Shirt unisex hvid k/æ P/B,Alm.slid uden restværdi,1,1799,92,30155C97D461A7C000E80738,"PLC, Product detaljeret, Aarhus, Apr. 2023.xlsx",1.5566870483602002,T-shirt
03850 T-Shirt Hvid Lady K/Æ P/B,Alm.slid uden restværdi,1,1798,104,30155C97D461A7C001224CA2,"PLC, Product detaljeret, Aarhus, Apr. 2023.xlsx",1.7607119021134594,T-shirt
09385 T-Shirt Hvid B/P M Arla Tryk,Alm.slid uden restværdi,1,1797,78,30155C97D461A7C001238B82,"PLC, Product detaljeret, Aarhus, Apr. 2023.xlsx",1.3212687813021704,T-shirt
03850 T-Shirt Hvid Lady K/Æ P/B,Alm.slid uden restværdi,1,1789,107,30155C97D461A7C0012248B0,"PLC, Product detaljeret, Aarhus, Apr. 2023.xlsx",1.8206148686416994,T-shirt
01083 T-Shirt unisex hvid k/æ P/B,Alm.slid uden restværdi,1,1772,34,30155C97D461A7C0013445D0,"PLC, Product detaljeret, Aarhus, Apr. 2023.xlsx",0.5840632054176073,T-shirt
03850 T-Shirt Hvid Lady K/Æ P/B,Alm.slid uden restværdi,1,1768,31,30155C97D461A7C001035A69,"PLC, Product detaljeret, Aarhus, Apr. 2023.xlsx",0.5337330316742082,T-shirt
01083 T-Shirt unisex hvid k/æ P/B,Alm.slid uden restværdi,1,1761,44,30155C97D461A7C00134452E,"PLC, Product detaljeret, Aarhus, Apr. 2023.xlsx",0.7605678591709256,T-shirt
01083 T-Shirt unisex hvid k/æ P/B,Alm.slid uden restværdi,1,1760,39,30155C97D461A7C00130681A,"PLC, Product detaljeret, Aarhus, Apr. 2023.xlsx",0.6745227272727273,T-shirt
09385 T-Shirt Hvid B/P M Arla Tryk,Alm.slid uden restværdi,1,1756,93,30155C97D461A7C00092DDAE,"PLC, Product detaljeret, Aarhus, Apr. 2023.xlsx",1.6121412300683373,T-shirt
09385 T-Shirt Hvid B/P M Arla Tryk,Alm.slid uden restværdi,1,1755,89,30155C97D461A7C00122AA8D,"PLC, Product detaljeret, Aarhus, Apr. 2023.xlsx",1.5436809116809116,T-shirt
01083 T-Shirt unisex hvid k/æ P/B,Alm.slid uden restværdi,1,1746,139,30155C97D461A7C001140063,"PLC, Product detaljeret, Aarhus, Apr. 2023.xlsx",2.4233447880870562,T-shirt
01083 T-Shirt unisex hvid k/æ P/B,Alm.slid uden restværdi,1,1742,114,30155C97D461A7C001372104,"PLC, Product detaljeret, Aarhus, Apr. 2023.xlsx",1.9920551090700347,T-shirt
09385 T-Shirt Hvid B/P M Arla Tryk,Alm.slid uden restværdi,1,1720,84,30155C97D461A7C00123976B,"PLC, Product detaljeret, Aarhus, Apr. 2023.xlsx",1.4866046511627908,T-shirt
03850 T-Shirt Hvid Lady K/Æ P/B,Alm.slid uden restværdi,1,1693,85,30155C97D461A7C001035A66,"PLC, Product detaljeret, Aarhus, Apr. 2023.xlsx",1.5282929710572948,T-shirt
09385 T-Shirt Hvid B/P M Arla Tryk,Alm.slid uden restværdi,1,1692,141,30155C97D461A7C0011211F6,"PLC, Product detaljeret, Aarhus, Apr. 2023.xlsx",2.5366666666666666,T-shirt
09385 T-Shirt Hvid B/P M Arla Tryk,Alm.slid uden restværdi,1,1688,90,30155C97D461A7C00112DAD5,"PLC, Product detaljeret, Aarhus, Apr. 2023.xlsx",1.6229857819905216,T-shirt
01083 T-Shirt unisex hvid k/æ P/B,Alm.slid uden restværdi,1,1684,90,30155C97D461A7C0013C7628,"PLC, Product detaljeret, Aarhus, Apr. 2023.xlsx",1.6268408551068883,T-shirt
01083 T-Shirt unisex hvid k/æ P/B,Alm.slid uden restværdi,1,1684,64,30155C97D461A7C0013C764D,"PLC, Product detaljeret, Aarhus, Apr. 2023.xlsx",1.1568646080760097,T-shirt
01083 T-Shirt unisex hvid k/æ P/B,Alm.slid uden restværdi,1,1681,132,30155C97D461A7C0015313B9,"PLC, Product detaljeret, Aarhus, Apr. 2023.xlsx",2.390291493158834,T-shirt
03850 T-Shirt Hvid Lady K/Æ P/B,Alm.slid uden restværdi,1,1661,41,30155C97D461A7C000E87374,"PLC, Product detaljeret, Aarhus, Apr. 2023.xlsx",0.751378687537628,T-shirt
09385 T-Shirt Hvid B/P M Arla Tryk,Alm.slid uden restværdi,1,1653,70,30155C97D461A7C000BCF6C5,"PLC, Product detaljeret, Aarhus, Apr. 2023.xlsx",1.2890502117362372,T-shirt
03850 T-Shirt Hvid Lady K/Æ P/B,Alm.slid uden restværdi,1,1641,16,30155C97D461A7C000E07FF2,"PLC, Product detaljeret, Aarhus, Apr. 2023.xlsx",0.29679463741620965,T-shirt
01083 T-Shirt unisex hvid k/æ P/B,Alm.slid uden restværdi,1,1639,128,30155C97D461A7C00167F975,"PLC, Product detaljeret, Aarhus, Apr. 2023.xlsx",2.37725442342892,T-shirt
09385 T-Shirt Hvid B/P M Arla Tryk,Alm.slid uden restværdi,1,1636,63,30155C97D461A7C00110CD8E,"PLC, Product detaljeret, Aarhus, Apr. 2023.xlsx",1.172200488997555,T-shirt
01083 T-Shirt unisex hvid k/æ P/B,Alm.slid uden restværdi,1,1628,147,30155C97D461A7C001536307,"PLC, Product detaljeret, Aarhus, Apr. 2023.xlsx",2.7485749385749387,T-shirt
01083 T-Shirt unisex hvid k/æ P/B,Alm.slid uden restværdi,1,1622,138,30155C97D461A7C001537010,"PLC, Product detaljeret, Aarhus, Apr. 2023.xlsx",2.5898397040690506,T-shirt
01083 T-Shirt unisex hvid k/æ P/B,Alm.slid uden restværdi,1,1622,127,30155C97D461A7C0015F8A71,"PLC, Product detaljeret, Aarhus, Apr. 2023.xlsx",2.3834032059186194,T-shirt
01083 T-Shirt unisex hvid k/æ P/B,Alm.slid uden restværdi,1,1622,141,30155C97D461A7C0015F8ABE,"PLC, Product detaljeret, Aarhus, Apr. 2023.xlsx",2.6461405672009866,T-shirt
01083 T-Shirt unisex hvid k/æ P/B,Alm.slid uden restværdi,1,1617,95,30155C97D461A7C0013C4AC1,"PLC, Product detaljeret, Aarhus, Apr. 2023.xlsx",1.788373531230674,T-shirt
01083 T-Shirt unisex hvid k/æ P/B,Alm.slid uden restværdi,1,1617,33,30155C97D461A7C0015F8B02,"PLC, Product detaljeret, Aarhus, Apr. 2023.xlsx",0.6212244897959184,T-shirt
01083 T-Shirt unisex hvid k/æ P/B,Alm.slid uden restværdi,1,1609,33,30155C97D461A7C001512CB7,"PLC, Product detaljeret, Aarhus, Apr. 2023.xlsx",0.6243132380360473,T-shirt
01083 T-Shirt unisex hvid k/æ P/B,Alm.slid uden restværdi,1,1609,48,30155C97D461A7C001512FD0,"PLC, Product detaljeret, Aarhus, Apr. 2023.xlsx",0.9080919825978869,T-shirt
01083 T-Shirt unisex hvid k/æ P/B,Alm.slid uden restværdi,1,1609,79,30155C97D461A7C00151308A,"PLC, Product detaljeret, Aarhus, Apr. 2023.xlsx",1.4945680546923557,T-shirt
01083 T-Shirt unisex hvid k/æ P/B,Alm.slid uden restværdi,1,1609,80,30155C97D461A7C001514501,"PLC, Product detaljeret, Aarhus, Apr. 2023.xlsx",1.5134866376631448,T-shirt
01083 T-Shirt unisex hvid k/æ P/B,Alm.slid uden restværdi,1,1609,43,30155C97D461A7C001514524,"PLC, Product detaljeret, Aarhus, Apr. 2023.xlsx",0.8134990677439403,T-shirt
01083 T-Shirt unisex hvid k/æ P/B,Alm.slid uden restværdi,1,1609,96,30155C97D461A7C00151452D,"PLC, Product detaljeret, Aarhus, Apr. 2023.xlsx",1.8161839651957739,T-shirt
01083 T-Shirt unisex hvid k/æ P/B,Alm.slid uden restværdi,1,1609,100,30155C97D461A7C00151452F,"PLC, Product detaljeret, Aarhus, Apr. 2023.xlsx",1.891858297078931,T-shirt
01083 T-Shirt unisex hvid k/æ P/B,Alm.slid uden restværdi,1,1609,86,30155C97D461A7C00151454A,"PLC, Product detaljeret, Aarhus, Apr. 2023.xlsx",1.6269981354878806,T-shirt
01083 T-Shirt unisex hvid k/æ P/B,Alm.slid uden restværdi,1,1609,103,30155C97D461A7C001518602,"PLC, Product detaljeret, Aarhus, Apr. 2023.xlsx",1.948614045991299,T-shirt
01083 T-Shirt unisex hvid k/æ P/B,Alm.slid uden restværdi,1,1609,106,30155C97D461A7C001518679,"PLC, Product detaljeret, Aarhus, Apr. 2023.xlsx",2.0053697949036673,T-shirt
01083 T-Shirt unisex hvid k/æ P/B,Alm.slid uden restværdi,1,1609,67,30155C97D461A7C00151868B,"PLC, Product detaljeret, Aarhus, Apr. 2023.xlsx",1.2675450590428838,T-shirt
01083 T-Shirt unisex hvid k/æ P/B,Alm.slid uden restværdi,1,1609,56,30155C97D461A7C0015186BA,"PLC, Product detaljeret, Aarhus, Apr. 2023.xlsx",1.0594406463642014,T-shirt
01083 T-Shirt unisex hvid k/æ P/B,Alm.slid uden restværdi,1,1609,96,30155C97D461A7C0015186F8,"PLC, Product detaljeret, Aarhus, Apr. 2023.xlsx",1.8161839651957739,T-shirt
01083 T-Shirt unisex hvid k/æ P/B,Alm.slid uden restværdi,1,1609,18,30155C97D461A7C001530EED,"PLC, Product detaljeret, Aarhus, Apr. 2023.xlsx",0.3405344934742076,T-shirt
01083 T-Shirt unisex hvid k/æ P/B,Alm.slid uden restværdi,1,1609,31,30155C97D461A7C0015317E1,"PLC, Product detaljeret, Aarhus, Apr. 2023.xlsx",0.5864760720944686,T-shirt
01083 T-Shirt unisex hvid k/æ P/B,Alm.slid uden restværdi,1,1609,56,30155C97D461A7C001531892,"PLC, Product detaljeret, Aarhus, Apr. 2023.xlsx",1.0594406463642014,T-shirt
01083 T-Shirt unisex hvid k/æ P/B,Alm.slid uden restværdi,1,1609,53,30155C97D461A7C0015F84CB,"PLC, Product detaljeret, Aarhus, Apr. 2023.xlsx",1.0026848974518336,T-shirt
01083 T-Shirt unisex hvid k/æ P/B,Alm.slid uden restværdi,1,1609,59,30155C97D461A7C0015F850A,"PLC, Product detaljeret, Aarhus, Apr. 2023.xlsx",1.1161963952765694,T-shirt
01083 T-Shirt unisex hvid k/æ P/B,Alm.slid uden restværdi,1,1609,31,30155C97D461A7C0015F8A24,"PLC, Product detaljeret, Aarhus, Apr. 2023.xlsx",0.5864760720944686,T-shirt
01083 T-Shirt unisex hvid k/æ P/B,Alm.slid uden restværdi,1,1609,49,30155C97D461A7C0015F8AAD,"PLC, Product detaljeret, Aarhus, Apr. 2023.xlsx",0.9270105655686762,T-shirt
01083 T-Shirt unisex hvid k/æ P/B,Alm.slid uden restværdi,1,1606,63,30155C97D461A7C001514089,"PLC, Product detaljeret, Aarhus, Apr. 2023.xlsx",1.1940971357409713,T-shirt
01083 T-Shirt unisex hvid k/æ P/B,Alm.slid uden restværdi,1,1603,85,30155C97D461A7C0013C4CA5,"PLC, Product detaljeret, Aarhus, Apr. 2023.xlsx",1.6140985651902684,T-shirt
09385 T-Shirt Hvid B/P M Arla Tryk,Alm.slid uden restværdi,1,1599,68,30155C97D461A7C00110CD20,"PLC, Product detaljeret, Aarhus, Apr. 2023.xlsx",1.2945090681676048,T-shirt
03850 T-Shirt Hvid Lady K/Æ P/B,Alm.slid uden restværdi,1,1590,7,30155C97D461A7C0012252C3,"PLC, Product detaljeret, Aarhus, Apr. 2023.xlsx",0.1340125786163522,T-shirt
09385 T-Shirt Hvid B/P M Arla Tryk,Alm.slid uden restværdi,1,1581,70,30155C97D461A7C0015316CE,"PLC, Product detaljeret, Aarhus, Apr. 2023.xlsx",1.3477545857052498,T-shirt
09385 T-Shirt Hvid B/P M Arla Tryk,Alm.slid uden restværdi,1,1580,88,30155C97D461A7C0015317DC,"PLC, Product detaljeret, Aarhus, Apr. 2023.xlsx",1.6953924050632911,T-shirt
01083 T-Shirt unisex hvid k/æ P/B,Alm.slid uden restværdi,1,1565,83,30155C97D461A7C001661879,"PLC, Product detaljeret, Aarhus, Apr. 2023.xlsx",1.6143897763578277,T-shirt
09385 T-Shirt Hvid B/P M Arla Tryk,Alm.slid uden restværdi,1,1561,91,30155C97D461A6C001933823,"PLC, Product detaljeret, Aarhus, Apr. 2023.xlsx",1.7745291479820628,T-shirt
01083 T-Shirt unisex hvid k/æ P/B,Alm.slid uden restværdi,1,1552,81,30155C97D461A7C001670757,"PLC, Product detaljeret, Aarhus, Apr. 2023.xlsx",1.5886855670103095,T-shirt
01083 T-Shirt unisex hvid k/æ P/B,Alm.slid uden restværdi,1,1543,36,30155C97D461A7C001531921,"PLC, Product detaljeret, Aarhus, Apr. 2023.xlsx",0.710200907323396,T-shirt
09385 T-Shirt Hvid B/P M Arla Tryk,Alm.slid uden restværdi,1,1531,68,30155C97D461A7C001232821,"PLC, Product detaljeret, Aarhus, Apr. 2023.xlsx",1.3520052253429133,T-shirt
03850 T-Shirt Hvid Lady K/Æ P/B,Alm.slid uden restværdi,1,1527,105,30155C97D461A7C000E0B3F6,"PLC, Product detaljeret, Aarhus, Apr. 2023.xlsx",2.0931237721021616,T-shirt
01083 T-Shirt unisex hvid k/æ P/B,Alm.slid uden restværdi,1,1519,76,30155C97D461A7C0016DEC95,"PLC, Product detaljeret, Aarhus, Apr. 2023.xlsx",1.5230019749835417,T-shirt
09385 T-Shirt Hvid B/P M Arla Tryk,Alm.slid uden restværdi,1,1516,83,30155C97D461A7C0016722B6,"PLC, Product detaljeret, Aarhus, Apr. 2023.xlsx",1.6665699208443272,T-shirt
03850 T-Shirt Hvid Lady K/Æ P/B,Alm.slid uden restværdi,1,1513,88,00D00AE112D7,"PLC, Product detaljeret, Aarhus, Apr. 2023.xlsx",1.7704692663582289,T-shirt
09385 T-Shirt Hvid B/P M Arla Tryk,Alm.slid uden restværdi,1,1513,61,30155C97D461A7C0013C7265,"PLC, Product detaljeret, Aarhus, Apr. 2023.xlsx",1.2272571050892267,T-shirt
09385 T-Shirt Hvid B/P M Arla Tryk,Alm.slid uden restværdi,1,1498,77,30155C97D461A7C001CBE2B6,"PLC, Product detaljeret, Aarhus, Apr. 2023.xlsx",1.5646728971962618,T-shirt
01083 T-Shirt unisex hvid k/æ P/B,Alm.slid uden restværdi,1,1478,117,30155C97D461A7C0016D575D,"PLC, Product detaljeret, Aarhus, Apr. 2023.xlsx",2.4096617050067657,T-shirt
09385 T-Shirt Hvid B/P M Arla Tryk,Alm.slid uden restværdi,1,1458,79,30155C97D461A7C001CBEFAD,"PLC, Product detaljeret, Aarhus, Apr. 2023.xlsx",1.649355281207133,T-shirt
09385 T-Shirt Hvid B/P M Arla Tryk,Alm.slid uden restværdi,1,1457,68,30155C97D461A7C001CBB4D2,"PLC, Product detaljeret, Aarhus, Apr. 2023.xlsx",1.4206726149622513,T-shirt
09385 T-Shirt Hvid B/P M Arla Tryk,Alm.slid uden restværdi,1,1457,73,30155C97D461A7C001CBB5EB,"PLC, Product detaljeret, Aarhus, Apr. 2023.xlsx",1.5251338366506522,T-shirt
09385 T-Shirt Hvid B/P M Arla Tryk,Alm.slid uden restværdi,1,1449,60,30155C97D461A7C001672FCF,"PLC, Product detaljeret, Aarhus, Apr. 2023.xlsx",1.260455486542443,T-shirt
09385 T-Shirt Hvid B/P M Arla Tryk,Alm.slid uden restværdi,1,1447,74,30155C97D461A7C001672F96,"PLC, Product detaljeret, Aarhus, Apr. 2023.xlsx",1.5567104353835521,T-shirt
01083 T-Shirt unisex hvid k/æ P/B,Alm.slid uden restværdi,1,1443,135,30155C97D461A7C001CC0DD1,"PLC, Product detaljeret, Aarhus, Apr. 2023.xlsx",2.847817047817048,T-shirt
09385 T-Shirt Hvid B/P M Arla Tryk,Alm.slid uden restværdi,1,1441,64,30155C97D461A7C0013C3000,"PLC, Product detaljeret, Aarhus, Apr. 2023.xlsx",1.3519500346981264,T-shirt
09385 T-Shirt Hvid B/P M Arla Tryk,Alm.slid uden restværdi,1,1441,67,30155C97D461A7C0016DE1CB,"PLC, Product detaljeret, Aarhus, Apr. 2023.xlsx",1.415322692574601,T-shirt
09385 T-Shirt Hvid B/P M Arla Tryk,Alm.slid uden restværdi,1,1427,60,30155C97D461A7C001672FF5,"PLC, Product detaljeret, Aarhus, Apr. 2023.xlsx",1.2798878766643307,T-shirt
01083 T-Shirt unisex hvid k/æ P/B,Alm.slid uden restværdi,1,1423,76,30155C97D461A7C00203D020,"PLC, Product detaljeret, Aarhus, Apr. 2023.xlsx",1.6257484188334506,T-shirt
01083 T-Shirt unisex hvid k/æ P/B,Alm.slid uden restværdi,1,1423,84,30155C97D461A7C00203D0CC,"PLC, Product detaljeret, Aarhus, Apr. 2023.xlsx",1.7968798313422347,T-shirt
01083 T-Shirt unisex hvid k/æ P/B,Alm.slid uden restværdi,1,1423,80,30155C97D461A7C002040065,"PLC, Product detaljeret, Aarhus, Apr. 2023.xlsx",1.7113141250878425,T-shirt
01083 T-Shirt unisex hvid k/æ P/B,Alm.slid uden restværdi,1,1423,86,30155C97D461A7C00204006B,"PLC, Product detaljeret, Aarhus, Apr. 2023.xlsx",1.839662684469431,T-shirt
01083 T-Shirt unisex hvid k/æ P/B,Alm.slid uden restværdi,1,1423,88,30155C97D461A7C002040070,"PLC, Product detaljeret, Aarhus, Apr. 2023.xlsx",1.882445537596627,T-shirt
01083 T-Shirt unisex hvid k/æ P/B,Alm.slid uden restværdi,1,1423,81,30155C97D461A7C0020400C4,"PLC, Product detaljeret, Aarhus, Apr. 2023.xlsx",1.7327055516514407,T-shirt
01083 T-Shirt unisex hvid k/æ P/B,Alm.slid uden restværdi,1,1423,92,30155C97D461A7C0020400F0,"PLC, Product detaljeret, Aarhus, Apr. 2023.xlsx",1.968011243851019,T-shirt
01083 T-Shirt unisex hvid k/æ P/B,Alm.slid uden restværdi,1,1423,85,30155C97D461A7C0020400FE,"PLC, Product detaljeret, Aarhus, Apr. 2023.xlsx",1.8182712579058329,T-shirt
01083 T-Shirt unisex hvid k/æ P/B,Alm.slid uden restværdi,1,1423,82,30155C97D461A7C00204015C,"PLC, Product detaljeret, Aarhus, Apr. 2023.xlsx",1.7540969782150386,T-shirt
01083 T-Shirt unisex hvid k/æ P/B,Alm.slid uden restværdi,1,1423,83,30155C97D461A7C00204016A,"PLC, Product detaljeret, Aarhus, Apr. 2023.xlsx",1.7754884047786368,T-shirt
09385 T-Shirt Hvid B/P M Arla Tryk,Alm.slid uden restværdi,1,1419,67,30155C97D461A7C0016DCE9F,"PLC, Product detaljeret, Aarhus, Apr. 2023.xlsx",1.4372656800563777,T-shirt
"07859 T-Shirt L/Æ, Hvid p/b",Alm.slid uden restværdi,1,1410,8,30155C97D461A7C001516DBF,"PLC, Product detaljeret, Aarhus, Apr. 2023.xlsx",0.17270921985815604,T-shirt
01083 T-Shirt unisex hvid k/æ P/B,Alm.slid uden restværdi,1,1378,53,30155C97D461A7C0020F193C,"PLC, Product detaljeret, Aarhus, Apr. 2023.xlsx",1.1707692307692308,T-shirt
01083 T-Shirt unisex hvid k/æ P/B,Alm.slid uden restværdi,1,1378,40,30155C97D461A7C0020F19FB,"PLC, Product detaljeret, Aarhus, Apr. 2023.xlsx",0.8835994194484761,T-shirt
01083 T-Shirt unisex hvid k/æ P/B,Alm.slid uden restværdi,1,1373,126,30155C97D461A7C002048960,"PLC, Product detaljeret, Aarhus, Apr. 2023.xlsx",2.7934741442097595,T-shirt
09385 T-Shirt Hvid B/P M Arla Tryk,Alm.slid uden restværdi,1,1366,58,30155C97D461A7C00210D722,"PLC, Product detaljeret, Aarhus, Apr. 2023.xlsx",1.2924743777452417,T-shirt
09385 T-Shirt Hvid B/P M Arla Tryk,Alm.slid uden restværdi,1,1357,67,30155C97D461A7C0020B13C5,"PLC, Product detaljeret, Aarhus, Apr. 2023.xlsx",1.5029329403095064,T-shirt
09385 T-Shirt Hvid B/P M Arla Tryk,Alm.slid uden restværdi,1,1346,71,30155C97D461A7C001CBB60F,"PLC, Product detaljeret, Aarhus, Apr. 2023.xlsx",1.6056760772659733,T-shirt
09385 T-Shirt Hvid B/P M Arla Tryk,Alm.slid uden restværdi,1,1310,60,30155C97D461A7C00203E036,"PLC, Product detaljeret, Aarhus, Apr. 2023.xlsx",1.3941984732824428,T-shirt
09385 T-Shirt Hvid B/P M Arla Tryk,Alm.slid uden restværdi,1,1304,72,30155C97D461A6C0019325BD,"PLC, Product detaljeret, Aarhus, Apr. 2023.xlsx",1.6807361963190184,T-shirt
01083 T-Shirt unisex hvid k/æ P/B,Alm.slid uden restværdi,1,1301,81,30155C97D461A7C001F6C603,"PLC, Product detaljeret, Aarhus, Apr. 2023.xlsx",1.8951883166794774,T-shirt
09385 T-Shirt Hvid B/P M Arla Tryk,Alm.slid uden restværdi,1,1286,81,30155C97D461A7C002125F29,"PLC, Product detaljeret, Aarhus, Apr. 2023.xlsx",1.9172939346811821,T-shirt
09385 T-Shirt Hvid B/P M Arla Tryk,Alm.slid uden restværdi,1,1280,62,30155C97D461A7C00212608F,"PLC, Product detaljeret, Aarhus, Apr. 2023.xlsx",1.4744375,T-shirt
09385 T-Shirt Hvid B/P M Arla Tryk,Alm.slid uden restværdi,1,1272,53,30155C97D461A7C00212269D,"PLC, Product detaljeret, Aarhus, Apr. 2023.xlsx",1.2683333333333333,T-shirt
09385 T-Shirt Hvid B/P M Arla Tryk,Alm.slid uden restværdi,1,1258,61,30155C97D461A7C002122727,"PLC, Product detaljeret, Aarhus, Apr. 2023.xlsx",1.4760254372019077,T-shirt
03850 T-Shirt Hvid Lady K/Æ P/B,Alm.slid uden restværdi,1,1256,5,30155C97D461A7C000E0805A,"PLC, Product detaljeret, Aarhus, Apr. 2023.xlsx",0.12117834394904459,T-shirt
09385 T-Shirt Hvid B/P M Arla Tryk,Alm.slid uden restværdi,1,1239,47,30155C97D461A7C0020F3F86,"PLC, Product detaljeret, Aarhus, Apr. 2023.xlsx",1.1547054075867635,T-shirt
03850 T-Shirt Hvid Lady K/Æ P/B,Alm.slid uden restværdi,1,1237,36,00D00AE304BF,"PLC, Product detaljeret, Aarhus, Apr. 2023.xlsx",0.8858852061438965,T-shirt
01083 T-Shirt unisex hvid k/æ P/B,Alm.slid uden restværdi,1,1229,118,30155C97D461A7C002284A95,"PLC, Product detaljeret, Aarhus, Apr. 2023.xlsx",2.9226362896663955,T-shirt
01083 T-Shirt unisex hvid k/æ P/B,Alm.slid uden restværdi,1,1221,41,30155C97D461A7C0022A2DF7,"PLC, Product detaljeret, Aarhus, Apr. 2023.xlsx",1.0221457821457822,T-shirt
09385 T-Shirt Hvid B/P M Arla Tryk,Alm.slid uden restværdi,1,1195,52,30155C97D461A7C002114517,"PLC, Product detaljeret, Aarhus, Apr. 2023.xlsx",1.3245857740585774,T-shirt
12396 T-shirt 1/2 æ lady hvid PB,Alm.slid uden restværdi,1,1182,29,00D008F2AFBA,"PLC, Product detaljeret, Aarhus, Apr. 2023.xlsx",0.7468358714043993,T-shirt
01083 T-Shirt unisex hvid k/æ P/B,Alm.slid uden restværdi,1,1168,63,30155C97D461A7C002176204,"PLC, Product detaljeret, Aarhus, Apr. 2023.xlsx",1.6418835616438356,T-shirt
01083 T-Shirt unisex hvid k/æ P/B,Alm.slid uden restværdi,1,1149,120,30155C97D461A7C002769D1E,"PLC, Product detaljeret, Aarhus, Apr. 2023.xlsx",3.17911227154047,T-shirt
03850 T-Shirt Hvid Lady K/Æ P/B,Alm.slid uden restværdi,1,1149,63,30155C97D461A7C000E086AB,"PLC, Product detaljeret, Aarhus, Apr. 2023.xlsx",1.6690339425587468,T-shirt
03850 T-Shirt Hvid Lady K/Æ P/B,Alm.slid uden restværdi,1,1149,95,30155C97D461A7C000E088A2,"PLC, Product detaljeret, Aarhus, Apr. 2023.xlsx",2.516797214969539,T-shirt
09385 T-Shirt Hvid B/P M Arla Tryk,Alm.slid uden restværdi,1,1146,57,30155C97D461A7C00229738B,"PLC, Product detaljeret, Aarhus, Apr. 2023.xlsx",1.5140314136125654,T-shirt
01083 T-Shirt unisex hvid k/æ P/B,Alm.slid uden restværdi,1,1139,99,30155C97D461A7C002769C99,"PLC, Product detaljeret, Aarhus, Apr. 2023.xlsx",2.645794556628622,T-shirt
09385 T-Shirt Hvid B/P M Arla Tryk,Alm.slid uden restværdi,1,1130,57,30155C97D461A7C001EA8FE0,"PLC, Product detaljeret, Aarhus, Apr. 2023.xlsx",1.5354690265486726,T-shirt
09385 T-Shirt Hvid B/P M Arla Tryk,Alm.slid uden restværdi,1,1130,51,30155C97D461A7C00226ECD3,"PLC, Product detaljeret, Aarhus, Apr. 2023.xlsx",1.3738407079646018,T-shirt
03850 T-Shirt Hvid Lady K/Æ P/B,Alm.slid uden restværdi,1,1129,127,30155C97D461A7C000E07EDA,"PLC, Product detaljeret, Aarhus, Apr. 2023.xlsx",3.4241629760850314,T-shirt
03850 T-Shirt Hvid Lady K/Æ P/B,Alm.slid uden restværdi,1,1129,49,30155C97D461A7C000E07F0A,"PLC, Product detaljeret, Aarhus, Apr. 2023.xlsx",1.3211337466784765,T-shirt
03850 T-Shirt Hvid Lady K/Æ P/B,Alm.slid uden restværdi,1,1129,102,30155C97D461A7C000E0803C,"PLC, Product detaljeret, Aarhus, Apr. 2023.xlsx",2.750115146147033,T-shirt
03850 T-Shirt Hvid Lady K/Æ P/B,Alm.slid uden restværdi,1,1129,77,30155C97D461A7C000E092D8,"PLC, Product detaljeret, Aarhus, Apr. 2023.xlsx",2.0760673162090346,T-shirt
09385 T-Shirt Hvid B/P M Arla Tryk,Alm.slid uden restværdi,1,1113,51,30155C97D461A7C00226ED62,"PLC, Product detaljeret, Aarhus, Apr. 2023.xlsx",1.3948247978436659,T-shirt
09385 T-Shirt Hvid B/P M Arla Tryk,Alm.slid uden restværdi,1,1093,57,30155C97D461A7C0022972C6,"PLC, Product detaljeret, Aarhus, Apr. 2023.xlsx",1.5874473924977128,T-shirt
03850 T-Shirt Hvid Lady K/Æ P/B,Alm.slid uden restværdi,1,1079,65,30155C97D461A7C000E0966C,"PLC, Product detaljeret, Aarhus, Apr. 2023.xlsx",1.8337349397590361,T-shirt
09385 T-Shirt Hvid B/P M Arla Tryk,Alm.slid uden restværdi,1,1028,52,30155C97D461A7C0023BA689,"PLC, Product detaljeret, Aarhus, Apr. 2023.xlsx",1.5397665369649807,T-shirt
09385 T-Shirt Hvid B/P M Arla Tryk,Alm.slid uden restværdi,1,1014,47,30155C97D461A7C002296737,"PLC, Product detaljeret, Aarhus, Apr. 2023.xlsx",1.4109270216962526,T-shirt
01083 T-Shirt unisex hvid k/æ P/B,Alm.slid uden restværdi,1,998,60,30155C97D461A7C002693BE3,"PLC, Product detaljeret, Aarhus, Apr. 2023.xlsx",1.830060120240481,T-shirt
01083 T-Shirt unisex hvid k/æ P/B,Alm.slid uden restværdi,1,998,74,30155C97D461A7C002693C71,"PLC, Product detaljeret, Aarhus, Apr. 2023.xlsx",2.2570741482965935,T-shirt
01083 T-Shirt unisex hvid k/æ P/B,Alm.slid uden restværdi,1,983,21,30155C97D461A7C00276A21D,"PLC, Product detaljeret, Aarhus, Apr. 2023.xlsx",0.65029501525941,T-shirt
01083 T-Shirt unisex hvid k/æ P/B,Alm.slid uden restværdi,1,974,29,30155C97D461A7C00281BFB5,"PLC, Product detaljeret, Aarhus, Apr. 2023.xlsx",0.9063244353182752,T-shirt
09385 T-Shirt Hvid B/P M Arla Tryk,Alm.slid uden restværdi,1,966,23,00D00B2A1A08,"PLC, Product detaljeret, Aarhus, Apr. 2023.xlsx",0.7247619047619047,T-shirt
09385 T-Shirt Hvid B/P M Arla Tryk,Alm.slid uden restværdi,1,957,40,30155C97D461A7C00268DD34,"PLC, Product detaljeret, Aarhus, Apr. 2023.xlsx",1.2723092998955068,T-shirt
09385 T-Shirt Hvid B/P M Arla Tryk,Alm.slid uden restværdi,1,952,43,30155C97D461A7C0028C57F6,"PLC, Product detaljeret, Aarhus, Apr. 2023.xlsx",1.3749159663865547,T-shirt
01083 T-Shirt unisex hvid k/æ P/B,Alm.slid uden restværdi,1,950,61,30155C97D461A7C0023AC6F3,"PLC, Product detaljeret, Aarhus, Apr. 2023.xlsx",1.9545684210526315,T-shirt
03850 T-Shirt Hvid Lady K/Æ P/B,Alm.slid uden restværdi,1,941,33,30155C97D461A7C000E08F71,"PLC, Product detaljeret, Aarhus, Apr. 2023.xlsx",1.0675026567481403,T-shirt
09385 T-Shirt Hvid B/P M Arla Tryk,Alm.slid uden restværdi,1,938,35,30155C97D461A7C00268D18A,"PLC, Product detaljeret, Aarhus, Apr. 2023.xlsx",1.135820895522388,T-shirt
09385 T-Shirt Hvid B/P M Arla Tryk,Alm.slid uden restværdi,1,929,42,30155C97D461A7C002693670,"PLC, Product detaljeret, Aarhus, Apr. 2023.xlsx",1.3761894510226051,T-shirt
01083 T-Shirt unisex hvid k/æ P/B,Alm.slid uden restværdi,1,922,79,30155C97D461A6C0000F1F6F,"PLC, Product detaljeret, Aarhus, Apr. 2023.xlsx",2.608199566160521,T-shirt
01083 T-Shirt unisex hvid k/æ P/B,Alm.slid uden restværdi,1,916,97,30155C97D461A7C002913E75,"PLC, Product detaljeret, Aarhus, Apr. 2023.xlsx",3.223449781659389,T-shirt
01083 T-Shirt unisex hvid k/æ P/B,Alm.slid uden restværdi,1,914,83,30155C97D461A6C0000F211D,"PLC, Product detaljeret, Aarhus, Apr. 2023.xlsx",2.7642450765864335,T-shirt
01083 T-Shirt unisex hvid k/æ P/B,Alm.slid uden restværdi,1,901,26,30155C97D461A6C000145689,"PLC, Product detaljeret, Aarhus, Apr. 2023.xlsx",0.8784017758046615,T-shirt
01083 T-Shirt unisex hvid k/æ P/B,Alm.slid uden restværdi,1,901,23,30155C97D461A7C002913BA0,"PLC, Product detaljeret, Aarhus, Apr. 2023.xlsx",0.7770477247502775,T-shirt
01083 T-Shirt unisex hvid k/æ P/B,Alm.slid uden restværdi,1,900,51,30155C97D461A7C00291377B,"PLC, Product detaljeret, Aarhus, Apr. 2023.xlsx",1.7249333333333334,T-shirt
09385 T-Shirt Hvid B/P M Arla Tryk,Alm.slid uden restværdi,1,894,43,30155C97D461A6C00013F5C3,"PLC, Product detaljeret, Aarhus, Apr. 2023.xlsx",1.4641163310961969,T-shirt
01083 T-Shirt unisex hvid k/æ P/B,Alm.slid uden restværdi,1,890,81,30155C97D461A6C000356FF9,"PLC, Product detaljeret, Aarhus, Apr. 2023.xlsx",2.7703820224719102,T-shirt
09385 T-Shirt Hvid B/P M Arla Tryk,Alm.slid uden restværdi,1,889,51,30155C97D461A6C00013F633,"PLC, Product detaljeret, Aarhus, Apr. 2023.xlsx",1.7462767154105738,T-shirt
09385 T-Shirt Hvid B/P M Arla Tryk,Alm.slid uden restværdi,1,889,37,30155C97D461A6C00013F6EB,"PLC, Product detaljeret, Aarhus, Apr. 2023.xlsx",1.2669066366704163,T-shirt
01083 T-Shirt unisex hvid k/æ P/B,Alm.slid uden restværdi,1,887,27,30155C97D461A6C000144FF4,"PLC, Product detaljeret, Aarhus, Apr. 2023.xlsx",0.9265839909808342,T-shirt
09385 T-Shirt Hvid B/P M Arla Tryk,Alm.slid uden restværdi,1,880,37,30155C97D461A6C00013F68C,"PLC, Product detaljeret, Aarhus, Apr. 2023.xlsx",1.2798636363636364,T-shirt
09385 T-Shirt Hvid B/P M Arla Tryk,Alm.slid uden restværdi,1,879,32,30155C97D461A6C00013F745,"PLC, Product detaljeret, Aarhus, Apr. 2023.xlsx",1.1081683731513083,T-shirt
09385 T-Shirt Hvid B/P M Arla Tryk,Alm.slid uden restværdi,1,867,81,30155C97D461A7C00291206E,"PLC, Product detaljeret, Aarhus, Apr. 2023.xlsx",2.8438754325259517,T-shirt
01083 T-Shirt unisex hvid k/æ P/B,Alm.slid uden restværdi,1,866,38,30155C97D461A6C0000E8E34,"PLC, Product detaljeret, Aarhus, Apr. 2023.xlsx",1.3357043879907622,T-shirt
09385 T-Shirt Hvid B/P M Arla Tryk,Alm.slid uden restværdi,1,862,40,30155C97D461A7C0027CBC64,"PLC, Product detaljeret, Aarhus, Apr. 2023.xlsx",1.4125290023201855,T-shirt
09385 T-Shirt Hvid B/P M Arla Tryk,Alm.slid uden restværdi,1,859,22,30155C97D461A7C002918913,"PLC, Product detaljeret, Aarhus, Apr. 2023.xlsx",0.779604190919674,T-shirt
01083 T-Shirt unisex hvid k/æ P/B,Alm.slid uden restværdi,1,858,37,30155C97D461A6C000145567,"PLC, Product detaljeret, Aarhus, Apr. 2023.xlsx",1.3126806526806527,T-shirt
01083 T-Shirt unisex hvid k/æ P/B,Alm.slid uden restværdi,1,858,41,30155C97D461A6C0001455CA,"PLC, Product detaljeret, Aarhus, Apr. 2023.xlsx",1.4545920745920746,T-shirt
01083 T-Shirt unisex hvid k/æ P/B,Alm.slid uden restværdi,1,858,42,30155C97D461A6C0001455ED,"PLC, Product detaljeret, Aarhus, Apr. 2023.xlsx",1.49006993006993,T-shirt
01083 T-Shirt unisex hvid k/æ P/B,Alm.slid uden restværdi,1,858,30,30155C97D461A6C0001455FE,"PLC, Product detaljeret, Aarhus, Apr. 2023.xlsx",1.0643356643356645,T-shirt
01083 T-Shirt unisex hvid k/æ P/B,Alm.slid uden restværdi,1,858,58,30155C97D461A6C0001456B2,"PLC, Product detaljeret, Aarhus, Apr. 2023.xlsx",2.0577156177156177,T-shirt
01083 T-Shirt unisex hvid k/æ P/B,Alm.slid uden restværdi,1,858,23,30155C97D461A6C0001456E2,"PLC, Product detaljeret, Aarhus, Apr. 2023.xlsx",0.8159906759906761,T-shirt
01083 T-Shirt unisex hvid k/æ P/B,Alm.slid uden restværdi,1,858,41,30155C97D461A6C0001456F9,"PLC, Product detaljeret, Aarhus, Apr. 2023.xlsx",1.4545920745920746,T-shirt
01083 T-Shirt unisex hvid k/æ P/B,Alm.slid uden restværdi,1,858,16,30155C97D461A6C000145719,"PLC, Product detaljeret, Aarhus, Apr. 2023.xlsx",0.5676456876456877,T-shirt
01083 T-Shirt unisex hvid k/æ P/B,Alm.slid uden restværdi,1,858,37,30155C97D461A6C00014572A,"PLC, Product detaljeret, Aarhus, Apr. 2023.xlsx",1.3126806526806527,T-shirt
01083 T-Shirt unisex hvid k/æ P/B,Alm.slid uden restværdi,1,858,49,30155C97D461A6C00014572C,"PLC, Product detaljeret, Aarhus, Apr. 2023.xlsx",1.7384149184149185,T-shirt
01083 T-Shirt unisex hvid k/æ P/B,Alm.slid uden restværdi,1,858,29,30155C97D461A6C00014573D,"PLC, Product detaljeret, Aarhus, Apr. 2023.xlsx",1.0288578088578089,T-shirt
09385 T-Shirt Hvid B/P M Arla Tryk,Alm.slid uden restværdi,1,854,29,30155C97D461A7C0027CED0F,"PLC, Product detaljeret, Aarhus, Apr. 2023.xlsx",1.0336768149882904,T-shirt
01083 T-Shirt unisex hvid k/æ P/B,Alm.slid uden restværdi,1,853,52,30155C97D461A6C0000F7BFE,"PLC, Product detaljeret, Aarhus, Apr. 2023.xlsx",1.855662368112544,T-shirt
09385 T-Shirt Hvid B/P M Arla Tryk,Alm.slid uden restværdi,1,853,40,30155C97D461A7C0027CED41,"PLC, Product detaljeret, Aarhus, Apr. 2023.xlsx",1.4274325908558032,T-shirt
01083 T-Shirt unisex hvid k/æ P/B,Alm.slid uden restværdi,1,847,59,30155C97D461A6C0000F7B6B,"PLC, Product detaljeret, Aarhus, Apr. 2023.xlsx",2.1203778040141676,T-shirt
09667 T-Shirt V-Hals Hvid K.Æ.,Alm.slid uden restværdi,1,844,21,30155C97D461A6C0000F46CA,"PLC, Product detaljeret, Aarhus, Apr. 2023.xlsx",0.75739336492891,T-shirt
01083 T-Shirt unisex hvid k/æ P/B,Alm.slid uden restværdi,1,843,47,30155C97D461A6C0001424F6,"PLC, Product detaljeret, Aarhus, Apr. 2023.xlsx",1.697129300118624,T-shirt
01083 T-Shirt unisex hvid k/æ P/B,Alm.slid uden restværdi,1,843,67,30155C97D461A6C000142576,"PLC, Product detaljeret, Aarhus, Apr. 2023.xlsx",2.419311981020166,T-shirt
09385 T-Shirt Hvid B/P M Arla Tryk,Alm.slid uden restværdi,1,841,40,30155C97D461A6C00013EFAE,"PLC, Product detaljeret, Aarhus, Apr. 2023.xlsx",1.4478002378121286,T-shirt
09385 T-Shirt Hvid B/P M Arla Tryk,Alm.slid uden restværdi,1,840,74,30155C97D461A6C0001275C5,"PLC, Product detaljeret, Aarhus, Apr. 2023.xlsx",2.681619047619048,T-shirt
09385 T-Shirt Hvid B/P M Arla Tryk,Alm.slid uden restværdi,1,840,42,30155C97D461A6C00012BC73,"PLC, Product detaljeret, Aarhus, Apr. 2023.xlsx",1.5220000000000002,T-shirt
01083 T-Shirt unisex hvid k/æ P/B,Alm.slid uden restværdi,1,839,53,30155C97D461A6C0000F7C9B,"PLC, Product detaljeret, Aarhus, Apr. 2023.xlsx",1.9229082240762816,T-shirt
09385 T-Shirt Hvid B/P M Arla Tryk,Alm.slid uden restværdi,1,837,44,30155C97D461A6C00013F0F5,"PLC, Product detaljeret, Aarhus, Apr. 2023.xlsx",1.6001911589008364,T-shirt
09385 T-Shirt Hvid B/P M Arla Tryk,Alm.slid uden restværdi,1,836,53,30155C97D461A6C000359C58,"PLC, Product detaljeret, Aarhus, Apr. 2023.xlsx",1.9298086124401914,T-shirt
01083 T-Shirt unisex hvid k/æ P/B,Alm.slid uden restværdi,1,833,63,30155C97D461A6C0000F8705,"PLC, Product detaljeret, Aarhus, Apr. 2023.xlsx",2.30218487394958,T-shirt
01083 T-Shirt unisex hvid k/æ P/B,Alm.slid uden restværdi,1,833,12,30155C97D461A6C0000F872E,"PLC, Product detaljeret, Aarhus, Apr. 2023.xlsx",0.43851140456182475,T-shirt
01083 T-Shirt unisex hvid k/æ P/B,Alm.slid uden restværdi,1,833,38,30155C97D461A6C0000F8826,"PLC, Product detaljeret, Aarhus, Apr. 2023.xlsx",1.3886194477791118,T-shirt
01083 T-Shirt unisex hvid k/æ P/B,Alm.slid uden restværdi,1,833,39,30155C97D461A6C0000F8843,"PLC, Product detaljeret, Aarhus, Apr. 2023.xlsx",1.4251620648259304,T-shirt
01083 T-Shirt unisex hvid k/æ P/B,Alm.slid uden restværdi,1,833,51,30155C97D461A6C0002CE6E3,"PLC, Product detaljeret, Aarhus, Apr. 2023.xlsx",1.8636734693877552,T-shirt
09385 T-Shirt Hvid B/P M Arla Tryk,Alm.slid uden restværdi,1,832,27,30155C97D461A6C000171824,"PLC, Product detaljeret, Aarhus, Apr. 2023.xlsx",0.9878365384615386,T-shirt
09385 T-Shirt Hvid B/P M Arla Tryk,Alm.slid uden restværdi,1,824,33,30155C97D461A6C00012D0C0,"PLC, Product detaljeret, Aarhus, Apr. 2023.xlsx",1.2190776699029127,T-shirt
09385 T-Shirt Hvid B/P M Arla Tryk,Alm.slid uden restværdi,1,821,53,30155C97D461A6C00013F104,"PLC, Product detaljeret, Aarhus, Apr. 2023.xlsx",1.9650669914738124,T-shirt
09385 T-Shirt Hvid B/P M Arla Tryk,Alm.slid uden restværdi,1,810,43,30155C97D461A7C00291835D,"PLC, Product detaljeret, Aarhus, Apr. 2023.xlsx",1.6159506172839508,T-shirt
09385 T-Shirt Hvid B/P M Arla Tryk,Alm.slid uden restværdi,1,808,35,30155C97D461A7C0028C4346,"PLC, Product detaljeret, Aarhus, Apr. 2023.xlsx",1.3185643564356435,T-shirt
09385 T-Shirt Hvid B/P M Arla Tryk,Alm.slid uden restværdi,1,806,37,30155C97D461A6C00013F89E,"PLC, Product detaljeret, Aarhus, Apr. 2023.xlsx",1.3973697270471466,T-shirt
01083 T-Shirt unisex hvid k/æ P/B,Alm.slid uden restværdi,1,805,53,30155C97D461A6C0002F0606,"PLC, Product detaljeret, Aarhus, Apr. 2023.xlsx",2.0041242236024845,T-shirt
01083 T-Shirt unisex hvid k/æ P/B,Alm.slid uden restværdi,1,790,4,30155C97D461A6C0003081E6,"PLC, Product detaljeret, Aarhus, Apr. 2023.xlsx",0.15412658227848103,T-shirt
09385 T-Shirt Hvid B/P M Arla Tryk,Alm.slid uden restværdi,1,787,43,30155C97D461A6C000171814,"PLC, Product detaljeret, Aarhus, Apr. 2023.xlsx",1.6631766200762388,T-shirt
03850 T-Shirt Hvid Lady K/Æ P/B,Alm.slid uden restværdi,1,786,26,30155C97D461A7C000E0919C,"PLC, Product detaljeret, Aarhus, Apr. 2023.xlsx",1.0069211195928753,T-shirt
09385 T-Shirt Hvid B/P M Arla Tryk,Alm.slid uden restværdi,1,777,37,30155C97D461A6C00014240D,"PLC, Product detaljeret, Aarhus, Apr. 2023.xlsx",1.4495238095238094,T-shirt
09385 T-Shirt Hvid B/P M Arla Tryk,Alm.slid uden restværdi,1,776,31,30155C97D461A6C00012AFF2,"PLC, Product detaljeret, Aarhus, Apr. 2023.xlsx",1.2160309278350514,T-shirt
01083 T-Shirt unisex hvid k/æ P/B,Alm.slid uden restværdi,1,754,52,30155C97D461A6C0003102FC,"PLC, Product detaljeret, Aarhus, Apr. 2023.xlsx",2.099310344827586,T-shirt
01083 T-Shirt unisex hvid k/æ P/B,Alm.slid uden restværdi,1,747,72,30155C97D461A6C00031029A,"PLC, Product detaljeret, Aarhus, Apr. 2023.xlsx",2.933975903614458,T-shirt
"07859 T-Shirt L/Æ, Hvid p/b",Alm.slid uden restværdi,1,747,10,30155C97D461A6C000816FAC,"PLC, Product detaljeret, Aarhus, Apr. 2023.xlsx",0.40749665327978585,T-shirt
"07859 T-Shirt L/Æ, Hvid p/b",Alm.slid uden restværdi,1,747,20,30155C97D461A6C000817031,"PLC, Product detaljeret, Aarhus, Apr. 2023.xlsx",0.8149933065595717,T-shirt
"07859 T-Shirt L/Æ, Hvid p/b",Alm.slid uden restværdi,1,747,7,30155C97D461A6C0008170D3,"PLC, Product detaljeret, Aarhus, Apr. 2023.xlsx",0.2852476572958501,T-shirt
"07859 T-Shirt L/Æ, Hvid p/b",Alm.slid uden restværdi,1,747,7,30155C97D461A6C0008170EB,"PLC, Product detaljeret, Aarhus, Apr. 2023.xlsx",0.2852476572958501,T-shirt
"07859 T-Shirt L/Æ, Hvid p/b",Alm.slid uden restværdi,1,747,11,30155C97D461A6C0008170F6,"PLC, Product detaljeret, Aarhus, Apr. 2023.xlsx",0.44824631860776437,T-shirt
"07859 T-Shirt L/Æ, Hvid p/b",Alm.slid uden restværdi,1,747,3,30155C97D461A6C000817107,"PLC, Product detaljeret, Aarhus, Apr. 2023.xlsx",0.12224899598393574,T-shirt
09385 T-Shirt Hvid B/P M Arla Tryk,Alm.slid uden restværdi,1,731,31,30155C97D461A6C00013F895,"PLC, Product detaljeret, Aarhus, Apr. 2023.xlsx",1.290889192886457,T-shirt
01083 T-Shirt unisex hvid k/æ P/B,Alm.slid uden restværdi,1,727,8,30155C97D461A6C00081751F,"PLC, Product detaljeret, Aarhus, Apr. 2023.xlsx",0.33496561210453923,T-shirt
01083 T-Shirt unisex hvid k/æ P/B,Alm.slid uden restværdi,1,727,7,30155C97D461A6C0008175C7,"PLC, Product detaljeret, Aarhus, Apr. 2023.xlsx",0.29309491059147186,T-shirt
09385 T-Shirt Hvid B/P M Arla Tryk,Alm.slid uden restværdi,1,713,31,30155C97D461A6C00012C542,"PLC, Product detaljeret, Aarhus, Apr. 2023.xlsx",1.3234782608695652,T-shirt
01083 T-Shirt unisex hvid k/æ P/B,Alm.slid uden restværdi,1,707,73,30155C97D461A6C0008180F2,"PLC, Product detaljeret, Aarhus, Apr. 2023.xlsx",3.143026874115983,T-shirt
09385 T-Shirt Hvid B/P M Arla Tryk,Alm.slid uden restværdi,1,684,27,30155C97D461A6C0001422D3,"PLC, Product detaljeret, Aarhus, Apr. 2023.xlsx",1.201578947368421,T-shirt
10981 T-shirt prowear dame hvid pb,Alm.slid uden restværdi,1,677,21,30155C97D461A6C00020F7E4,"PLC, Product detaljeret, Aarhus, Apr. 2023.xlsx",0.9442245199409158,T-shirt
01083 T-Shirt unisex hvid k/æ P/B,Alm.slid uden restværdi,1,672,57,30155C97D461A6C000816CB1,"PLC, Product detaljeret, Aarhus, Apr. 2023.xlsx",2.581964285714286,T-shirt
01083 T-Shirt unisex hvid k/æ P/B,Alm.slid uden restværdi,1,672,84,30155C97D461A6C000B01760,"PLC, Product detaljeret, Aarhus, Apr. 2023.xlsx",3.805,T-shirt
01083 T-Shirt unisex hvid k/æ P/B,Alm.slid uden restværdi,1,656,23,30155C97D461A6C000B000DE,"PLC, Product detaljeret, Aarhus, Apr. 2023.xlsx",1.0672560975609757,T-shirt
10981 T-shirt prowear dame hvid pb,Alm.slid uden restværdi,1,643,27,30155C97D461A6C000210A8C,"PLC, Product detaljeret, Aarhus, Apr. 2023.xlsx",1.2781959564541212,T-shirt
10981 T-shirt prowear dame hvid pb,Alm.slid uden restværdi,1,641,21,30155C97D461A6C0002FCA15,"PLC, Product detaljeret, Aarhus, Apr. 2023.xlsx",0.9972542901716069,T-shirt
01083 T-Shirt unisex hvid k/æ P/B,Alm.slid uden restværdi,1,635,71,30155C97D461A6C0008D6685,"PLC, Product detaljeret, Aarhus, Apr. 2023.xlsx",3.403527559055118,T-shirt
01083 T-Shirt unisex hvid k/æ P/B,Alm.slid uden restværdi,1,625,25,30155C97D461A6C0008C37F3,"PLC, Product detaljeret, Aarhus, Apr. 2023.xlsx",1.2176,T-shirt
01083 T-Shirt unisex hvid k/æ P/B,Alm.slid uden restværdi,1,622,51,30155C97D461A6C000B05ED3,"PLC, Product detaljeret, Aarhus, Apr. 2023.xlsx",2.4958842443729905,T-shirt
01083 T-Shirt unisex hvid k/æ P/B,Alm.slid uden restværdi,1,622,43,30155C97D461A6C000B09A11,"PLC, Product detaljeret, Aarhus, Apr. 2023.xlsx",2.104372990353698,T-shirt
10981 T-shirt prowear dame hvid pb,Alm.slid uden restværdi,1,618,35,30155C97D461A6C0008D532B,"PLC, Product detaljeret, Aarhus, Apr. 2023.xlsx",1.723948220064725,T-shirt
01083 T-Shirt unisex hvid k/æ P/B,Alm.slid uden restværdi,1,609,46,30155C97D461A6C000B0B1E1,"PLC, Product detaljeret, Aarhus, Apr. 2023.xlsx",2.2992446633825945,T-shirt
10981 T-shirt prowear dame hvid pb,Alm.slid uden restværdi,1,604,28,30155C97D461A6C0008D5272,"PLC, Product detaljeret, Aarhus, Apr. 2023.xlsx",1.4111258278145695,T-shirt
01083 T-Shirt unisex hvid k/æ P/B,Alm.slid uden restværdi,1,603,21,30155C97D461A6C0008CE5F5,"PLC, Product detaljeret, Aarhus, Apr. 2023.xlsx",1.0600995024875624,T-shirt
10981 T-shirt prowear dame hvid pb,Alm.slid uden restværdi,1,603,31,30155C97D461A6C0008D51D9,"PLC, Product detaljeret, Aarhus, Apr. 2023.xlsx",1.5649087893864015,T-shirt
10981 T-shirt prowear dame hvid pb,Alm.slid uden restværdi,1,603,30,30155C97D461A6C0008D51AA,"PLC, Product detaljeret, Aarhus, Apr. 2023.xlsx",1.5144278606965176,T-shirt
01083 T-Shirt unisex hvid k/æ P/B,Alm.slid uden restværdi,1,591,35,30155C97D461A6C0008CE5E7,"PLC, Product detaljeret, Aarhus, Apr. 2023.xlsx",1.8027072758037226,T-shirt
01083 T-Shirt unisex hvid k/æ P/B,Alm.slid uden restværdi,1,586,38,30155C97D461A6C000BA71F9,"PLC, Product detaljeret, Aarhus, Apr. 2023.xlsx",1.9739249146757678,T-shirt
01083 T-Shirt unisex hvid k/æ P/B,Alm.slid uden restværdi,1,533,10,30155C97D461A6C00031024F,"PLC, Product detaljeret, Aarhus, Apr. 2023.xlsx",0.5711069418386492,T-shirt
01083 T-Shirt unisex hvid k/æ P/B,Alm.slid uden restværdi,1,488,8,30155C97D461A6C0008CB998,"PLC, Product detaljeret, Aarhus, Apr. 2023.xlsx",0.499016393442623,T-shirt
09385 T-Shirt Hvid B/P M Arla Tryk,Alm.slid uden restværdi,1,487,22,30155C97D461A6C000B09808,"PLC, Product detaljeret, Aarhus, Apr. 2023.xlsx",1.3751129363449694,T-shirt
01083 T-Shirt unisex hvid k/æ P/B,Alm.slid uden restværdi,1,486,25,30155C97D461A6C001059BA1,"PLC, Product detaljeret, Aarhus, Apr. 2023.xlsx",1.565843621399177,T-shirt
01083 T-Shirt unisex hvid k/æ P/B,Alm.slid uden restværdi,1,442,31,30155C97D461A6C0012EA071,"PLC, Product detaljeret, Aarhus, Apr. 2023.xlsx",2.1349321266968326,T-shirt
01083 T-Shirt unisex hvid k/æ P/B,Alm.slid uden restværdi,1,442,21,30155C97D461A6C0012EA0CD,"PLC, Product detaljeret, Aarhus, Apr. 2023.xlsx",1.4462443438914028,T-shirt
01083 T-Shirt unisex hvid k/æ P/B,Alm.slid uden restværdi,1,442,25,30155C97D461A6C0012EA0D7,"PLC, Product detaljeret, Aarhus, Apr. 2023.xlsx",1.7217194570135748,T-shirt
01083 T-Shirt unisex hvid k/æ P/B,Alm.slid uden restværdi,1,442,35,30155C97D461A6C0012EA0E9,"PLC, Product detaljeret, Aarhus, Apr. 2023.xlsx",2.4104072398190044,T-shirt
01083 T-Shirt unisex hvid k/æ P/B,Alm.slid uden restværdi,1,442,24,30155C97D461A6C0012EA0F6,"PLC, Product detaljeret, Aarhus, Apr. 2023.xlsx",1.6528506787330317,T-shirt
01083 T-Shirt unisex hvid k/æ P/B,Alm.slid uden restværdi,1,442,26,30155C97D461A6C0012EA134,"PLC, Product detaljeret, Aarhus, Apr. 2023.xlsx",1.7905882352941176,T-shirt
01083 T-Shirt unisex hvid k/æ P/B,Alm.slid uden restværdi,1,442,23,30155C97D461A6C0012EA13F,"PLC, Product detaljeret, Aarhus, Apr. 2023.xlsx",1.5839819004524889,T-shirt
01083 T-Shirt unisex hvid k/æ P/B,Alm.slid uden restværdi,1,442,35,30155C97D461A6C0012EA15A,"PLC, Product detaljeret, Aarhus, Apr. 2023.xlsx",2.4104072398190044,T-shirt
01083 T-Shirt unisex hvid k/æ P/B,Alm.slid uden restværdi,1,442,31,30155C97D461A6C0012EA179,"PLC, Product detaljeret, Aarhus, Apr. 2023.xlsx",2.1349321266968326,T-shirt
01083 T-Shirt unisex hvid k/æ P/B,Alm.slid uden restværdi,1,442,37,30155C97D461A6C0012EA1A0,"PLC, Product detaljeret, Aarhus, Apr. 2023.xlsx",2.5481447963800905,T-shirt
01083 T-Shirt unisex hvid k/æ P/B,Alm.slid uden restværdi,1,431,37,30155C97D461A6C0010582A7,"PLC, Product detaljeret, Aarhus, Apr. 2023.xlsx",2.6131786542923434,T-shirt
01083 T-Shirt unisex hvid k/æ P/B,Alm.slid uden restværdi,1,417,43,30155C97D461A6C0015C6433,"PLC, Product detaljeret, Aarhus, Apr. 2023.xlsx",3.138896882494005,T-shirt
10981 T-shirt prowear dame hvid pb,Alm.slid uden restværdi,1,412,8,30155C97D461A6C000645D8B,"PLC, Product detaljeret, Aarhus, Apr. 2023.xlsx",0.5910679611650486,T-shirt
10981 T-shirt prowear dame hvid pb,Alm.slid uden restværdi,1,378,12,30155C97D461A6C0008D194F,"PLC, Product detaljeret, Aarhus, Apr. 2023.xlsx",0.9663492063492063,T-shirt
01083 T-Shirt unisex hvid k/æ P/B,Alm.slid uden restværdi,1,369,19,30155C97D461A6C00081EC48,"PLC, Product detaljeret, Aarhus, Apr. 2023.xlsx",1.5673712737127372,T-shirt
01083 T-Shirt unisex hvid k/æ P/B,Alm.slid uden restværdi,1,369,17,30155C97D461A6C0015B5DC1,"PLC, Product detaljeret, Aarhus, Apr. 2023.xlsx",1.4023848238482386,T-shirt
01083 T-Shirt unisex hvid k/æ P/B,Alm.slid uden restværdi,1,369,15,30155C97D461A6C0015B5E12,"PLC, Product detaljeret, Aarhus, Apr. 2023.xlsx",1.2373983739837398,T-shirt
01083 T-Shirt unisex hvid k/æ P/B,Alm.slid uden restværdi,1,369,13,30155C97D461A6C0015B5F1E,"PLC, Product detaljeret, Aarhus, Apr. 2023.xlsx",1.0724119241192411,T-shirt
01083 T-Shirt unisex hvid k/æ P/B,Alm.slid uden restværdi,1,369,17,30155C97D461A6C0015B5F31,"PLC, Product detaljeret, Aarhus, Apr. 2023.xlsx",1.4023848238482386,T-shirt
01083 T-Shirt unisex hvid k/æ P/B,Alm.slid uden restværdi,1,369,21,30155C97D461A6C0015B5F59,"PLC, Product detaljeret, Aarhus, Apr. 2023.xlsx",1.7323577235772358,T-shirt
01083 T-Shirt unisex hvid k/æ P/B,Alm.slid uden restværdi,1,369,10,30155C97D461A6C0015B5FAA,"PLC, Product detaljeret, Aarhus, Apr. 2023.xlsx",0.8249322493224933,T-shirt
01083 T-Shirt unisex hvid k/æ P/B,Alm.slid uden restværdi,1,355,25,30155C97D461A6C00090A7A8,"PLC, Product detaljeret, Aarhus, Apr. 2023.xlsx",2.143661971830986,T-shirt
01083 T-Shirt unisex hvid k/æ P/B,Alm.slid uden restværdi,1,355,20,30155C97D461A6C00090A892,"PLC, Product detaljeret, Aarhus, Apr. 2023.xlsx",1.7149295774647888,T-shirt
01083 T-Shirt unisex hvid k/æ P/B,Alm.slid uden restværdi,1,355,25,30155C97D461A6C00090A8BA,"PLC, Product detaljeret, Aarhus, Apr. 2023.xlsx",2.143661971830986,T-shirt
01083 T-Shirt unisex hvid k/æ P/B,Alm.slid uden restværdi,1,349,10,30155C97D461A6C0015B657A,"PLC, Product detaljeret, Aarhus, Apr. 2023.xlsx",0.8722063037249285,T-shirt
01083 T-Shirt unisex hvid k/æ P/B,Alm.slid uden restværdi,1,339,19,30155C97D461A4C0006538EF,"PLC, Product detaljeret, Aarhus, Apr. 2023.xlsx",1.7060766961651919,T-shirt
01083 T-Shirt unisex hvid k/æ P/B,Alm.slid uden restværdi,1,339,13,30155C97D461A4C0006538F8,"PLC, Product detaljeret, Aarhus, Apr. 2023.xlsx",1.167315634218289,T-shirt
01083 T-Shirt unisex hvid k/æ P/B,Alm.slid uden restværdi,1,318,13,30155C97D461A4C000653818,"PLC, Product detaljeret, Aarhus, Apr. 2023.xlsx",1.2444025157232703,T-shirt
01083 T-Shirt unisex hvid k/æ P/B,Alm.slid uden restværdi,1,313,12,30155C97D461A4C000653783,"PLC, Product detaljeret, Aarhus, Apr. 2023.xlsx",1.1670287539936102,T-shirt
01083 T-Shirt unisex hvid k/æ P/B,Alm.slid uden restværdi,1,307,12,30155C97D461A4C0009356E7,"PLC, Product detaljeret, Aarhus, Apr. 2023.xlsx",1.1898371335504885,T-shirt
01083 T-Shirt unisex hvid k/æ P/B,Alm.slid uden restværdi,1,301,14,30155C97D461A4C0009356A5,"PLC, Product detaljeret, Aarhus, Apr. 2023.xlsx",1.415813953488372,T-shirt
01083 T-Shirt unisex hvid k/æ P/B,Alm.slid uden restværdi,1,301,9,30155C97D461A4C0009357E8,"PLC, Product detaljeret, Aarhus, Apr. 2023.xlsx",0.9101661129568107,T-shirt
01083 T-Shirt unisex hvid k/æ P/B,Alm.slid uden restværdi,1,300,12,30155C97D461A4C000933B74,"PLC, Product detaljeret, Aarhus, Apr. 2023.xlsx",1.2176,T-shirt
01083 T-Shirt unisex hvid k/æ P/B,Alm.slid uden restværdi,1,290,9,30155C97D461A4C000924D75,"PLC, Product detaljeret, Aarhus, Apr. 2023.xlsx",0.9446896551724138,T-shirt
01083 T-Shirt unisex hvid k/æ P/B,Alm.slid uden restværdi,1,286,6,30155C97D461A4C000924DB3,"PLC, Product detaljeret, Aarhus, Apr. 2023.xlsx",0.6386013986013986,T-shirt
10981 T-shirt prowear dame hvid pb,Alm.slid uden restværdi,1,244,14,30155C97D461A4C00092183C,"PLC, Product detaljeret, Aarhus, Apr. 2023.xlsx",1.7465573770491805,T-shirt
10981 T-shirt prowear dame hvid pb,Alm.slid uden restværdi,1,225,2,30155C97D461A6C0010E1A5B,"PLC, Product detaljeret, Aarhus, Apr. 2023.xlsx",0.2705777777777778,T-shirt
10981 T-shirt prowear dame hvid pb,Alm.slid uden restværdi,1,220,2,30155C97D461A6C0019CEC9D,"PLC, Product detaljeret, Aarhus, Apr. 2023.xlsx",0.2767272727272727,T-shirt
01083 T-Shirt unisex hvid k/æ P/B,Alm.slid uden restværdi,1,188,7,30155C97D461A6C0010D4B81,"PLC, Product detaljeret, Aarhus, Apr. 2023.xlsx",1.133404255319149,T-shirt
01083 T-Shirt unisex hvid k/æ P/B,Alm.slid uden restværdi,1,188,13,30155C97D461A6C0010F2729,"PLC, Product detaljeret, Aarhus, Apr. 2023.xlsx",2.104893617021277,T-shirt
01083 T-Shirt unisex hvid k/æ P/B,Alm.slid uden restværdi,1,187,11,30155C97D461A6C0010D4A3E,"PLC, Product detaljeret, Aarhus, Apr. 2023.xlsx",1.7905882352941176,T-shirt
01083 T-Shirt unisex hvid k/æ P/B,Alm.slid uden restværdi,1,187,9,30155C97D461A6C0010D4A6C,"PLC, Product detaljeret, Aarhus, Apr. 2023.xlsx",1.4650267379679145,T-shirt
01083 T-Shirt unisex hvid k/æ P/B,Alm.slid uden restværdi,1,187,5,30155C97D461A6C0010D4AC2,"PLC, Product detaljeret, Aarhus, Apr. 2023.xlsx",0.8139037433155081,T-shirt
01083 T-Shirt unisex hvid k/æ P/B,Alm.slid uden restværdi,1,187,8,30155C97D461A6C0010D4B61,"PLC, Product detaljeret, Aarhus, Apr. 2023.xlsx",1.3022459893048128,T-shirt
01083 T-Shirt unisex hvid k/æ P/B,Alm.slid uden restværdi,1,187,4,30155C97D461A6C0010D4BFD,"PLC, Product detaljeret, Aarhus, Apr. 2023.xlsx",0.6511229946524064,T-shirt
01083 T-Shirt unisex hvid k/æ P/B,Alm.slid uden restværdi,1,187,6,30155C97D461A6C0010D4AAD,"PLC, Product detaljeret, Aarhus, Apr. 2023.xlsx",0.9766844919786097,T-shirt
01083 T-Shirt unisex hvid k/æ P/B,Alm.slid uden restværdi,1,187,9,30155C97D461A6C0010F305D,"PLC, Product detaljeret, Aarhus, Apr. 2023.xlsx",1.4650267379679145,T-shirt
01083 T-Shirt unisex hvid k/æ P/B,Alm.slid uden restværdi,1,187,8,30155C97D461A6C0010F30A5,"PLC, Product detaljeret, Aarhus, Apr. 2023.xlsx",1.3022459893048128,T-shirt
01083 T-Shirt unisex hvid k/æ P/B,Alm.slid uden restværdi,1,186,5,30155C97D461A6C0010D4B2F,"PLC, Product detaljeret, Aarhus, Apr. 2023.xlsx",0.8182795698924732,T-shirt
01083 T-Shirt unisex hvid k/æ P/B,Alm.slid uden restværdi,1,186,9,30155C97D461A6C0010D4B89,"PLC, Product detaljeret, Aarhus, Apr. 2023.xlsx",1.4729032258064516,T-shirt
01083 T-Shirt unisex hvid k/æ P/B,Alm.slid uden restværdi,1,186,12,30155C97D461A6C0010D4BB8,"PLC, Product detaljeret, Aarhus, Apr. 2023.xlsx",1.9638709677419355,T-shirt
01083 T-Shirt unisex hvid k/æ P/B,Alm.slid uden restværdi,1,186,9,30155C97D461A6C0010F2F32,"PLC, Product detaljeret, Aarhus, Apr. 2023.xlsx",1.4729032258064516,T-shirt
01083 T-Shirt unisex hvid k/æ P/B,Alm.slid uden restværdi,1,186,10,30155C97D461A6C0010F2FB3,"PLC, Product detaljeret, Aarhus, Apr. 2023.xlsx",1.6365591397849464,T-shirt
01083 T-Shirt unisex hvid k/æ P/B,Alm.slid uden restværdi,1,186,2,30155C97D461A6C0010F3002,"PLC, Product detaljeret, Aarhus, Apr. 2023.xlsx",0.32731182795698927,T-shirt
01083 T-Shirt unisex hvid k/æ P/B,Alm.slid uden restværdi,1,186,2,30155C97D461A6C0010F30C7,"PLC, Product detaljeret, Aarhus, Apr. 2023.xlsx",0.32731182795698927,T-shirt
"07859 T-Shirt L/Æ, Hvid p/b",Alm.slid uden restværdi,1,185,7,30155C97D461A6C0012ECD42,"PLC, Product detaljeret, Aarhus, Apr. 2023.xlsx",1.1517837837837839,T-shirt
"07859 T-Shirt L/Æ, Hvid p/b",Alm.slid uden restværdi,1,185,8,30155C97D461A6C0012ECD9B,"PLC, Product detaljeret, Aarhus, Apr. 2023.xlsx",1.3163243243243246,T-shirt
"07859 T-Shirt L/Æ, Hvid p/b",Alm.slid uden restværdi,1,184,13,30155C97D461A6C0012ECE79,"PLC, Product detaljeret, Aarhus, Apr. 2023.xlsx",2.1506521739130435,T-shirt
01083 T-Shirt unisex hvid k/æ P/B,Alm.slid uden restværdi,1,179,9,30155C97D461A6C0010D4B00,"PLC, Product detaljeret, Aarhus, Apr. 2023.xlsx",1.5305027932960895,T-shirt
01083 T-Shirt unisex hvid k/æ P/B,Alm.slid uden restværdi,1,179,12,30155C97D461A6C0010D4C0F,"PLC, Product detaljeret, Aarhus, Apr. 2023.xlsx",2.0406703910614525,T-shirt
01083 T-Shirt unisex hvid k/æ P/B,Alm.slid uden restværdi,1,179,9,30155C97D461A6C0010F2F13,"PLC, Product detaljeret, Aarhus, Apr. 2023.xlsx",1.5305027932960895,T-shirt
01083 T-Shirt unisex hvid k/æ P/B,Alm.slid uden restværdi,1,179,10,30155C97D461A6C0010F2F2A,"PLC, Product detaljeret, Aarhus, Apr. 2023.xlsx",1.700558659217877,T-shirt
01083 T-Shirt unisex hvid k/æ P/B,Alm.slid uden restværdi,1,179,9,30155C97D461A6C0010F2FCF,"PLC, Product detaljeret, Aarhus, Apr. 2023.xlsx",1.5305027932960895,T-shirt
01083 T-Shirt unisex hvid k/æ P/B,Alm.slid uden restværdi,1,179,9,30155C97D461A6C0010F303B,"PLC, Product detaljeret, Aarhus, Apr. 2023.xlsx",1.5305027932960895,T-shirt
01083 T-Shirt unisex hvid k/æ P/B,Alm.slid uden restværdi,1,179,7,30155C97D461A6C0010F3063,"PLC, Product detaljeret, Aarhus, Apr. 2023.xlsx",1.190391061452514,T-shirt
01083 T-Shirt unisex hvid k/æ P/B,Alm.slid uden restværdi,1,179,9,30155C97D461A6C0010F307F,"PLC, Product detaljeret, Aarhus, Apr. 2023.xlsx",1.5305027932960895,T-shirt
01083 T-Shirt unisex hvid k/æ P/B,Alm.slid uden restværdi,1,179,13,30155C97D461A6C0010F30C3,"PLC, Product detaljeret, Aarhus, Apr. 2023.xlsx",2.2107262569832407,T-shirt
01083 T-Shirt unisex hvid k/æ P/B,Alm.slid uden restværdi,1,179,11,30155C97D461A6C0010F30CA,"PLC, Product detaljeret, Aarhus, Apr. 2023.xlsx",1.8706145251396649,T-shirt
01083 T-Shirt unisex hvid k/æ P/B,Alm.slid uden restværdi,1,179,13,30155C97D461A6C0010F30E0,"PLC, Product detaljeret, Aarhus, Apr. 2023.xlsx",2.2107262569832407,T-shirt
01083 T-Shirt unisex hvid k/æ P/B,Alm.slid uden restværdi,1,179,7,30155C97D461A6C0010F30E9,"PLC, Product detaljeret, Aarhus, Apr. 2023.xlsx",1.190391061452514,T-shirt
"07859 T-Shirt L/Æ, Hvid p/b",Alm.slid uden restværdi,1,174,12,30155C97D461A6C0012EC945,"PLC, Product detaljeret, Aarhus, Apr. 2023.xlsx",2.099310344827586,T-shirt
01083 T-Shirt unisex hvid k/æ P/B,Alm.slid uden restværdi,1,172,7,30155C97D461A6C0010E8F6F,"PLC, Product detaljeret, Aarhus, Apr. 2023.xlsx",1.2388372093023257,T-shirt
01083 T-Shirt unisex hvid k/æ P/B,Alm.slid uden restværdi,1,172,7,30155C97D461A6C0010E8FFF,"PLC, Product detaljeret, Aarhus, Apr. 2023.xlsx",1.2388372093023257,T-shirt
01083 T-Shirt unisex hvid k/æ P/B,Alm.slid uden restværdi,1,172,4,30155C97D461A6C0010E9014,"PLC, Product detaljeret, Aarhus, Apr. 2023.xlsx",0.707906976744186,T-shirt
01083 T-Shirt unisex hvid k/æ P/B,Alm.slid uden restværdi,1,164,9,30155C97D461A6C001A5E55A,"PLC, Product detaljeret, Aarhus, Apr. 2023.xlsx",1.670487804878049,T-shirt
01083 T-Shirt unisex hvid k/æ P/B,Alm.slid uden restværdi,1,164,12,30155C97D461A6C001A5E580,"PLC, Product detaljeret, Aarhus, Apr. 2023.xlsx",2.2273170731707315,T-shirt
01083 T-Shirt unisex hvid k/æ P/B,Alm.slid uden restværdi,1,164,6,30155C97D461A6C001A5E620,"PLC, Product detaljeret, Aarhus, Apr. 2023.xlsx",1.1136585365853657,T-shirt
10981 T-shirt prowear dame hvid pb,Alm.slid uden restværdi,1,150,2,30155C97D461A6C0018EF704,"PLC, Product detaljeret, Aarhus, Apr. 2023.xlsx",0.4058666666666667,T-shirt
10981 T-shirt prowear dame hvid pb,Alm.slid uden restværdi,1,150,2,30155C97D461A6C0018EF897,"PLC, Product detaljeret, Aarhus, Apr. 2023.xlsx",0.4058666666666667,T-shirt
10981 T-shirt prowear dame hvid pb,Alm.slid uden restværdi,1,150,2,30155C97D461A6C0018EF8D7,"PLC, Product detaljeret, Aarhus, Apr. 2023.xlsx",0.4058666666666667,T-shirt
10981 T-shirt prowear dame hvid pb,Alm.slid uden restværdi,1,150,2,30155C97D461A6C0018EF8F6,"PLC, Product detaljeret, Aarhus, Apr. 2023.xlsx",0.4058666666666667,T-shirt
01083 T-Shirt unisex hvid k/æ P/B,Alm.slid uden restværdi,1,132,1,30155C97D461A6C001B9969B,"PLC, Product detaljeret, Aarhus, Apr. 2023.xlsx",0.23060606060606062,T-shirt
01083 T-Shirt unisex hvid k/æ P/B,Alm.slid uden restværdi,1,129,11,30155C97D461A6C001A5B52C,"PLC, Product detaljeret, Aarhus, Apr. 2023.xlsx",2.5956589147286824,T-shirt
10981 T-shirt prowear dame hvid pb,Alm.slid uden restværdi,1,123,6,30155C97D461A6C001B998CD,"PLC, Product detaljeret, Aarhus, Apr. 2023.xlsx",1.484878048780488,T-shirt
10981 T-shirt prowear dame hvid pb,Alm.slid uden restværdi,1,123,6,30155C97D461A6C001B999D1,"PLC, Product detaljeret, Aarhus, Apr. 2023.xlsx",1.484878048780488,T-shirt
01083 T-Shirt unisex hvid k/æ P/B,Alm.slid uden restværdi,1,117,9,30155C97D461A6C001A5D04D,"PLC, Product detaljeret, Aarhus, Apr. 2023.xlsx",2.3415384615384616,T-shirt
01083 T-Shirt unisex hvid k/æ P/B,Alm.slid uden restværdi,1,111,1,30155C97D461A6C001A5CFC4,"PLC, Product detaljeret, Aarhus, Apr. 2023.xlsx",0.27423423423423426,T-shirt
01083 T-Shirt unisex hvid k/æ P/B,Alm.slid uden restværdi,1,111,9,30155C97D461A6C001A5D00C,"PLC, Product detaljeret, Aarhus, Apr. 2023.xlsx",2.468108108108108,T-shirt
01083 T-Shirt unisex hvid k/æ P/B,Alm.slid uden restværdi,1,111,7,30155C97D461A6C001A5D139,"PLC, Product detaljeret, Aarhus, Apr. 2023.xlsx",1.9196396396396396,T-shirt
01083 T-Shirt unisex hvid k/æ P/B,Alm.slid uden restværdi,1,105,11,30155C97D461A6C001A5D0A0,"PLC, Product detaljeret, Aarhus, Apr. 2023.xlsx",3.188952380952381,T-shirt
01083 T-Shirt unisex hvid k/æ P/B,Alm.slid uden restværdi,1,105,9,30155C97D461A6C001A5D125,"PLC, Product detaljeret, Aarhus, Apr. 2023.xlsx",2.6091428571428574,T-shirt
10981 T-shirt prowear dame hvid pb,Alm.slid uden restværdi,1,89,2,30155C97D461A6C001A5FDCF,"PLC, Product detaljeret, Aarhus, Apr. 2023.xlsx",0.6840449438202247,T-shirt
10981 T-shirt prowear dame hvid pb,Alm.slid uden restværdi,1,89,4,30155C97D461A6C001A5FDDA,"PLC, Product detaljeret, Aarhus, Apr. 2023.xlsx",1.3680898876404495,T-shirt
01083 T-Shirt unisex hvid k/æ P/B,Alm.slid uden restværdi,1,56,5,30155C97D461A4C000C05C1D,"PLC, Product detaljeret, Aarhus, Apr. 2023.xlsx",2.717857142857143,T-shirt
01083 T-Shirt unisex hvid k/æ P/B,Alm.slid uden restværdi,1,50,5,30155C97D461A4C000C05B02,"PLC, Product detaljeret, Aarhus, Apr. 2023.xlsx",3.0440000000000005,T-shirt
01083 T-Shirt unisex hvid k/æ P/B,Alm.slid uden restværdi,1,50,3,30155C97D461A4C000C05B43,"PLC, Product detaljeret, Aarhus, Apr. 2023.xlsx",1.8264,T-shirt
01083 T-Shirt unisex hvid k/æ P/B,Alm.slid uden restværdi,1,50,4,30155C97D461A4C000C05B48,"PLC, Product detaljeret, Aarhus, Apr. 2023.xlsx",2.4352,T-shirt
01083 T-Shirt unisex hvid k/æ P/B,Alm.slid uden restværdi,1,50,3,30155C97D461A4C000C05BA8,"PLC, Product detaljeret, Aarhus, Apr. 2023.xlsx",1.8264,T-shirt
01083 T-Shirt unisex hvid k/æ P/B,Alm.slid uden restværdi,1,50,3,30155C97D461A4C000C05BBD,"PLC, Product detaljeret, Aarhus, Apr. 2023.xlsx",1.8264,T-shirt
01083 T-Shirt unisex hvid k/æ P/B,Alm.slid uden restværdi,1,50,3,30155C97D461A4C000C05BAA,"PLC, Product detaljeret, Aarhus, Apr. 2023.xlsx",1.8264,T-shirt
09385 T-Shirt Hvid B/P M Arla Tryk,Alm.slid uden restværdi,1,2849,118,00D0095A4AA1,"PLC, Product detaljeret, Aarhus, Aug. 2023.xlsx",1.2607651807651807,T-shirt
09385 T-Shirt Hvid B/P M Arla Tryk,Alm.slid uden restværdi,1,2617,108,00D0095A77A5,"PLC, Product detaljeret, Aarhus, Aug. 2023.xlsx",1.256217042414979,T-shirt
09385 T-Shirt Hvid B/P M Arla Tryk,Alm.slid uden restværdi,1,2498,107,00D00971D893,"PLC, Product detaljeret, Aarhus, Aug. 2023.xlsx",1.303875100080064,T-shirt
01083 T-Shirt unisex hvid k/æ P/B,Alm.slid uden restværdi,1,2470,60,00D00998B834,"PLC, Product detaljeret, Aarhus, Aug. 2023.xlsx",0.7394331983805669,T-shirt
09385 T-Shirt Hvid B/P M Arla Tryk,Alm.slid uden restværdi,1,2456,99,00D00971C9E5,"PLC, Product detaljeret, Aarhus, Aug. 2023.xlsx",1.2270195439739413,T-shirt
09385 T-Shirt Hvid B/P M Arla Tryk,Alm.slid uden restværdi,1,2366,99,00D00970509C,"PLC, Product detaljeret, Aarhus, Aug. 2023.xlsx",1.273693998309383,T-shirt
09385 T-Shirt Hvid B/P M Arla Tryk,Alm.slid uden restværdi,1,2359,92,00D0098EA731,"PLC, Product detaljeret, Aarhus, Aug. 2023.xlsx",1.187147096227215,T-shirt
09385 T-Shirt Hvid B/P M Arla Tryk,Alm.slid uden restværdi,1,2355,76,30155C97D461A7C000684C50,"PLC, Product detaljeret, Aarhus, Aug. 2023.xlsx",0.9823524416135881,T-shirt
09385 T-Shirt Hvid B/P M Arla Tryk,Alm.slid uden restværdi,1,2335,89,00D0098DA794,"PLC, Product detaljeret, Aarhus, Aug. 2023.xlsx",1.1602398286937903,T-shirt
09385 T-Shirt Hvid B/P M Arla Tryk,Alm.slid uden restværdi,1,2316,110,00D0098BEF16,"PLC, Product detaljeret, Aarhus, Aug. 2023.xlsx",1.445768566493955,T-shirt
09385 T-Shirt Hvid B/P M Arla Tryk,Alm.slid uden restværdi,1,2316,95,30155C97D461A7C000932B48,"PLC, Product detaljeret, Aarhus, Aug. 2023.xlsx",1.2486183074265977,T-shirt
09385 T-Shirt Hvid B/P M Arla Tryk,Alm.slid uden restværdi,1,2307,96,30155C97D461A7C0007D1475,"PLC, Product detaljeret, Aarhus, Aug. 2023.xlsx",1.2666840052015607,T-shirt
09385 T-Shirt Hvid B/P M Arla Tryk,Alm.slid uden restværdi,1,2300,98,30155C97D461A7C000B633FE,"PLC, Product detaljeret, Aarhus, Aug. 2023.xlsx",1.297008695652174,T-shirt
09385 T-Shirt Hvid B/P M Arla Tryk,Alm.slid uden restværdi,1,2282,58,30155C97D461A7C0007D2141,"PLC, Product detaljeret, Aarhus, Aug. 2023.xlsx",0.773672217353199,T-shirt
09385 T-Shirt Hvid B/P M Arla Tryk,Alm.slid uden restværdi,1,2282,93,30155C97D461A7C000A11AA1,"PLC, Product detaljeret, Aarhus, Aug. 2023.xlsx",1.2405433829973707,T-shirt
09385 T-Shirt Hvid B/P M Arla Tryk,Alm.slid uden restværdi,1,2278,97,30155C97D461A7C000B64261,"PLC, Product detaljeret, Aarhus, Aug. 2023.xlsx",1.2961720807726076,T-shirt
09385 T-Shirt Hvid B/P M Arla Tryk,Alm.slid uden restværdi,1,2274,88,30155C97D461A7C0008573C5,"PLC, Product detaljeret, Aarhus, Aug. 2023.xlsx",1.1779771328056288,T-shirt
09385 T-Shirt Hvid B/P M Arla Tryk,Alm.slid uden restværdi,1,2265,104,00D009802E0C,"PLC, Product detaljeret, Aarhus, Aug. 2023.xlsx",1.3976865342163356,T-shirt
01083 T-Shirt unisex hvid k/æ P/B,Alm.slid uden restværdi,1,2250,91,30155C97D461A7C000BA4EBB,"PLC, Product detaljeret, Aarhus, Aug. 2023.xlsx",1.231128888888889,T-shirt
09385 T-Shirt Hvid B/P M Arla Tryk,Alm.slid uden restværdi,1,2219,121,30155C97D461A6C00081E12F,"PLC, Product detaljeret, Aarhus, Aug. 2023.xlsx",1.6598648039657504,T-shirt
09385 T-Shirt Hvid B/P M Arla Tryk,Alm.slid uden restværdi,1,2208,82,30155C97D461A7C000B99168,"PLC, Product detaljeret, Aarhus, Aug. 2023.xlsx",1.1304710144927537,T-shirt
09385 T-Shirt Hvid B/P M Arla Tryk,Alm.slid uden restværdi,1,2201,69,30155C97D461A7C000856D5B,"PLC, Product detaljeret, Aarhus, Aug. 2023.xlsx",0.9542753293957292,T-shirt
09385 T-Shirt Hvid B/P M Arla Tryk,Alm.slid uden restværdi,1,2173,75,30155C97D461A7C00092E5E6,"PLC, Product detaljeret, Aarhus, Aug. 2023.xlsx",1.0506212609295906,T-shirt
09385 T-Shirt Hvid B/P M Arla Tryk,Alm.slid uden restværdi,1,2154,95,30155C97D461A7C000B1111B,"PLC, Product detaljeret, Aarhus, Aug. 2023.xlsx",1.3425255338904365,T-shirt
09385 T-Shirt Hvid B/P M Arla Tryk,Alm.slid uden restværdi,1,2128,90,30155C97D461A7C000B13A90,"PLC, Product detaljeret, Aarhus, Aug. 2023.xlsx",1.2874060150375939,T-shirt
09385 T-Shirt Hvid B/P M Arla Tryk,Alm.slid uden restværdi,1,2082,96,30155C97D461A7C000F08549,"PLC, Product detaljeret, Aarhus, Aug. 2023.xlsx",1.4035734870317003,T-shirt
09385 T-Shirt Hvid B/P M Arla Tryk,Alm.slid uden restværdi,1,2051,81,30155C97D461A7C0011793B5,"PLC, Product detaljeret, Aarhus, Aug. 2023.xlsx",1.2021647976596783,T-shirt
09385 T-Shirt Hvid B/P M Arla Tryk,Alm.slid uden restværdi,1,2015,82,30155C97D461A7C000BA7197,"PLC, Product detaljeret, Aarhus, Aug. 2023.xlsx",1.2387493796526055,T-shirt
09385 T-Shirt Hvid B/P M Arla Tryk,Alm.slid uden restværdi,1,1979,82,30155C97D461A7C00117975F,"PLC, Product detaljeret, Aarhus, Aug. 2023.xlsx",1.2612834765032845,T-shirt
03850 T-Shirt Hvid Lady K/Æ P/B,Alm.slid uden restværdi,1,1971,113,30155C97D461A7C00103758B,"PLC, Product detaljeret, Aarhus, Aug. 2023.xlsx",1.7451648909183155,T-shirt
03850 T-Shirt Hvid Lady K/Æ P/B,Alm.slid uden restværdi,1,1965,4,30155C97D461A7C000CA7EE7,"PLC, Product detaljeret, Aarhus, Aug. 2023.xlsx",0.06196437659033079,T-shirt
09385 T-Shirt Hvid B/P M Arla Tryk,Alm.slid uden restværdi,1,1964,62,30155C97D461A7C0011796B7,"PLC, Product detaljeret, Aarhus, Aug. 2023.xlsx",0.9609368635437883,T-shirt
03850 T-Shirt Hvid Lady K/Æ P/B,Alm.slid uden restværdi,1,1949,87,30155C97D461A7C00092FF7F,"PLC, Product detaljeret, Aarhus, Aug. 2023.xlsx",1.3587891226269881,T-shirt
03850 T-Shirt Hvid Lady K/Æ P/B,Alm.slid uden restværdi,1,1949,72,30155C97D461A7C0012243EF,"PLC, Product detaljeret, Aarhus, Aug. 2023.xlsx",1.1245151359671628,T-shirt
03850 T-Shirt Hvid Lady K/Æ P/B,Alm.slid uden restværdi,1,1925,111,30155C97D461A7C001035EB5,"PLC, Product detaljeret, Aarhus, Aug. 2023.xlsx",1.7552415584415586,T-shirt
03850 T-Shirt Hvid Lady K/Æ P/B,Alm.slid uden restværdi,1,1922,95,30155C97D461A7C00092FF70,"PLC, Product detaljeret, Aarhus, Aug. 2023.xlsx",1.5045785639958378,T-shirt
03850 T-Shirt Hvid Lady K/Æ P/B,Alm.slid uden restværdi,1,1922,72,30155C97D461A7C001225020,"PLC, Product detaljeret, Aarhus, Aug. 2023.xlsx",1.140312174817898,T-shirt
09385 T-Shirt Hvid B/P M Arla Tryk,Alm.slid uden restværdi,1,1922,67,30155C97D461A7C000BA7187,"PLC, Product detaljeret, Aarhus, Aug. 2023.xlsx",1.061123829344433,T-shirt
09385 T-Shirt Hvid B/P M Arla Tryk,Alm.slid uden restværdi,1,1922,80,30155C97D461A7C000F0C918,"PLC, Product detaljeret, Aarhus, Aug. 2023.xlsx",1.2670135275754424,T-shirt
09385 T-Shirt Hvid B/P M Arla Tryk,Alm.slid uden restværdi,1,1922,74,30155C97D461A7C00117071F,"PLC, Product detaljeret, Aarhus, Aug. 2023.xlsx",1.171987513007284,T-shirt
03850 T-Shirt Hvid Lady K/Æ P/B,Alm.slid uden restværdi,1,1910,2,30155C97D461A7C001225064,"PLC, Product detaljeret, Aarhus, Aug. 2023.xlsx",0.031874345549738226,T-shirt
03850 T-Shirt Hvid Lady K/Æ P/B,Alm.slid uden restværdi,1,1910,1,30155C97D461A7C0012250CB,"PLC, Product detaljeret, Aarhus, Aug. 2023.xlsx",0.015937172774869113,T-shirt
03850 T-Shirt Hvid Lady K/Æ P/B,Alm.slid uden restværdi,1,1896,44,30155C97D461A7C001035A0D,"PLC, Product detaljeret, Aarhus, Aug. 2023.xlsx",0.7064135021097047,T-shirt
03850 T-Shirt Hvid Lady K/Æ P/B,Alm.slid uden restværdi,1,1888,12,30155C97D461A7C000CDD0F6,"PLC, Product detaljeret, Aarhus, Aug. 2023.xlsx",0.19347457627118647,T-shirt
09385 T-Shirt Hvid B/P M Arla Tryk,Alm.slid uden restværdi,1,1888,98,00D00AE1129F,"PLC, Product detaljeret, Aarhus, Aug. 2023.xlsx",1.580042372881356,T-shirt
03850 T-Shirt Hvid Lady K/Æ P/B,Alm.slid uden restværdi,1,1886,111,30155C97D461A7C000E9080B,"PLC, Product detaljeret, Aarhus, Aug. 2023.xlsx",1.7915376458112409,T-shirt
03850 T-Shirt Hvid Lady K/Æ P/B,Alm.slid uden restværdi,1,1881,58,30155C97D461A7C000E8F91E,"PLC, Product detaljeret, Aarhus, Aug. 2023.xlsx",0.9386071238702818,T-shirt
09385 T-Shirt Hvid B/P M Arla Tryk,Alm.slid uden restværdi,1,1878,85,30155C97D461A7C0011325A3,"PLC, Product detaljeret, Aarhus, Aug. 2023.xlsx",1.3777422790202345,T-shirt
09385 T-Shirt Hvid B/P M Arla Tryk,Alm.slid uden restværdi,1,1878,64,30155C97D461A7C00122A364,"PLC, Product detaljeret, Aarhus, Aug. 2023.xlsx",1.037358892438765,T-shirt
01083 T-Shirt unisex hvid k/æ P/B,Alm.slid uden restværdi,1,1833,147,30155C97D461A7C0013C765C,"PLC, Product detaljeret, Aarhus, Aug. 2023.xlsx",2.4411783960720133,T-shirt
09385 T-Shirt Hvid B/P M Arla Tryk,Alm.slid uden restværdi,1,1792,77,30155C97D461A7C0010DEFC2,"PLC, Product detaljeret, Aarhus, Aug. 2023.xlsx",1.3079687500000001,T-shirt
09385 T-Shirt Hvid B/P M Arla Tryk,Alm.slid uden restværdi,1,1792,70,30155C97D461A7C0010DF092,"PLC, Product detaljeret, Aarhus, Aug. 2023.xlsx",1.1890625000000001,T-shirt
09385 T-Shirt Hvid B/P M Arla Tryk,Alm.slid uden restværdi,1,1792,72,30155C97D461A7C0010DF099,"PLC, Product detaljeret, Aarhus, Aug. 2023.xlsx",1.2230357142857144,T-shirt
03850 T-Shirt Hvid Lady K/Æ P/B,Alm.slid uden restværdi,1,1773,4,30155C97D461A7C000E07A26,"PLC, Product detaljeret, Aarhus, Aug. 2023.xlsx",0.06867456288776087,T-shirt
09385 T-Shirt Hvid B/P M Arla Tryk,Alm.slid uden restværdi,1,1764,76,30155C97D461A7C0010DF131,"PLC, Product detaljeret, Aarhus, Aug. 2023.xlsx",1.3114739229024945,T-shirt
01083 T-Shirt unisex hvid k/æ P/B,Alm.slid uden restværdi,1,1749,91,30155C97D461A7C0013C640A,"PLC, Product detaljeret, Aarhus, Aug. 2023.xlsx",1.5837850200114352,T-shirt
01083 T-Shirt unisex hvid k/æ P/B,Alm.slid uden restværdi,1,1693,141,30155C97D461A7C00140ABF4,"PLC, Product detaljeret, Aarhus, Aug. 2023.xlsx",2.5351683402244536,T-shirt
09385 T-Shirt Hvid B/P M Arla Tryk,Alm.slid uden restværdi,1,1686,119,30155C97D461A6C00193241B,"PLC, Product detaljeret, Aarhus, Aug. 2023.xlsx",2.1484934756820877,T-shirt
03850 T-Shirt Hvid Lady K/Æ P/B,Alm.slid uden restværdi,1,1661,107,30155C97D461A7C000E08BF9,"PLC, Product detaljeret, Aarhus, Aug. 2023.xlsx",1.9609151113786878,T-shirt
09385 T-Shirt Hvid B/P M Arla Tryk,Alm.slid uden restværdi,1,1655,104,30155C97D461A6C001933044,"PLC, Product detaljeret, Aarhus, Aug. 2023.xlsx",1.9128459214501514,T-shirt
01083 T-Shirt unisex hvid k/æ P/B,Alm.slid uden restværdi,1,1648,13,30155C97D461A7C001CB6068,"PLC, Product detaljeret, Aarhus, Aug. 2023.xlsx",0.24012135922330097,T-shirt
01083 T-Shirt unisex hvid k/æ P/B,Alm.slid uden restværdi,1,1648,24,30155C97D461A7C001CB6E29,"PLC, Product detaljeret, Aarhus, Aug. 2023.xlsx",0.44330097087378645,T-shirt
01083 T-Shirt unisex hvid k/æ P/B,Alm.slid uden restværdi,1,1648,19,30155C97D461A7C001CB6E84,"PLC, Product detaljeret, Aarhus, Aug. 2023.xlsx",0.3509466019417476,T-shirt
03850 T-Shirt Hvid Lady K/Æ P/B,Alm.slid uden restværdi,1,1643,84,30155C97D461A7C000E873C0,"PLC, Product detaljeret, Aarhus, Aug. 2023.xlsx",1.5562751065124774,T-shirt
03850 T-Shirt Hvid Lady K/Æ P/B,Alm.slid uden restværdi,1,1581,128,30155C97D461A7C000E083DA,"PLC, Product detaljeret, Aarhus, Aug. 2023.xlsx",2.464465528146743,T-shirt
09385 T-Shirt Hvid B/P M Arla Tryk,Alm.slid uden restværdi,1,1558,59,30155C97D461A7C0016DCEBE,"PLC, Product detaljeret, Aarhus, Aug. 2023.xlsx",1.1527342747111682,T-shirt
03850 T-Shirt Hvid Lady K/Æ P/B,Alm.slid uden restværdi,1,1545,32,30155C97D461A7C001035A05,"PLC, Product detaljeret, Aarhus, Aug. 2023.xlsx",0.6304724919093851,T-shirt
03850 T-Shirt Hvid Lady K/Æ P/B,Alm.slid uden restværdi,1,1540,67,30155C97D461A7C000E08091,"PLC, Product detaljeret, Aarhus, Aug. 2023.xlsx",1.3243376623376624,T-shirt
03850 T-Shirt Hvid Lady K/Æ P/B,Alm.slid uden restværdi,1,1540,70,30155C97D461A7C000E08AB4,"PLC, Product detaljeret, Aarhus, Aug. 2023.xlsx",1.3836363636363638,T-shirt
03850 T-Shirt Hvid Lady K/Æ P/B,Alm.slid uden restværdi,1,1526,98,30155C97D461A7C000E07A75,"PLC, Product detaljeret, Aarhus, Aug. 2023.xlsx",1.9548623853211011,T-shirt
03850 T-Shirt Hvid Lady K/Æ P/B,Alm.slid uden restværdi,1,1525,99,30155C97D461A7C000E07A25,"PLC, Product detaljeret, Aarhus, Aug. 2023.xlsx",1.9761049180327872,T-shirt
03850 T-Shirt Hvid Lady K/Æ P/B,Alm.slid uden restværdi,1,1525,96,30155C97D461A7C000E082DE,"PLC, Product detaljeret, Aarhus, Aug. 2023.xlsx",1.9162229508196722,T-shirt
09385 T-Shirt Hvid B/P M Arla Tryk,Alm.slid uden restværdi,1,1504,50,30155C97D461A7C000684DE5,"PLC, Product detaljeret, Aarhus, Aug. 2023.xlsx",1.011968085106383,T-shirt
09385 T-Shirt Hvid B/P M Arla Tryk,Alm.slid uden restværdi,1,1504,51,30155C97D461A7C000857990,"PLC, Product detaljeret, Aarhus, Aug. 2023.xlsx",1.0322074468085105,T-shirt
09385 T-Shirt Hvid B/P M Arla Tryk,Alm.slid uden restværdi,1,1504,50,30155C97D461A7C00092E4C2,"PLC, Product detaljeret, Aarhus, Aug. 2023.xlsx",1.011968085106383,T-shirt
09385 T-Shirt Hvid B/P M Arla Tryk,Alm.slid uden restværdi,1,1504,66,30155C97D461A7C001CBAE9B,"PLC, Product detaljeret, Aarhus, Aug. 2023.xlsx",1.3357978723404256,T-shirt
09385 T-Shirt Hvid B/P M Arla Tryk,Alm.slid uden restværdi,1,1504,72,30155C97D461A7C001CBAF5E,"PLC, Product detaljeret, Aarhus, Aug. 2023.xlsx",1.4572340425531916,T-shirt
09385 T-Shirt Hvid B/P M Arla Tryk,Alm.slid uden restværdi,1,1504,57,30155C97D461A7C001CBB041,"PLC, Product detaljeret, Aarhus, Aug. 2023.xlsx",1.1536436170212767,T-shirt
09385 T-Shirt Hvid B/P M Arla Tryk,Alm.slid uden restværdi,1,1504,61,30155C97D461A7C00210EFC0,"PLC, Product detaljeret, Aarhus, Aug. 2023.xlsx",1.2346010638297873,T-shirt
09385 T-Shirt Hvid B/P M Arla Tryk,Alm.slid uden restværdi,1,1504,59,30155C97D461A7C00210EFFA,"PLC, Product detaljeret, Aarhus, Aug. 2023.xlsx",1.194122340425532,T-shirt
09385 T-Shirt Hvid B/P M Arla Tryk,Alm.slid uden restværdi,1,1504,64,30155C97D461A7C00210F186,"PLC, Product detaljeret, Aarhus, Aug. 2023.xlsx",1.2953191489361702,T-shirt
09385 T-Shirt Hvid B/P M Arla Tryk,Alm.slid uden restværdi,1,1504,64,30155C97D461A7C0021220AE,"PLC, Product detaljeret, Aarhus, Aug. 2023.xlsx",1.2953191489361702,T-shirt
09385 T-Shirt Hvid B/P M Arla Tryk,Alm.slid uden restværdi,1,1504,66,30155C97D461A7C0021221B0,"PLC, Product detaljeret, Aarhus, Aug. 2023.xlsx",1.3357978723404256,T-shirt
09385 T-Shirt Hvid B/P M Arla Tryk,Alm.slid uden restværdi,1,1459,48,30155C97D461A7C0020F2088,"PLC, Product detaljeret, Aarhus, Aug. 2023.xlsx",1.00145305003427,T-shirt
09385 T-Shirt Hvid B/P M Arla Tryk,Alm.slid uden restværdi,1,1459,61,30155C97D461A7C0020F21C2,"PLC, Product detaljeret, Aarhus, Aug. 2023.xlsx",1.2726799177518848,T-shirt
01083 T-Shirt unisex hvid k/æ P/B,Alm.slid uden restværdi,1,1341,118,30155C97D461A7C00266A11E,"PLC, Product detaljeret, Aarhus, Aug. 2023.xlsx",2.6785384041759883,T-shirt
03850 T-Shirt Hvid Lady K/Æ P/B,Alm.slid uden restværdi,1,1319,46,30155C97D461A7C000E8F960,"PLC, Product detaljeret, Aarhus, Aug. 2023.xlsx",1.0615921152388172,T-shirt
09385 T-Shirt Hvid B/P M Arla Tryk,Alm.slid uden restværdi,1,1266,84,30155C97D461A4C000BE73CF,"PLC, Product detaljeret, Aarhus, Aug. 2023.xlsx",2.0197156398104266,T-shirt
01083 T-Shirt unisex hvid k/æ P/B,Alm.slid uden restværdi,1,1234,12,30155C97D461A7C00219062F,"PLC, Product detaljeret, Aarhus, Aug. 2023.xlsx",0.2960129659643436,T-shirt
01083 T-Shirt unisex hvid k/æ P/B,Alm.slid uden restværdi,1,1186,103,30155C97D461A7C0029516DE,"PLC, Product detaljeret, Aarhus, Aug. 2023.xlsx",2.6436087689713323,T-shirt
12396 T-shirt 1/2 æ lady hvid PB,Alm.slid uden restværdi,1,1166,14,00D008F6908E,"PLC, Product detaljeret, Aarhus, Aug. 2023.xlsx",0.36548885077186966,T-shirt
01083 T-Shirt unisex hvid k/æ P/B,Alm.slid uden restværdi,1,1118,56,30155C97D461A7C00268D492,"PLC, Product detaljeret, Aarhus, Aug. 2023.xlsx",1.524722719141324,T-shirt
09385 T-Shirt Hvid B/P M Arla Tryk,Alm.slid uden restværdi,1,1100,49,30155C97D461A7C00210D7B8,"PLC, Product detaljeret, Aarhus, Aug. 2023.xlsx",1.3559636363636365,T-shirt
09385 T-Shirt Hvid B/P M Arla Tryk,Alm.slid uden restværdi,1,1078,81,30155C97D461A6C0019324A7,"PLC, Product detaljeret, Aarhus, Aug. 2023.xlsx",2.287235621521336,T-shirt
10981 T-shirt prowear dame hvid pb,Alm.slid uden restværdi,1,1060,51,30155C97D461A7C0027CB75C,"PLC, Product detaljeret, Aarhus, Aug. 2023.xlsx",1.4645660377358491,T-shirt
09385 T-Shirt Hvid B/P M Arla Tryk,Alm.slid uden restværdi,1,1056,65,30155C97D461A7C0027CBBFA,"PLC, Product detaljeret, Aarhus, Aug. 2023.xlsx",1.8736742424242425,T-shirt
01083 T-Shirt unisex hvid k/æ P/B,Alm.slid uden restværdi,1,1036,58,30155C97D461A6C000145605,"PLC, Product detaljeret, Aarhus, Aug. 2023.xlsx",1.7041698841698842,T-shirt
09385 T-Shirt Hvid B/P M Arla Tryk,Alm.slid uden restværdi,1,1021,71,30155C97D461A6C001932FEE,"PLC, Product detaljeret, Aarhus, Aug. 2023.xlsx",2.1167874632713026,T-shirt
01083 T-Shirt unisex hvid k/æ P/B,Alm.slid uden restværdi,1,1011,83,30155C97D461A6C0000E8E12,"PLC, Product detaljeret, Aarhus, Aug. 2023.xlsx",2.499030662710188,T-shirt
10981 T-shirt prowear dame hvid pb,Alm.slid uden restværdi,1,1009,20,30155C97D461A6C00035711E,"PLC, Product detaljeret, Aarhus, Aug. 2023.xlsx",0.6033696729435084,T-shirt
01083 T-Shirt unisex hvid k/æ P/B,Alm.slid uden restværdi,1,997,84,30155C97D461A6C000356FFF,"PLC, Product detaljeret, Aarhus, Aug. 2023.xlsx",2.564653961885657,T-shirt
01083 T-Shirt unisex hvid k/æ P/B,Alm.slid uden restværdi,1,997,91,30155C97D461A6C000357001,"PLC, Product detaljeret, Aarhus, Aug. 2023.xlsx",2.7783751253761286,T-shirt
01083 T-Shirt unisex hvid k/æ P/B,Alm.slid uden restværdi,1,997,71,30155C97D461A6C00035705C,"PLC, Product detaljeret, Aarhus, Aug. 2023.xlsx",2.167743229689067,T-shirt
10981 T-shirt prowear dame hvid pb,Alm.slid uden restværdi,1,997,30,30155C97D461A6C000357005,"PLC, Product detaljeret, Aarhus, Aug. 2023.xlsx",0.9159478435305918,T-shirt
09385 T-Shirt Hvid B/P M Arla Tryk,Alm.slid uden restværdi,1,973,48,30155C97D461A6C000171714,"PLC, Product detaljeret, Aarhus, Aug. 2023.xlsx",1.5016649537512847,T-shirt
10981 T-shirt prowear dame hvid pb,Alm.slid uden restværdi,1,966,46,30155C97D461A6C00012BCE2,"PLC, Product detaljeret, Aarhus, Aug. 2023.xlsx",1.4495238095238094,T-shirt
10981 T-shirt prowear dame hvid pb,Alm.slid uden restværdi,1,966,51,30155C97D461A6C00012BD4D,"PLC, Product detaljeret, Aarhus, Aug. 2023.xlsx",1.6070807453416152,T-shirt
10981 T-shirt prowear dame hvid pb,Alm.slid uden restværdi,1,966,46,30155C97D461A6C00012BD52,"PLC, Product detaljeret, Aarhus, Aug. 2023.xlsx",1.4495238095238094,T-shirt
10981 T-shirt prowear dame hvid pb,Alm.slid uden restværdi,1,966,66,30155C97D461A6C00012BD95,"PLC, Product detaljeret, Aarhus, Aug. 2023.xlsx",2.0797515527950314,T-shirt
01083 T-Shirt unisex hvid k/æ P/B,Alm.slid uden restværdi,1,952,81,30155C97D461A6C0003066F8,"PLC, Product detaljeret, Aarhus, Aug. 2023.xlsx",2.5899579831932775,T-shirt
09385 T-Shirt Hvid B/P M Arla Tryk,Alm.slid uden restværdi,1,946,29,30155C97D461A6C0001716EB,"PLC, Product detaljeret, Aarhus, Aug. 2023.xlsx",0.9331501057082453,T-shirt
09385 T-Shirt Hvid B/P M Arla Tryk,Alm.slid uden restværdi,1,945,39,30155C97D461A6C00012C4BA,"PLC, Product detaljeret, Aarhus, Aug. 2023.xlsx",1.2562539682539682,T-shirt
09385 T-Shirt Hvid B/P M Arla Tryk,Alm.slid uden restværdi,1,945,46,30155C97D461A6C00012C540,"PLC, Product detaljeret, Aarhus, Aug. 2023.xlsx",1.4817354497354498,T-shirt
01083 T-Shirt unisex hvid k/æ P/B,Alm.slid uden restværdi,1,919,112,30155C97D461A6C0002F2F94,"PLC, Product detaljeret, Aarhus, Aug. 2023.xlsx",3.7097714907508164,T-shirt
09385 T-Shirt Hvid B/P M Arla Tryk,Alm.slid uden restværdi,1,897,52,30155C97D461A6C00012B26D,"PLC, Product detaljeret, Aarhus, Aug. 2023.xlsx",1.7646376811594204,T-shirt
10981 T-shirt prowear dame hvid pb,Alm.slid uden restværdi,1,857,64,30155C97D461A6C0002FCA26,"PLC, Product detaljeret, Aarhus, Aug. 2023.xlsx",2.2732322053675613,T-shirt
26666 T-shirt dame 1/2 ærme hvid,Alm.slid uden restværdi,1,857,49,30155C97D461A6C0003069F2,"PLC, Product detaljeret, Aarhus, Aug. 2023.xlsx",1.7404434072345392,T-shirt
26666 T-shirt dame 1/2 ærme hvid,Alm.slid uden restværdi,1,857,33,30155C97D461A6C000306A06,"PLC, Product detaljeret, Aarhus, Aug. 2023.xlsx",1.1721353558926488,T-shirt
26666 T-shirt dame 1/2 ærme hvid,Alm.slid uden restværdi,1,857,38,30155C97D461A6C000306A36,"PLC, Product detaljeret, Aarhus, Aug. 2023.xlsx",1.3497316219369895,T-shirt
26666 T-shirt dame 1/2 ærme hvid,Alm.slid uden restværdi,1,857,61,30155C97D461A6C000306B0B,"PLC, Product detaljeret, Aarhus, Aug. 2023.xlsx",2.1666744457409566,T-shirt
10981 T-shirt prowear dame hvid pb,Alm.slid uden restværdi,1,855,47,30155C97D461A6C0002FCA37,"PLC, Product detaljeret, Aarhus, Aug. 2023.xlsx",1.673309941520468,T-shirt
10981 T-shirt prowear dame hvid pb,Alm.slid uden restværdi,1,855,48,30155C97D461A6C0002FCAF4,"PLC, Product detaljeret, Aarhus, Aug. 2023.xlsx",1.7089122807017545,T-shirt
10981 T-shirt prowear dame hvid pb,Alm.slid uden restværdi,1,846,57,30155C97D461A6C0002FC930,"PLC, Product detaljeret, Aarhus, Aug. 2023.xlsx",2.050921985815603,T-shirt
10981 T-shirt prowear dame hvid pb,Alm.slid uden restværdi,1,846,60,30155C97D461A6C0002FC978,"PLC, Product detaljeret, Aarhus, Aug. 2023.xlsx",2.1588652482269506,T-shirt
10981 T-shirt prowear dame hvid pb,Alm.slid uden restværdi,1,846,57,30155C97D461A6C0002FC9D3,"PLC, Product detaljeret, Aarhus, Aug. 2023.xlsx",2.050921985815603,T-shirt
10981 T-shirt prowear dame hvid pb,Alm.slid uden restværdi,1,846,68,30155C97D461A6C0002FC9F7,"PLC, Product detaljeret, Aarhus, Aug. 2023.xlsx",2.446713947990544,T-shirt
10981 T-shirt prowear dame hvid pb,Alm.slid uden restværdi,1,846,50,30155C97D461A6C0002FCAC6,"PLC, Product detaljeret, Aarhus, Aug. 2023.xlsx",1.7990543735224587,T-shirt
01083 T-Shirt unisex hvid k/æ P/B,Alm.slid uden restværdi,1,837,59,30155C97D461A6C00081AD71,"PLC, Product detaljeret, Aarhus, Aug. 2023.xlsx",2.145710872162485,T-shirt
10981 T-shirt prowear dame hvid pb,Alm.slid uden restværdi,1,814,6,30155C97D461A6C00020F751,"PLC, Product detaljeret, Aarhus, Aug. 2023.xlsx",0.2243734643734644,T-shirt
10981 T-shirt prowear dame hvid pb,Alm.slid uden restværdi,1,806,28,30155C97D461A6C00020F75B,"PLC, Product detaljeret, Aarhus, Aug. 2023.xlsx",1.057468982630273,T-shirt
10981 T-shirt prowear dame hvid pb,Alm.slid uden restværdi,1,801,39,30155C97D461A6C00020F73F,"PLC, Product detaljeret, Aarhus, Aug. 2023.xlsx",1.4820973782771536,T-shirt
10981 T-shirt prowear dame hvid pb,Alm.slid uden restværdi,1,787,17,30155C97D461A6C00083FA85,"PLC, Product detaljeret, Aarhus, Aug. 2023.xlsx",0.6575349428208387,T-shirt
10981 T-shirt prowear dame hvid pb,Alm.slid uden restværdi,1,741,11,30155C97D461A6C000B8625A,"PLC, Product detaljeret, Aarhus, Aug. 2023.xlsx",0.4518758434547908,T-shirt
10981 T-shirt prowear dame hvid pb,Alm.slid uden restværdi,1,728,10,30155C97D461A6C000B861AE,"PLC, Product detaljeret, Aarhus, Aug. 2023.xlsx",0.41813186813186815,T-shirt
10981 T-shirt prowear dame hvid pb,Alm.slid uden restværdi,1,698,27,30155C97D461A6C000B07316,"PLC, Product detaljeret, Aarhus, Aug. 2023.xlsx",1.1774785100286533,T-shirt
01083 T-Shirt unisex hvid k/æ P/B,Alm.slid uden restværdi,1,697,47,30155C97D461A6C0008BDFF3,"PLC, Product detaljeret, Aarhus, Aug. 2023.xlsx",2.052625538020086,T-shirt
01083 T-Shirt unisex hvid k/æ P/B,Alm.slid uden restværdi,1,693,22,30155C97D461A6C000B9F5A5,"PLC, Product detaljeret, Aarhus, Aug. 2023.xlsx",0.9663492063492063,T-shirt
09385 T-Shirt Hvid B/P M Arla Tryk,Alm.slid uden restværdi,1,684,29,00D00B4E7875,"PLC, Product detaljeret, Aarhus, Aug. 2023.xlsx",1.2905847953216374,T-shirt
10981 T-shirt prowear dame hvid pb,Alm.slid uden restværdi,1,671,6,30155C97D461A6C00071FDA5,"PLC, Product detaljeret, Aarhus, Aug. 2023.xlsx",0.2721907600596125,T-shirt
09385 T-Shirt Hvid B/P M Arla Tryk,Alm.slid uden restværdi,1,658,30,30155C97D461A6C0002F8829,"PLC, Product detaljeret, Aarhus, Aug. 2023.xlsx",1.3878419452887538,T-shirt
09385 T-Shirt Hvid B/P M Arla Tryk,Alm.slid uden restværdi,1,658,27,30155C97D461A6C0003A4118,"PLC, Product detaljeret, Aarhus, Aug. 2023.xlsx",1.2490577507598783,T-shirt
09385 T-Shirt Hvid B/P M Arla Tryk,Alm.slid uden restværdi,1,653,22,30155C97D461A6C0002F8339,"PLC, Product detaljeret, Aarhus, Aug. 2023.xlsx",1.0255436447166923,T-shirt
01083 T-Shirt unisex hvid k/æ P/B,Alm.slid uden restværdi,1,650,28,30155C97D461A6C0008BF7E4,"PLC, Product detaljeret, Aarhus, Aug. 2023.xlsx",1.3112615384615385,T-shirt
01083 T-Shirt unisex hvid k/æ P/B,Alm.slid uden restværdi,1,648,33,30155C97D461A6C0012F3D53,"PLC, Product detaljeret, Aarhus, Aug. 2023.xlsx",1.550185185185185,T-shirt
10981 T-shirt prowear dame hvid pb,Alm.slid uden restværdi,1,638,21,30155C97D461A6C00020F69E,"PLC, Product detaljeret, Aarhus, Aug. 2023.xlsx",1.0019435736677116,T-shirt
10981 T-shirt prowear dame hvid pb,Alm.slid uden restværdi,1,638,14,30155C97D461A6C0015B32C1,"PLC, Product detaljeret, Aarhus, Aug. 2023.xlsx",0.6679623824451411,T-shirt
10981 T-shirt prowear dame hvid pb,Alm.slid uden restværdi,1,630,22,30155C97D461A6C0015B95EB,"PLC, Product detaljeret, Aarhus, Aug. 2023.xlsx",1.0629841269841271,T-shirt
10981 T-shirt prowear dame hvid pb,Alm.slid uden restværdi,1,623,10,30155C97D461A6C0008BF283,"PLC, Product detaljeret, Aarhus, Aug. 2023.xlsx",0.4886035313001605,T-shirt
09385 T-Shirt Hvid B/P M Arla Tryk,Alm.slid uden restværdi,1,620,21,30155C97D461A6C0002F8851,"PLC, Product detaljeret, Aarhus, Aug. 2023.xlsx",1.0310322580645164,T-shirt
10981 T-shirt prowear dame hvid pb,Alm.slid uden restværdi,1,620,16,30155C97D461A6C0015B336E,"PLC, Product detaljeret, Aarhus, Aug. 2023.xlsx",0.7855483870967742,T-shirt
01083 T-Shirt unisex hvid k/æ P/B,Alm.slid uden restværdi,1,618,24,30155C97D461A6C0012B719B,"PLC, Product detaljeret, Aarhus, Aug. 2023.xlsx",1.1821359223300971,T-shirt
01083 T-Shirt unisex hvid k/æ P/B,Alm.slid uden restværdi,1,618,19,30155C97D461A6C0012B71B8,"PLC, Product detaljeret, Aarhus, Aug. 2023.xlsx",0.9358576051779935,T-shirt
01083 T-Shirt unisex hvid k/æ P/B,Alm.slid uden restværdi,1,612,44,30155C97D461A6C0012EC677,"PLC, Product detaljeret, Aarhus, Aug. 2023.xlsx",2.188496732026144,T-shirt
01083 T-Shirt unisex hvid k/æ P/B,Alm.slid uden restværdi,1,610,36,30155C97D461A6C001059BE9,"PLC, Product detaljeret, Aarhus, Aug. 2023.xlsx",1.7964590163934429,T-shirt
26666 T-shirt dame 1/2 ærme hvid,Alm.slid uden restværdi,1,602,7,30155C97D461A6C000306979,"PLC, Product detaljeret, Aarhus, Aug. 2023.xlsx",0.353953488372093,T-shirt
12396 T-shirt 1/2 æ lady hvid PB,Alm.slid uden restværdi,1,594,9,00D00904619B,"PLC, Product detaljeret, Aarhus, Aug. 2023.xlsx",0.46121212121212124,T-shirt
09385 T-Shirt Hvid B/P M Arla Tryk,Alm.slid uden restværdi,1,588,26,30155C97D461A6C0002F8759,"PLC, Product detaljeret, Aarhus, Aug. 2023.xlsx",1.3459863945578232,T-shirt
10981 T-shirt prowear dame hvid pb,Alm.slid uden restværdi,1,588,34,30155C97D461A6C00105D56F,"PLC, Product detaljeret, Aarhus, Aug. 2023.xlsx",1.7601360544217688,T-shirt
09385 T-Shirt Hvid B/P M Arla Tryk,Alm.slid uden restværdi,1,587,16,30155C97D461A6C000BA50AD,"PLC, Product detaljeret, Aarhus, Aug. 2023.xlsx",0.829710391822828,T-shirt
09385 T-Shirt Hvid B/P M Arla Tryk,Alm.slid uden restværdi,1,582,22,30155C97D461A6C000B0BC5E,"PLC, Product detaljeret, Aarhus, Aug. 2023.xlsx",1.1506529209621992,T-shirt
01083 T-Shirt unisex hvid k/æ P/B,Alm.slid uden restværdi,1,578,19,30155C97D461A6C0012DDE30,"PLC, Product detaljeret, Aarhus, Aug. 2023.xlsx",1.0006228373702422,T-shirt
10981 T-shirt prowear dame hvid pb,Alm.slid uden restværdi,1,570,16,30155C97D461A6C00064484D,"PLC, Product detaljeret, Aarhus, Aug. 2023.xlsx",0.8544561403508772,T-shirt
10981 T-shirt prowear dame hvid pb,Alm.slid uden restværdi,1,570,10,30155C97D461A6C0006448CB,"PLC, Product detaljeret, Aarhus, Aug. 2023.xlsx",0.5340350877192982,T-shirt
01083 T-Shirt unisex hvid k/æ P/B,Alm.slid uden restværdi,1,551,17,30155C97D461A6C000E2F464,"PLC, Product detaljeret, Aarhus, Aug. 2023.xlsx",0.9391651542649728,T-shirt
10981 T-shirt prowear dame hvid pb,Alm.slid uden restværdi,1,535,37,30155C97D461A6C0015B343E,"PLC, Product detaljeret, Aarhus, Aug. 2023.xlsx",2.105196261682243,T-shirt
01083 T-Shirt unisex hvid k/æ P/B,Alm.slid uden restværdi,1,532,6,30155C97D461A6C000D87CB9,"PLC, Product detaljeret, Aarhus, Aug. 2023.xlsx",0.34330827067669173,T-shirt
01083 T-Shirt unisex hvid k/æ P/B,Alm.slid uden restværdi,1,532,6,30155C97D461A6C000D87CE2,"PLC, Product detaljeret, Aarhus, Aug. 2023.xlsx",0.34330827067669173,T-shirt
01083 T-Shirt unisex hvid k/æ P/B,Alm.slid uden restværdi,1,532,7,30155C97D461A6C00130054C,"PLC, Product detaljeret, Aarhus, Aug. 2023.xlsx",0.4005263157894737,T-shirt
10981 T-shirt prowear dame hvid pb,Alm.slid uden restværdi,1,518,18,30155C97D461A6C0006470E8,"PLC, Product detaljeret, Aarhus, Aug. 2023.xlsx",1.0577606177606178,T-shirt
09385 T-Shirt Hvid B/P M Arla Tryk,Alm.slid uden restværdi,1,503,21,30155C97D461A6C0008D1E68,"PLC, Product detaljeret, Aarhus, Aug. 2023.xlsx",1.270854870775348,T-shirt
01083 T-Shirt unisex hvid k/æ P/B,Alm.slid uden restværdi,1,499,8,30155C97D461A6C0015B4536,"PLC, Product detaljeret, Aarhus, Aug. 2023.xlsx",0.48801603206412825,T-shirt
10981 T-shirt prowear dame hvid pb,Alm.slid uden restværdi,1,497,21,30155C97D461A6C0008D1DE0,"PLC, Product detaljeret, Aarhus, Aug. 2023.xlsx",1.2861971830985917,T-shirt
10981 T-shirt prowear dame hvid pb,Alm.slid uden restværdi,1,463,21,30155C97D461A6C0015B9635,"PLC, Product detaljeret, Aarhus, Aug. 2023.xlsx",1.380647948164147,T-shirt
01083 T-Shirt unisex hvid k/æ P/B,Alm.slid uden restværdi,1,461,13,30155C97D461A6C0015B639E,"PLC, Product detaljeret, Aarhus, Aug. 2023.xlsx",0.8583947939262473,T-shirt
10981 T-shirt prowear dame hvid pb,Alm.slid uden restværdi,1,442,13,30155C97D461A4C0009218A1,"PLC, Product detaljeret, Aarhus, Aug. 2023.xlsx",0.8952941176470588,T-shirt
01083 T-Shirt unisex hvid k/æ P/B,Alm.slid uden restværdi,1,440,24,30155C97D461A4C00092D8B5,"PLC, Product detaljeret, Aarhus, Aug. 2023.xlsx",1.6603636363636363,T-shirt
01083 T-Shirt unisex hvid k/æ P/B,Alm.slid uden restværdi,1,424,33,30155C97D461A4C0009224F6,"PLC, Product detaljeret, Aarhus, Aug. 2023.xlsx",2.3691509433962263,T-shirt
01083 T-Shirt unisex hvid k/æ P/B,Alm.slid uden restværdi,1,424,35,30155C97D461A4C000922500,"PLC, Product detaljeret, Aarhus, Aug. 2023.xlsx",2.512735849056604,T-shirt
01083 T-Shirt unisex hvid k/æ P/B,Alm.slid uden restværdi,1,422,20,30155C97D461A6C001301461,"PLC, Product detaljeret, Aarhus, Aug. 2023.xlsx",1.442654028436019,T-shirt
01083 T-Shirt unisex hvid k/æ P/B,Alm.slid uden restværdi,1,415,22,30155C97D461A4C00064D588,"PLC, Product detaljeret, Aarhus, Aug. 2023.xlsx",1.613686746987952,T-shirt
09385 T-Shirt Hvid B/P M Arla Tryk,Alm.slid uden restværdi,1,400,44,30155C97D461A6C001931AE7,"PLC, Product detaljeret, Aarhus, Aug. 2023.xlsx",3.3484000000000003,T-shirt
01083 T-Shirt unisex hvid k/æ P/B,Alm.slid uden restværdi,1,399,14,30155C97D461A6C000EAB82D,"PLC, Product detaljeret, Aarhus, Aug. 2023.xlsx",1.0680701754385964,T-shirt
01083 T-Shirt unisex hvid k/æ P/B,Alm.slid uden restværdi,1,399,16,30155C97D461A6C000EAB89F,"PLC, Product detaljeret, Aarhus, Aug. 2023.xlsx",1.2206516290726817,T-shirt
01083 T-Shirt unisex hvid k/æ P/B,Alm.slid uden restværdi,1,399,32,30155C97D461A6C000EABEB3,"PLC, Product detaljeret, Aarhus, Aug. 2023.xlsx",2.4413032581453633,T-shirt
01083 T-Shirt unisex hvid k/æ P/B,Alm.slid uden restværdi,1,399,24,30155C97D461A6C000EABEE4,"PLC, Product detaljeret, Aarhus, Aug. 2023.xlsx",1.8309774436090225,T-shirt
01083 T-Shirt unisex hvid k/æ P/B,Alm.slid uden restværdi,1,394,13,30155C97D461A6C000EAB7DB,"PLC, Product detaljeret, Aarhus, Aug. 2023.xlsx",1.0043654822335026,T-shirt
01083 T-Shirt unisex hvid k/æ P/B,Alm.slid uden restværdi,1,394,16,30155C97D461A6C000EAB7EE,"PLC, Product detaljeret, Aarhus, Aug. 2023.xlsx",1.2361421319796955,T-shirt
01083 T-Shirt unisex hvid k/æ P/B,Alm.slid uden restværdi,1,394,14,30155C97D461A6C000EAB7FB,"PLC, Product detaljeret, Aarhus, Aug. 2023.xlsx",1.0816243654822337,T-shirt
01083 T-Shirt unisex hvid k/æ P/B,Alm.slid uden restværdi,1,394,7,30155C97D461A6C000EAB830,"PLC, Product detaljeret, Aarhus, Aug. 2023.xlsx",0.5408121827411169,T-shirt
01083 T-Shirt unisex hvid k/æ P/B,Alm.slid uden restværdi,1,394,12,30155C97D461A6C000EAB848,"PLC, Product detaljeret, Aarhus, Aug. 2023.xlsx",0.9271065989847717,T-shirt
01083 T-Shirt unisex hvid k/æ P/B,Alm.slid uden restværdi,1,393,6,30155C97D461A6C000EAB832,"PLC, Product detaljeret, Aarhus, Aug. 2023.xlsx",0.46473282442748093,T-shirt
01083 T-Shirt unisex hvid k/æ P/B,Alm.slid uden restværdi,1,393,12,30155C97D461A6C000EAB8A5,"PLC, Product detaljeret, Aarhus, Aug. 2023.xlsx",0.9294656488549619,T-shirt
01083 T-Shirt unisex hvid k/æ P/B,Alm.slid uden restværdi,1,393,8,30155C97D461A6C000EABDF3,"PLC, Product detaljeret, Aarhus, Aug. 2023.xlsx",0.6196437659033079,T-shirt
01083 T-Shirt unisex hvid k/æ P/B,Alm.slid uden restværdi,1,391,10,30155C97D461A4C000924E16,"PLC, Product detaljeret, Aarhus, Aug. 2023.xlsx",0.7785166240409207,T-shirt
09385 T-Shirt Hvid B/P M Arla Tryk,Alm.slid uden restværdi,1,365,4,30155C97D461A6C0008D1E77,"PLC, Product detaljeret, Aarhus, Aug. 2023.xlsx",0.33358904109589044,T-shirt
10981 T-shirt prowear dame hvid pb,Alm.slid uden restværdi,1,355,9,30155C97D461A6C000647D44,"PLC, Product detaljeret, Aarhus, Aug. 2023.xlsx",0.771718309859155,T-shirt
01083 T-Shirt unisex hvid k/æ P/B,Alm.slid uden restværdi,1,335,3,30155C97D461A6C0016018A1,"PLC, Product detaljeret, Aarhus, Aug. 2023.xlsx",0.27259701492537314,T-shirt
01083 T-Shirt unisex hvid k/æ P/B,Alm.slid uden restværdi,1,335,14,30155C97D461A6C0016018A2,"PLC, Product detaljeret, Aarhus, Aug. 2023.xlsx",1.2721194029850746,T-shirt
01083 T-Shirt unisex hvid k/æ P/B,Alm.slid uden restværdi,1,335,6,30155C97D461A6C001601914,"PLC, Product detaljeret, Aarhus, Aug. 2023.xlsx",0.5451940298507463,T-shirt
01083 T-Shirt unisex hvid k/æ P/B,Alm.slid uden restværdi,1,335,14,30155C97D461A6C00160191C,"PLC, Product detaljeret, Aarhus, Aug. 2023.xlsx",1.2721194029850746,T-shirt
01083 T-Shirt unisex hvid k/æ P/B,Alm.slid uden restværdi,1,335,14,30155C97D461A6C0016019A1,"PLC, Product detaljeret, Aarhus, Aug. 2023.xlsx",1.2721194029850746,T-shirt
01083 T-Shirt unisex hvid k/æ P/B,Alm.slid uden restværdi,1,335,3,30155C97D461A6C0016019A3,"PLC, Product detaljeret, Aarhus, Aug. 2023.xlsx",0.27259701492537314,T-shirt
01083 T-Shirt unisex hvid k/æ P/B,Alm.slid uden restværdi,1,325,7,30155C97D461A6C0010F25E3,"PLC, Product detaljeret, Aarhus, Aug. 2023.xlsx",0.6556307692307692,T-shirt
01083 T-Shirt unisex hvid k/æ P/B,Alm.slid uden restværdi,1,325,23,30155C97D461A6C0010F26D5,"PLC, Product detaljeret, Aarhus, Aug. 2023.xlsx",2.1542153846153846,T-shirt
01083 T-Shirt unisex hvid k/æ P/B,Alm.slid uden restværdi,1,325,26,30155C97D461A6C0010F2705,"PLC, Product detaljeret, Aarhus, Aug. 2023.xlsx",2.4352,T-shirt
01083 T-Shirt unisex hvid k/æ P/B,Alm.slid uden restværdi,1,325,22,30155C97D461A6C0010F2739,"PLC, Product detaljeret, Aarhus, Aug. 2023.xlsx",2.060553846153846,T-shirt
01083 T-Shirt unisex hvid k/æ P/B,Alm.slid uden restværdi,1,317,29,30155C97D461A6C0010F272F,"PLC, Product detaljeret, Aarhus, Aug. 2023.xlsx",2.7847318611987384,T-shirt
01083 T-Shirt unisex hvid k/æ P/B,Alm.slid uden restværdi,1,315,28,30155C97D461A6C0010F1A19,"PLC, Product detaljeret, Aarhus, Aug. 2023.xlsx",2.705777777777778,T-shirt
10981 T-shirt prowear dame hvid pb,Alm.slid uden restværdi,1,315,8,30155C97D461A6C001D0F738,"PLC, Product detaljeret, Aarhus, Aug. 2023.xlsx",0.7730793650793651,T-shirt
01083 T-Shirt unisex hvid k/æ P/B,Alm.slid uden restværdi,1,304,6,30155C97D461A6C00063947A,"PLC, Product detaljeret, Aarhus, Aug. 2023.xlsx",0.6007894736842105,T-shirt
10981 T-shirt prowear dame hvid pb,Alm.slid uden restværdi,1,303,13,30155C97D461A6C001D0F7AA,"PLC, Product detaljeret, Aarhus, Aug. 2023.xlsx",1.3060066006600661,T-shirt
01083 T-Shirt unisex hvid k/æ P/B,Alm.slid uden restværdi,1,300,14,30155C97D461A6C0010F489F,"PLC, Product detaljeret, Aarhus, Aug. 2023.xlsx",1.4205333333333334,T-shirt
01083 T-Shirt unisex hvid k/æ P/B,Alm.slid uden restværdi,1,300,3,30155C97D461A6C0010F48B6,"PLC, Product detaljeret, Aarhus, Aug. 2023.xlsx",0.3044,T-shirt
01083 T-Shirt unisex hvid k/æ P/B,Alm.slid uden restværdi,1,300,7,30155C97D461A6C0010F48CA,"PLC, Product detaljeret, Aarhus, Aug. 2023.xlsx",0.7102666666666667,T-shirt
01083 T-Shirt unisex hvid k/æ P/B,Alm.slid uden restværdi,1,300,2,30155C97D461A6C0010F48CB,"PLC, Product detaljeret, Aarhus, Aug. 2023.xlsx",0.20293333333333335,T-shirt
01083 T-Shirt unisex hvid k/æ P/B,Alm.slid uden restværdi,1,300,30,30155C97D461A6C0010F48CD,"PLC, Product detaljeret, Aarhus, Aug. 2023.xlsx",3.0440000000000005,T-shirt
01083 T-Shirt unisex hvid k/æ P/B,Alm.slid uden restværdi,1,300,21,30155C97D461A6C0010F48E2,"PLC, Product detaljeret, Aarhus, Aug. 2023.xlsx",2.1308000000000002,T-shirt
01083 T-Shirt unisex hvid k/æ P/B,Alm.slid uden restværdi,1,300,25,30155C97D461A6C0010F48E6,"PLC, Product detaljeret, Aarhus, Aug. 2023.xlsx",2.5366666666666666,T-shirt
01083 T-Shirt unisex hvid k/æ P/B,Alm.slid uden restværdi,1,300,2,30155C97D461A6C0010F49B0,"PLC, Product detaljeret, Aarhus, Aug. 2023.xlsx",0.20293333333333335,T-shirt
01083 T-Shirt unisex hvid k/æ P/B,Alm.slid uden restværdi,1,300,18,30155C97D461A6C001B326CD,"PLC, Product detaljeret, Aarhus, Aug. 2023.xlsx",1.8264,T-shirt
01083 T-Shirt unisex hvid k/æ P/B,Alm.slid uden restværdi,1,300,4,30155C97D461A6C001B326D0,"PLC, Product detaljeret, Aarhus, Aug. 2023.xlsx",0.4058666666666667,T-shirt
01083 T-Shirt unisex hvid k/æ P/B,Alm.slid uden restværdi,1,300,27,30155C97D461A6C001B326E9,"PLC, Product detaljeret, Aarhus, Aug. 2023.xlsx",2.7396,T-shirt
01083 T-Shirt unisex hvid k/æ P/B,Alm.slid uden restværdi,1,300,21,30155C97D461A6C001B3270E,"PLC, Product detaljeret, Aarhus, Aug. 2023.xlsx",2.1308000000000002,T-shirt
01083 T-Shirt unisex hvid k/æ P/B,Alm.slid uden restværdi,1,300,1,30155C97D461A6C001B327C0,"PLC, Product detaljeret, Aarhus, Aug. 2023.xlsx",0.10146666666666668,T-shirt
01083 T-Shirt unisex hvid k/æ P/B,Alm.slid uden restværdi,1,300,5,30155C97D461A6C001B327C9,"PLC, Product detaljeret, Aarhus, Aug. 2023.xlsx",0.5073333333333333,T-shirt
01083 T-Shirt unisex hvid k/æ P/B,Alm.slid uden restværdi,1,300,3,30155C97D461A6C001B3280F,"PLC, Product detaljeret, Aarhus, Aug. 2023.xlsx",0.3044,T-shirt
01083 T-Shirt unisex hvid k/æ P/B,Alm.slid uden restværdi,1,300,25,30155C97D461A6C001B32881,"PLC, Product detaljeret, Aarhus, Aug. 2023.xlsx",2.5366666666666666,T-shirt
01083 T-Shirt unisex hvid k/æ P/B,Alm.slid uden restværdi,1,300,13,30155C97D461A6C001B3288F,"PLC, Product detaljeret, Aarhus, Aug. 2023.xlsx",1.3190666666666668,T-shirt
01083 T-Shirt unisex hvid k/æ P/B,Alm.slid uden restværdi,1,293,17,30155C97D461A6C001A5D21C,"PLC, Product detaljeret, Aarhus, Aug. 2023.xlsx",1.7661433447098978,T-shirt
10981 T-shirt prowear dame hvid pb,Alm.slid uden restværdi,1,274,3,30155C97D461A6C001A5F372,"PLC, Product detaljeret, Aarhus, Aug. 2023.xlsx",0.33328467153284674,T-shirt
10981 T-shirt prowear dame hvid pb,Alm.slid uden restværdi,1,274,5,30155C97D461A6C001A5F497,"PLC, Product detaljeret, Aarhus, Aug. 2023.xlsx",0.5554744525547445,T-shirt
10981 T-shirt prowear dame hvid pb,Alm.slid uden restværdi,1,266,11,30155C97D461A6C0010E925D,"PLC, Product detaljeret, Aarhus, Aug. 2023.xlsx",1.258796992481203,T-shirt
01083 T-Shirt unisex hvid k/æ P/B,Alm.slid uden restværdi,1,262,14,30155C97D461A6C0018F96E2,"PLC, Product detaljeret, Aarhus, Aug. 2023.xlsx",1.6265648854961832,T-shirt
01083 T-Shirt unisex hvid k/æ P/B,Alm.slid uden restværdi,1,257,14,30155C97D461A6C001A66CCD,"PLC, Product detaljeret, Aarhus, Aug. 2023.xlsx",1.6582101167315175,T-shirt
01083 T-Shirt unisex hvid k/æ P/B,Alm.slid uden restværdi,1,257,12,30155C97D461A6C001A66CEC,"PLC, Product detaljeret, Aarhus, Aug. 2023.xlsx",1.4213229571984436,T-shirt
01083 T-Shirt unisex hvid k/æ P/B,Alm.slid uden restværdi,1,244,16,30155C97D461A6C001A6CC0E,"PLC, Product detaljeret, Aarhus, Aug. 2023.xlsx",1.996065573770492,T-shirt
01083 T-Shirt unisex hvid k/æ P/B,Alm.slid uden restværdi,1,238,1,30155C97D461A6C001A6CBB4,"PLC, Product detaljeret, Aarhus, Aug. 2023.xlsx",0.12789915966386556,T-shirt
01083 T-Shirt unisex hvid k/æ P/B,Alm.slid uden restværdi,1,238,1,30155C97D461A6C001A6CBE0,"PLC, Product detaljeret, Aarhus, Aug. 2023.xlsx",0.12789915966386556,T-shirt
01083 T-Shirt unisex hvid k/æ P/B,Alm.slid uden restværdi,1,238,2,30155C97D461A6C001A6CC1B,"PLC, Product detaljeret, Aarhus, Aug. 2023.xlsx",0.2557983193277311,T-shirt
01083 T-Shirt unisex hvid k/æ P/B,Alm.slid uden restværdi,1,238,1,30155C97D461A6C001A6CC44,"PLC, Product detaljeret, Aarhus, Aug. 2023.xlsx",0.12789915966386556,T-shirt
01083 T-Shirt unisex hvid k/æ P/B,Alm.slid uden restværdi,1,236,1,30155C97D461A6C001A6CCDE,"PLC, Product detaljeret, Aarhus, Aug. 2023.xlsx",0.12898305084745762,T-shirt
01083 T-Shirt unisex hvid k/æ P/B,Alm.slid uden restværdi,1,236,2,30155C97D461A6C001A6CD4B,"PLC, Product detaljeret, Aarhus, Aug. 2023.xlsx",0.25796610169491524,T-shirt
01083 T-Shirt unisex hvid k/æ P/B,Alm.slid uden restværdi,1,230,1,30155C97D461A6C001A6E329,"PLC, Product detaljeret, Aarhus, Aug. 2023.xlsx",0.13234782608695653,T-shirt
01083 T-Shirt unisex hvid k/æ P/B,Alm.slid uden restværdi,1,204,8,30155C97D461A6C001A6214F,"PLC, Product detaljeret, Aarhus, Aug. 2023.xlsx",1.1937254901960785,T-shirt
01083 T-Shirt unisex hvid k/æ P/B,Alm.slid uden restværdi,1,204,1,30155C97D461A6C001A6BC05,"PLC, Product detaljeret, Aarhus, Aug. 2023.xlsx",0.14921568627450982,T-shirt
01083 T-Shirt unisex hvid k/æ P/B,Alm.slid uden restværdi,1,203,7,30155C97D461A6C001A62079,"PLC, Product detaljeret, Aarhus, Aug. 2023.xlsx",1.049655172413793,T-shirt
01083 T-Shirt unisex hvid k/æ P/B,Alm.slid uden restværdi,1,199,6,00D00BAAD403,"PLC, Product detaljeret, Aarhus, Aug. 2023.xlsx",0.917788944723618,T-shirt
10981 T-shirt prowear dame hvid pb,Alm.slid uden restværdi,1,190,9,30155C97D461A4C000D52E67,"PLC, Product detaljeret, Aarhus, Aug. 2023.xlsx",1.4418947368421053,T-shirt
10981 T-shirt prowear dame hvid pb,Alm.slid uden restværdi,1,190,6,30155C97D461A4C000D52F31,"PLC, Product detaljeret, Aarhus, Aug. 2023.xlsx",0.9612631578947369,T-shirt
01083 T-Shirt unisex hvid k/æ P/B,Alm.slid uden restværdi,1,185,12,30155C97D461A4C000F4536E,"PLC, Product detaljeret, Aarhus, Aug. 2023.xlsx",1.9744864864864866,T-shirt
01083 T-Shirt unisex hvid k/æ P/B,Alm.slid uden restværdi,1,185,12,30155C97D461A4C000F453C7,"PLC, Product detaljeret, Aarhus, Aug. 2023.xlsx",1.9744864864864866,T-shirt
01083 T-Shirt unisex hvid k/æ P/B,Alm.slid uden restværdi,1,185,10,30155C97D461A4C000F45405,"PLC, Product detaljeret, Aarhus, Aug. 2023.xlsx",1.6454054054054055,T-shirt
01083 T-Shirt unisex hvid k/æ P/B,Alm.slid uden restværdi,1,185,12,30155C97D461A4C000F4540F,"PLC, Product detaljeret, Aarhus, Aug. 2023.xlsx",1.9744864864864866,T-shirt
01083 T-Shirt unisex hvid k/æ P/B,Alm.slid uden restværdi,1,185,11,30155C97D461A4C000F45410,"PLC, Product detaljeret, Aarhus, Aug. 2023.xlsx",1.8099459459459462,T-shirt
01083 T-Shirt unisex hvid k/æ P/B,Alm.slid uden restværdi,1,185,9,30155C97D461A4C000F454B0,"PLC, Product detaljeret, Aarhus, Aug. 2023.xlsx",1.480864864864865,T-shirt
10981 T-shirt prowear dame hvid pb,Alm.slid uden restværdi,1,175,8,30155C97D461A4C000F4AFC3,"PLC, Product detaljeret, Aarhus, Aug. 2023.xlsx",1.3915428571428572,T-shirt
01083 T-Shirt unisex hvid k/æ P/B,Alm.slid uden restværdi,1,168,5,30155C97D461A4C0010BE682,"PLC, Product detaljeret, Aarhus, Aug. 2023.xlsx",0.905952380952381,T-shirt
09385 T-Shirt Hvid B/P M Arla Tryk,Alm.slid uden restværdi,1,168,7,30155C97D461A6C0012DD4B3,"PLC, Product detaljeret, Aarhus, Aug. 2023.xlsx",1.2683333333333333,T-shirt
01083 T-Shirt unisex hvid k/æ P/B,Alm.slid uden restværdi,1,162,9,30155C97D461A4C000F4543B,"PLC, Product detaljeret, Aarhus, Aug. 2023.xlsx",1.691111111111111,T-shirt
10981 T-shirt prowear dame hvid pb,Alm.slid uden restværdi,1,132,3,30155C97D461A4C0010C54FF,"PLC, Product detaljeret, Aarhus, Aug. 2023.xlsx",0.6918181818181819,T-shirt
10981 T-shirt prowear dame hvid pb,Alm.slid uden restværdi,1,132,1,30155C97D461A4C0010C5502,"PLC, Product detaljeret, Aarhus, Aug. 2023.xlsx",0.23060606060606062,T-shirt
10981 T-shirt prowear dame hvid pb,Alm.slid uden restværdi,1,132,5,30155C97D461A4C0010C55E3,"PLC, Product detaljeret, Aarhus, Aug. 2023.xlsx",1.153030303030303,T-shirt
10981 T-shirt prowear dame hvid pb,Alm.slid uden restværdi,1,132,1,30155C97D461A4C0010C6207,"PLC, Product detaljeret, Aarhus, Aug. 2023.xlsx",0.23060606060606062,T-shirt
01083 T-Shirt unisex hvid k/æ P/B,Alm.slid uden restværdi,1,121,5,30155C97D461A4C000C06977,"PLC, Product detaljeret, Aarhus, Aug. 2023.xlsx",1.2578512396694215,T-shirt
01083 T-Shirt unisex hvid k/æ P/B,Alm.slid uden restværdi,1,121,5,30155C97D461A4C000C06A34,"PLC, Product detaljeret, Aarhus, Aug. 2023.xlsx",1.2578512396694215,T-shirt
01083 T-Shirt unisex hvid k/æ P/B,Alm.slid uden restværdi,1,121,5,30155C97D461A4C000C06A83,"PLC, Product detaljeret, Aarhus, Aug. 2023.xlsx",1.2578512396694215,T-shirt
01083 T-Shirt unisex hvid k/æ P/B,Alm.slid uden restværdi,1,109,2,30155C97D461A4C0010C2D7E,"PLC, Product detaljeret, Aarhus, Aug. 2023.xlsx",0.5585321100917432,T-shirt
01083 T-Shirt unisex hvid k/æ P/B,Alm.slid uden restværdi,1,92,6,30155C97D461A4C000F4A0FF,"PLC, Product detaljeret, Aarhus, Aug. 2023.xlsx",1.9852173913043478,T-shirt
01083 T-Shirt unisex hvid k/æ P/B,Alm.slid uden restværdi,1,91,5,30155C97D461A4C000C27210,"PLC, Product detaljeret, Aarhus, Aug. 2023.xlsx",1.6725274725274726,T-shirt
01083 T-Shirt unisex hvid k/æ P/B,Alm.slid uden restværdi,1,85,2,30155C97D461A4C000D95F5E,"PLC, Product detaljeret, Aarhus, Aug. 2023.xlsx",0.7162352941176471,T-shirt
01083 T-Shirt unisex hvid k/æ P/B,Alm.slid uden restværdi,1,71,5,30155C97D461A4C000C282D9,"PLC, Product detaljeret, Aarhus, Aug. 2023.xlsx",2.143661971830986,T-shirt
01083 T-Shirt unisex hvid k/æ P/B,Alm.slid uden restværdi,1,55,3,30155C97D461A4C000C07E61,"PLC, Product detaljeret, Aarhus, Aug. 2023.xlsx",1.6603636363636363,T-shirt
01083 T-Shirt unisex hvid k/æ P/B,Alm.slid uden restværdi,1,55,2,30155C97D461A4C000C07EBA,"PLC, Product detaljeret, Aarhus, Aug. 2023.xlsx",1.1069090909090908,T-shirt
01083 T-Shirt unisex hvid k/æ P/B,Alm.slid uden restværdi,1,55,2,30155C97D461A4C000C07EFE,"PLC, Product detaljeret, Aarhus, Aug. 2023.xlsx",1.1069090909090908,T-shirt
01083 T-Shirt unisex hvid k/æ P/B,Alm.slid uden restværdi,1,55,3,30155C97D461A4C000C07F07,"PLC, Product detaljeret, Aarhus, Aug. 2023.xlsx",1.6603636363636363,T-shirt
01083 T-Shirt unisex hvid k/æ P/B,Alm.slid uden restværdi,1,55,3,30155C97D461A4C000C07F37,"PLC, Product detaljeret, Aarhus, Aug. 2023.xlsx",1.6603636363636363,T-shirt
01083 T-Shirt unisex hvid k/æ P/B,Alm.slid uden restværdi,1,55,2,30155C97D461A4C000C07F3A,"PLC, Product detaljeret, Aarhus, Aug. 2023.xlsx",1.1069090909090908,T-shirt
01083 T-Shirt unisex hvid k/æ P/B,Alm.slid uden restværdi,1,55,2,30155C97D461A4C000C07F53,"PLC, Product detaljeret, Aarhus, Aug. 2023.xlsx",1.1069090909090908,T-shirt
01083 T-Shirt unisex hvid k/æ P/B,Alm.slid uden restværdi,1,55,2,30155C97D461A4C000C07F88,"PLC, Product detaljeret, Aarhus, Aug. 2023.xlsx",1.1069090909090908,T-shirt
01083 T-Shirt unisex hvid k/æ P/B,Alm.slid uden restværdi,1,36,1,30155C97D461A4C000C091E2,"PLC, Product detaljeret, Aarhus, Aug. 2023.xlsx",0.8455555555555555,T-shirt
01083 T-Shirt unisex hvid k/æ P/B,Alm.slid uden restværdi,1,36,1,30155C97D461A4C000C091EB,"PLC, Product detaljeret, Aarhus, Aug. 2023.xlsx",0.8455555555555555,T-shirt
01083 T-Shirt unisex hvid k/æ P/B,Alm.slid uden restværdi,1,36,1,30155C97D461A4C000C09215,"PLC, Product detaljeret, Aarhus, Aug. 2023.xlsx",0.8455555555555555,T-shirt
01083 T-Shirt unisex hvid k/æ P/B,Alm.slid uden restværdi,1,36,1,30155C97D461A4C000C09219,"PLC, Product detaljeret, Aarhus, Aug. 2023.xlsx",0.8455555555555555,T-shirt
01083 T-Shirt unisex hvid k/æ P/B,Alm.slid uden restværdi,1,36,1,30155C97D461A4C000C0922B,"PLC, Product detaljeret, Aarhus, Aug. 2023.xlsx",0.8455555555555555,T-shirt
01083 T-Shirt unisex hvid k/æ P/B,Alm.slid uden restværdi,1,36,1,30155C97D461A4C000C0923A,"PLC, Product detaljeret, Aarhus, Aug. 2023.xlsx",0.8455555555555555,T-shirt
01083 T-Shirt unisex hvid k/æ P/B,Alm.slid uden restværdi,1,36,1,30155C97D461A4C000C09246,"PLC, Product detaljeret, Aarhus, Aug. 2023.xlsx",0.8455555555555555,T-shirt
01083 T-Shirt unisex hvid k/æ P/B,Alm.slid uden restværdi,1,2,0,30155C97D461A4C001646459,"PLC, Product detaljeret, Aarhus, Aug. 2023.xlsx",0.0,T-shirt
01083 T-Shirt unisex hvid k/æ P/B,Alm.slid uden restværdi,1,2919,93,00D0095BB1D0,"PLC, Product detaljeret, Aarhus, Dec. 2023.xlsx",0.9698252826310381,T-shirt
01083 T-Shirt unisex hvid k/æ P/B,Alm.slid uden restværdi,1,2829,65,00D0097005B8,"PLC, Product detaljeret, Aarhus, Dec. 2023.xlsx",0.6993990809473313,T-shirt
01083 T-Shirt unisex hvid k/æ P/B,Alm.slid uden restværdi,1,2806,91,00D00972DB37,"PLC, Product detaljeret, Aarhus, Dec. 2023.xlsx",0.987184604419102,T-shirt
01083 T-Shirt unisex hvid k/æ P/B,Alm.slid uden restværdi,1,2783,103,00D0096EAC3F,"PLC, Product detaljeret, Aarhus, Dec. 2023.xlsx",1.126597197269134,T-shirt
01083 T-Shirt unisex hvid k/æ P/B,Alm.slid uden restværdi,1,2779,105,00D0096FAA35,"PLC, Product detaljeret, Aarhus, Dec. 2023.xlsx",1.150125944584383,T-shirt
01083 T-Shirt unisex hvid k/æ P/B,Alm.slid uden restværdi,1,2773,106,00D0095AFF95,"PLC, Product detaljeret, Aarhus, Dec. 2023.xlsx",1.1635917778579157,T-shirt
01083 T-Shirt unisex hvid k/æ P/B,Alm.slid uden restværdi,1,2771,80,00D0095B985A,"PLC, Product detaljeret, Aarhus, Dec. 2023.xlsx",0.878816311800794,T-shirt
01083 T-Shirt unisex hvid k/æ P/B,Alm.slid uden restværdi,1,2715,94,00D0096FB3BE,"PLC, Product detaljeret, Aarhus, Dec. 2023.xlsx",1.0539079189686924,T-shirt
09385 T-Shirt Hvid B/P M Arla Tryk,Alm.slid uden restværdi,1,2650,120,00D009701E1C,"PLC, Product detaljeret, Aarhus, Dec. 2023.xlsx",1.3784150943396225,T-shirt
12396 T-shirt 1/2 æ lady hvid PB,Alm.slid uden restværdi,1,2588,49,00D00951A79A,"PLC, Product detaljeret, Aarhus, Dec. 2023.xlsx",0.5763369397217929,T-shirt
12396 T-shirt 1/2 æ lady hvid PB,Alm.slid uden restværdi,1,2585,7,00D009701DEB,"PLC, Product detaljeret, Aarhus, Dec. 2023.xlsx",0.08242940038684719,T-shirt
12396 T-shirt 1/2 æ lady hvid PB,Alm.slid uden restværdi,1,2585,8,00D00970207B,"PLC, Product detaljeret, Aarhus, Dec. 2023.xlsx",0.09420502901353965,T-shirt
01083 T-Shirt unisex hvid k/æ P/B,Alm.slid uden restværdi,1,2565,74,00D009877994,"PLC, Product detaljeret, Aarhus, Dec. 2023.xlsx",0.8781910331384015,T-shirt
01083 T-Shirt unisex hvid k/æ P/B,Alm.slid uden restværdi,1,2537,106,00D00978A163,"PLC, Product detaljeret, Aarhus, Dec. 2023.xlsx",1.2718328734726054,T-shirt
01083 T-Shirt unisex hvid k/æ P/B,Alm.slid uden restværdi,1,2520,110,30155C97D461A7C00061C1D1,"PLC, Product detaljeret, Aarhus, Dec. 2023.xlsx",1.3287301587301588,T-shirt
01083 T-Shirt unisex hvid k/æ P/B,Alm.slid uden restværdi,1,2500,90,30155C97D461A7C00092DE0A,"PLC, Product detaljeret, Aarhus, Dec. 2023.xlsx",1.09584,T-shirt
01083 T-Shirt unisex hvid k/æ P/B,Alm.slid uden restværdi,1,2436,137,30155C97D461A7C000B6170A,"PLC, Product detaljeret, Aarhus, Dec. 2023.xlsx",1.711937602627258,T-shirt
01083 T-Shirt unisex hvid k/æ P/B,Alm.slid uden restværdi,1,2374,112,30155C97D461A7C000BA4B67,"PLC, Product detaljeret, Aarhus, Dec. 2023.xlsx",1.4360909856781805,T-shirt
01083 T-Shirt unisex hvid k/æ P/B,Alm.slid uden restværdi,1,2360,94,30155C97D461A7C000BBA8E0,"PLC, Product detaljeret, Aarhus, Dec. 2023.xlsx",1.2124406779661017,T-shirt
01083 T-Shirt unisex hvid k/æ P/B,Alm.slid uden restværdi,1,2360,107,30155C97D461A7C000BBA8E8,"PLC, Product detaljeret, Aarhus, Dec. 2023.xlsx",1.3801186440677966,T-shirt
01083 T-Shirt unisex hvid k/æ P/B,Alm.slid uden restværdi,1,2360,47,30155C97D461A7C000BBAA48,"PLC, Product detaljeret, Aarhus, Dec. 2023.xlsx",0.6062203389830508,T-shirt
09385 T-Shirt Hvid B/P M Arla Tryk,Alm.slid uden restværdi,1,2334,107,30155C97D461A7C000B98A0E,"PLC, Product detaljeret, Aarhus, Dec. 2023.xlsx",1.3954927163667523,T-shirt
01083 T-Shirt unisex hvid k/æ P/B,Alm.slid uden restværdi,1,2322,108,30155C97D461A7C000BCCBB0,"PLC, Product detaljeret, Aarhus, Dec. 2023.xlsx",1.415813953488372,T-shirt
01083 T-Shirt unisex hvid k/æ P/B,Alm.slid uden restværdi,1,2286,101,30155C97D461A7C000D2C0AA,"PLC, Product detaljeret, Aarhus, Dec. 2023.xlsx",1.3448993875765531,T-shirt
01083 T-Shirt unisex hvid k/æ P/B,Alm.slid uden restværdi,1,2282,83,30155C97D461A7C000E2AE70,"PLC, Product detaljeret, Aarhus, Dec. 2023.xlsx",1.1071516213847503,T-shirt
01083 T-Shirt unisex hvid k/æ P/B,Alm.slid uden restværdi,1,2258,54,30155C97D461A7C000BA0B7A,"PLC, Product detaljeret, Aarhus, Dec. 2023.xlsx",0.7279716563330382,T-shirt
01083 T-Shirt unisex hvid k/æ P/B,Alm.slid uden restværdi,1,2242,66,00D009786A26,"PLC, Product detaljeret, Aarhus, Dec. 2023.xlsx",0.8960927743086531,T-shirt
09385 T-Shirt Hvid B/P M Arla Tryk,Alm.slid uden restværdi,1,2242,75,00D0097907A7,"PLC, Product detaljeret, Aarhus, Dec. 2023.xlsx",1.0182872435325603,T-shirt
01083 T-Shirt unisex hvid k/æ P/B,Alm.slid uden restværdi,1,2208,141,30155C97D461A7C000F01E3B,"PLC, Product detaljeret, Aarhus, Dec. 2023.xlsx",1.9438586956521742,T-shirt
09385 T-Shirt Hvid B/P M Arla Tryk,Alm.slid uden restværdi,1,2201,89,30155C97D461A4C001423932,"PLC, Product detaljeret, Aarhus, Dec. 2023.xlsx",1.2308768741481146,T-shirt
09385 T-Shirt Hvid B/P M Arla Tryk,Alm.slid uden restværdi,1,2198,115,30155C97D461A7C000F0C9A0,"PLC, Product detaljeret, Aarhus, Dec. 2023.xlsx",1.5926296633303003,T-shirt
01083 T-Shirt unisex hvid k/æ P/B,Alm.slid uden restværdi,1,2163,114,30155C97D461A7C00116A638,"PLC, Product detaljeret, Aarhus, Dec. 2023.xlsx",1.6043273231622746,T-shirt
01083 T-Shirt unisex hvid k/æ P/B,Alm.slid uden restværdi,1,2159,99,30155C97D461A7C001171B97,"PLC, Product detaljeret, Aarhus, Dec. 2023.xlsx",1.395812876331635,T-shirt
01083 T-Shirt unisex hvid k/æ P/B,Alm.slid uden restværdi,1,2158,74,30155C97D461A7C001171D05,"PLC, Product detaljeret, Aarhus, Dec. 2023.xlsx",1.0438183503243745,T-shirt
09385 T-Shirt Hvid B/P M Arla Tryk,Alm.slid uden restværdi,1,2153,98,00D009801C24,"PLC, Product detaljeret, Aarhus, Dec. 2023.xlsx",1.3855643288434742,T-shirt
01083 T-Shirt unisex hvid k/æ P/B,Alm.slid uden restværdi,1,2116,116,30155C97D461A7C0010DB38E,"PLC, Product detaljeret, Aarhus, Dec. 2023.xlsx",1.668733459357278,T-shirt
01083 T-Shirt unisex hvid k/æ P/B,Alm.slid uden restværdi,1,2116,125,30155C97D461A7C0010DB4BF,"PLC, Product detaljeret, Aarhus, Dec. 2023.xlsx",1.7982041587901703,T-shirt
01083 T-Shirt unisex hvid k/æ P/B,Alm.slid uden restværdi,1,2093,137,30155C97D461A7C001239036,"PLC, Product detaljeret, Aarhus, Dec. 2023.xlsx",1.9924892498805544,T-shirt
01083 T-Shirt unisex hvid k/æ P/B,Alm.slid uden restværdi,1,2070,37,30155C97D461A7C001133368,"PLC, Product detaljeret, Aarhus, Dec. 2023.xlsx",0.544096618357488,T-shirt
01083 T-Shirt unisex hvid k/æ P/B,Alm.slid uden restværdi,1,2066,16,30155C97D461A7C001094B89,"PLC, Product detaljeret, Aarhus, Dec. 2023.xlsx",0.23574056147144243,T-shirt
01083 T-Shirt unisex hvid k/æ P/B,Alm.slid uden restværdi,1,2066,52,30155C97D461A7C00122E59C,"PLC, Product detaljeret, Aarhus, Dec. 2023.xlsx",0.7661568247821879,T-shirt
03850 T-Shirt Hvid Lady K/Æ P/B,Alm.slid uden restværdi,1,2064,107,30155C97D461A7C001224458,"PLC, Product detaljeret, Aarhus, Dec. 2023.xlsx",1.5780426356589148,T-shirt
03850 T-Shirt Hvid Lady K/Æ P/B,Alm.slid uden restværdi,1,2044,74,30155C97D461A7C000E90562,"PLC, Product detaljeret, Aarhus, Dec. 2023.xlsx",1.1020352250489236,T-shirt
09385 T-Shirt Hvid B/P M Arla Tryk,Alm.slid uden restværdi,1,2044,87,30155C97D461A7C000F0C91A,"PLC, Product detaljeret, Aarhus, Dec. 2023.xlsx",1.2956360078277886,T-shirt
03850 T-Shirt Hvid Lady K/Æ P/B,Alm.slid uden restværdi,1,2037,89,30155C97D461A7C000E87B03,"PLC, Product detaljeret, Aarhus, Dec. 2023.xlsx",1.3299754540991655,T-shirt
03850 T-Shirt Hvid Lady K/Æ P/B,Alm.slid uden restværdi,1,2036,77,30155C97D461A7C000B9603F,"PLC, Product detaljeret, Aarhus, Dec. 2023.xlsx",1.1512180746561886,T-shirt
03850 T-Shirt Hvid Lady K/Æ P/B,Alm.slid uden restværdi,1,2009,89,30155C97D461A7C0012252A1,"PLC, Product detaljeret, Aarhus, Dec. 2023.xlsx",1.3485116973618718,T-shirt
01083 T-Shirt unisex hvid k/æ P/B,Alm.slid uden restværdi,1,2004,89,30155C97D461A7C001306938,"PLC, Product detaljeret, Aarhus, Dec. 2023.xlsx",1.3518762475049901,T-shirt
01083 T-Shirt unisex hvid k/æ P/B,Alm.slid uden restværdi,1,1995,108,30155C97D461A7C00137212C,"PLC, Product detaljeret, Aarhus, Dec. 2023.xlsx",1.6478796992481204,T-shirt
01083 T-Shirt unisex hvid k/æ P/B,Alm.slid uden restværdi,1,1983,104,30155C97D461A7C0013720AA,"PLC, Product detaljeret, Aarhus, Dec. 2023.xlsx",1.596449823499748,T-shirt
03850 T-Shirt Hvid Lady K/Æ P/B,Alm.slid uden restværdi,1,1979,35,30155C97D461A7C000E90574,"PLC, Product detaljeret, Aarhus, Dec. 2023.xlsx",0.5383527033855483,T-shirt
01083 T-Shirt unisex hvid k/æ P/B,Alm.slid uden restværdi,1,1935,94,30155C97D461A7C00156685A,"PLC, Product detaljeret, Aarhus, Dec. 2023.xlsx",1.4787390180878552,T-shirt
01083 T-Shirt unisex hvid k/æ P/B,Alm.slid uden restværdi,1,1919,50,30155C97D461A7C00153469F,"PLC, Product detaljeret, Aarhus, Dec. 2023.xlsx",0.7931214174048984,T-shirt
09385 T-Shirt Hvid B/P M Arla Tryk,Alm.slid uden restværdi,1,1918,54,30155C97D461A4C0014237E3,"PLC, Product detaljeret, Aarhus, Dec. 2023.xlsx",0.8570177267987488,T-shirt
01083 T-Shirt unisex hvid k/æ P/B,Alm.slid uden restværdi,1,1876,129,30155C97D461A7C001513068,"PLC, Product detaljeret, Aarhus, Dec. 2023.xlsx",2.0931556503198294,T-shirt
03850 T-Shirt Hvid Lady K/Æ P/B,Alm.slid uden restværdi,1,1875,8,30155C97D461A7C000E079C6,"PLC, Product detaljeret, Aarhus, Dec. 2023.xlsx",0.12987733333333334,T-shirt
01083 T-Shirt unisex hvid k/æ P/B,Alm.slid uden restværdi,1,1871,107,30155C97D461A7C0015362B3,"PLC, Product detaljeret, Aarhus, Dec. 2023.xlsx",1.740823089257082,T-shirt
01083 T-Shirt unisex hvid k/æ P/B,Alm.slid uden restværdi,1,1869,114,30155C97D461A7C00151492B,"PLC, Product detaljeret, Aarhus, Dec. 2023.xlsx",1.85669341894061,T-shirt
01083 T-Shirt unisex hvid k/æ P/B,Alm.slid uden restværdi,1,1865,149,30155C97D461A7C00153629F,"PLC, Product detaljeret, Aarhus, Dec. 2023.xlsx",2.4319356568364614,T-shirt
01083 T-Shirt unisex hvid k/æ P/B,Alm.slid uden restværdi,1,1863,133,30155C97D461A7C0015F84B4,"PLC, Product detaljeret, Aarhus, Dec. 2023.xlsx",2.1731186258722492,T-shirt
01083 T-Shirt unisex hvid k/æ P/B,Alm.slid uden restværdi,1,1852,50,30155C97D461A7C0015F84FE,"PLC, Product detaljeret, Aarhus, Dec. 2023.xlsx",0.8218142548596112,T-shirt
01083 T-Shirt unisex hvid k/æ P/B,Alm.slid uden restværdi,1,1851,65,30155C97D461A7C0015370FB,"PLC, Product detaljeret, Aarhus, Dec. 2023.xlsx",1.0689357104267962,T-shirt
01083 T-Shirt unisex hvid k/æ P/B,Alm.slid uden restværdi,1,1828,135,30155C97D461A7C00150FD72,"PLC, Product detaljeret, Aarhus, Dec. 2023.xlsx",2.248030634573304,T-shirt
09385 T-Shirt Hvid B/P M Arla Tryk,Alm.slid uden restværdi,1,1800,126,30155C97D461A7C001672414,"PLC, Product detaljeret, Aarhus, Dec. 2023.xlsx",2.1308000000000002,T-shirt
03850 T-Shirt Hvid Lady K/Æ P/B,Alm.slid uden restværdi,1,1791,109,30155C97D461A7C000E0960C,"PLC, Product detaljeret, Aarhus, Dec. 2023.xlsx",1.852573981016192,T-shirt
03850 T-Shirt Hvid Lady K/Æ P/B,Alm.slid uden restværdi,1,1790,95,30155C97D461A7C000E08B90,"PLC, Product detaljeret, Aarhus, Dec. 2023.xlsx",1.6155307262569834,T-shirt
03850 T-Shirt Hvid Lady K/Æ P/B,Alm.slid uden restværdi,1,1790,99,30155C97D461A7C000E09B8C,"PLC, Product detaljeret, Aarhus, Dec. 2023.xlsx",1.6835530726256982,T-shirt
09385 T-Shirt Hvid B/P M Arla Tryk,Alm.slid uden restværdi,1,1764,65,30155C97D461A7C0013C72D1,"PLC, Product detaljeret, Aarhus, Dec. 2023.xlsx",1.1216553287981859,T-shirt
03850 T-Shirt Hvid Lady K/Æ P/B,Alm.slid uden restværdi,1,1760,85,30155C97D461A7C000E0B2F6,"PLC, Product detaljeret, Aarhus, Dec. 2023.xlsx",1.4701136363636365,T-shirt
01083 T-Shirt unisex hvid k/æ P/B,Alm.slid uden restværdi,1,1757,18,30155C97D461A7C001CB6EE1,"PLC, Product detaljeret, Aarhus, Dec. 2023.xlsx",0.3118497438816164,T-shirt
01083 T-Shirt unisex hvid k/æ P/B,Alm.slid uden restværdi,1,1757,138,30155C97D461A7C001D43282,"PLC, Product detaljeret, Aarhus, Dec. 2023.xlsx",2.3908480364257256,T-shirt
03850 T-Shirt Hvid Lady K/Æ P/B,Alm.slid uden restværdi,1,1751,6,30155C97D461A7C000E0871A,"PLC, Product detaljeret, Aarhus, Dec. 2023.xlsx",0.10430611079383209,T-shirt
03850 T-Shirt Hvid Lady K/Æ P/B,Alm.slid uden restværdi,1,1751,13,30155C97D461A7C000E08814,"PLC, Product detaljeret, Aarhus, Dec. 2023.xlsx",0.22599657338663623,T-shirt
01083 T-Shirt unisex hvid k/æ P/B,Alm.slid uden restværdi,1,1716,3,30155C97D461A7C0016E2633,"PLC, Product detaljeret, Aarhus, Dec. 2023.xlsx",0.05321678321678322,T-shirt
01083 T-Shirt unisex hvid k/æ P/B,Alm.slid uden restværdi,1,1716,113,30155C97D461A7C001CB6EDD,"PLC, Product detaljeret, Aarhus, Dec. 2023.xlsx",2.004498834498835,T-shirt
01083 T-Shirt unisex hvid k/æ P/B,Alm.slid uden restværdi,1,1689,85,30155C97D461A7C001CBC99C,"PLC, Product detaljeret, Aarhus, Dec. 2023.xlsx",1.5319123741859089,T-shirt
03850 T-Shirt Hvid Lady K/Æ P/B,Alm.slid uden restværdi,1,1669,113,30155C97D461A7C000E0A668,"PLC, Product detaljeret, Aarhus, Dec. 2023.xlsx",2.0609466746554825,T-shirt
03850 T-Shirt Hvid Lady K/Æ P/B,Alm.slid uden restværdi,1,1669,115,30155C97D461A7C000E0A698,"PLC, Product detaljeret, Aarhus, Dec. 2023.xlsx",2.0974236069502696,T-shirt
03850 T-Shirt Hvid Lady K/Æ P/B,Alm.slid uden restværdi,1,1669,118,30155C97D461A7C000E0B3EF,"PLC, Product detaljeret, Aarhus, Dec. 2023.xlsx",2.152139005392451,T-shirt
03850 T-Shirt Hvid Lady K/Æ P/B,Alm.slid uden restværdi,1,1669,76,30155C97D461A7C000E0B495,"PLC, Product detaljeret, Aarhus, Dec. 2023.xlsx",1.3861234272019174,T-shirt
09385 T-Shirt Hvid B/P M Arla Tryk,Alm.slid uden restværdi,1,1645,88,30155C97D461A7C0013C26CE,"PLC, Product detaljeret, Aarhus, Dec. 2023.xlsx",1.6284012158054713,T-shirt
01083 T-Shirt unisex hvid k/æ P/B,Alm.slid uden restværdi,1,1640,96,30155C97D461A7C00212012A,"PLC, Product detaljeret, Aarhus, Dec. 2023.xlsx",1.7818536585365856,T-shirt
01083 T-Shirt unisex hvid k/æ P/B,Alm.slid uden restværdi,1,1638,126,30155C97D461A7C001CBAB18,"PLC, Product detaljeret, Aarhus, Dec. 2023.xlsx",2.3415384615384616,T-shirt
01083 T-Shirt unisex hvid k/æ P/B,Alm.slid uden restværdi,1,1626,73,30155C97D461A7C001CC4EFF,"PLC, Product detaljeret, Aarhus, Dec. 2023.xlsx",1.366617466174662,T-shirt
01083 T-Shirt unisex hvid k/æ P/B,Alm.slid uden restværdi,1,1624,78,30155C97D461A7C002111A75,"PLC, Product detaljeret, Aarhus, Dec. 2023.xlsx",1.4620197044334975,T-shirt
09385 T-Shirt Hvid B/P M Arla Tryk,Alm.slid uden restværdi,1,1610,98,30155C97D461A7C001CBAF6B,"PLC, Product detaljeret, Aarhus, Dec. 2023.xlsx",1.8528695652173914,T-shirt
03850 T-Shirt Hvid Lady K/Æ P/B,Alm.slid uden restværdi,1,1559,64,30155C97D461A7C000E08676,"PLC, Product detaljeret, Aarhus, Dec. 2023.xlsx",1.2496215522771006,T-shirt
01083 T-Shirt unisex hvid k/æ P/B,Alm.slid uden restværdi,1,1534,49,30155C97D461A7C00167F8EE,"PLC, Product detaljeret, Aarhus, Dec. 2023.xlsx",0.9723337679269883,T-shirt
01083 T-Shirt unisex hvid k/æ P/B,Alm.slid uden restværdi,1,1508,112,30155C97D461A7C0022AF391,"PLC, Product detaljeret, Aarhus, Dec. 2023.xlsx",2.2607957559681697,T-shirt
09385 T-Shirt Hvid B/P M Arla Tryk,Alm.slid uden restværdi,1,1500,125,30155C97D461A7C001F6F7A1,"PLC, Product detaljeret, Aarhus, Dec. 2023.xlsx",2.5366666666666666,T-shirt
01083 T-Shirt unisex hvid k/æ P/B,Alm.slid uden restværdi,1,1491,103,30155C97D461A7C002298FE6,"PLC, Product detaljeret, Aarhus, Dec. 2023.xlsx",2.1028303152246814,T-shirt
01083 T-Shirt unisex hvid k/æ P/B,Alm.slid uden restværdi,1,1491,87,30155C97D461A7C002299196,"PLC, Product detaljeret, Aarhus, Dec. 2023.xlsx",1.7761770623742457,T-shirt
01083 T-Shirt unisex hvid k/æ P/B,Alm.slid uden restværdi,1,1455,68,30155C97D461A7C0015681D4,"PLC, Product detaljeret, Aarhus, Dec. 2023.xlsx",1.4226254295532648,T-shirt
03850 T-Shirt Hvid Lady K/Æ P/B,Alm.slid uden restværdi,1,1449,82,30155C97D461A7C000E080AA,"PLC, Product detaljeret, Aarhus, Dec. 2023.xlsx",1.722622498274672,T-shirt
09385 T-Shirt Hvid B/P M Arla Tryk,Alm.slid uden restværdi,1,1445,71,30155C97D461A4C001422988,"PLC, Product detaljeret, Aarhus, Dec. 2023.xlsx",1.4956678200692044,T-shirt
"07859 T-Shirt L/Æ, Hvid p/b",Alm.slid uden restværdi,1,1443,78,30155C97D461A7C002669DFA,"PLC, Product detaljeret, Aarhus, Dec. 2023.xlsx",1.6454054054054055,T-shirt
03850 T-Shirt Hvid Lady K/Æ P/B,Alm.slid uden restværdi,1,1427,19,30155C97D461A7C000E0881C,"PLC, Product detaljeret, Aarhus, Dec. 2023.xlsx",0.4052978276103714,T-shirt
01083 T-Shirt unisex hvid k/æ P/B,Alm.slid uden restværdi,1,1416,52,30155C97D461A7C00276FE9F,"PLC, Product detaljeret, Aarhus, Dec. 2023.xlsx",1.117853107344633,T-shirt
"07859 T-Shirt L/Æ, Hvid p/b",Alm.slid uden restværdi,1,1385,2,00D00B1C51EA,"PLC, Product detaljeret, Aarhus, Dec. 2023.xlsx",0.04395667870036101,T-shirt
03850 T-Shirt Hvid Lady K/Æ P/B,Alm.slid uden restværdi,1,1379,48,30155C97D461A7C000E08D74,"PLC, Product detaljeret, Aarhus, Dec. 2023.xlsx",1.059550398839739,T-shirt
01083 T-Shirt unisex hvid k/æ P/B,Alm.slid uden restværdi,1,1378,126,30155C97D461A7C002155599,"PLC, Product detaljeret, Aarhus, Dec. 2023.xlsx",2.7833381712626997,T-shirt
03850 T-Shirt Hvid Lady K/Æ P/B,Alm.slid uden restværdi,1,1355,23,30155C97D461A7C000E07D15,"PLC, Product detaljeret, Aarhus, Dec. 2023.xlsx",0.5166937269372693,T-shirt
03850 T-Shirt Hvid Lady K/Æ P/B,Alm.slid uden restværdi,1,1352,50,30155C97D461A7C000E08467,"PLC, Product detaljeret, Aarhus, Dec. 2023.xlsx",1.1257396449704142,T-shirt
03850 T-Shirt Hvid Lady K/Æ P/B,Alm.slid uden restværdi,1,1352,63,30155C97D461A7C000E09127,"PLC, Product detaljeret, Aarhus, Dec. 2023.xlsx",1.418431952662722,T-shirt
03850 T-Shirt Hvid Lady K/Æ P/B,Alm.slid uden restværdi,1,1352,60,30155C97D461A7C000E0917B,"PLC, Product detaljeret, Aarhus, Dec. 2023.xlsx",1.350887573964497,T-shirt
01083 T-Shirt unisex hvid k/æ P/B,Alm.slid uden restværdi,1,1339,88,30155C97D461A7C0023BFC67,"PLC, Product detaljeret, Aarhus, Dec. 2023.xlsx",2.0005377147124723,T-shirt
09385 T-Shirt Hvid B/P M Arla Tryk,Alm.slid uden restværdi,1,1316,38,00D00B1CD58C,"PLC, Product detaljeret, Aarhus, Dec. 2023.xlsx",0.8789665653495441,T-shirt
09385 T-Shirt Hvid B/P M Arla Tryk,Alm.slid uden restværdi,1,1297,51,30155C97D461A7C00226914E,"PLC, Product detaljeret, Aarhus, Dec. 2023.xlsx",1.196946800308404,T-shirt
03850 T-Shirt Hvid Lady K/Æ P/B,Alm.slid uden restværdi,1,1296,62,30155C97D461A7C000E07A1D,"PLC, Product detaljeret, Aarhus, Dec. 2023.xlsx",1.4562345679012345,T-shirt
01083 T-Shirt unisex hvid k/æ P/B,Alm.slid uden restværdi,1,1227,26,30155C97D461A7C00268D395,"PLC, Product detaljeret, Aarhus, Dec. 2023.xlsx",0.6450203748981256,T-shirt
01083 T-Shirt unisex hvid k/æ P/B,Alm.slid uden restværdi,1,1226,98,30155C97D461A7C0028C4788,"PLC, Product detaljeret, Aarhus, Dec. 2023.xlsx",2.4332137030995105,T-shirt
03850 T-Shirt Hvid Lady K/Æ P/B,Alm.slid uden restværdi,1,1224,17,30155C97D461A7C001D53752,"PLC, Product detaljeret, Aarhus, Dec. 2023.xlsx",0.42277777777777775,T-shirt
09385 T-Shirt Hvid B/P M Arla Tryk,Alm.slid uden restværdi,1,1194,52,30155C97D461A7C0027CBEC0,"PLC, Product detaljeret, Aarhus, Dec. 2023.xlsx",1.3256951423785595,T-shirt
01083 T-Shirt unisex hvid k/æ P/B,Alm.slid uden restværdi,1,1193,110,30155C97D461A7C00276FEDC,"PLC, Product detaljeret, Aarhus, Dec. 2023.xlsx",2.8067057837384746,T-shirt
01083 T-Shirt unisex hvid k/æ P/B,Alm.slid uden restværdi,1,1191,100,30155C97D461A7C0027CB0BD,"PLC, Product detaljeret, Aarhus, Dec. 2023.xlsx",2.5558354324097396,T-shirt
09385 T-Shirt Hvid B/P M Arla Tryk,Alm.slid uden restværdi,1,1187,53,30155C97D461A4C001422FE5,"PLC, Product detaljeret, Aarhus, Dec. 2023.xlsx",1.3591575400168492,T-shirt
01083 T-Shirt unisex hvid k/æ P/B,Alm.slid uden restværdi,1,1182,57,30155C97D461A7C002913635,"PLC, Product detaljeret, Aarhus, Dec. 2023.xlsx",1.4679187817258883,T-shirt
01083 T-Shirt unisex hvid k/æ P/B,Alm.slid uden restværdi,1,1177,26,30155C97D461A7C0023C5981,"PLC, Product detaljeret, Aarhus, Dec. 2023.xlsx",0.6724214103653355,T-shirt
01083 T-Shirt unisex hvid k/æ P/B,Alm.slid uden restværdi,1,1158,65,30155C97D461A6C000144901,"PLC, Product detaljeret, Aarhus, Dec. 2023.xlsx",1.7086355785837652,T-shirt
09385 T-Shirt Hvid B/P M Arla Tryk,Alm.slid uden restværdi,1,1130,56,30155C97D461A7C002918866,"PLC, Product detaljeret, Aarhus, Dec. 2023.xlsx",1.5085309734513275,T-shirt
01083 T-Shirt unisex hvid k/æ P/B,Alm.slid uden restværdi,1,1127,42,30155C97D461A7C00268AF55,"PLC, Product detaljeret, Aarhus, Dec. 2023.xlsx",1.1344099378881989,T-shirt
01083 T-Shirt unisex hvid k/æ P/B,Alm.slid uden restværdi,1,1116,123,30155C97D461A6C0000E8E08,"PLC, Product detaljeret, Aarhus, Dec. 2023.xlsx",3.35494623655914,T-shirt
10981 T-shirt prowear dame hvid pb,Alm.slid uden restværdi,1,1116,16,30155C97D461A7C0029133D2,"PLC, Product detaljeret, Aarhus, Dec. 2023.xlsx",0.436415770609319,T-shirt
01083 T-Shirt unisex hvid k/æ P/B,Alm.slid uden restværdi,1,1100,79,30155C97D461A6C000356FEC,"PLC, Product detaljeret, Aarhus, Dec. 2023.xlsx",2.186145454545455,T-shirt
01083 T-Shirt unisex hvid k/æ P/B,Alm.slid uden restværdi,1,1091,19,30155C97D461A6C0000FABFA,"PLC, Product detaljeret, Aarhus, Dec. 2023.xlsx",0.5301191567369385,T-shirt
01083 T-Shirt unisex hvid k/æ P/B,Alm.slid uden restværdi,1,1086,73,30155C97D461A7C0023C0FEA,"PLC, Product detaljeret, Aarhus, Dec. 2023.xlsx",2.0461510128913445,T-shirt
09385 T-Shirt Hvid B/P M Arla Tryk,Alm.slid uden restværdi,1,1078,90,30155C97D461A6C00017181F,"PLC, Product detaljeret, Aarhus, Dec. 2023.xlsx",2.541372912801484,T-shirt
09385 T-Shirt Hvid B/P M Arla Tryk,Alm.slid uden restværdi,1,1077,50,30155C97D461A6C00017165D,"PLC, Product detaljeret, Aarhus, Dec. 2023.xlsx",1.4131847725162487,T-shirt
"07859 T-Shirt L/Æ, Hvid p/b",Alm.slid uden restværdi,1,1075,19,30155C97D461A6C0000FD22F,"PLC, Product detaljeret, Aarhus, Dec. 2023.xlsx",0.5380093023255814,T-shirt
"07859 T-Shirt L/Æ, Hvid p/b",Alm.slid uden restværdi,1,1075,19,30155C97D461A6C0000FD245,"PLC, Product detaljeret, Aarhus, Dec. 2023.xlsx",0.5380093023255814,T-shirt
"07859 T-Shirt L/Æ, Hvid p/b",Alm.slid uden restværdi,1,1075,16,30155C97D461A6C0000FD31E,"PLC, Product detaljeret, Aarhus, Dec. 2023.xlsx",0.4530604651162791,T-shirt
01083 T-Shirt unisex hvid k/æ P/B,Alm.slid uden restværdi,1,1072,15,30155C97D461A6C0000FABF5,"PLC, Product detaljeret, Aarhus, Dec. 2023.xlsx",0.42593283582089553,T-shirt
10981 T-shirt prowear dame hvid pb,Alm.slid uden restværdi,1,1071,22,30155C97D461A6C000307DA5,"PLC, Product detaljeret, Aarhus, Dec. 2023.xlsx",0.6252847805788982,T-shirt
09385 T-Shirt Hvid B/P M Arla Tryk,Alm.slid uden restværdi,1,1068,56,30155C97D461A4C001422FEB,"PLC, Product detaljeret, Aarhus, Dec. 2023.xlsx",1.596104868913858,T-shirt
"07859 T-Shirt L/Æ, Hvid p/b",Alm.slid uden restværdi,1,1063,31,30155C97D461A6C0002F0D6F,"PLC, Product detaljeret, Aarhus, Dec. 2023.xlsx",0.887714016933208,T-shirt
"07859 T-Shirt L/Æ, Hvid p/b",Alm.slid uden restværdi,1,1049,40,30155C97D461A6C0002F0D8C,"PLC, Product detaljeret, Aarhus, Dec. 2023.xlsx",1.1607244995233557,T-shirt
"07859 T-Shirt L/Æ, Hvid p/b",Alm.slid uden restværdi,1,1049,78,30155C97D461A6C0002F0DAC,"PLC, Product detaljeret, Aarhus, Dec. 2023.xlsx",2.2634127740705434,T-shirt
"07859 T-Shirt L/Æ, Hvid p/b",Alm.slid uden restværdi,1,1049,42,30155C97D461A6C0002F0DB8,"PLC, Product detaljeret, Aarhus, Dec. 2023.xlsx",1.2187607244995236,T-shirt
09385 T-Shirt Hvid B/P M Arla Tryk,Alm.slid uden restværdi,1,1049,33,30155C97D461A4C0014230BE,"PLC, Product detaljeret, Aarhus, Dec. 2023.xlsx",0.9575977121067684,T-shirt
"07859 T-Shirt L/Æ, Hvid p/b",Alm.slid uden restværdi,1,1042,31,30155C97D461A6C00030E5C9,"PLC, Product detaljeret, Aarhus, Dec. 2023.xlsx",0.9056046065259118,T-shirt
01083 T-Shirt unisex hvid k/æ P/B,Alm.slid uden restværdi,1,1041,131,30155C97D461A6C000211203,"PLC, Product detaljeret, Aarhus, Dec. 2023.xlsx",3.830585975024016,T-shirt
01083 T-Shirt unisex hvid k/æ P/B,Alm.slid uden restværdi,1,1040,111,30155C97D461A6C00030826D,"PLC, Product detaljeret, Aarhus, Dec. 2023.xlsx",3.2488846153846156,T-shirt
09385 T-Shirt Hvid B/P M Arla Tryk,Alm.slid uden restværdi,1,1037,84,30155C97D461A6C00012D17E,"PLC, Product detaljeret, Aarhus, Dec. 2023.xlsx",2.4657280617164896,T-shirt
01083 T-Shirt unisex hvid k/æ P/B,Alm.slid uden restværdi,1,1033,70,30155C97D461A6C0000F7CF2,"PLC, Product detaljeret, Aarhus, Dec. 2023.xlsx",2.062729912875121,T-shirt
01083 T-Shirt unisex hvid k/æ P/B,Alm.slid uden restværdi,1,1028,30,30155C97D461A7C0029152AB,"PLC, Product detaljeret, Aarhus, Dec. 2023.xlsx",0.8883268482490273,T-shirt
"07859 T-Shirt L/Æ, Hvid p/b",Alm.slid uden restværdi,1,1028,33,30155C97D461A6C00021111F,"PLC, Product detaljeret, Aarhus, Dec. 2023.xlsx",0.9771595330739299,T-shirt
09385 T-Shirt Hvid B/P M Arla Tryk,Alm.slid uden restværdi,1,1023,27,30155C97D461A6C0001412D7,"PLC, Product detaljeret, Aarhus, Dec. 2023.xlsx",0.8034017595307918,T-shirt
09385 T-Shirt Hvid B/P M Arla Tryk,Alm.slid uden restværdi,1,1005,47,30155C97D461A4C001422F95,"PLC, Product detaljeret, Aarhus, Dec. 2023.xlsx",1.4235621890547263,T-shirt
03850 T-Shirt Hvid Lady K/Æ P/B,Alm.slid uden restværdi,1,1001,27,30155C97D461A7C000E8F9AF,"PLC, Product detaljeret, Aarhus, Dec. 2023.xlsx",0.8210589410589411,T-shirt
09385 T-Shirt Hvid B/P M Arla Tryk,Alm.slid uden restværdi,1,973,47,30155C97D461A6C000142364,"PLC, Product detaljeret, Aarhus, Dec. 2023.xlsx",1.4703802672147996,T-shirt
01083 T-Shirt unisex hvid k/æ P/B,Alm.slid uden restværdi,1,966,61,30155C97D461A6C00080BEFD,"PLC, Product detaljeret, Aarhus, Dec. 2023.xlsx",1.9221946169772257,T-shirt
"07859 T-Shirt L/Æ, Hvid p/b",Alm.slid uden restværdi,1,952,42,30155C97D461A6C0002CB53E,"PLC, Product detaljeret, Aarhus, Dec. 2023.xlsx",1.3429411764705883,T-shirt
01083 T-Shirt unisex hvid k/æ P/B,Alm.slid uden restværdi,1,950,57,30155C97D461A6C0003101FD,"PLC, Product detaljeret, Aarhus, Dec. 2023.xlsx",1.8264,T-shirt
10981 T-shirt prowear dame hvid pb,Alm.slid uden restværdi,1,948,20,30155C97D461A7C0027CB88A,"PLC, Product detaljeret, Aarhus, Dec. 2023.xlsx",0.6421940928270042,T-shirt
01083 T-Shirt unisex hvid k/æ P/B,Alm.slid uden restværdi,1,940,34,30155C97D461A6C0001B3913,"PLC, Product detaljeret, Aarhus, Dec. 2023.xlsx",1.1010212765957446,T-shirt
01083 T-Shirt unisex hvid k/æ P/B,Alm.slid uden restværdi,1,926,2,30155C97D461A6C00081820B,"PLC, Product detaljeret, Aarhus, Dec. 2023.xlsx",0.0657451403887689,T-shirt
01083 T-Shirt unisex hvid k/æ P/B,Alm.slid uden restværdi,1,897,39,30155C97D461A6C0008C2865,"PLC, Product detaljeret, Aarhus, Dec. 2023.xlsx",1.3234782608695652,T-shirt
01083 T-Shirt unisex hvid k/æ P/B,Alm.slid uden restværdi,1,881,43,30155C97D461A6C000B09995,"PLC, Product detaljeret, Aarhus, Dec. 2023.xlsx",1.4857207718501704,T-shirt
10981 T-shirt prowear dame hvid pb,Alm.slid uden restværdi,1,873,31,30155C97D461A6C000843A7D,"PLC, Product detaljeret, Aarhus, Dec. 2023.xlsx",1.0809163802978237,T-shirt
01083 T-Shirt unisex hvid k/æ P/B,Alm.slid uden restværdi,1,869,38,30155C97D461A6C000B0B30E,"PLC, Product detaljeret, Aarhus, Dec. 2023.xlsx",1.3310932105868816,T-shirt
01083 T-Shirt unisex hvid k/æ P/B,Alm.slid uden restværdi,1,863,26,30155C97D461A6C000BB1B68,"PLC, Product detaljeret, Aarhus, Dec. 2023.xlsx",0.917079953650058,T-shirt
10981 T-shirt prowear dame hvid pb,Alm.slid uden restværdi,1,833,21,30155C97D461A6C00083AA78,"PLC, Product detaljeret, Aarhus, Dec. 2023.xlsx",0.7673949579831933,T-shirt
01083 T-Shirt unisex hvid k/æ P/B,Alm.slid uden restværdi,1,826,22,30155C97D461A6C0008BE087,"PLC, Product detaljeret, Aarhus, Dec. 2023.xlsx",0.8107506053268766,T-shirt
10981 T-shirt prowear dame hvid pb,Alm.slid uden restværdi,1,825,33,30155C97D461A6C000BA40E7,"PLC, Product detaljeret, Aarhus, Dec. 2023.xlsx",1.2176,T-shirt
10981 T-shirt prowear dame hvid pb,Alm.slid uden restværdi,1,825,57,30155C97D461A6C000BA40FB,"PLC, Product detaljeret, Aarhus, Dec. 2023.xlsx",2.103127272727273,T-shirt
09385 T-Shirt Hvid B/P M Arla Tryk,Alm.slid uden restværdi,1,816,30,30155C97D461A6C00017030B,"PLC, Product detaljeret, Aarhus, Dec. 2023.xlsx",1.1191176470588236,T-shirt
01083 T-Shirt unisex hvid k/æ P/B,Alm.slid uden restværdi,1,808,25,30155C97D461A6C00157C134,"PLC, Product detaljeret, Aarhus, Dec. 2023.xlsx",0.9418316831683169,T-shirt
01083 T-Shirt unisex hvid k/æ P/B,Alm.slid uden restværdi,1,808,16,30155C97D461A6C00157C1AF,"PLC, Product detaljeret, Aarhus, Dec. 2023.xlsx",0.6027722772277228,T-shirt
01083 T-Shirt unisex hvid k/æ P/B,Alm.slid uden restværdi,1,808,16,30155C97D461A6C00157C2B7,"PLC, Product detaljeret, Aarhus, Dec. 2023.xlsx",0.6027722772277228,T-shirt
09385 T-Shirt Hvid B/P M Arla Tryk,Alm.slid uden restværdi,1,806,41,30155C97D461A6C0002F8BB3,"PLC, Product detaljeret, Aarhus, Dec. 2023.xlsx",1.5484367245657569,T-shirt
09385 T-Shirt Hvid B/P M Arla Tryk,Alm.slid uden restværdi,1,805,28,30155C97D461A6C00014147A,"PLC, Product detaljeret, Aarhus, Dec. 2023.xlsx",1.0587826086956522,T-shirt
01083 T-Shirt unisex hvid k/æ P/B,Alm.slid uden restværdi,1,798,21,30155C97D461A6C00157C22F,"PLC, Product detaljeret, Aarhus, Dec. 2023.xlsx",0.8010526315789473,T-shirt
01083 T-Shirt unisex hvid k/æ P/B,Alm.slid uden restværdi,1,797,81,30155C97D461A6C000B17F26,"PLC, Product detaljeret, Aarhus, Dec. 2023.xlsx",3.093651191969887,T-shirt
01083 T-Shirt unisex hvid k/æ P/B,Alm.slid uden restværdi,1,797,55,30155C97D461A6C001582A89,"PLC, Product detaljeret, Aarhus, Dec. 2023.xlsx",2.1006273525721455,T-shirt
01083 T-Shirt unisex hvid k/æ P/B,Alm.slid uden restværdi,1,795,68,30155C97D461A6C00157C29E,"PLC, Product detaljeret, Aarhus, Dec. 2023.xlsx",2.603672955974843,T-shirt
01083 T-Shirt unisex hvid k/æ P/B,Alm.slid uden restværdi,1,790,80,30155C97D461A6C0012B71F0,"PLC, Product detaljeret, Aarhus, Dec. 2023.xlsx",3.0825316455696203,T-shirt
10981 T-shirt prowear dame hvid pb,Alm.slid uden restværdi,1,789,26,30155C97D461A6C0003ABFC4,"PLC, Product detaljeret, Aarhus, Dec. 2023.xlsx",1.0030925221799747,T-shirt
10981 T-shirt prowear dame hvid pb,Alm.slid uden restværdi,1,784,33,30155C97D461A6C000B9AE11,"PLC, Product detaljeret, Aarhus, Dec. 2023.xlsx",1.2812755102040816,T-shirt
01083 T-Shirt unisex hvid k/æ P/B,Alm.slid uden restværdi,1,778,9,30155C97D461A6C0015C305E,"PLC, Product detaljeret, Aarhus, Dec. 2023.xlsx",0.352133676092545,T-shirt
01083 T-Shirt unisex hvid k/æ P/B,Alm.slid uden restværdi,1,774,20,30155C97D461A6C0012F5040,"PLC, Product detaljeret, Aarhus, Dec. 2023.xlsx",0.7865633074935401,T-shirt
01083 T-Shirt unisex hvid k/æ P/B,Alm.slid uden restværdi,1,772,46,30155C97D461A6C001582A7D,"PLC, Product detaljeret, Aarhus, Dec. 2023.xlsx",1.8137823834196891,T-shirt
01083 T-Shirt unisex hvid k/æ P/B,Alm.slid uden restværdi,1,763,68,30155C97D461A6C0015C330C,"PLC, Product detaljeret, Aarhus, Dec. 2023.xlsx",2.712870249017038,T-shirt
01083 T-Shirt unisex hvid k/æ P/B,Alm.slid uden restværdi,1,762,54,30155C97D461A6C000BA13FD,"PLC, Product detaljeret, Aarhus, Dec. 2023.xlsx",2.1571653543307088,T-shirt
01083 T-Shirt unisex hvid k/æ P/B,Alm.slid uden restværdi,1,762,55,30155C97D461A6C000BA1515,"PLC, Product detaljeret, Aarhus, Dec. 2023.xlsx",2.1971128608923887,T-shirt
09385 T-Shirt Hvid B/P M Arla Tryk,Alm.slid uden restværdi,1,759,32,30155C97D461A6C0002F83CB,"PLC, Product detaljeret, Aarhus, Dec. 2023.xlsx",1.283372859025033,T-shirt
01083 T-Shirt unisex hvid k/æ P/B,Alm.slid uden restværdi,1,757,49,30155C97D461A6C0012E9FC6,"PLC, Product detaljeret, Aarhus, Dec. 2023.xlsx",1.9703566710700133,T-shirt
10981 T-shirt prowear dame hvid pb,Alm.slid uden restværdi,1,753,26,30155C97D461A6C0015B95D5,"PLC, Product detaljeret, Aarhus, Dec. 2023.xlsx",1.0510491367861885,T-shirt
01083 T-Shirt unisex hvid k/æ P/B,Alm.slid uden restværdi,1,745,16,30155C97D461A6C0015BB2A2,"PLC, Product detaljeret, Aarhus, Dec. 2023.xlsx",0.653744966442953,T-shirt
09385 T-Shirt Hvid B/P M Arla Tryk,Alm.slid uden restværdi,1,742,33,30155C97D461A6C0008E16B0,"PLC, Product detaljeret, Aarhus, Dec. 2023.xlsx",1.353800539083558,T-shirt
01083 T-Shirt unisex hvid k/æ P/B,Alm.slid uden restværdi,1,723,5,30155C97D461A6C0012DDE02,"PLC, Product detaljeret, Aarhus, Dec. 2023.xlsx",0.21051175656984786,T-shirt
01083 T-Shirt unisex hvid k/æ P/B,Alm.slid uden restværdi,1,713,8,30155C97D461A6C0012DDDD4,"PLC, Product detaljeret, Aarhus, Dec. 2023.xlsx",0.3415427769985975,T-shirt
01083 T-Shirt unisex hvid k/æ P/B,Alm.slid uden restværdi,1,713,4,30155C97D461A6C0012DDDFD,"PLC, Product detaljeret, Aarhus, Dec. 2023.xlsx",0.17077138849929874,T-shirt
10981 T-shirt prowear dame hvid pb,Alm.slid uden restværdi,1,707,39,30155C97D461A6C000B9AE5C,"PLC, Product detaljeret, Aarhus, Dec. 2023.xlsx",1.6791513437057992,T-shirt
01083 T-Shirt unisex hvid k/æ P/B,Alm.slid uden restværdi,1,697,45,30155C97D461A6C0012DD576,"PLC, Product detaljeret, Aarhus, Dec. 2023.xlsx",1.9652797704447633,T-shirt
01083 T-Shirt unisex hvid k/æ P/B,Alm.slid uden restværdi,1,694,36,30155C97D461A6C000E2F661,"PLC, Product detaljeret, Aarhus, Dec. 2023.xlsx",1.579020172910663,T-shirt
01083 T-Shirt unisex hvid k/æ P/B,Alm.slid uden restværdi,1,693,51,30155C97D461A6C0012E8FFA,"PLC, Product detaljeret, Aarhus, Dec. 2023.xlsx",2.2401731601731605,T-shirt
10981 T-shirt prowear dame hvid pb,Alm.slid uden restværdi,1,684,26,30155C97D461A6C0006395DB,"PLC, Product detaljeret, Aarhus, Dec. 2023.xlsx",1.157076023391813,T-shirt
10981 T-shirt prowear dame hvid pb,Alm.slid uden restværdi,1,679,20,30155C97D461A6C000900D82,"PLC, Product detaljeret, Aarhus, Dec. 2023.xlsx",0.8966126656848307,T-shirt
09385 T-Shirt Hvid B/P M Arla Tryk,Alm.slid uden restværdi,1,672,28,30155C97D461A6C0015B79F3,"PLC, Product detaljeret, Aarhus, Dec. 2023.xlsx",1.2683333333333333,T-shirt
10981 T-shirt prowear dame hvid pb,Alm.slid uden restværdi,1,672,20,30155C97D461A6C000641AF0,"PLC, Product detaljeret, Aarhus, Dec. 2023.xlsx",0.905952380952381,T-shirt
10981 T-shirt prowear dame hvid pb,Alm.slid uden restværdi,1,672,21,30155C97D461A6C000641B79,"PLC, Product detaljeret, Aarhus, Dec. 2023.xlsx",0.95125,T-shirt
10981 T-shirt prowear dame hvid pb,Alm.slid uden restværdi,1,662,26,30155C97D461A6C000B9AE2A,"PLC, Product detaljeret, Aarhus, Dec. 2023.xlsx",1.1955287009063444,T-shirt
10981 T-shirt prowear dame hvid pb,Alm.slid uden restværdi,1,662,35,30155C97D461A6C000B9AF22,"PLC, Product detaljeret, Aarhus, Dec. 2023.xlsx",1.6093655589123868,T-shirt
01083 T-Shirt unisex hvid k/æ P/B,Alm.slid uden restværdi,1,658,81,30155C97D461A6C0012FF512,"PLC, Product detaljeret, Aarhus, Dec. 2023.xlsx",3.7471732522796355,T-shirt
09385 T-Shirt Hvid B/P M Arla Tryk,Alm.slid uden restværdi,1,658,32,00D00B4E9042,"PLC, Product detaljeret, Aarhus, Dec. 2023.xlsx",1.4803647416413375,T-shirt
01083 T-Shirt unisex hvid k/æ P/B,Alm.slid uden restværdi,1,657,29,30155C97D461A6C0012FD9CC,"PLC, Product detaljeret, Aarhus, Dec. 2023.xlsx",1.3436225266362252,T-shirt
01083 T-Shirt unisex hvid k/æ P/B,Alm.slid uden restværdi,1,657,29,30155C97D461A6C0012FDA06,"PLC, Product detaljeret, Aarhus, Dec. 2023.xlsx",1.3436225266362252,T-shirt
10981 T-shirt prowear dame hvid pb,Alm.slid uden restværdi,1,636,31,30155C97D461A6C00157D639,"PLC, Product detaljeret, Aarhus, Dec. 2023.xlsx",1.4837106918238996,T-shirt
01083 T-Shirt unisex hvid k/æ P/B,Alm.slid uden restværdi,1,632,47,30155C97D461A6C000BA14FF,"PLC, Product detaljeret, Aarhus, Dec. 2023.xlsx",2.26373417721519,T-shirt
10981 T-shirt prowear dame hvid pb,Alm.slid uden restværdi,1,630,14,30155C97D461A6C0008D1A3E,"PLC, Product detaljeret, Aarhus, Dec. 2023.xlsx",0.6764444444444445,T-shirt
01083 T-Shirt unisex hvid k/æ P/B,Alm.slid uden restværdi,1,624,43,30155C97D461A6C000BA146F,"PLC, Product detaljeret, Aarhus, Dec. 2023.xlsx",2.0976282051282054,T-shirt
01083 T-Shirt unisex hvid k/æ P/B,Alm.slid uden restværdi,1,621,22,30155C97D461A6C0015BB1DD,"PLC, Product detaljeret, Aarhus, Dec. 2023.xlsx",1.078389694041868,T-shirt
01083 T-Shirt unisex hvid k/æ P/B,Alm.slid uden restværdi,1,618,51,30155C97D461A6C000647A1B,"PLC, Product detaljeret, Aarhus, Dec. 2023.xlsx",2.5120388349514564,T-shirt
01083 T-Shirt unisex hvid k/æ P/B,Alm.slid uden restværdi,1,618,23,30155C97D461A6C000BA1433,"PLC, Product detaljeret, Aarhus, Dec. 2023.xlsx",1.1328802588996765,T-shirt
10981 T-shirt prowear dame hvid pb,Alm.slid uden restværdi,1,614,22,30155C97D461A6C0015B94A7,"PLC, Product detaljeret, Aarhus, Dec. 2023.xlsx",1.090684039087948,T-shirt
01083 T-Shirt unisex hvid k/æ P/B,Alm.slid uden restværdi,1,609,54,30155C97D461A6C0008D1CDB,"PLC, Product detaljeret, Aarhus, Dec. 2023.xlsx",2.699113300492611,T-shirt
09385 T-Shirt Hvid B/P M Arla Tryk,Alm.slid uden restværdi,1,606,22,30155C97D461A6C001062C91,"PLC, Product detaljeret, Aarhus, Dec. 2023.xlsx",1.105082508250825,T-shirt
01083 T-Shirt unisex hvid k/æ P/B,Alm.slid uden restværdi,1,589,52,30155C97D461A6C000640514,"PLC, Product detaljeret, Aarhus, Dec. 2023.xlsx",2.687402376910017,T-shirt
10981 T-shirt prowear dame hvid pb,Alm.slid uden restværdi,1,587,33,30155C97D461A6C0012F3CFB,"PLC, Product detaljeret, Aarhus, Dec. 2023.xlsx",1.7112776831345828,T-shirt
10981 T-shirt prowear dame hvid pb,Alm.slid uden restværdi,1,587,31,30155C97D461A6C0012F3D08,"PLC, Product detaljeret, Aarhus, Dec. 2023.xlsx",1.6075638841567292,T-shirt
10981 T-shirt prowear dame hvid pb,Alm.slid uden restværdi,1,577,35,30155C97D461A6C0012F3D04,"PLC, Product detaljeret, Aarhus, Dec. 2023.xlsx",1.8464471403812825,T-shirt
01083 T-Shirt unisex hvid k/æ P/B,Alm.slid uden restværdi,1,576,44,30155C97D461A6C0006405C1,"PLC, Product detaljeret, Aarhus, Dec. 2023.xlsx",2.325277777777778,T-shirt
01083 T-Shirt unisex hvid k/æ P/B,Alm.slid uden restværdi,1,576,37,30155C97D461A6C000640612,"PLC, Product detaljeret, Aarhus, Dec. 2023.xlsx",1.9553472222222221,T-shirt
10981 T-shirt prowear dame hvid pb,Alm.slid uden restværdi,1,570,2,00D00B4E7F8E,"PLC, Product detaljeret, Aarhus, Dec. 2023.xlsx",0.10680701754385966,T-shirt
10981 T-shirt prowear dame hvid pb,Alm.slid uden restværdi,1,570,3,00D00B4E8B96,"PLC, Product detaljeret, Aarhus, Dec. 2023.xlsx",0.16021052631578947,T-shirt
09385 T-Shirt Hvid B/P M Arla Tryk,Alm.slid uden restværdi,1,559,20,30155C97D461A6C000913A6A,"PLC, Product detaljeret, Aarhus, Dec. 2023.xlsx",1.089087656529517,T-shirt
09385 T-Shirt Hvid B/P M Arla Tryk,Alm.slid uden restværdi,1,548,28,30155C97D461A6C000900782,"PLC, Product detaljeret, Aarhus, Dec. 2023.xlsx",1.5553284671532848,T-shirt
01083 T-Shirt unisex hvid k/æ P/B,Alm.slid uden restværdi,1,544,41,30155C97D461A6C0012EA196,"PLC, Product detaljeret, Aarhus, Dec. 2023.xlsx",2.294191176470588,T-shirt
01083 T-Shirt unisex hvid k/æ P/B,Alm.slid uden restværdi,1,531,53,30155C97D461A4C000924DEB,"PLC, Product detaljeret, Aarhus, Dec. 2023.xlsx",3.0382674199623354,T-shirt
01083 T-Shirt unisex hvid k/æ P/B,Alm.slid uden restværdi,1,528,18,30155C97D461A4C00064EF66,"PLC, Product detaljeret, Aarhus, Dec. 2023.xlsx",1.0377272727272726,T-shirt
01083 T-Shirt unisex hvid k/æ P/B,Alm.slid uden restværdi,1,522,14,30155C97D461A4C00064EEC0,"PLC, Product detaljeret, Aarhus, Dec. 2023.xlsx",0.8163984674329503,T-shirt
01083 T-Shirt unisex hvid k/æ P/B,Alm.slid uden restværdi,1,518,21,30155C97D461A4C00064EF0C,"PLC, Product detaljeret, Aarhus, Dec. 2023.xlsx",1.234054054054054,T-shirt
01083 T-Shirt unisex hvid k/æ P/B,Alm.slid uden restværdi,1,518,51,30155C97D461A6C0010E46FE,"PLC, Product detaljeret, Aarhus, Dec. 2023.xlsx",2.996988416988417,T-shirt
09385 T-Shirt Hvid B/P M Arla Tryk,Alm.slid uden restværdi,1,511,21,30155C97D461A6C0008FFA16,"PLC, Product detaljeret, Aarhus, Dec. 2023.xlsx",1.250958904109589,T-shirt
10981 T-shirt prowear dame hvid pb,Alm.slid uden restværdi,1,505,2,30155C97D461A6C0015B33F1,"PLC, Product detaljeret, Aarhus, Dec. 2023.xlsx",0.12055445544554456,T-shirt
10981 T-shirt prowear dame hvid pb,Alm.slid uden restværdi,1,504,31,30155C97D461A6C00135D0C9,"PLC, Product detaljeret, Aarhus, Dec. 2023.xlsx",1.8723015873015874,T-shirt
01083 T-Shirt unisex hvid k/æ P/B,Alm.slid uden restværdi,1,490,13,30155C97D461A4C00093506C,"PLC, Product detaljeret, Aarhus, Dec. 2023.xlsx",0.8075918367346939,T-shirt
01083 T-Shirt unisex hvid k/æ P/B,Alm.slid uden restværdi,1,484,33,30155C97D461A6C0015B6404,"PLC, Product detaljeret, Aarhus, Dec. 2023.xlsx",2.075454545454545,T-shirt
09385 T-Shirt Hvid B/P M Arla Tryk,Alm.slid uden restværdi,1,458,18,30155C97D461A6C000B0A6F7,"PLC, Product detaljeret, Aarhus, Dec. 2023.xlsx",1.1963318777292578,T-shirt
01083 T-Shirt unisex hvid k/æ P/B,Alm.slid uden restværdi,1,452,13,30155C97D461A6C001861182,"PLC, Product detaljeret, Aarhus, Dec. 2023.xlsx",0.8754867256637169,T-shirt
01083 T-Shirt unisex hvid k/æ P/B,Alm.slid uden restværdi,1,449,15,30155C97D461A6C0010EEF64,"PLC, Product detaljeret, Aarhus, Dec. 2023.xlsx",1.0169265033407573,T-shirt
10981 T-shirt prowear dame hvid pb,Alm.slid uden restværdi,1,434,14,30155C97D461A4C000E987AB,"PLC, Product detaljeret, Aarhus, Dec. 2023.xlsx",0.9819354838709677,T-shirt
01083 T-Shirt unisex hvid k/æ P/B,Alm.slid uden restværdi,1,428,36,30155C97D461A6C001A5D355,"PLC, Product detaljeret, Aarhus, Dec. 2023.xlsx",2.560373831775701,T-shirt
"07859 T-Shirt L/Æ, Hvid p/b",Alm.slid uden restværdi,1,424,5,30155C97D461A4C00064F896,"PLC, Product detaljeret, Aarhus, Dec. 2023.xlsx",0.35896226415094346,T-shirt
01083 T-Shirt unisex hvid k/æ P/B,Alm.slid uden restværdi,1,407,35,30155C97D461A6C0010E8FB2,"PLC, Product detaljeret, Aarhus, Dec. 2023.xlsx",2.617690417690418,T-shirt
01083 T-Shirt unisex hvid k/æ P/B,Alm.slid uden restværdi,1,407,31,30155C97D461A6C001A5D176,"PLC, Product detaljeret, Aarhus, Dec. 2023.xlsx",2.318525798525799,T-shirt
01083 T-Shirt unisex hvid k/æ P/B,Alm.slid uden restværdi,1,407,33,30155C97D461A6C001A5D275,"PLC, Product detaljeret, Aarhus, Dec. 2023.xlsx",2.468108108108108,T-shirt
01083 T-Shirt unisex hvid k/æ P/B,Alm.slid uden restværdi,1,402,39,30155C97D461A6C001A5D24B,"PLC, Product detaljeret, Aarhus, Dec. 2023.xlsx",2.953134328358209,T-shirt
01083 T-Shirt unisex hvid k/æ P/B,Alm.slid uden restværdi,1,401,17,30155C97D461A6C001B9B434,"PLC, Product detaljeret, Aarhus, Dec. 2023.xlsx",1.2904738154613469,T-shirt
01083 T-Shirt unisex hvid k/æ P/B,Alm.slid uden restværdi,1,401,15,30155C97D461A6C001B9B524,"PLC, Product detaljeret, Aarhus, Dec. 2023.xlsx",1.1386533665835412,T-shirt
01083 T-Shirt unisex hvid k/æ P/B,Alm.slid uden restværdi,1,396,32,30155C97D461A6C0018F7AAF,"PLC, Product detaljeret, Aarhus, Dec. 2023.xlsx",2.45979797979798,T-shirt
01083 T-Shirt unisex hvid k/æ P/B,Alm.slid uden restværdi,1,390,37,30155C97D461A6C0018F7C13,"PLC, Product detaljeret, Aarhus, Dec. 2023.xlsx",2.887897435897436,T-shirt
01083 T-Shirt unisex hvid k/æ P/B,Alm.slid uden restværdi,1,374,37,30155C97D461A6C0018F7BA7,"PLC, Product detaljeret, Aarhus, Dec. 2023.xlsx",3.01144385026738,T-shirt
01083 T-Shirt unisex hvid k/æ P/B,Alm.slid uden restværdi,1,374,24,30155C97D461A6C001A6B059,"PLC, Product detaljeret, Aarhus, Dec. 2023.xlsx",1.9533689839572195,T-shirt
01083 T-Shirt unisex hvid k/æ P/B,Alm.slid uden restværdi,1,373,29,30155C97D461A6C001A6CCB2,"PLC, Product detaljeret, Aarhus, Dec. 2023.xlsx",2.3666487935656835,T-shirt
01083 T-Shirt unisex hvid k/æ P/B,Alm.slid uden restværdi,1,365,24,30155C97D461A6C001A6CBB8,"PLC, Product detaljeret, Aarhus, Dec. 2023.xlsx",2.0015342465753423,T-shirt
01083 T-Shirt unisex hvid k/æ P/B,Alm.slid uden restværdi,1,353,31,30155C97D461A6C001A6B04C,"PLC, Product detaljeret, Aarhus, Dec. 2023.xlsx",2.673201133144476,T-shirt
01083 T-Shirt unisex hvid k/æ P/B,Alm.slid uden restværdi,1,291,20,30155C97D461A4C000F4B331,"PLC, Product detaljeret, Aarhus, Dec. 2023.xlsx",2.0920962199312716,T-shirt
10981 T-shirt prowear dame hvid pb,Alm.slid uden restværdi,1,289,3,30155C97D461A6C001A691FA,"PLC, Product detaljeret, Aarhus, Dec. 2023.xlsx",0.3159861591695502,T-shirt
10981 T-shirt prowear dame hvid pb,Alm.slid uden restværdi,1,286,3,30155C97D461A6C001A691F2,"PLC, Product detaljeret, Aarhus, Dec. 2023.xlsx",0.3193006993006993,T-shirt
01083 T-Shirt unisex hvid k/æ P/B,Alm.slid uden restværdi,1,273,14,30155C97D461A4C000F454F1,"PLC, Product detaljeret, Aarhus, Dec. 2023.xlsx",1.5610256410256411,T-shirt
01083 T-Shirt unisex hvid k/æ P/B,Alm.slid uden restværdi,1,265,18,30155C97D461A4C0010BA2D8,"PLC, Product detaljeret, Aarhus, Dec. 2023.xlsx",2.067622641509434,T-shirt
09385 T-Shirt Hvid B/P M Arla Tryk,Alm.slid uden restværdi,1,263,16,30155C97D461A4C000C0633D,"PLC, Product detaljeret, Aarhus, Dec. 2023.xlsx",1.8518631178707226,T-shirt
09385 T-Shirt Hvid B/P M Arla Tryk,Alm.slid uden restværdi,1,244,8,30155C97D461A4C0010BE982,"PLC, Product detaljeret, Aarhus, Dec. 2023.xlsx",0.998032786885246,T-shirt
09385 T-Shirt Hvid B/P M Arla Tryk,Alm.slid uden restværdi,1,241,7,30155C97D461A4C0010BDF62,"PLC, Product detaljeret, Aarhus, Dec. 2023.xlsx",0.8841493775933611,T-shirt
09385 T-Shirt Hvid B/P M Arla Tryk,Alm.slid uden restværdi,1,236,7,30155C97D461A4C0010BDFEE,"PLC, Product detaljeret, Aarhus, Dec. 2023.xlsx",0.9028813559322034,T-shirt
09385 T-Shirt Hvid B/P M Arla Tryk,Alm.slid uden restværdi,1,236,8,30155C97D461A4C0010BE03F,"PLC, Product detaljeret, Aarhus, Dec. 2023.xlsx",1.031864406779661,T-shirt
01083 T-Shirt unisex hvid k/æ P/B,Alm.slid uden restværdi,1,233,3,30155C97D461A4C000C06956,"PLC, Product detaljeret, Aarhus, Dec. 2023.xlsx",0.39193133047210305,T-shirt
09385 T-Shirt Hvid B/P M Arla Tryk,Alm.slid uden restværdi,1,230,15,30155C97D461A4C000F464BE,"PLC, Product detaljeret, Aarhus, Dec. 2023.xlsx",1.9852173913043478,T-shirt
01083 T-Shirt unisex hvid k/æ P/B,Alm.slid uden restværdi,1,229,3,30155C97D461A4C000C068A2,"PLC, Product detaljeret, Aarhus, Dec. 2023.xlsx",0.3987772925764192,T-shirt
01083 T-Shirt unisex hvid k/æ P/B,Alm.slid uden restværdi,1,229,3,30155C97D461A4C000C068A3,"PLC, Product detaljeret, Aarhus, Dec. 2023.xlsx",0.3987772925764192,T-shirt
01083 T-Shirt unisex hvid k/æ P/B,Alm.slid uden restværdi,1,229,3,30155C97D461A4C000C06969,"PLC, Product detaljeret, Aarhus, Dec. 2023.xlsx",0.3987772925764192,T-shirt
01083 T-Shirt unisex hvid k/æ P/B,Alm.slid uden restværdi,1,228,15,30155C97D461A4C000C06994,"PLC, Product detaljeret, Aarhus, Dec. 2023.xlsx",2.0026315789473683,T-shirt
09385 T-Shirt Hvid B/P M Arla Tryk,Alm.slid uden restværdi,1,227,8,30155C97D461A4C000D7286F,"PLC, Product detaljeret, Aarhus, Dec. 2023.xlsx",1.072775330396476,T-shirt
09385 T-Shirt Hvid B/P M Arla Tryk,Alm.slid uden restværdi,1,226,8,30155C97D461A4C000F49EB6,"PLC, Product detaljeret, Aarhus, Dec. 2023.xlsx",1.0775221238938053,T-shirt
09385 T-Shirt Hvid B/P M Arla Tryk,Alm.slid uden restværdi,1,221,6,30155C97D461A4C000F42179,"PLC, Product detaljeret, Aarhus, Dec. 2023.xlsx",0.8264253393665159,T-shirt
09385 T-Shirt Hvid B/P M Arla Tryk,Alm.slid uden restværdi,1,219,6,30155C97D461A4C000F421D4,"PLC, Product detaljeret, Aarhus, Dec. 2023.xlsx",0.8339726027397261,T-shirt
09385 T-Shirt Hvid B/P M Arla Tryk,Alm.slid uden restværdi,1,210,12,30155C97D461A4C000F4220E,"PLC, Product detaljeret, Aarhus, Dec. 2023.xlsx",1.7394285714285715,T-shirt
09385 T-Shirt Hvid B/P M Arla Tryk,Alm.slid uden restværdi,1,210,11,30155C97D461A4C000F44539,"PLC, Product detaljeret, Aarhus, Dec. 2023.xlsx",1.5944761904761906,T-shirt
09385 T-Shirt Hvid B/P M Arla Tryk,Alm.slid uden restværdi,1,210,7,30155C97D461A4C00142384E,"PLC, Product detaljeret, Aarhus, Dec. 2023.xlsx",1.0146666666666666,T-shirt
01083 T-Shirt unisex hvid k/æ P/B,Alm.slid uden restværdi,1,208,19,30155C97D461A4C000C28F47,"PLC, Product detaljeret, Aarhus, Dec. 2023.xlsx",2.780576923076923,T-shirt
09385 T-Shirt Hvid B/P M Arla Tryk,Alm.slid uden restværdi,1,202,8,30155C97D461A4C000F4152E,"PLC, Product detaljeret, Aarhus, Dec. 2023.xlsx",1.2055445544554455,T-shirt
09385 T-Shirt Hvid B/P M Arla Tryk,Alm.slid uden restværdi,1,200,14,30155C97D461A4C000C29456,"PLC, Product detaljeret, Aarhus, Dec. 2023.xlsx",2.1308000000000002,T-shirt
09385 T-Shirt Hvid B/P M Arla Tryk,Alm.slid uden restværdi,1,200,24,30155C97D461A4C000C29458,"PLC, Product detaljeret, Aarhus, Dec. 2023.xlsx",3.6528,T-shirt
"07859 T-Shirt L/Æ, Hvid p/b",Alm.slid uden restværdi,1,197,5,30155C97D461A4C000D9602C,"PLC, Product detaljeret, Aarhus, Dec. 2023.xlsx",0.7725888324873097,T-shirt
10981 T-shirt prowear dame hvid pb,Alm.slid uden restværdi,1,196,9,30155C97D461A6C0000EDE20,"PLC, Product detaljeret, Aarhus, Dec. 2023.xlsx",1.3977551020408165,T-shirt
01083 T-Shirt unisex hvid k/æ P/B,Alm.slid uden restværdi,1,189,12,30155C97D461A4C000C2725C,"PLC, Product detaljeret, Aarhus, Dec. 2023.xlsx",1.9326984126984126,T-shirt
09385 T-Shirt Hvid B/P M Arla Tryk,Alm.slid uden restværdi,1,189,11,30155C97D461A4C000F414F7,"PLC, Product detaljeret, Aarhus, Dec. 2023.xlsx",1.7716402116402117,T-shirt
09385 T-Shirt Hvid B/P M Arla Tryk,Alm.slid uden restværdi,1,188,6,30155C97D461A4C001101DDB,"PLC, Product detaljeret, Aarhus, Dec. 2023.xlsx",0.9714893617021276,T-shirt
10981 T-shirt prowear dame hvid pb,Alm.slid uden restværdi,1,177,9,30155C97D461A4C000C2D09E,"PLC, Product detaljeret, Aarhus, Dec. 2023.xlsx",1.5477966101694918,T-shirt
09385 T-Shirt Hvid B/P M Arla Tryk,Alm.slid uden restværdi,1,176,7,30155C97D461A4C001101E3C,"PLC, Product detaljeret, Aarhus, Dec. 2023.xlsx",1.2106818181818182,T-shirt
01083 T-Shirt unisex hvid k/æ P/B,Alm.slid uden restværdi,1,174,8,30155C97D461A4C0010FED9B,"PLC, Product detaljeret, Aarhus, Dec. 2023.xlsx",1.3995402298850574,T-shirt
09385 T-Shirt Hvid B/P M Arla Tryk,Alm.slid uden restværdi,1,169,10,30155C97D461A4C000C243E8,"PLC, Product detaljeret, Aarhus, Dec. 2023.xlsx",1.8011834319526627,T-shirt
01083 T-Shirt unisex hvid k/æ P/B,Alm.slid uden restværdi,1,158,7,30155C97D461A6C0010E32B9,"PLC, Product detaljeret, Aarhus, Dec. 2023.xlsx",1.348607594936709,T-shirt
01083 T-Shirt unisex hvid k/æ P/B,Alm.slid uden restværdi,1,154,5,30155C97D461A4C000C07F18,"PLC, Product detaljeret, Aarhus, Dec. 2023.xlsx",0.9883116883116883,T-shirt
01083 T-Shirt unisex hvid k/æ P/B,Alm.slid uden restværdi,1,154,11,30155C97D461A4C000C07F91,"PLC, Product detaljeret, Aarhus, Dec. 2023.xlsx",2.1742857142857144,T-shirt
01083 T-Shirt unisex hvid k/æ P/B,Alm.slid uden restværdi,1,153,4,30155C97D461A4C000D7A118,"PLC, Product detaljeret, Aarhus, Dec. 2023.xlsx",0.7958169934640523,T-shirt
01083 T-Shirt unisex hvid k/æ P/B,Alm.slid uden restværdi,1,153,4,30155C97D461A4C000D7A2D0,"PLC, Product detaljeret, Aarhus, Dec. 2023.xlsx",0.7958169934640523,T-shirt
09385 T-Shirt Hvid B/P M Arla Tryk,Alm.slid uden restværdi,1,153,8,30155C97D461A4C000C2C2BC,"PLC, Product detaljeret, Aarhus, Dec. 2023.xlsx",1.5916339869281046,T-shirt
01083 T-Shirt unisex hvid k/æ P/B,Alm.slid uden restværdi,1,150,4,30155C97D461A4C000C07A8E,"PLC, Product detaljeret, Aarhus, Dec. 2023.xlsx",0.8117333333333334,T-shirt
01083 T-Shirt unisex hvid k/æ P/B,Alm.slid uden restværdi,1,150,6,30155C97D461A4C000C07FE6,"PLC, Product detaljeret, Aarhus, Dec. 2023.xlsx",1.2176,T-shirt
01083 T-Shirt unisex hvid k/æ P/B,Alm.slid uden restværdi,1,150,7,30155C97D461A6C0019ECD9B,"PLC, Product detaljeret, Aarhus, Dec. 2023.xlsx",1.4205333333333334,T-shirt
01083 T-Shirt unisex hvid k/æ P/B,Alm.slid uden restværdi,1,139,12,30155C97D461A4C000C06D8D,"PLC, Product detaljeret, Aarhus, Dec. 2023.xlsx",2.6279136690647484,T-shirt
10981 T-shirt prowear dame hvid pb,Alm.slid uden restværdi,1,138,7,30155C97D461A6C00189E259,"PLC, Product detaljeret, Aarhus, Dec. 2023.xlsx",1.5440579710144928,T-shirt
10981 T-shirt prowear dame hvid pb,Alm.slid uden restværdi,1,136,7,30155C97D461A4C000F60894,"PLC, Product detaljeret, Aarhus, Dec. 2023.xlsx",1.5667647058823528,T-shirt
08421 T-shirt unisex hvid k/æ bom,Alm.slid uden restværdi,1,134,3,30155C97D461A4C000D94CC4,"PLC, Product detaljeret, Aarhus, Dec. 2023.xlsx",0.6814925373134328,T-shirt
10981 T-shirt prowear dame hvid pb,Alm.slid uden restværdi,1,128,3,30155C97D461A4C00163B237,"PLC, Product detaljeret, Aarhus, Dec. 2023.xlsx",0.7134375000000001,T-shirt
09385 T-Shirt Hvid B/P M Arla Tryk,Alm.slid uden restværdi,1,124,3,30155C97D461A4C000C08BE0,"PLC, Product detaljeret, Aarhus, Dec. 2023.xlsx",0.7364516129032258,T-shirt
09385 T-Shirt Hvid B/P M Arla Tryk,Alm.slid uden restværdi,1,121,3,30155C97D461A4C0010C3F6A,"PLC, Product detaljeret, Aarhus, Dec. 2023.xlsx",0.7547107438016529,T-shirt
01083 T-Shirt unisex hvid k/æ P/B,Alm.slid uden restværdi,1,117,6,30155C97D461A4C0014BF2B9,"PLC, Product detaljeret, Aarhus, Dec. 2023.xlsx",1.5610256410256411,T-shirt
01083 T-Shirt unisex hvid k/æ P/B,Alm.slid uden restværdi,1,109,5,30155C97D461A4C0014BF3AD,"PLC, Product detaljeret, Aarhus, Dec. 2023.xlsx",1.396330275229358,T-shirt
01083 T-Shirt unisex hvid k/æ P/B,Alm.slid uden restværdi,1,108,6,30155C97D461A4C000D7C366,"PLC, Product detaljeret, Aarhus, Dec. 2023.xlsx",1.691111111111111,T-shirt
01083 T-Shirt unisex hvid k/æ P/B,Alm.slid uden restværdi,1,108,2,30155C97D461A4C0014DD3F0,"PLC, Product detaljeret, Aarhus, Dec. 2023.xlsx",0.5637037037037037,T-shirt
01083 T-Shirt unisex hvid k/æ P/B,Alm.slid uden restværdi,1,108,2,30155C97D461A4C0014DD46E,"PLC, Product detaljeret, Aarhus, Dec. 2023.xlsx",0.5637037037037037,T-shirt
01083 T-Shirt unisex hvid k/æ P/B,Alm.slid uden restværdi,1,108,8,30155C97D461A4C001646445,"PLC, Product detaljeret, Aarhus, Dec. 2023.xlsx",2.254814814814815,T-shirt
01083 T-Shirt unisex hvid k/æ P/B,Alm.slid uden restværdi,1,103,8,30155C97D461A4C0014BF277,"PLC, Product detaljeret, Aarhus, Dec. 2023.xlsx",2.3642718446601942,T-shirt
09385 T-Shirt Hvid B/P M Arla Tryk,Alm.slid uden restværdi,1,101,5,30155C97D461A4C000D7D017,"PLC, Product detaljeret, Aarhus, Dec. 2023.xlsx",1.5069306930693072,T-shirt
09385 T-Shirt Hvid B/P M Arla Tryk,Alm.slid uden restværdi,1,99,8,30155C97D461A4C000C074E5,"PLC, Product detaljeret, Aarhus, Dec. 2023.xlsx",2.45979797979798,T-shirt
09385 T-Shirt Hvid B/P M Arla Tryk,Alm.slid uden restværdi,1,66,2,30155C97D461A4C001642084,"PLC, Product detaljeret, Aarhus, Dec. 2023.xlsx",0.9224242424242425,T-shirt
09385 T-Shirt Hvid B/P M Arla Tryk,Alm.slid uden restværdi,1,62,3,30155C97D461A4C001642268,"PLC, Product detaljeret, Aarhus, Dec. 2023.xlsx",1.4729032258064516,T-shirt
01083 T-Shirt unisex hvid k/æ P/B,Alm.slid uden restværdi,1,54,4,30155C97D461A4C001203CF1,"PLC, Product detaljeret, Aarhus, Dec. 2023.xlsx",2.254814814814815,T-shirt
09385 T-Shirt Hvid B/P M Arla Tryk,Alm.slid uden restværdi,1,50,1,30155C97D461A4C0018AB7EE,"PLC, Product detaljeret, Aarhus, Dec. 2023.xlsx",0.6088,T-shirt
01083 T-Shirt unisex hvid k/æ P/B,Alm.slid uden restværdi,1,48,5,30155C97D461A4C001203CF9,"PLC, Product detaljeret, Aarhus, Dec. 2023.xlsx",3.1708333333333334,T-shirt
01083 T-Shirt unisex hvid k/æ P/B,Alm.slid uden restværdi,1,34,4,30155C97D461A4C00157454D,"PLC, Product detaljeret, Aarhus, Dec. 2023.xlsx",3.581176470588235,T-shirt
01083 T-Shirt unisex hvid k/æ P/B,Alm.slid uden restværdi,1,34,1,30155C97D461A4C001890AD2,"PLC, Product detaljeret, Aarhus, Dec. 2023.xlsx",0.8952941176470588,T-shirt
01083 T-Shirt unisex hvid k/æ P/B,Alm.slid uden restværdi,1,34,1,30155C97D461A4C001890B11,"PLC, Product detaljeret, Aarhus, Dec. 2023.xlsx",0.8952941176470588,T-shirt
01083 T-Shirt unisex hvid k/æ P/B,Alm.slid uden restværdi,1,34,1,30155C97D461A4C001890BC3,"PLC, Product detaljeret, Aarhus, Dec. 2023.xlsx",0.8952941176470588,T-shirt
01083 T-Shirt unisex hvid k/æ P/B,Alm.slid uden restværdi,1,34,3,30155C97D461A4C00191517C,"PLC, Product detaljeret, Aarhus, Dec. 2023.xlsx",2.6858823529411766,T-shirt
01083 T-Shirt unisex hvid k/æ P/B,Alm.slid uden restværdi,1,28,2,30155C97D461A4C00189212B,"PLC, Product detaljeret, Aarhus, Dec. 2023.xlsx",2.1742857142857144,T-shirt
01083 T-Shirt unisex hvid k/æ P/B,Alm.slid uden restværdi,1,25,2,30155C97D461A4C001203CC7,"PLC, Product detaljeret, Aarhus, Dec. 2023.xlsx",2.4352,T-shirt
01083 T-Shirt unisex hvid k/æ P/B,Alm.slid uden restværdi,1,25,1,30155C97D461A4C001203D02,"PLC, Product detaljeret, Aarhus, Dec. 2023.xlsx",1.2176,T-shirt
10981 T-shirt prowear dame hvid pb,Alm.slid uden restværdi,1,19,0,30155C97D461A4C0015737D3,"PLC, Product detaljeret, Aarhus, Dec. 2023.xlsx",0.0,T-shirt
01083 T-Shirt unisex hvid k/æ P/B,Alm.slid uden restværdi,1,2897,16,00D008F9DBAA,"PLC, Product detaljeret, Aarhus, Feb. 2023.xlsx",0.16811874352778736,T-shirt
01083 T-Shirt unisex hvid k/æ P/B,Alm.slid uden restværdi,1,2891,85,00D00892ED51,"PLC, Product detaljeret, Aarhus, Feb. 2023.xlsx",0.8949844344517468,T-shirt
09385 T-Shirt Hvid B/P M Arla Tryk,Alm.slid uden restværdi,1,2417,94,00D0092744D1,"PLC, Product detaljeret, Aarhus, Feb. 2023.xlsx",1.1838477451386016,T-shirt
01083 T-Shirt unisex hvid k/æ P/B,Alm.slid uden restværdi,1,2330,115,00D009780792,"PLC, Product detaljeret, Aarhus, Feb. 2023.xlsx",1.502403433476395,T-shirt
01083 T-Shirt unisex hvid k/æ P/B,Alm.slid uden restværdi,1,2297,79,00D0096FC212,"PLC, Product detaljeret, Aarhus, Feb. 2023.xlsx",1.0469133652590334,T-shirt
01083 T-Shirt unisex hvid k/æ P/B,Alm.slid uden restværdi,1,2260,53,00D009AFDC7B,"PLC, Product detaljeret, Aarhus, Feb. 2023.xlsx",0.713858407079646,T-shirt
09385 T-Shirt Hvid B/P M Arla Tryk,Alm.slid uden restværdi,1,2249,50,00D0098C52F6,"PLC, Product detaljeret, Aarhus, Feb. 2023.xlsx",0.6767452200978212,T-shirt
01083 T-Shirt unisex hvid k/æ P/B,Alm.slid uden restværdi,1,2207,59,00D009AF83BD,"PLC, Product detaljeret, Aarhus, Feb. 2023.xlsx",0.8137562301767105,T-shirt
09385 T-Shirt Hvid B/P M Arla Tryk,Alm.slid uden restværdi,1,2161,100,00D0099738FB,"PLC, Product detaljeret, Aarhus, Feb. 2023.xlsx",1.4086071263304027,T-shirt
09385 T-Shirt Hvid B/P M Arla Tryk,Alm.slid uden restværdi,1,2151,97,00D009978083,"PLC, Product detaljeret, Aarhus, Feb. 2023.xlsx",1.372701069270107,T-shirt
09385 T-Shirt Hvid B/P M Arla Tryk,Alm.slid uden restværdi,1,2135,99,00D009AC5D6B,"PLC, Product detaljeret, Aarhus, Feb. 2023.xlsx",1.411503512880562,T-shirt
01083 T-Shirt unisex hvid k/æ P/B,Alm.slid uden restværdi,1,2031,63,30155C97D461A7C000BBB77D,"PLC, Product detaljeret, Aarhus, Feb. 2023.xlsx",0.9442245199409158,T-shirt
09385 T-Shirt Hvid B/P M Arla Tryk,Alm.slid uden restværdi,1,1968,95,30155C97D461A7C000B1113E,"PLC, Product detaljeret, Aarhus, Feb. 2023.xlsx",1.4694105691056911,T-shirt
01083 T-Shirt unisex hvid k/æ P/B,Alm.slid uden restværdi,1,1952,99,30155C97D461A7C000D2C0A2,"PLC, Product detaljeret, Aarhus, Feb. 2023.xlsx",1.5438319672131149,T-shirt
09385 T-Shirt Hvid B/P M Arla Tryk,Alm.slid uden restværdi,1,1919,82,30155C97D461A7C000D74AC9,"PLC, Product detaljeret, Aarhus, Feb. 2023.xlsx",1.3007191245440335,T-shirt
01083 T-Shirt unisex hvid k/æ P/B,Alm.slid uden restværdi,1,1804,117,30155C97D461A7C0010DB300,"PLC, Product detaljeret, Aarhus, Feb. 2023.xlsx",1.9742128603104212,T-shirt
03850 T-Shirt Hvid Lady K/Æ P/B,Alm.slid uden restværdi,1,1742,67,30155C97D461A7C001225185,"PLC, Product detaljeret, Aarhus, Feb. 2023.xlsx",1.1707692307692308,T-shirt
03850 T-Shirt Hvid Lady K/Æ P/B,Alm.slid uden restværdi,1,1742,76,30155C97D461A7C0012251EC,"PLC, Product detaljeret, Aarhus, Feb. 2023.xlsx",1.328036739380023,T-shirt
03850 T-Shirt Hvid Lady K/Æ P/B,Alm.slid uden restværdi,1,1742,78,30155C97D461A7C001225239,"PLC, Product detaljeret, Aarhus, Feb. 2023.xlsx",1.3629850746268657,T-shirt
03850 T-Shirt Hvid Lady K/Æ P/B,Alm.slid uden restværdi,1,1742,74,30155C97D461A7C001225270,"PLC, Product detaljeret, Aarhus, Feb. 2023.xlsx",1.2930884041331803,T-shirt
03850 T-Shirt Hvid Lady K/Æ P/B,Alm.slid uden restværdi,1,1742,75,30155C97D461A7C0012252CC,"PLC, Product detaljeret, Aarhus, Feb. 2023.xlsx",1.3105625717566018,T-shirt
03850 T-Shirt Hvid Lady K/Æ P/B,Alm.slid uden restværdi,1,1741,23,30155C97D461A7C000CA7991,"PLC, Product detaljeret, Aarhus, Feb. 2023.xlsx",0.4021367030442275,T-shirt
01083 T-Shirt unisex hvid k/æ P/B,Alm.slid uden restværdi,1,1723,62,30155C97D461A7C00113142D,"PLC, Product detaljeret, Aarhus, Feb. 2023.xlsx",1.095345327916425,T-shirt
03850 T-Shirt Hvid Lady K/Æ P/B,Alm.slid uden restværdi,1,1710,89,30155C97D461A7C001224A29,"PLC, Product detaljeret, Aarhus, Feb. 2023.xlsx",1.5843040935672514,T-shirt
03850 T-Shirt Hvid Lady K/Æ P/B,Alm.slid uden restværdi,1,1708,114,30155C97D461A7C001225211,"PLC, Product detaljeret, Aarhus, Feb. 2023.xlsx",2.0317096018735366,T-shirt
03850 T-Shirt Hvid Lady K/Æ P/B,Alm.slid uden restværdi,1,1705,52,30155C97D461A7C000E90238,"PLC, Product detaljeret, Aarhus, Feb. 2023.xlsx",0.928375366568915,T-shirt
01083 T-Shirt unisex hvid k/æ P/B,Alm.slid uden restværdi,1,1701,77,30155C97D461A7C0015E2E13,"PLC, Product detaljeret, Aarhus, Feb. 2023.xlsx",1.377942386831276,T-shirt
03850 T-Shirt Hvid Lady K/Æ P/B,Alm.slid uden restværdi,1,1700,15,30155C97D461A7C000B95FC1,"PLC, Product detaljeret, Aarhus, Feb. 2023.xlsx",0.2685882352941176,T-shirt
03850 T-Shirt Hvid Lady K/Æ P/B,Alm.slid uden restværdi,1,1700,22,30155C97D461A7C000B9603C,"PLC, Product detaljeret, Aarhus, Feb. 2023.xlsx",0.3939294117647059,T-shirt
03850 T-Shirt Hvid Lady K/Æ P/B,Alm.slid uden restværdi,1,1663,10,30155C97D461A7C000E09744,"PLC, Product detaljeret, Aarhus, Feb. 2023.xlsx",0.18304269392663863,T-shirt
01083 T-Shirt unisex hvid k/æ P/B,Alm.slid uden restværdi,1,1645,83,30155C97D461A7C0013C75BD,"PLC, Product detaljeret, Aarhus, Feb. 2023.xlsx",1.5358784194528876,T-shirt
01083 T-Shirt unisex hvid k/æ P/B,Alm.slid uden restværdi,1,1645,87,30155C97D461A7C0013C765A,"PLC, Product detaljeret, Aarhus, Feb. 2023.xlsx",1.6098966565349544,T-shirt
03850 T-Shirt Hvid Lady K/Æ P/B,Alm.slid uden restværdi,1,1645,11,30155C97D461A7C000CA7F15,"PLC, Product detaljeret, Aarhus, Feb. 2023.xlsx",0.2035501519756839,T-shirt
03850 T-Shirt Hvid Lady K/Æ P/B,Alm.slid uden restværdi,1,1644,63,30155C97D461A7C001225035,"PLC, Product detaljeret, Aarhus, Feb. 2023.xlsx",1.1664963503649637,T-shirt
03850 T-Shirt Hvid Lady K/Æ P/B,Alm.slid uden restværdi,1,1600,56,30155C97D461A7C000CA7DE7,"PLC, Product detaljeret, Aarhus, Feb. 2023.xlsx",1.0654000000000001,T-shirt
03850 T-Shirt Hvid Lady K/Æ P/B,Alm.slid uden restværdi,1,1600,54,30155C97D461A7C000CA7DF0,"PLC, Product detaljeret, Aarhus, Feb. 2023.xlsx",1.0273500000000002,T-shirt
03850 T-Shirt Hvid Lady K/Æ P/B,Alm.slid uden restværdi,1,1600,59,30155C97D461A7C000CA7E05,"PLC, Product detaljeret, Aarhus, Feb. 2023.xlsx",1.122475,T-shirt
01083 T-Shirt unisex hvid k/æ P/B,Alm.slid uden restværdi,1,1588,47,30155C97D461A7C000D71EBB,"PLC, Product detaljeret, Aarhus, Feb. 2023.xlsx",0.9009319899244332,T-shirt
01083 T-Shirt unisex hvid k/æ P/B,Alm.slid uden restværdi,1,1565,146,30155C97D461A7C001530E86,"PLC, Product detaljeret, Aarhus, Feb. 2023.xlsx",2.839769968051118,T-shirt
01083 T-Shirt unisex hvid k/æ P/B,Alm.slid uden restværdi,1,1565,140,30155C97D461A7C001536399,"PLC, Product detaljeret, Aarhus, Feb. 2023.xlsx",2.7230670926517573,T-shirt
01083 T-Shirt unisex hvid k/æ P/B,Alm.slid uden restværdi,1,1565,135,30155C97D461A7C001537156,"PLC, Product detaljeret, Aarhus, Feb. 2023.xlsx",2.625814696485623,T-shirt
01083 T-Shirt unisex hvid k/æ P/B,Alm.slid uden restværdi,1,1563,79,30155C97D461A7C0015130D9,"PLC, Product detaljeret, Aarhus, Feb. 2023.xlsx",1.538554062699936,T-shirt
09385 T-Shirt Hvid B/P M Arla Tryk,Alm.slid uden restværdi,1,1563,24,30155C97D461A7C00113214F,"PLC, Product detaljeret, Aarhus, Feb. 2023.xlsx",0.4674088291746641,T-shirt
09385 T-Shirt Hvid B/P M Arla Tryk,Alm.slid uden restværdi,1,1563,19,30155C97D461A7C00122A9D0,"PLC, Product detaljeret, Aarhus, Feb. 2023.xlsx",0.3700319897632758,T-shirt
09385 T-Shirt Hvid B/P M Arla Tryk,Alm.slid uden restværdi,1,1560,84,30155C97D461A7C00122AA9D,"PLC, Product detaljeret, Aarhus, Feb. 2023.xlsx",1.6390769230769233,T-shirt
01083 T-Shirt unisex hvid k/æ P/B,Alm.slid uden restværdi,1,1559,108,30155C97D461A7C0013C4B53,"PLC, Product detaljeret, Aarhus, Feb. 2023.xlsx",2.1087363694676076,T-shirt
01083 T-Shirt unisex hvid k/æ P/B,Alm.slid uden restværdi,1,1559,110,30155C97D461A7C0013C4CAF,"PLC, Product detaljeret, Aarhus, Feb. 2023.xlsx",2.147787042976267,T-shirt
01083 T-Shirt unisex hvid k/æ P/B,Alm.slid uden restværdi,1,1549,66,30155C97D461A7C001514A5A,"PLC, Product detaljeret, Aarhus, Feb. 2023.xlsx",1.2969916074887025,T-shirt
01083 T-Shirt unisex hvid k/æ P/B,Alm.slid uden restværdi,1,1548,38,30155C97D461A7C001512C93,"PLC, Product detaljeret, Aarhus, Feb. 2023.xlsx",0.7472351421188631,T-shirt
01083 T-Shirt unisex hvid k/æ P/B,Alm.slid uden restværdi,1,1548,33,30155C97D461A7C001512F15,"PLC, Product detaljeret, Aarhus, Feb. 2023.xlsx",0.6489147286821706,T-shirt
01083 T-Shirt unisex hvid k/æ P/B,Alm.slid uden restværdi,1,1548,70,30155C97D461A7C001512F34,"PLC, Product detaljeret, Aarhus, Feb. 2023.xlsx",1.3764857881136952,T-shirt
01083 T-Shirt unisex hvid k/æ P/B,Alm.slid uden restværdi,1,1548,32,30155C97D461A7C001512F62,"PLC, Product detaljeret, Aarhus, Feb. 2023.xlsx",0.629250645994832,T-shirt
01083 T-Shirt unisex hvid k/æ P/B,Alm.slid uden restværdi,1,1548,40,30155C97D461A7C001512F6E,"PLC, Product detaljeret, Aarhus, Feb. 2023.xlsx",0.7865633074935401,T-shirt
01083 T-Shirt unisex hvid k/æ P/B,Alm.slid uden restværdi,1,1548,56,30155C97D461A7C0015130F6,"PLC, Product detaljeret, Aarhus, Feb. 2023.xlsx",1.101188630490956,T-shirt
01083 T-Shirt unisex hvid k/æ P/B,Alm.slid uden restværdi,1,1548,39,30155C97D461A7C0015130FE,"PLC, Product detaljeret, Aarhus, Feb. 2023.xlsx",0.7668992248062015,T-shirt
01083 T-Shirt unisex hvid k/æ P/B,Alm.slid uden restværdi,1,1548,51,30155C97D461A7C00151371B,"PLC, Product detaljeret, Aarhus, Feb. 2023.xlsx",1.0028682170542638,T-shirt
01083 T-Shirt unisex hvid k/æ P/B,Alm.slid uden restværdi,1,1548,38,30155C97D461A7C0015142CE,"PLC, Product detaljeret, Aarhus, Feb. 2023.xlsx",0.7472351421188631,T-shirt
01083 T-Shirt unisex hvid k/æ P/B,Alm.slid uden restværdi,1,1548,14,30155C97D461A7C001514337,"PLC, Product detaljeret, Aarhus, Feb. 2023.xlsx",0.275297157622739,T-shirt
01083 T-Shirt unisex hvid k/æ P/B,Alm.slid uden restværdi,1,1548,68,30155C97D461A7C00151496F,"PLC, Product detaljeret, Aarhus, Feb. 2023.xlsx",1.337157622739018,T-shirt
01083 T-Shirt unisex hvid k/æ P/B,Alm.slid uden restværdi,1,1548,80,30155C97D461A7C00151497A,"PLC, Product detaljeret, Aarhus, Feb. 2023.xlsx",1.5731266149870802,T-shirt
01083 T-Shirt unisex hvid k/æ P/B,Alm.slid uden restværdi,1,1548,35,30155C97D461A7C0015149AB,"PLC, Product detaljeret, Aarhus, Feb. 2023.xlsx",0.6882428940568476,T-shirt
01083 T-Shirt unisex hvid k/æ P/B,Alm.slid uden restværdi,1,1548,31,30155C97D461A7C001514A43,"PLC, Product detaljeret, Aarhus, Feb. 2023.xlsx",0.6095865633074935,T-shirt
01083 T-Shirt unisex hvid k/æ P/B,Alm.slid uden restværdi,1,1548,49,30155C97D461A7C001514A6E,"PLC, Product detaljeret, Aarhus, Feb. 2023.xlsx",0.9635400516795866,T-shirt
01083 T-Shirt unisex hvid k/æ P/B,Alm.slid uden restværdi,1,1548,78,30155C97D461A7C001514A93,"PLC, Product detaljeret, Aarhus, Feb. 2023.xlsx",1.533798449612403,T-shirt
01083 T-Shirt unisex hvid k/æ P/B,Alm.slid uden restværdi,1,1548,30,30155C97D461A7C001514AA4,"PLC, Product detaljeret, Aarhus, Feb. 2023.xlsx",0.5899224806201551,T-shirt
01083 T-Shirt unisex hvid k/æ P/B,Alm.slid uden restværdi,1,1536,72,30155C97D461A7C0015F91E1,"PLC, Product detaljeret, Aarhus, Feb. 2023.xlsx",1.4268750000000001,T-shirt
09385 T-Shirt Hvid B/P M Arla Tryk,Alm.slid uden restværdi,1,1523,78,30155C97D461A7C001531794,"PLC, Product detaljeret, Aarhus, Feb. 2023.xlsx",1.5589757058437295,T-shirt
09385 T-Shirt Hvid B/P M Arla Tryk,Alm.slid uden restværdi,1,1505,36,30155C97D461A7C001238A72,"PLC, Product detaljeret, Aarhus, Feb. 2023.xlsx",0.7281328903654485,T-shirt
03850 T-Shirt Hvid Lady K/Æ P/B,Alm.slid uden restværdi,1,1475,66,30155C97D461A7C00122449F,"PLC, Product detaljeret, Aarhus, Feb. 2023.xlsx",1.3620610169491527,T-shirt
01083 T-Shirt unisex hvid k/æ P/B,Alm.slid uden restværdi,1,1449,124,30155C97D461A7C0016E298F,"PLC, Product detaljeret, Aarhus, Feb. 2023.xlsx",2.604941338854382,T-shirt
01083 T-Shirt unisex hvid k/æ P/B,Alm.slid uden restværdi,1,1341,74,30155C97D461A7C002120119,"PLC, Product detaljeret, Aarhus, Feb. 2023.xlsx",1.6797613721103655,T-shirt
01083 T-Shirt unisex hvid k/æ P/B,Alm.slid uden restværdi,1,1324,12,30155C97D461A7C0021200CF,"PLC, Product detaljeret, Aarhus, Feb. 2023.xlsx",0.2758912386706949,T-shirt
01083 T-Shirt unisex hvid k/æ P/B,Alm.slid uden restværdi,1,1319,77,30155C97D461A7C002169C2C,"PLC, Product detaljeret, Aarhus, Feb. 2023.xlsx",1.7770128885519334,T-shirt
01083 T-Shirt unisex hvid k/æ P/B,Alm.slid uden restværdi,1,1316,76,30155C97D461A7C0020F16A6,"PLC, Product detaljeret, Aarhus, Feb. 2023.xlsx",1.7579331306990882,T-shirt
01083 T-Shirt unisex hvid k/æ P/B,Alm.slid uden restværdi,1,1316,64,30155C97D461A7C0020F17F3,"PLC, Product detaljeret, Aarhus, Feb. 2023.xlsx",1.4803647416413375,T-shirt
01083 T-Shirt unisex hvid k/æ P/B,Alm.slid uden restværdi,1,1305,99,30155C97D461A7C0020F1911,"PLC, Product detaljeret, Aarhus, Feb. 2023.xlsx",2.309241379310345,T-shirt
12396 T-shirt 1/2 æ lady hvid PB,Alm.slid uden restværdi,1,1286,19,00D00972B184,"PLC, Product detaljeret, Aarhus, Feb. 2023.xlsx",0.4497356143079316,T-shirt
01083 T-Shirt unisex hvid k/æ P/B,Alm.slid uden restværdi,1,1261,45,30155C97D461A7C00211525F,"PLC, Product detaljeret, Aarhus, Feb. 2023.xlsx",1.0862807295796986,T-shirt
03850 T-Shirt Hvid Lady K/Æ P/B,Alm.slid uden restværdi,1,1248,53,30155C97D461A7C000CA7DBA,"PLC, Product detaljeret, Aarhus, Feb. 2023.xlsx",1.2927243589743591,T-shirt
01083 T-Shirt unisex hvid k/æ P/B,Alm.slid uden restværdi,1,1247,39,30155C97D461A7C001238AA6,"PLC, Product detaljeret, Aarhus, Feb. 2023.xlsx",0.9520128307939054,T-shirt
09385 T-Shirt Hvid B/P M Arla Tryk,Alm.slid uden restværdi,1,1243,9,30155C97D461A7C0016E294C,"PLC, Product detaljeret, Aarhus, Feb. 2023.xlsx",0.220402252614642,T-shirt
09385 T-Shirt Hvid B/P M Arla Tryk,Alm.slid uden restværdi,1,1171,9,30155C97D461A7C0016E2851,"PLC, Product detaljeret, Aarhus, Feb. 2023.xlsx",0.2339538855678907,T-shirt
01083 T-Shirt unisex hvid k/æ P/B,Alm.slid uden restværdi,1,1156,102,30155C97D461A7C00266DB24,"PLC, Product detaljeret, Aarhus, Feb. 2023.xlsx",2.6858823529411766,T-shirt
03850 T-Shirt Hvid Lady K/Æ P/B,Alm.slid uden restværdi,1,1134,6,30155C97D461A7C000E0849C,"PLC, Product detaljeret, Aarhus, Feb. 2023.xlsx",0.16105820105820107,T-shirt
03850 T-Shirt Hvid Lady K/Æ P/B,Alm.slid uden restværdi,1,1118,30,30155C97D461A7C001442CED,"PLC, Product detaljeret, Aarhus, Feb. 2023.xlsx",0.8168157423971377,T-shirt
09385 T-Shirt Hvid B/P M Arla Tryk,Alm.slid uden restværdi,1,1116,13,30155C97D461A7C0020F3C0D,"PLC, Product detaljeret, Aarhus, Feb. 2023.xlsx",0.35458781362007175,T-shirt
01083 T-Shirt unisex hvid k/æ P/B,Alm.slid uden restværdi,1,1100,85,30155C97D461A7C00266E68A,"PLC, Product detaljeret, Aarhus, Feb. 2023.xlsx",2.352181818181818,T-shirt
09385 T-Shirt Hvid B/P M Arla Tryk,Alm.slid uden restværdi,1,1089,93,30155C97D461A7C0020F20C6,"PLC, Product detaljeret, Aarhus, Feb. 2023.xlsx",2.599559228650138,T-shirt
03850 T-Shirt Hvid Lady K/Æ P/B,Alm.slid uden restværdi,1,1064,44,30155C97D461A7C000E0B218,"PLC, Product detaljeret, Aarhus, Feb. 2023.xlsx",1.258796992481203,T-shirt
03850 T-Shirt Hvid Lady K/Æ P/B,Alm.slid uden restværdi,1,1064,56,30155C97D461A7C000E0B259,"PLC, Product detaljeret, Aarhus, Feb. 2023.xlsx",1.6021052631578947,T-shirt
03850 T-Shirt Hvid Lady K/Æ P/B,Alm.slid uden restværdi,1,1064,45,30155C97D461A7C000E0B379,"PLC, Product detaljeret, Aarhus, Feb. 2023.xlsx",1.2874060150375939,T-shirt
03850 T-Shirt Hvid Lady K/Æ P/B,Alm.slid uden restværdi,1,1063,44,30155C97D461A7C000E0B347,"PLC, Product detaljeret, Aarhus, Feb. 2023.xlsx",1.2599811853245533,T-shirt
03850 T-Shirt Hvid Lady K/Æ P/B,Alm.slid uden restværdi,1,1063,47,30155C97D461A7C000E0B36E,"PLC, Product detaljeret, Aarhus, Feb. 2023.xlsx",1.3458889934148637,T-shirt
01083 T-Shirt unisex hvid k/æ P/B,Alm.slid uden restværdi,1,928,86,30155C97D461A7C002951FB0,"PLC, Product detaljeret, Aarhus, Feb. 2023.xlsx",2.820948275862069,T-shirt
01083 T-Shirt unisex hvid k/æ P/B,Alm.slid uden restværdi,1,928,74,30155C97D461A7C002952019,"PLC, Product detaljeret, Aarhus, Feb. 2023.xlsx",2.427327586206897,T-shirt
01083 T-Shirt unisex hvid k/æ P/B,Alm.slid uden restværdi,1,927,76,30155C97D461A7C002951F83,"PLC, Product detaljeret, Aarhus, Feb. 2023.xlsx",2.49562028047465,T-shirt
01083 T-Shirt unisex hvid k/æ P/B,Alm.slid uden restværdi,1,912,37,30155C97D461A7C0013FEE42,"PLC, Product detaljeret, Aarhus, Feb. 2023.xlsx",1.2349561403508773,T-shirt
03850 T-Shirt Hvid Lady K/Æ P/B,Alm.slid uden restværdi,1,901,42,30155C97D461A7C000E08A50,"PLC, Product detaljeret, Aarhus, Feb. 2023.xlsx",1.4189567147613762,T-shirt
01083 T-Shirt unisex hvid k/æ P/B,Alm.slid uden restværdi,1,892,34,30155C97D461A7C002913640,"PLC, Product detaljeret, Aarhus, Feb. 2023.xlsx",1.160269058295964,T-shirt
09385 T-Shirt Hvid B/P M Arla Tryk,Alm.slid uden restværdi,1,886,40,30155C97D461A7C0027CB815,"PLC, Product detaljeret, Aarhus, Feb. 2023.xlsx",1.3742663656884877,T-shirt
03850 T-Shirt Hvid Lady K/Æ P/B,Alm.slid uden restværdi,1,880,17,30155C97D461A7C000E8FB31,"PLC, Product detaljeret, Aarhus, Feb. 2023.xlsx",0.5880454545454545,T-shirt
01083 T-Shirt unisex hvid k/æ P/B,Alm.slid uden restværdi,1,876,104,30155C97D461A6C0000E8FA7,"PLC, Product detaljeret, Aarhus, Feb. 2023.xlsx",3.6138812785388126,T-shirt
10981 T-shirt prowear dame hvid pb,Alm.slid uden restværdi,1,856,38,30155C97D461A6C000145834,"PLC, Product detaljeret, Aarhus, Feb. 2023.xlsx",1.3513084112149534,T-shirt
01083 T-Shirt unisex hvid k/æ P/B,Alm.slid uden restværdi,1,847,60,30155C97D461A6C000145621,"PLC, Product detaljeret, Aarhus, Feb. 2023.xlsx",2.1563164108618658,T-shirt
01083 T-Shirt unisex hvid k/æ P/B,Alm.slid uden restværdi,1,841,65,30155C97D461A6C000356FBF,"PLC, Product detaljeret, Aarhus, Feb. 2023.xlsx",2.3526753864447087,T-shirt
03850 T-Shirt Hvid Lady K/Æ P/B,Alm.slid uden restværdi,1,823,44,30155C97D461A7C001D53801,"PLC, Product detaljeret, Aarhus, Feb. 2023.xlsx",1.6274119076549212,T-shirt
03850 T-Shirt Hvid Lady K/Æ P/B,Alm.slid uden restværdi,1,823,42,30155C97D461A7C001D5382D,"PLC, Product detaljeret, Aarhus, Feb. 2023.xlsx",1.553438639125152,T-shirt
09385 T-Shirt Hvid B/P M Arla Tryk,Alm.slid uden restværdi,1,818,54,30155C97D461A7C0027CBB09,"PLC, Product detaljeret, Aarhus, Feb. 2023.xlsx",2.009486552567237,T-shirt
01083 T-Shirt unisex hvid k/æ P/B,Alm.slid uden restværdi,1,812,75,30155C97D461A6C000357186,"PLC, Product detaljeret, Aarhus, Feb. 2023.xlsx",2.811576354679803,T-shirt
01083 T-Shirt unisex hvid k/æ P/B,Alm.slid uden restværdi,1,786,60,30155C97D461A6C00012CE0C,"PLC, Product detaljeret, Aarhus, Feb. 2023.xlsx",2.3236641221374046,T-shirt
09385 T-Shirt Hvid B/P M Arla Tryk,Alm.slid uden restværdi,1,768,24,30155C97D461A6C000359C90,"PLC, Product detaljeret, Aarhus, Feb. 2023.xlsx",0.95125,T-shirt
09385 T-Shirt Hvid B/P M Arla Tryk,Alm.slid uden restværdi,1,763,67,30155C97D461A6C000359C89,"PLC, Product detaljeret, Aarhus, Feb. 2023.xlsx",2.6729750982961993,T-shirt
26666 T-shirt dame 1/2 ærme hvid,Alm.slid uden restværdi,1,739,28,30155C97D461A6C0000FB8F5,"PLC, Product detaljeret, Aarhus, Feb. 2023.xlsx",1.153342354533153,T-shirt
26666 T-shirt dame 1/2 ærme hvid,Alm.slid uden restværdi,1,720,50,30155C97D461A6C0000FB914,"PLC, Product detaljeret, Aarhus, Feb. 2023.xlsx",2.113888888888889,T-shirt
10981 T-shirt prowear dame hvid pb,Alm.slid uden restværdi,1,715,14,30155C97D461A6C00030E6E1,"PLC, Product detaljeret, Aarhus, Feb. 2023.xlsx",0.5960279720279721,T-shirt
26666 T-shirt dame 1/2 ærme hvid,Alm.slid uden restværdi,1,714,47,30155C97D461A6C0000FB906,"PLC, Product detaljeret, Aarhus, Feb. 2023.xlsx",2.0037535014005603,T-shirt
26666 T-shirt dame 1/2 ærme hvid,Alm.slid uden restværdi,1,713,52,30155C97D461A6C0000FB908,"PLC, Product detaljeret, Aarhus, Feb. 2023.xlsx",2.2200280504908836,T-shirt
01083 T-Shirt unisex hvid k/æ P/B,Alm.slid uden restværdi,1,705,3,30155C97D461A6C00020F09A,"PLC, Product detaljeret, Aarhus, Feb. 2023.xlsx",0.12953191489361704,T-shirt
10981 T-shirt prowear dame hvid pb,Alm.slid uden restværdi,1,703,32,30155C97D461A6C00030D6BD,"PLC, Product detaljeret, Aarhus, Feb. 2023.xlsx",1.3856045519203415,T-shirt
03850 T-Shirt Hvid Lady K/Æ P/B,Alm.slid uden restværdi,1,676,25,30155C97D461A7C000E905AF,"PLC, Product detaljeret, Aarhus, Feb. 2023.xlsx",1.1257396449704142,T-shirt
26666 T-shirt dame 1/2 ærme hvid,Alm.slid uden restværdi,1,667,46,30155C97D461A6C00080B7BF,"PLC, Product detaljeret, Aarhus, Feb. 2023.xlsx",2.099310344827586,T-shirt
01083 T-Shirt unisex hvid k/æ P/B,Alm.slid uden restværdi,1,661,3,30155C97D461A6C0003A6BF9,"PLC, Product detaljeret, Aarhus, Feb. 2023.xlsx",0.13815431164901665,T-shirt
26666 T-shirt dame 1/2 ærme hvid,Alm.slid uden restværdi,1,660,37,30155C97D461A6C00080B741,"PLC, Product detaljeret, Aarhus, Feb. 2023.xlsx",1.7064848484848485,T-shirt
26666 T-shirt dame 1/2 ærme hvid,Alm.slid uden restværdi,1,660,46,30155C97D461A6C00080B7D3,"PLC, Product detaljeret, Aarhus, Feb. 2023.xlsx",2.1215757575757577,T-shirt
01083 T-Shirt unisex hvid k/æ P/B,Alm.slid uden restværdi,1,646,37,30155C97D461A6C0002FC922,"PLC, Product detaljeret, Aarhus, Feb. 2023.xlsx",1.7434674922600621,T-shirt
10981 T-shirt prowear dame hvid pb,Alm.slid uden restværdi,1,633,9,30155C97D461A6C00020F7BF,"PLC, Product detaljeret, Aarhus, Feb. 2023.xlsx",0.4327962085308057,T-shirt
01083 T-Shirt unisex hvid k/æ P/B,Alm.slid uden restværdi,1,624,63,30155C97D461A6C000B0001C,"PLC, Product detaljeret, Aarhus, Feb. 2023.xlsx",3.073269230769231,T-shirt
01083 T-Shirt unisex hvid k/æ P/B,Alm.slid uden restværdi,1,624,71,30155C97D461A6C000B00026,"PLC, Product detaljeret, Aarhus, Feb. 2023.xlsx",3.463525641025641,T-shirt
01083 T-Shirt unisex hvid k/æ P/B,Alm.slid uden restværdi,1,624,68,30155C97D461A6C000B0002F,"PLC, Product detaljeret, Aarhus, Feb. 2023.xlsx",3.3171794871794873,T-shirt
01083 T-Shirt unisex hvid k/æ P/B,Alm.slid uden restværdi,1,624,69,30155C97D461A6C000B00082,"PLC, Product detaljeret, Aarhus, Feb. 2023.xlsx",3.3659615384615384,T-shirt
01083 T-Shirt unisex hvid k/æ P/B,Alm.slid uden restværdi,1,624,57,30155C97D461A6C000B0009E,"PLC, Product detaljeret, Aarhus, Feb. 2023.xlsx",2.780576923076923,T-shirt
01083 T-Shirt unisex hvid k/æ P/B,Alm.slid uden restværdi,1,624,50,30155C97D461A6C000B000C1,"PLC, Product detaljeret, Aarhus, Feb. 2023.xlsx",2.4391025641025643,T-shirt
10981 T-shirt prowear dame hvid pb,Alm.slid uden restværdi,1,618,19,30155C97D461A6C0003ABFD3,"PLC, Product detaljeret, Aarhus, Feb. 2023.xlsx",0.9358576051779935,T-shirt
01083 T-Shirt unisex hvid k/æ P/B,Alm.slid uden restværdi,1,616,64,30155C97D461A6C000AFFFFC,"PLC, Product detaljeret, Aarhus, Feb. 2023.xlsx",3.162597402597403,T-shirt
01083 T-Shirt unisex hvid k/æ P/B,Alm.slid uden restværdi,1,616,63,30155C97D461A6C000B000C2,"PLC, Product detaljeret, Aarhus, Feb. 2023.xlsx",3.1131818181818187,T-shirt
01083 T-Shirt unisex hvid k/æ P/B,Alm.slid uden restværdi,1,603,38,30155C97D461A6C000B86155,"PLC, Product detaljeret, Aarhus, Feb. 2023.xlsx",1.9182752902155888,T-shirt
09385 T-Shirt Hvid B/P M Arla Tryk,Alm.slid uden restværdi,1,584,26,30155C97D461A6C00012D237,"PLC, Product detaljeret, Aarhus, Feb. 2023.xlsx",1.3552054794520547,T-shirt
01083 T-Shirt unisex hvid k/æ P/B,Alm.slid uden restværdi,1,575,70,30155C97D461A6C0001B1A0B,"PLC, Product detaljeret, Aarhus, Feb. 2023.xlsx",3.705739130434783,T-shirt
01083 T-Shirt unisex hvid k/æ P/B,Alm.slid uden restværdi,1,561,43,30155C97D461A6C000B1BDDA,"PLC, Product detaljeret, Aarhus, Feb. 2023.xlsx",2.3331907308377895,T-shirt
10981 T-shirt prowear dame hvid pb,Alm.slid uden restværdi,1,537,15,30155C97D461A6C0005CD1CB,"PLC, Product detaljeret, Aarhus, Feb. 2023.xlsx",0.8502793296089385,T-shirt
01083 T-Shirt unisex hvid k/æ P/B,Alm.slid uden restværdi,1,508,18,30155C97D461A6C000B9F526,"PLC, Product detaljeret, Aarhus, Feb. 2023.xlsx",1.0785826771653544,T-shirt
01083 T-Shirt unisex hvid k/æ P/B,Alm.slid uden restværdi,1,508,19,30155C97D461A6C000B9F5B8,"PLC, Product detaljeret, Aarhus, Feb. 2023.xlsx",1.1385039370078742,T-shirt
01083 T-Shirt unisex hvid k/æ P/B,Alm.slid uden restværdi,1,508,18,30155C97D461A6C000B9F5FC,"PLC, Product detaljeret, Aarhus, Feb. 2023.xlsx",1.0785826771653544,T-shirt
01083 T-Shirt unisex hvid k/æ P/B,Alm.slid uden restværdi,1,508,22,30155C97D461A6C001582B31,"PLC, Product detaljeret, Aarhus, Feb. 2023.xlsx",1.318267716535433,T-shirt
01083 T-Shirt unisex hvid k/æ P/B,Alm.slid uden restværdi,1,508,23,30155C97D461A6C001582BFF,"PLC, Product detaljeret, Aarhus, Feb. 2023.xlsx",1.378188976377953,T-shirt
01083 T-Shirt unisex hvid k/æ P/B,Alm.slid uden restværdi,1,506,16,30155C97D461A6C0008BF782,"PLC, Product detaljeret, Aarhus, Feb. 2023.xlsx",0.9625296442687746,T-shirt
01083 T-Shirt unisex hvid k/æ P/B,Alm.slid uden restværdi,1,503,23,30155C97D461A6C001582ABF,"PLC, Product detaljeret, Aarhus, Feb. 2023.xlsx",1.3918886679920477,T-shirt
01083 T-Shirt unisex hvid k/æ P/B,Alm.slid uden restværdi,1,503,25,30155C97D461A6C001582C16,"PLC, Product detaljeret, Aarhus, Feb. 2023.xlsx",1.5129224652087476,T-shirt
01083 T-Shirt unisex hvid k/æ P/B,Alm.slid uden restværdi,1,503,23,30155C97D461A6C001582C17,"PLC, Product detaljeret, Aarhus, Feb. 2023.xlsx",1.3918886679920477,T-shirt
01083 T-Shirt unisex hvid k/æ P/B,Alm.slid uden restværdi,1,503,17,30155C97D461A6C001582C28,"PLC, Product detaljeret, Aarhus, Feb. 2023.xlsx",1.0287872763419483,T-shirt
01083 T-Shirt unisex hvid k/æ P/B,Alm.slid uden restværdi,1,502,41,30155C97D461A6C0008BF766,"PLC, Product detaljeret, Aarhus, Feb. 2023.xlsx",2.4861354581673307,T-shirt
26666 T-shirt dame 1/2 ærme hvid,Alm.slid uden restværdi,1,500,13,30155C97D461A6C0003063D3,"PLC, Product detaljeret, Aarhus, Feb. 2023.xlsx",0.79144,T-shirt
01083 T-Shirt unisex hvid k/æ P/B,Alm.slid uden restværdi,1,498,21,30155C97D461A6C001582AB7,"PLC, Product detaljeret, Aarhus, Feb. 2023.xlsx",1.2836144578313253,T-shirt
01083 T-Shirt unisex hvid k/æ P/B,Alm.slid uden restværdi,1,498,16,30155C97D461A6C001582AD0,"PLC, Product detaljeret, Aarhus, Feb. 2023.xlsx",0.9779919678714859,T-shirt
01083 T-Shirt unisex hvid k/æ P/B,Alm.slid uden restværdi,1,498,21,30155C97D461A6C001582B22,"PLC, Product detaljeret, Aarhus, Feb. 2023.xlsx",1.2836144578313253,T-shirt
09385 T-Shirt Hvid B/P M Arla Tryk,Alm.slid uden restværdi,1,492,21,30155C97D461A6C00012A46D,"PLC, Product detaljeret, Aarhus, Feb. 2023.xlsx",1.2992682926829269,T-shirt
01083 T-Shirt unisex hvid k/æ P/B,Alm.slid uden restværdi,1,482,25,30155C97D461A6C0012B716F,"PLC, Product detaljeret, Aarhus, Feb. 2023.xlsx",1.578838174273859,T-shirt
01083 T-Shirt unisex hvid k/æ P/B,Alm.slid uden restværdi,1,467,31,30155C97D461A6C0015C3322,"PLC, Product detaljeret, Aarhus, Feb. 2023.xlsx",2.020642398286938,T-shirt
03850 T-Shirt Hvid Lady K/Æ P/B,Alm.slid uden restværdi,1,450,34,30155C97D461A7C000E0801E,"PLC, Product detaljeret, Aarhus, Feb. 2023.xlsx",2.2999111111111112,T-shirt
01083 T-Shirt unisex hvid k/æ P/B,Alm.slid uden restværdi,1,443,13,30155C97D461A6C0012FCD8B,"PLC, Product detaljeret, Aarhus, Feb. 2023.xlsx",0.893273137697517,T-shirt
01083 T-Shirt unisex hvid k/æ P/B,Alm.slid uden restværdi,1,443,8,30155C97D461A6C0015B3E5D,"PLC, Product detaljeret, Aarhus, Feb. 2023.xlsx",0.5497065462753951,T-shirt
01083 T-Shirt unisex hvid k/æ P/B,Alm.slid uden restværdi,1,443,2,30155C97D461A6C0015BB700,"PLC, Product detaljeret, Aarhus, Feb. 2023.xlsx",0.13742663656884876,T-shirt
01083 T-Shirt unisex hvid k/æ P/B,Alm.slid uden restværdi,1,442,41,30155C97D461A6C0015BB764,"PLC, Product detaljeret, Aarhus, Feb. 2023.xlsx",2.8236199095022627,T-shirt
10981 T-shirt prowear dame hvid pb,Alm.slid uden restværdi,1,436,21,30155C97D461A6C00105D75C,"PLC, Product detaljeret, Aarhus, Feb. 2023.xlsx",1.4661467889908257,T-shirt
10981 T-shirt prowear dame hvid pb,Alm.slid uden restværdi,1,436,21,30155C97D461A6C00105D790,"PLC, Product detaljeret, Aarhus, Feb. 2023.xlsx",1.4661467889908257,T-shirt
01083 T-Shirt unisex hvid k/æ P/B,Alm.slid uden restværdi,1,433,27,30155C97D461A6C0012FCE0E,"PLC, Product detaljeret, Aarhus, Feb. 2023.xlsx",1.89810623556582,T-shirt
01083 T-Shirt unisex hvid k/æ P/B,Alm.slid uden restværdi,1,420,20,30155C97D461A6C0012EA005,"PLC, Product detaljeret, Aarhus, Feb. 2023.xlsx",1.4495238095238094,T-shirt
01083 T-Shirt unisex hvid k/æ P/B,Alm.slid uden restværdi,1,419,22,30155C97D461A6C000E29DB2,"PLC, Product detaljeret, Aarhus, Feb. 2023.xlsx",1.5982816229116945,T-shirt
10981 T-shirt prowear dame hvid pb,Alm.slid uden restværdi,1,419,21,30155C97D461A6C0012FB7A1,"PLC, Product detaljeret, Aarhus, Feb. 2023.xlsx",1.5256324582338903,T-shirt
10981 T-shirt prowear dame hvid pb,Alm.slid uden restværdi,1,409,12,30155C97D461A6C00105D58E,"PLC, Product detaljeret, Aarhus, Feb. 2023.xlsx",0.8931051344743277,T-shirt
10981 T-shirt prowear dame hvid pb,Alm.slid uden restværdi,1,409,10,30155C97D461A6C0012FB6BD,"PLC, Product detaljeret, Aarhus, Feb. 2023.xlsx",0.7442542787286064,T-shirt
01083 T-Shirt unisex hvid k/æ P/B,Alm.slid uden restværdi,1,384,38,30155C97D461A6C00064528E,"PLC, Product detaljeret, Aarhus, Feb. 2023.xlsx",3.0122916666666666,T-shirt
10981 T-shirt prowear dame hvid pb,Alm.slid uden restværdi,1,367,7,30155C97D461A6C0009E903F,"PLC, Product detaljeret, Aarhus, Feb. 2023.xlsx",0.580599455040872,T-shirt
10981 T-shirt prowear dame hvid pb,Alm.slid uden restværdi,1,367,2,30155C97D461A6C0009E90C4,"PLC, Product detaljeret, Aarhus, Feb. 2023.xlsx",0.16588555858310627,T-shirt
10981 T-shirt prowear dame hvid pb,Alm.slid uden restværdi,1,367,3,30155C97D461A6C0009E9199,"PLC, Product detaljeret, Aarhus, Feb. 2023.xlsx",0.24882833787465938,T-shirt
01083 T-Shirt unisex hvid k/æ P/B,Alm.slid uden restværdi,1,363,24,30155C97D461A6C000D87DD6,"PLC, Product detaljeret, Aarhus, Feb. 2023.xlsx",2.0125619834710746,T-shirt
01083 T-Shirt unisex hvid k/æ P/B,Alm.slid uden restværdi,1,356,30,30155C97D461A6C000D87C9B,"PLC, Product detaljeret, Aarhus, Feb. 2023.xlsx",2.5651685393258425,T-shirt
03850 T-Shirt Hvid Lady K/Æ P/B,Alm.slid uden restværdi,1,356,4,30155C97D461A7C001224941,"PLC, Product detaljeret, Aarhus, Feb. 2023.xlsx",0.34202247191011237,T-shirt
01083 T-Shirt unisex hvid k/æ P/B,Alm.slid uden restværdi,1,352,13,30155C97D461A6C00064528C,"PLC, Product detaljeret, Aarhus, Feb. 2023.xlsx",1.1242045454545455,T-shirt
01083 T-Shirt unisex hvid k/æ P/B,Alm.slid uden restværdi,1,350,28,30155C97D461A6C0012FF59A,"PLC, Product detaljeret, Aarhus, Feb. 2023.xlsx",2.4352,T-shirt
01083 T-Shirt unisex hvid k/æ P/B,Alm.slid uden restværdi,1,341,17,30155C97D461A6C000CD5F67,"PLC, Product detaljeret, Aarhus, Feb. 2023.xlsx",1.5175366568914956,T-shirt
01083 T-Shirt unisex hvid k/æ P/B,Alm.slid uden restværdi,1,341,13,30155C97D461A6C000CD5FDB,"PLC, Product detaljeret, Aarhus, Feb. 2023.xlsx",1.1604692082111439,T-shirt
10981 T-shirt prowear dame hvid pb,Alm.slid uden restværdi,1,337,7,30155C97D461A6C0006470E5,"PLC, Product detaljeret, Aarhus, Feb. 2023.xlsx",0.6322848664688427,T-shirt
10981 T-shirt prowear dame hvid pb,Alm.slid uden restværdi,1,331,8,30155C97D461A6C000E27B7C,"PLC, Product detaljeret, Aarhus, Feb. 2023.xlsx",0.7357099697885197,T-shirt
01083 T-Shirt unisex hvid k/æ P/B,Alm.slid uden restværdi,1,328,11,30155C97D461A6C000CD6000,"PLC, Product detaljeret, Aarhus, Feb. 2023.xlsx",1.0208536585365855,T-shirt
01083 T-Shirt unisex hvid k/æ P/B,Alm.slid uden restværdi,1,311,12,30155C97D461A6C0015B5F1B,"PLC, Product detaljeret, Aarhus, Feb. 2023.xlsx",1.174533762057878,T-shirt
10981 T-shirt prowear dame hvid pb,Alm.slid uden restværdi,1,308,15,30155C97D461A6C0008D256B,"PLC, Product detaljeret, Aarhus, Feb. 2023.xlsx",1.4824675324675327,T-shirt
10981 T-shirt prowear dame hvid pb,Alm.slid uden restværdi,1,298,9,30155C97D461A6C0015B94D2,"PLC, Product detaljeret, Aarhus, Feb. 2023.xlsx",0.9193288590604027,T-shirt
09385 T-Shirt Hvid B/P M Arla Tryk,Alm.slid uden restværdi,1,276,12,30155C97D461A6C0012DEF6E,"PLC, Product detaljeret, Aarhus, Feb. 2023.xlsx",1.3234782608695652,T-shirt
10981 T-shirt prowear dame hvid pb,Alm.slid uden restværdi,1,247,20,30155C97D461A4C000939842,"PLC, Product detaljeret, Aarhus, Feb. 2023.xlsx",2.4647773279352228,T-shirt
01083 T-Shirt unisex hvid k/æ P/B,Alm.slid uden restværdi,1,246,24,30155C97D461A6C0009065AC,"PLC, Product detaljeret, Aarhus, Feb. 2023.xlsx",2.969756097560976,T-shirt
10981 T-shirt prowear dame hvid pb,Alm.slid uden restværdi,1,239,12,30155C97D461A4C0009397B7,"PLC, Product detaljeret, Aarhus, Feb. 2023.xlsx",1.52836820083682,T-shirt
10981 T-shirt prowear dame hvid pb,Alm.slid uden restværdi,1,239,17,30155C97D461A4C000939857,"PLC, Product detaljeret, Aarhus, Feb. 2023.xlsx",2.1651882845188286,T-shirt
10981 T-shirt prowear dame hvid pb,Alm.slid uden restværdi,1,239,22,30155C97D461A4C00093986E,"PLC, Product detaljeret, Aarhus, Feb. 2023.xlsx",2.802008368200837,T-shirt
10981 T-shirt prowear dame hvid pb,Alm.slid uden restværdi,1,239,17,30155C97D461A4C000939900,"PLC, Product detaljeret, Aarhus, Feb. 2023.xlsx",2.1651882845188286,T-shirt
10981 T-shirt prowear dame hvid pb,Alm.slid uden restværdi,1,235,17,30155C97D461A4C000653802,"PLC, Product detaljeret, Aarhus, Feb. 2023.xlsx",2.202042553191489,T-shirt
10981 T-shirt prowear dame hvid pb,Alm.slid uden restværdi,1,235,14,30155C97D461A4C00065391C,"PLC, Product detaljeret, Aarhus, Feb. 2023.xlsx",1.8134468085106386,T-shirt
10981 T-shirt prowear dame hvid pb,Alm.slid uden restværdi,1,231,14,30155C97D461A4C00065373C,"PLC, Product detaljeret, Aarhus, Feb. 2023.xlsx",1.844848484848485,T-shirt
10981 T-shirt prowear dame hvid pb,Alm.slid uden restværdi,1,230,14,30155C97D461A4C000653871,"PLC, Product detaljeret, Aarhus, Feb. 2023.xlsx",1.8528695652173914,T-shirt
10981 T-shirt prowear dame hvid pb,Alm.slid uden restværdi,1,213,9,30155C97D461A6C0010F27A7,"PLC, Product detaljeret, Aarhus, Feb. 2023.xlsx",1.2861971830985917,T-shirt
01083 T-Shirt unisex hvid k/æ P/B,Alm.slid uden restværdi,1,202,16,30155C97D461A6C001059A57,"PLC, Product detaljeret, Aarhus, Feb. 2023.xlsx",2.411089108910891,T-shirt
01083 T-Shirt unisex hvid k/æ P/B,Alm.slid uden restværdi,1,192,10,30155C97D461A6C0010EE14C,"PLC, Product detaljeret, Aarhus, Feb. 2023.xlsx",1.5854166666666667,T-shirt
09385 T-Shirt Hvid B/P M Arla Tryk,Alm.slid uden restværdi,1,177,5,30155C97D461A6C0012DD4F6,"PLC, Product detaljeret, Aarhus, Feb. 2023.xlsx",0.8598870056497175,T-shirt
09385 T-Shirt Hvid B/P M Arla Tryk,Alm.slid uden restværdi,1,175,4,30155C97D461A6C0008D2056,"PLC, Product detaljeret, Aarhus, Feb. 2023.xlsx",0.6957714285714286,T-shirt
01083 T-Shirt unisex hvid k/æ P/B,Alm.slid uden restværdi,1,155,14,30155C97D461A6C0010D888D,"PLC, Product detaljeret, Aarhus, Feb. 2023.xlsx",2.7494193548387096,T-shirt
01083 T-Shirt unisex hvid k/æ P/B,Alm.slid uden restværdi,1,148,3,30155C97D461A6C001600E36,"PLC, Product detaljeret, Aarhus, Feb. 2023.xlsx",0.617027027027027,T-shirt
01083 T-Shirt unisex hvid k/æ P/B,Alm.slid uden restværdi,1,140,7,30155C97D461A6C001603645,"PLC, Product detaljeret, Aarhus, Feb. 2023.xlsx",1.5220000000000002,T-shirt
10981 T-shirt prowear dame hvid pb,Alm.slid uden restværdi,1,135,4,30155C97D461A6C001D0F75E,"PLC, Product detaljeret, Aarhus, Feb. 2023.xlsx",0.901925925925926,T-shirt
01083 T-Shirt unisex hvid k/æ P/B,Alm.slid uden restværdi,1,134,13,30155C97D461A6C001603626,"PLC, Product detaljeret, Aarhus, Feb. 2023.xlsx",2.953134328358209,T-shirt
01083 T-Shirt unisex hvid k/æ P/B,Alm.slid uden restværdi,1,134,9,30155C97D461A6C00160364C,"PLC, Product detaljeret, Aarhus, Feb. 2023.xlsx",2.0444776119402985,T-shirt
01083 T-Shirt unisex hvid k/æ P/B,Alm.slid uden restværdi,1,134,9,30155C97D461A6C00160366A,"PLC, Product detaljeret, Aarhus, Feb. 2023.xlsx",2.0444776119402985,T-shirt
01083 T-Shirt unisex hvid k/æ P/B,Alm.slid uden restværdi,1,133,3,30155C97D461A6C001603637,"PLC, Product detaljeret, Aarhus, Feb. 2023.xlsx",0.6866165413533835,T-shirt
01083 T-Shirt unisex hvid k/æ P/B,Alm.slid uden restværdi,1,133,3,30155C97D461A6C001603654,"PLC, Product detaljeret, Aarhus, Feb. 2023.xlsx",0.6866165413533835,T-shirt
01083 T-Shirt unisex hvid k/æ P/B,Alm.slid uden restværdi,1,133,5,30155C97D461A6C0016036DA,"PLC, Product detaljeret, Aarhus, Feb. 2023.xlsx",1.1443609022556391,T-shirt
01083 T-Shirt unisex hvid k/æ P/B,Alm.slid uden restværdi,1,133,6,30155C97D461A6C0016036E0,"PLC, Product detaljeret, Aarhus, Feb. 2023.xlsx",1.373233082706767,T-shirt
01083 T-Shirt unisex hvid k/æ P/B,Alm.slid uden restværdi,1,133,6,30155C97D461A6C00160375F,"PLC, Product detaljeret, Aarhus, Feb. 2023.xlsx",1.373233082706767,T-shirt
01083 T-Shirt unisex hvid k/æ P/B,Alm.slid uden restværdi,1,131,5,30155C97D461A6C0010DF6D8,"PLC, Product detaljeret, Aarhus, Feb. 2023.xlsx",1.1618320610687023,T-shirt
01083 T-Shirt unisex hvid k/æ P/B,Alm.slid uden restværdi,1,131,8,30155C97D461A6C0010DF754,"PLC, Product detaljeret, Aarhus, Feb. 2023.xlsx",1.8589312977099237,T-shirt
01083 T-Shirt unisex hvid k/æ P/B,Alm.slid uden restværdi,1,130,10,30155C97D461A6C0010DF64E,"PLC, Product detaljeret, Aarhus, Feb. 2023.xlsx",2.3415384615384616,T-shirt
01083 T-Shirt unisex hvid k/æ P/B,Alm.slid uden restværdi,1,130,7,30155C97D461A6C0010DF71D,"PLC, Product detaljeret, Aarhus, Feb. 2023.xlsx",1.6390769230769233,T-shirt
01083 T-Shirt unisex hvid k/æ P/B,Alm.slid uden restværdi,1,130,11,30155C97D461A6C0010DF742,"PLC, Product detaljeret, Aarhus, Feb. 2023.xlsx",2.5756923076923077,T-shirt
01083 T-Shirt unisex hvid k/æ P/B,Alm.slid uden restværdi,1,130,8,30155C97D461A6C0010DF753,"PLC, Product detaljeret, Aarhus, Feb. 2023.xlsx",1.8732307692307695,T-shirt
01083 T-Shirt unisex hvid k/æ P/B,Alm.slid uden restværdi,1,130,9,30155C97D461A6C0010DF802,"PLC, Product detaljeret, Aarhus, Feb. 2023.xlsx",2.1073846153846154,T-shirt
01083 T-Shirt unisex hvid k/æ P/B,Alm.slid uden restværdi,1,130,11,30155C97D461A6C0010DF82A,"PLC, Product detaljeret, Aarhus, Feb. 2023.xlsx",2.5756923076923077,T-shirt
01083 T-Shirt unisex hvid k/æ P/B,Alm.slid uden restværdi,1,130,9,30155C97D461A6C001B9BF9A,"PLC, Product detaljeret, Aarhus, Feb. 2023.xlsx",2.1073846153846154,T-shirt
01083 T-Shirt unisex hvid k/æ P/B,Alm.slid uden restværdi,1,127,11,30155C97D461A6C00133B398,"PLC, Product detaljeret, Aarhus, Feb. 2023.xlsx",2.636535433070866,T-shirt
01083 T-Shirt unisex hvid k/æ P/B,Alm.slid uden restværdi,1,127,9,30155C97D461A6C001603624,"PLC, Product detaljeret, Aarhus, Feb. 2023.xlsx",2.1571653543307088,T-shirt
01083 T-Shirt unisex hvid k/æ P/B,Alm.slid uden restværdi,1,125,4,30155C97D461A6C001B9C08D,"PLC, Product detaljeret, Aarhus, Feb. 2023.xlsx",0.9740800000000001,T-shirt
26666 T-shirt dame 1/2 ærme hvid,Alm.slid uden restværdi,1,125,13,30155C97D461A4C000BBCCD7,"PLC, Product detaljeret, Aarhus, Feb. 2023.xlsx",3.16576,T-shirt
01083 T-Shirt unisex hvid k/æ P/B,Alm.slid uden restværdi,1,111,4,30155C97D461A6C0018F970C,"PLC, Product detaljeret, Aarhus, Feb. 2023.xlsx",1.096936936936937,T-shirt
09385 T-Shirt Hvid B/P M Arla Tryk,Alm.slid uden restværdi,1,89,3,30155C97D461A6C0008D27E9,"PLC, Product detaljeret, Aarhus, Feb. 2023.xlsx",1.026067415730337,T-shirt
09385 T-Shirt Hvid B/P M Arla Tryk,Alm.slid uden restværdi,1,89,2,30155C97D461A6C001065804,"PLC, Product detaljeret, Aarhus, Feb. 2023.xlsx",0.6840449438202247,T-shirt
09385 T-Shirt Hvid B/P M Arla Tryk,Alm.slid uden restværdi,1,86,1,30155C97D461A6C00053EF42,"PLC, Product detaljeret, Aarhus, Feb. 2023.xlsx",0.353953488372093,T-shirt
09385 T-Shirt Hvid B/P M Arla Tryk,Alm.slid uden restværdi,1,86,3,30155C97D461A6C0008D0B4D,"PLC, Product detaljeret, Aarhus, Feb. 2023.xlsx",1.061860465116279,T-shirt
09385 T-Shirt Hvid B/P M Arla Tryk,Alm.slid uden restværdi,1,86,1,30155C97D461A6C0008D0C89,"PLC, Product detaljeret, Aarhus, Feb. 2023.xlsx",0.353953488372093,T-shirt
01083 T-Shirt unisex hvid k/æ P/B,Alm.slid uden restværdi,1,67,5,30155C97D461A6C001A6BC4F,"PLC, Product detaljeret, Aarhus, Feb. 2023.xlsx",2.271641791044776,T-shirt
01083 T-Shirt unisex hvid k/æ P/B,Alm.slid uden restværdi,1,56,4,30155C97D461A6C001A6BC9F,"PLC, Product detaljeret, Aarhus, Feb. 2023.xlsx",2.1742857142857144,T-shirt
01083 T-Shirt unisex hvid k/æ P/B,Alm.slid uden restværdi,1,28,1,30155C97D461A6C001A6CC9A,"PLC, Product detaljeret, Aarhus, Feb. 2023.xlsx",1.0871428571428572,T-shirt
01083 T-Shirt unisex hvid k/æ P/B,Alm.slid uden restværdi,1,20,1,30155C97D461A6C001A62100,"PLC, Product detaljeret, Aarhus, Feb. 2023.xlsx",1.5220000000000002,T-shirt
"07859 T-Shirt L/Æ, Hvid p/b",Alm.slid uden restværdi,1,2900,103,00D009AC601C,"PLC, Product detaljeret, Aarhus, Jan. 2023.xlsx",1.081144827586207,T-shirt
01083 T-Shirt unisex hvid k/æ P/B,Alm.slid uden restværdi,1,2770,123,00D009167340,"PLC, Product detaljeret, Aarhus, Jan. 2023.xlsx",1.3516678700361011,T-shirt
01083 T-Shirt unisex hvid k/æ P/B,Alm.slid uden restværdi,1,2750,134,00D0095AF798,"PLC, Product detaljeret, Aarhus, Jan. 2023.xlsx",1.483258181818182,T-shirt
09385 T-Shirt Hvid B/P M Arla Tryk,Alm.slid uden restværdi,1,2397,94,00D0092747F7,"PLC, Product detaljeret, Aarhus, Jan. 2023.xlsx",1.1937254901960785,T-shirt
03850 T-Shirt Hvid Lady K/Æ P/B,Alm.slid uden restværdi,1,2359,106,00D00972F917,"PLC, Product detaljeret, Aarhus, Jan. 2023.xlsx",1.367799915218313,T-shirt
01083 T-Shirt unisex hvid k/æ P/B,Alm.slid uden restværdi,1,2329,104,00D00972F47B,"PLC, Product detaljeret, Aarhus, Jan. 2023.xlsx",1.3592786603692573,T-shirt
01083 T-Shirt unisex hvid k/æ P/B,Alm.slid uden restværdi,1,2288,90,00D009700C1E,"PLC, Product detaljeret, Aarhus, Jan. 2023.xlsx",1.1973776223776225,T-shirt
09385 T-Shirt Hvid B/P M Arla Tryk,Alm.slid uden restværdi,1,2128,100,00D00971F082,"PLC, Product detaljeret, Aarhus, Jan. 2023.xlsx",1.4304511278195489,T-shirt
01083 T-Shirt unisex hvid k/æ P/B,Alm.slid uden restværdi,1,2052,124,30155C97D461A7C000BA63B0,"PLC, Product detaljeret, Aarhus, Jan. 2023.xlsx",1.8394541910331383,T-shirt
09385 T-Shirt Hvid B/P M Arla Tryk,Alm.slid uden restværdi,1,2046,84,30155C97D461A6C001931B62,"PLC, Product detaljeret, Aarhus, Jan. 2023.xlsx",1.2497360703812317,T-shirt
01083 T-Shirt unisex hvid k/æ P/B,Alm.slid uden restværdi,1,2028,120,30155C97D461A7C000BBAA4B,"PLC, Product detaljeret, Aarhus, Jan. 2023.xlsx",1.8011834319526627,T-shirt
09385 T-Shirt Hvid B/P M Arla Tryk,Alm.slid uden restværdi,1,2022,103,00D00A567875,"PLC, Product detaljeret, Aarhus, Jan. 2023.xlsx",1.5506033630069238,T-shirt
01083 T-Shirt unisex hvid k/æ P/B,Alm.slid uden restværdi,1,2021,118,30155C97D461A7C000BA6660,"PLC, Product detaljeret, Aarhus, Jan. 2023.xlsx",1.7772983671449778,T-shirt
01083 T-Shirt unisex hvid k/æ P/B,Alm.slid uden restværdi,1,1985,149,30155C97D461A7C000BA691E,"PLC, Product detaljeret, Aarhus, Jan. 2023.xlsx",2.2849168765743073,T-shirt
01083 T-Shirt unisex hvid k/æ P/B,Alm.slid uden restværdi,1,1873,146,300ED89F335000400183A1E1,"PLC, Product detaljeret, Aarhus, Jan. 2023.xlsx",2.3727923117992527,T-shirt
09385 T-Shirt Hvid B/P M Arla Tryk,Alm.slid uden restværdi,1,1864,98,30155C97D461A6C001931B21,"PLC, Product detaljeret, Aarhus, Jan. 2023.xlsx",1.6003862660944206,T-shirt
01083 T-Shirt unisex hvid k/æ P/B,Alm.slid uden restværdi,1,1855,116,30155C97D461A7C001175516,"PLC, Product detaljeret, Aarhus, Jan. 2023.xlsx",1.903525606469003,T-shirt
09385 T-Shirt Hvid B/P M Arla Tryk,Alm.slid uden restværdi,1,1842,89,30155C97D461A6C0015B58AE,"PLC, Product detaljeret, Aarhus, Jan. 2023.xlsx",1.470770901194354,T-shirt
09385 T-Shirt Hvid B/P M Arla Tryk,Alm.slid uden restværdi,1,1818,94,30155C97D461A6C001933060,"PLC, Product detaljeret, Aarhus, Jan. 2023.xlsx",1.5739053905390539,T-shirt
09385 T-Shirt Hvid B/P M Arla Tryk,Alm.slid uden restværdi,1,1803,107,30155C97D461A7C000F0854E,"PLC, Product detaljeret, Aarhus, Jan. 2023.xlsx",1.8064780920687744,T-shirt
03850 T-Shirt Hvid Lady K/Æ P/B,Alm.slid uden restværdi,1,1795,25,00D009827717,"PLC, Product detaljeret, Aarhus, Jan. 2023.xlsx",0.42395543175487466,T-shirt
09385 T-Shirt Hvid B/P M Arla Tryk,Alm.slid uden restværdi,1,1778,78,00D00AD590E9,"PLC, Product detaljeret, Aarhus, Jan. 2023.xlsx",1.335388076490439,T-shirt
01083 T-Shirt unisex hvid k/æ P/B,Alm.slid uden restværdi,1,1746,121,30155C97D461A7C001238B14,"PLC, Product detaljeret, Aarhus, Jan. 2023.xlsx",2.1095303550973656,T-shirt
03850 T-Shirt Hvid Lady K/Æ P/B,Alm.slid uden restværdi,1,1745,1,30155C97D461A7C001035AB5,"PLC, Product detaljeret, Aarhus, Jan. 2023.xlsx",0.017444126074498568,T-shirt
03850 T-Shirt Hvid Lady K/Æ P/B,Alm.slid uden restværdi,1,1745,1,30155C97D461A7C001035B6D,"PLC, Product detaljeret, Aarhus, Jan. 2023.xlsx",0.017444126074498568,T-shirt
03850 T-Shirt Hvid Lady K/Æ P/B,Alm.slid uden restværdi,1,1745,1,30155C97D461A7C001035EB8,"PLC, Product detaljeret, Aarhus, Jan. 2023.xlsx",0.017444126074498568,T-shirt
03850 T-Shirt Hvid Lady K/Æ P/B,Alm.slid uden restværdi,1,1745,1,30155C97D461A7C001035EE4,"PLC, Product detaljeret, Aarhus, Jan. 2023.xlsx",0.017444126074498568,T-shirt
03850 T-Shirt Hvid Lady K/Æ P/B,Alm.slid uden restværdi,1,1745,1,30155C97D461A7C001035EF4,"PLC, Product detaljeret, Aarhus, Jan. 2023.xlsx",0.017444126074498568,T-shirt
03850 T-Shirt Hvid Lady K/Æ P/B,Alm.slid uden restværdi,1,1745,3,30155C97D461A7C001035F07,"PLC, Product detaljeret, Aarhus, Jan. 2023.xlsx",0.05233237822349571,T-shirt
03850 T-Shirt Hvid Lady K/Æ P/B,Alm.slid uden restværdi,1,1745,1,30155C97D461A7C001035F33,"PLC, Product detaljeret, Aarhus, Jan. 2023.xlsx",0.017444126074498568,T-shirt
03850 T-Shirt Hvid Lady K/Æ P/B,Alm.slid uden restværdi,1,1745,1,30155C97D461A7C001035F3B,"PLC, Product detaljeret, Aarhus, Jan. 2023.xlsx",0.017444126074498568,T-shirt
03850 T-Shirt Hvid Lady K/Æ P/B,Alm.slid uden restværdi,1,1738,50,30155C97D461A7C001035EFD,"PLC, Product detaljeret, Aarhus, Jan. 2023.xlsx",0.8757192174913694,T-shirt
03850 T-Shirt Hvid Lady K/Æ P/B,Alm.slid uden restværdi,1,1738,76,30155C97D461A7C001035F62,"PLC, Product detaljeret, Aarhus, Jan. 2023.xlsx",1.3310932105868816,T-shirt
03850 T-Shirt Hvid Lady K/Æ P/B,Alm.slid uden restværdi,1,1729,86,30155C97D461A7C000E8831A,"PLC, Product detaljeret, Aarhus, Jan. 2023.xlsx",1.5140775014459227,T-shirt
01083 T-Shirt unisex hvid k/æ P/B,Alm.slid uden restværdi,1,1728,101,30155C97D461A7C00111EF54,"PLC, Product detaljeret, Aarhus, Jan. 2023.xlsx",1.779189814814815,T-shirt
03850 T-Shirt Hvid Lady K/Æ P/B,Alm.slid uden restværdi,1,1723,8,30155C97D461A7C001224ADC,"PLC, Product detaljeret, Aarhus, Jan. 2023.xlsx",0.14133488102147418,T-shirt
03850 T-Shirt Hvid Lady K/Æ P/B,Alm.slid uden restværdi,1,1723,6,30155C97D461A7C00122528C,"PLC, Product detaljeret, Aarhus, Jan. 2023.xlsx",0.10600116076610563,T-shirt
01083 T-Shirt unisex hvid k/æ P/B,Alm.slid uden restværdi,1,1722,48,30155C97D461A7C00111EF93,"PLC, Product detaljeret, Aarhus, Jan. 2023.xlsx",0.8485017421602787,T-shirt
03850 T-Shirt Hvid Lady K/Æ P/B,Alm.slid uden restværdi,1,1718,27,30155C97D461A7C0012249A1,"PLC, Product detaljeret, Aarhus, Jan. 2023.xlsx",0.4783934807916182,T-shirt
03850 T-Shirt Hvid Lady K/Æ P/B,Alm.slid uden restværdi,1,1718,29,30155C97D461A7C0012249CC,"PLC, Product detaljeret, Aarhus, Jan. 2023.xlsx",0.5138300349243307,T-shirt
03850 T-Shirt Hvid Lady K/Æ P/B,Alm.slid uden restværdi,1,1718,20,30155C97D461A7C001224A3A,"PLC, Product detaljeret, Aarhus, Jan. 2023.xlsx",0.3543655413271246,T-shirt
09385 T-Shirt Hvid B/P M Arla Tryk,Alm.slid uden restværdi,1,1718,63,30155C97D461A7C001231F33,"PLC, Product detaljeret, Aarhus, Jan. 2023.xlsx",1.1162514551804423,T-shirt
03850 T-Shirt Hvid Lady K/Æ P/B,Alm.slid uden restværdi,1,1716,1,30155C97D461A7C00122522E,"PLC, Product detaljeret, Aarhus, Jan. 2023.xlsx",0.01773892773892774,T-shirt
01083 T-Shirt unisex hvid k/æ P/B,Alm.slid uden restværdi,1,1714,117,30155C97D461A7C00110C5C7,"PLC, Product detaljeret, Aarhus, Jan. 2023.xlsx",2.0778763127187867,T-shirt
01083 T-Shirt unisex hvid k/æ P/B,Alm.slid uden restværdi,1,1714,111,30155C97D461A7C00110C656,"PLC, Product detaljeret, Aarhus, Jan. 2023.xlsx",1.9713185530921822,T-shirt
03850 T-Shirt Hvid Lady K/Æ P/B,Alm.slid uden restværdi,1,1711,23,30155C97D461A7C00122497A,"PLC, Product detaljeret, Aarhus, Jan. 2023.xlsx",0.409187609585038,T-shirt
03850 T-Shirt Hvid Lady K/Æ P/B,Alm.slid uden restværdi,1,1701,86,30155C97D461A7C0012248CD,"PLC, Product detaljeret, Aarhus, Jan. 2023.xlsx",1.5390005878894768,T-shirt
03850 T-Shirt Hvid Lady K/Æ P/B,Alm.slid uden restværdi,1,1689,4,30155C97D461A7C000E909BF,"PLC, Product detaljeret, Aarhus, Jan. 2023.xlsx",0.07208999407933689,T-shirt
03850 T-Shirt Hvid Lady K/Æ P/B,Alm.slid uden restværdi,1,1688,4,30155C97D461A7C000E9028F,"PLC, Product detaljeret, Aarhus, Jan. 2023.xlsx",0.07213270142180096,T-shirt
03850 T-Shirt Hvid Lady K/Æ P/B,Alm.slid uden restværdi,1,1680,59,30155C97D461A7C00122491C,"PLC, Product detaljeret, Aarhus, Jan. 2023.xlsx",1.0690238095238096,T-shirt
03850 T-Shirt Hvid Lady K/Æ P/B,Alm.slid uden restværdi,1,1679,76,30155C97D461A7C000E904C5,"PLC, Product detaljeret, Aarhus, Jan. 2023.xlsx",1.3778677784395474,T-shirt
03850 T-Shirt Hvid Lady K/Æ P/B,Alm.slid uden restværdi,1,1679,70,30155C97D461A7C000E9053D,"PLC, Product detaljeret, Aarhus, Jan. 2023.xlsx",1.269088743299583,T-shirt
09385 T-Shirt Hvid B/P M Arla Tryk,Alm.slid uden restværdi,1,1679,71,30155C97D461A6C0019327E5,"PLC, Product detaljeret, Aarhus, Jan. 2023.xlsx",1.2872185824895772,T-shirt
03850 T-Shirt Hvid Lady K/Æ P/B,Alm.slid uden restværdi,1,1676,88,30155C97D461A7C000E883B2,"PLC, Product detaljeret, Aarhus, Jan. 2023.xlsx",1.5982816229116945,T-shirt
03850 T-Shirt Hvid Lady K/Æ P/B,Alm.slid uden restværdi,1,1671,80,30155C97D461A7C0012248BE,"PLC, Product detaljeret, Aarhus, Jan. 2023.xlsx",1.4573309395571514,T-shirt
03850 T-Shirt Hvid Lady K/Æ P/B,Alm.slid uden restværdi,1,1671,61,30155C97D461A7C001224AB3,"PLC, Product detaljeret, Aarhus, Jan. 2023.xlsx",1.111214841412328,T-shirt
03850 T-Shirt Hvid Lady K/Æ P/B,Alm.slid uden restværdi,1,1668,2,30155C97D461A7C000CA7F09,"PLC, Product detaljeret, Aarhus, Jan. 2023.xlsx",0.036498800959232615,T-shirt
09385 T-Shirt Hvid B/P M Arla Tryk,Alm.slid uden restværdi,1,1667,74,30155C97D461A6C001931B07,"PLC, Product detaljeret, Aarhus, Jan. 2023.xlsx",1.35126574685063,T-shirt
03850 T-Shirt Hvid Lady K/Æ P/B,Alm.slid uden restværdi,1,1665,1,30155C97D461A7C000E86F00,"PLC, Product detaljeret, Aarhus, Jan. 2023.xlsx",0.01828228228228228,T-shirt
03850 T-Shirt Hvid Lady K/Æ P/B,Alm.slid uden restværdi,1,1630,46,30155C97D461A7C000E08A43,"PLC, Product detaljeret, Aarhus, Jan. 2023.xlsx",0.8590429447852761,T-shirt
09385 T-Shirt Hvid B/P M Arla Tryk,Alm.slid uden restværdi,1,1594,78,30155C97D461A6C00081E22D,"PLC, Product detaljeret, Aarhus, Jan. 2023.xlsx",1.4895357590966123,T-shirt
09385 T-Shirt Hvid B/P M Arla Tryk,Alm.slid uden restværdi,1,1562,86,30155C97D461A7C001131FFA,"PLC, Product detaljeret, Aarhus, Jan. 2023.xlsx",1.67595390524968,T-shirt
09385 T-Shirt Hvid B/P M Arla Tryk,Alm.slid uden restværdi,1,1562,101,30155C97D461A7C0011320FF,"PLC, Product detaljeret, Aarhus, Jan. 2023.xlsx",1.9682714468629963,T-shirt
01083 T-Shirt unisex hvid k/æ P/B,Alm.slid uden restværdi,1,1530,135,30155C97D461A7C0015362C6,"PLC, Product detaljeret, Aarhus, Jan. 2023.xlsx",2.6858823529411766,T-shirt
01083 T-Shirt unisex hvid k/æ P/B,Alm.slid uden restværdi,1,1529,137,30155C97D461A7C001537138,"PLC, Product detaljeret, Aarhus, Jan. 2023.xlsx",2.727455853499019,T-shirt
01083 T-Shirt unisex hvid k/æ P/B,Alm.slid uden restværdi,1,1529,83,30155C97D461A7C00153718F,"PLC, Product detaljeret, Aarhus, Jan. 2023.xlsx",1.6524002616088946,T-shirt
03850 T-Shirt Hvid Lady K/Æ P/B,Alm.slid uden restværdi,1,1487,50,30155C97D461A7C000E08801,"PLC, Product detaljeret, Aarhus, Jan. 2023.xlsx",1.023537323470074,T-shirt
03850 T-Shirt Hvid Lady K/Æ P/B,Alm.slid uden restværdi,1,1465,43,30155C97D461A7C000E0B1BC,"PLC, Product detaljeret, Aarhus, Jan. 2023.xlsx",0.8934607508532424,T-shirt
01083 T-Shirt unisex hvid k/æ P/B,Alm.slid uden restværdi,1,1434,64,30155C97D461A7C0016DEC74,"PLC, Product detaljeret, Aarhus, Jan. 2023.xlsx",1.358549511854951,T-shirt
01083 T-Shirt unisex hvid k/æ P/B,Alm.slid uden restværdi,1,1344,110,30155C97D461A7C001CC1484,"PLC, Product detaljeret, Aarhus, Jan. 2023.xlsx",2.4913690476190475,T-shirt
01083 T-Shirt unisex hvid k/æ P/B,Alm.slid uden restværdi,1,1332,54,30155C97D461A7C00211FF6B,"PLC, Product detaljeret, Aarhus, Jan. 2023.xlsx",1.234054054054054,T-shirt
03850 T-Shirt Hvid Lady K/Æ P/B,Alm.slid uden restværdi,1,1325,27,30155C97D461A7C000E0854C,"PLC, Product detaljeret, Aarhus, Jan. 2023.xlsx",0.6202867924528302,T-shirt
03850 T-Shirt Hvid Lady K/Æ P/B,Alm.slid uden restværdi,1,1325,33,30155C97D461A7C000E08613,"PLC, Product detaljeret, Aarhus, Jan. 2023.xlsx",0.7581283018867925,T-shirt
03850 T-Shirt Hvid Lady K/Æ P/B,Alm.slid uden restværdi,1,1325,31,30155C97D461A7C000E087ED,"PLC, Product detaljeret, Aarhus, Jan. 2023.xlsx",0.7121811320754717,T-shirt
03850 T-Shirt Hvid Lady K/Æ P/B,Alm.slid uden restværdi,1,1325,30,30155C97D461A7C000E09BCD,"PLC, Product detaljeret, Aarhus, Jan. 2023.xlsx",0.6892075471698113,T-shirt
03850 T-Shirt Hvid Lady K/Æ P/B,Alm.slid uden restværdi,1,1325,48,30155C97D461A7C000E0B490,"PLC, Product detaljeret, Aarhus, Jan. 2023.xlsx",1.1027320754716983,T-shirt
03850 T-Shirt Hvid Lady K/Æ P/B,Alm.slid uden restværdi,1,1324,46,30155C97D461A7C000E0793F,"PLC, Product detaljeret, Aarhus, Jan. 2023.xlsx",1.057583081570997,T-shirt
03850 T-Shirt Hvid Lady K/Æ P/B,Alm.slid uden restværdi,1,1324,36,30155C97D461A7C000E07997,"PLC, Product detaljeret, Aarhus, Jan. 2023.xlsx",0.8276737160120846,T-shirt
03850 T-Shirt Hvid Lady K/Æ P/B,Alm.slid uden restværdi,1,1324,19,30155C97D461A7C000E07A64,"PLC, Product detaljeret, Aarhus, Jan. 2023.xlsx",0.43682779456193355,T-shirt
03850 T-Shirt Hvid Lady K/Æ P/B,Alm.slid uden restværdi,1,1324,60,30155C97D461A7C000E08508,"PLC, Product detaljeret, Aarhus, Jan. 2023.xlsx",1.3794561933534744,T-shirt
03850 T-Shirt Hvid Lady K/Æ P/B,Alm.slid uden restværdi,1,1324,39,30155C97D461A7C000E09AF9,"PLC, Product detaljeret, Aarhus, Jan. 2023.xlsx",0.8966465256797583,T-shirt
01083 T-Shirt unisex hvid k/æ P/B,Alm.slid uden restværdi,1,1319,67,30155C97D461A7C0015148CE,"PLC, Product detaljeret, Aarhus, Jan. 2023.xlsx",1.546231993934799,T-shirt
01083 T-Shirt unisex hvid k/æ P/B,Alm.slid uden restværdi,1,1300,14,30155C97D461A7C00211EFB1,"PLC, Product detaljeret, Aarhus, Jan. 2023.xlsx",0.3278153846153846,T-shirt
01083 T-Shirt unisex hvid k/æ P/B,Alm.slid uden restværdi,1,1300,33,30155C97D461A7C0021200CB,"PLC, Product detaljeret, Aarhus, Jan. 2023.xlsx",0.7727076923076923,T-shirt
01083 T-Shirt unisex hvid k/æ P/B,Alm.slid uden restværdi,1,1295,104,30155C97D461A7C0020F1A40,"PLC, Product detaljeret, Aarhus, Jan. 2023.xlsx",2.4446023166023165,T-shirt
09385 T-Shirt Hvid B/P M Arla Tryk,Alm.slid uden restværdi,1,1295,48,30155C97D461A6C001932FDD,"PLC, Product detaljeret, Aarhus, Jan. 2023.xlsx",1.1282779922779922,T-shirt
01083 T-Shirt unisex hvid k/æ P/B,Alm.slid uden restværdi,1,1289,92,30155C97D461A7C0020F16D5,"PLC, Product detaljeret, Aarhus, Jan. 2023.xlsx",2.172598913886734,T-shirt
01083 T-Shirt unisex hvid k/æ P/B,Alm.slid uden restværdi,1,1289,69,30155C97D461A7C0020F1734,"PLC, Product detaljeret, Aarhus, Jan. 2023.xlsx",1.6294491854150506,T-shirt
01083 T-Shirt unisex hvid k/æ P/B,Alm.slid uden restværdi,1,1289,99,30155C97D461A7C002169CD4,"PLC, Product detaljeret, Aarhus, Jan. 2023.xlsx",2.3379053529868115,T-shirt
01083 T-Shirt unisex hvid k/æ P/B,Alm.slid uden restværdi,1,1289,94,30155C97D461A7C002169CD7,"PLC, Product detaljeret, Aarhus, Jan. 2023.xlsx",2.2198293250581846,T-shirt
01083 T-Shirt unisex hvid k/æ P/B,Alm.slid uden restværdi,1,1289,126,30155C97D461A7C002169D0D,"PLC, Product detaljeret, Aarhus, Jan. 2023.xlsx",2.9755159038013965,T-shirt
01083 T-Shirt unisex hvid k/æ P/B,Alm.slid uden restværdi,1,1289,133,30155C97D461A7C002169D84,"PLC, Product detaljeret, Aarhus, Jan. 2023.xlsx",3.1408223429014743,T-shirt
01083 T-Shirt unisex hvid k/æ P/B,Alm.slid uden restværdi,1,1289,103,30155C97D461A7C002169DC7,"PLC, Product detaljeret, Aarhus, Jan. 2023.xlsx",2.432366175329713,T-shirt
01083 T-Shirt unisex hvid k/æ P/B,Alm.slid uden restværdi,1,1289,4,30155C97D461A7C00216A800,"PLC, Product detaljeret, Aarhus, Jan. 2023.xlsx",0.09446082234290147,T-shirt
09385 T-Shirt Hvid B/P M Arla Tryk,Alm.slid uden restværdi,1,1289,48,30155C97D461A6C001933978,"PLC, Product detaljeret, Aarhus, Jan. 2023.xlsx",1.1335298681148178,T-shirt
09385 T-Shirt Hvid B/P M Arla Tryk,Alm.slid uden restværdi,1,1283,67,30155C97D461A6C00193318C,"PLC, Product detaljeret, Aarhus, Jan. 2023.xlsx",1.5896180826188622,T-shirt
01083 T-Shirt unisex hvid k/æ P/B,Alm.slid uden restværdi,1,1282,80,30155C97D461A7C0020F169D,"PLC, Product detaljeret, Aarhus, Jan. 2023.xlsx",1.8995319812792513,T-shirt
01083 T-Shirt unisex hvid k/æ P/B,Alm.slid uden restværdi,1,1281,134,30155C97D461A7C002048944,"PLC, Product detaljeret, Aarhus, Jan. 2023.xlsx",3.1841998438719754,T-shirt
09385 T-Shirt Hvid B/P M Arla Tryk,Alm.slid uden restværdi,1,1280,71,30155C97D461A6C001931A90,"PLC, Product detaljeret, Aarhus, Jan. 2023.xlsx",1.68846875,T-shirt
09385 T-Shirt Hvid B/P M Arla Tryk,Alm.slid uden restværdi,1,1276,44,30155C97D461A6C001931B98,"PLC, Product detaljeret, Aarhus, Jan. 2023.xlsx",1.049655172413793,T-shirt
09385 T-Shirt Hvid B/P M Arla Tryk,Alm.slid uden restværdi,1,1275,59,30155C97D461A6C00081E1B3,"PLC, Product detaljeret, Aarhus, Jan. 2023.xlsx",1.4085960784313725,T-shirt
09385 T-Shirt Hvid B/P M Arla Tryk,Alm.slid uden restværdi,1,1275,59,30155C97D461A6C00081E243,"PLC, Product detaljeret, Aarhus, Jan. 2023.xlsx",1.4085960784313725,T-shirt
09385 T-Shirt Hvid B/P M Arla Tryk,Alm.slid uden restværdi,1,1275,55,30155C97D461A6C0019327F9,"PLC, Product detaljeret, Aarhus, Jan. 2023.xlsx",1.3130980392156864,T-shirt
03850 T-Shirt Hvid Lady K/Æ P/B,Alm.slid uden restværdi,1,1260,70,30155C97D461A7C000E0808A,"PLC, Product detaljeret, Aarhus, Jan. 2023.xlsx",1.691111111111111,T-shirt
09385 T-Shirt Hvid B/P M Arla Tryk,Alm.slid uden restværdi,1,1255,71,30155C97D461A7C0020A6425,"PLC, Product detaljeret, Aarhus, Jan. 2023.xlsx",1.7221035856573705,T-shirt
01083 T-Shirt unisex hvid k/æ P/B,Alm.slid uden restværdi,1,1245,91,30155C97D461A7C0020EE13E,"PLC, Product detaljeret, Aarhus, Jan. 2023.xlsx",2.2249317269076307,T-shirt
01083 T-Shirt unisex hvid k/æ P/B,Alm.slid uden restværdi,1,1242,85,30155C97D461A7C002115323,"PLC, Product detaljeret, Aarhus, Jan. 2023.xlsx",2.083252818035427,T-shirt
01083 T-Shirt unisex hvid k/æ P/B,Alm.slid uden restværdi,1,1228,42,30155C97D461A7C0021151FB,"PLC, Product detaljeret, Aarhus, Jan. 2023.xlsx",1.0411074918566776,T-shirt
01083 T-Shirt unisex hvid k/æ P/B,Alm.slid uden restværdi,1,1228,34,30155C97D461A7C0021152D1,"PLC, Product detaljeret, Aarhus, Jan. 2023.xlsx",0.842801302931596,T-shirt
03850 T-Shirt Hvid Lady K/Æ P/B,Alm.slid uden restværdi,1,1204,55,30155C97D461A7C000E0A659,"PLC, Product detaljeret, Aarhus, Jan. 2023.xlsx",1.3905315614617941,T-shirt
03850 T-Shirt Hvid Lady K/Æ P/B,Alm.slid uden restværdi,1,1201,19,30155C97D461A7C000E0EE8B,"PLC, Product detaljeret, Aarhus, Jan. 2023.xlsx",0.48156536219816826,T-shirt
03850 T-Shirt Hvid Lady K/Æ P/B,Alm.slid uden restværdi,1,1148,43,00D00AE30F35,"PLC, Product detaljeret, Aarhus, Jan. 2023.xlsx",1.1401742160278745,T-shirt
01083 T-Shirt unisex hvid k/æ P/B,Alm.slid uden restværdi,1,1130,81,30155C97D461A7C0022A2C2D,"PLC, Product detaljeret, Aarhus, Jan. 2023.xlsx",2.181982300884956,T-shirt
01083 T-Shirt unisex hvid k/æ P/B,Alm.slid uden restværdi,1,1127,28,30155C97D461A7C00228BCEE,"PLC, Product detaljeret, Aarhus, Jan. 2023.xlsx",0.7562732919254658,T-shirt
01083 T-Shirt unisex hvid k/æ P/B,Alm.slid uden restværdi,1,1125,73,30155C97D461A7C0022A2C39,"PLC, Product detaljeret, Aarhus, Jan. 2023.xlsx",1.9752177777777777,T-shirt
01083 T-Shirt unisex hvid k/æ P/B,Alm.slid uden restværdi,1,1125,98,30155C97D461A7C00276C07F,"PLC, Product detaljeret, Aarhus, Jan. 2023.xlsx",2.6516622222222224,T-shirt
09385 T-Shirt Hvid B/P M Arla Tryk,Alm.slid uden restværdi,1,1125,48,30155C97D461A6C00193310D,"PLC, Product detaljeret, Aarhus, Jan. 2023.xlsx",1.2987733333333333,T-shirt
01083 T-Shirt unisex hvid k/æ P/B,Alm.slid uden restværdi,1,1124,76,30155C97D461A7C00266DCA5,"PLC, Product detaljeret, Aarhus, Jan. 2023.xlsx",2.0582206405693952,T-shirt
01083 T-Shirt unisex hvid k/æ P/B,Alm.slid uden restværdi,1,1121,28,30155C97D461A7C002286963,"PLC, Product detaljeret, Aarhus, Jan. 2023.xlsx",0.760321141837645,T-shirt
"07859 T-Shirt L/Æ, Hvid p/b",Alm.slid uden restværdi,1,1121,1,30155C97D461A7C00229B73C,"PLC, Product detaljeret, Aarhus, Jan. 2023.xlsx",0.02715432649420161,T-shirt
"07859 T-Shirt L/Æ, Hvid p/b",Alm.slid uden restværdi,1,1121,1,30155C97D461A7C00229B748,"PLC, Product detaljeret, Aarhus, Jan. 2023.xlsx",0.02715432649420161,T-shirt
"07859 T-Shirt L/Æ, Hvid p/b",Alm.slid uden restværdi,1,1121,2,30155C97D461A7C00229B74B,"PLC, Product detaljeret, Aarhus, Jan. 2023.xlsx",0.05430865298840322,T-shirt
"07859 T-Shirt L/Æ, Hvid p/b",Alm.slid uden restværdi,1,1121,1,30155C97D461A7C00229B762,"PLC, Product detaljeret, Aarhus, Jan. 2023.xlsx",0.02715432649420161,T-shirt
"07859 T-Shirt L/Æ, Hvid p/b",Alm.slid uden restværdi,1,1121,1,30155C97D461A7C00229B764,"PLC, Product detaljeret, Aarhus, Jan. 2023.xlsx",0.02715432649420161,T-shirt
"07859 T-Shirt L/Æ, Hvid p/b",Alm.slid uden restværdi,1,1121,7,30155C97D461A7C00229B77B,"PLC, Product detaljeret, Aarhus, Jan. 2023.xlsx",0.19008028545941125,T-shirt
"07859 T-Shirt L/Æ, Hvid p/b",Alm.slid uden restværdi,1,1121,3,30155C97D461A7C00229B85F,"PLC, Product detaljeret, Aarhus, Jan. 2023.xlsx",0.08146297948260481,T-shirt
03850 T-Shirt Hvid Lady K/Æ P/B,Alm.slid uden restværdi,1,1114,65,00D00B1C7254,"PLC, Product detaljeret, Aarhus, Jan. 2023.xlsx",1.7761220825852784,T-shirt
09385 T-Shirt Hvid B/P M Arla Tryk,Alm.slid uden restværdi,1,1106,67,30155C97D461A6C001931AC1,"PLC, Product detaljeret, Aarhus, Jan. 2023.xlsx",1.8440144665461122,T-shirt
01083 T-Shirt unisex hvid k/æ P/B,Alm.slid uden restværdi,1,1104,53,30155C97D461A7C00276C062,"PLC, Product detaljeret, Aarhus, Jan. 2023.xlsx",1.4613405797101449,T-shirt
01083 T-Shirt unisex hvid k/æ P/B,Alm.slid uden restværdi,1,1085,73,30155C97D461A7C002769757,"PLC, Product detaljeret, Aarhus, Jan. 2023.xlsx",2.048036866359447,T-shirt
01083 T-Shirt unisex hvid k/æ P/B,Alm.slid uden restværdi,1,1078,82,30155C97D461A7C00219070D,"PLC, Product detaljeret, Aarhus, Jan. 2023.xlsx",2.315473098330241,T-shirt
01083 T-Shirt unisex hvid k/æ P/B,Alm.slid uden restværdi,1,1077,26,00D009787DA1,"PLC, Product detaljeret, Aarhus, Jan. 2023.xlsx",0.7348560817084494,T-shirt
09385 T-Shirt Hvid B/P M Arla Tryk,Alm.slid uden restværdi,1,1076,60,30155C97D461A6C001933105,"PLC, Product detaljeret, Aarhus, Jan. 2023.xlsx",1.6973977695167286,T-shirt
09385 T-Shirt Hvid B/P M Arla Tryk,Alm.slid uden restværdi,1,1063,44,30155C97D461A6C00193256D,"PLC, Product detaljeret, Aarhus, Jan. 2023.xlsx",1.2599811853245533,T-shirt
09385 T-Shirt Hvid B/P M Arla Tryk,Alm.slid uden restværdi,1,1054,86,30155C97D461A7C0020E9902,"PLC, Product detaljeret, Aarhus, Jan. 2023.xlsx",2.483719165085389,T-shirt
09385 T-Shirt Hvid B/P M Arla Tryk,Alm.slid uden restværdi,1,1054,80,30155C97D461A7C002122145,"PLC, Product detaljeret, Aarhus, Jan. 2023.xlsx",2.3104364326375713,T-shirt
09385 T-Shirt Hvid B/P M Arla Tryk,Alm.slid uden restværdi,1,1053,62,30155C97D461A6C0019330FC,"PLC, Product detaljeret, Aarhus, Jan. 2023.xlsx",1.7922886989553657,T-shirt
09385 T-Shirt Hvid B/P M Arla Tryk,Alm.slid uden restværdi,1,1050,49,30155C97D461A6C001932501,"PLC, Product detaljeret, Aarhus, Jan. 2023.xlsx",1.4205333333333334,T-shirt
01083 T-Shirt unisex hvid k/æ P/B,Alm.slid uden restværdi,1,1034,87,30155C97D461A7C00215556F,"PLC, Product detaljeret, Aarhus, Jan. 2023.xlsx",2.5611992263056096,T-shirt
09385 T-Shirt Hvid B/P M Arla Tryk,Alm.slid uden restværdi,1,1030,46,30155C97D461A6C001931B17,"PLC, Product detaljeret, Aarhus, Jan. 2023.xlsx",1.3594563106796116,T-shirt
09385 T-Shirt Hvid B/P M Arla Tryk,Alm.slid uden restværdi,1,1000,58,30155C97D461A6C001931AA3,"PLC, Product detaljeret, Aarhus, Jan. 2023.xlsx",1.7655200000000002,T-shirt
09385 T-Shirt Hvid B/P M Arla Tryk,Alm.slid uden restværdi,1,993,47,00D00AE1090E,"PLC, Product detaljeret, Aarhus, Jan. 2023.xlsx",1.4407653575025177,T-shirt
01083 T-Shirt unisex hvid k/æ P/B,Alm.slid uden restværdi,1,983,60,30155C97D461A7C002176256,"PLC, Product detaljeret, Aarhus, Jan. 2023.xlsx",1.8579857578840286,T-shirt
01083 T-Shirt unisex hvid k/æ P/B,Alm.slid uden restværdi,1,973,46,30155C97D461A7C001537179,"PLC, Product detaljeret, Aarhus, Jan. 2023.xlsx",1.4390955806783146,T-shirt
01083 T-Shirt unisex hvid k/æ P/B,Alm.slid uden restværdi,1,944,45,30155C97D461A7C00268DCAF,"PLC, Product detaljeret, Aarhus, Jan. 2023.xlsx",1.4510593220338983,T-shirt
09385 T-Shirt Hvid B/P M Arla Tryk,Alm.slid uden restværdi,1,933,54,30155C97D461A6C00081E1AE,"PLC, Product detaljeret, Aarhus, Jan. 2023.xlsx",1.7618006430868167,T-shirt
09385 T-Shirt Hvid B/P M Arla Tryk,Alm.slid uden restværdi,1,933,61,30155C97D461A6C001931A76,"PLC, Product detaljeret, Aarhus, Jan. 2023.xlsx",1.9901822079314042,T-shirt
09385 T-Shirt Hvid B/P M Arla Tryk,Alm.slid uden restværdi,1,933,54,30155C97D461A6C001931A9C,"PLC, Product detaljeret, Aarhus, Jan. 2023.xlsx",1.7618006430868167,T-shirt
09385 T-Shirt Hvid B/P M Arla Tryk,Alm.slid uden restværdi,1,933,38,30155C97D461A6C001931AFA,"PLC, Product detaljeret, Aarhus, Jan. 2023.xlsx",1.2397856377277598,T-shirt
09385 T-Shirt Hvid B/P M Arla Tryk,Alm.slid uden restværdi,1,933,40,30155C97D461A6C001933024,"PLC, Product detaljeret, Aarhus, Jan. 2023.xlsx",1.305037513397642,T-shirt
09385 T-Shirt Hvid B/P M Arla Tryk,Alm.slid uden restværdi,1,933,38,30155C97D461A6C001933113,"PLC, Product detaljeret, Aarhus, Jan. 2023.xlsx",1.2397856377277598,T-shirt
09385 T-Shirt Hvid B/P M Arla Tryk,Alm.slid uden restværdi,1,930,56,30155C97D461A6C001931A6A,"PLC, Product detaljeret, Aarhus, Jan. 2023.xlsx",1.83294623655914,T-shirt
09385 T-Shirt Hvid B/P M Arla Tryk,Alm.slid uden restværdi,1,930,47,30155C97D461A6C001933139,"PLC, Product detaljeret, Aarhus, Jan. 2023.xlsx",1.5383655913978496,T-shirt
09385 T-Shirt Hvid B/P M Arla Tryk,Alm.slid uden restværdi,1,930,54,30155C97D461A6C001933184,"PLC, Product detaljeret, Aarhus, Jan. 2023.xlsx",1.767483870967742,T-shirt
01083 T-Shirt unisex hvid k/æ P/B,Alm.slid uden restværdi,1,919,91,30155C97D461A7C002951F02,"PLC, Product detaljeret, Aarhus, Jan. 2023.xlsx",3.0141893362350385,T-shirt
01083 T-Shirt unisex hvid k/æ P/B,Alm.slid uden restværdi,1,919,85,30155C97D461A7C002951F39,"PLC, Product detaljeret, Aarhus, Jan. 2023.xlsx",2.8154515778019586,T-shirt
01083 T-Shirt unisex hvid k/æ P/B,Alm.slid uden restværdi,1,919,93,30155C97D461A7C002951F8C,"PLC, Product detaljeret, Aarhus, Jan. 2023.xlsx",3.080435255712731,T-shirt
01083 T-Shirt unisex hvid k/æ P/B,Alm.slid uden restværdi,1,919,78,30155C97D461A7C002951F99,"PLC, Product detaljeret, Aarhus, Jan. 2023.xlsx",2.5835908596300325,T-shirt
01083 T-Shirt unisex hvid k/æ P/B,Alm.slid uden restværdi,1,919,81,30155C97D461A7C00295207F,"PLC, Product detaljeret, Aarhus, Jan. 2023.xlsx",2.6829597388465727,T-shirt
09385 T-Shirt Hvid B/P M Arla Tryk,Alm.slid uden restværdi,1,918,60,30155C97D461A6C0019327F4,"PLC, Product detaljeret, Aarhus, Jan. 2023.xlsx",1.989542483660131,T-shirt
01083 T-Shirt unisex hvid k/æ P/B,Alm.slid uden restværdi,1,910,56,30155C97D461A7C0028C4858,"PLC, Product detaljeret, Aarhus, Jan. 2023.xlsx",1.8732307692307695,T-shirt
09385 T-Shirt Hvid B/P M Arla Tryk,Alm.slid uden restværdi,1,882,51,30155C97D461A6C001931BF8,"PLC, Product detaljeret, Aarhus, Jan. 2023.xlsx",1.7601360544217688,T-shirt
09385 T-Shirt Hvid B/P M Arla Tryk,Alm.slid uden restværdi,1,878,43,30155C97D461A6C00081E225,"PLC, Product detaljeret, Aarhus, Jan. 2023.xlsx",1.4907972665148064,T-shirt
09385 T-Shirt Hvid B/P M Arla Tryk,Alm.slid uden restværdi,1,878,48,30155C97D461A6C001931B3B,"PLC, Product detaljeret, Aarhus, Jan. 2023.xlsx",1.6641457858769932,T-shirt
09385 T-Shirt Hvid B/P M Arla Tryk,Alm.slid uden restværdi,1,877,44,30155C97D461A6C00193305C,"PLC, Product detaljeret, Aarhus, Jan. 2023.xlsx",1.5272063854047893,T-shirt
09385 T-Shirt Hvid B/P M Arla Tryk,Alm.slid uden restværdi,1,875,56,30155C97D461A6C001931A92,"PLC, Product detaljeret, Aarhus, Jan. 2023.xlsx",1.9481600000000001,T-shirt
09385 T-Shirt Hvid B/P M Arla Tryk,Alm.slid uden restværdi,1,870,40,30155C97D461A7C00214CA4A,"PLC, Product detaljeret, Aarhus, Jan. 2023.xlsx",1.3995402298850574,T-shirt
09385 T-Shirt Hvid B/P M Arla Tryk,Alm.slid uden restværdi,1,869,45,30155C97D461A6C00081E284,"PLC, Product detaljeret, Aarhus, Jan. 2023.xlsx",1.576294591484465,T-shirt
09385 T-Shirt Hvid B/P M Arla Tryk,Alm.slid uden restværdi,1,869,29,30155C97D461A6C001931AC5,"PLC, Product detaljeret, Aarhus, Jan. 2023.xlsx",1.0158342922899883,T-shirt
09385 T-Shirt Hvid B/P M Arla Tryk,Alm.slid uden restværdi,1,869,50,30155C97D461A6C001931AAC,"PLC, Product detaljeret, Aarhus, Jan. 2023.xlsx",1.7514384349827388,T-shirt
09385 T-Shirt Hvid B/P M Arla Tryk,Alm.slid uden restværdi,1,868,55,30155C97D461A6C001931A35,"PLC, Product detaljeret, Aarhus, Jan. 2023.xlsx",1.9288018433179726,T-shirt
09385 T-Shirt Hvid B/P M Arla Tryk,Alm.slid uden restværdi,1,866,44,30155C97D461A6C00081E2B2,"PLC, Product detaljeret, Aarhus, Jan. 2023.xlsx",1.5466050808314087,T-shirt
09385 T-Shirt Hvid B/P M Arla Tryk,Alm.slid uden restværdi,1,865,40,30155C97D461A6C001932508,"PLC, Product detaljeret, Aarhus, Jan. 2023.xlsx",1.4076300578034682,T-shirt
03850 T-Shirt Hvid Lady K/Æ P/B,Alm.slid uden restværdi,1,863,15,30155C97D461A7C000E08AC5,"PLC, Product detaljeret, Aarhus, Jan. 2023.xlsx",0.5290845886442642,T-shirt
03850 T-Shirt Hvid Lady K/Æ P/B,Alm.slid uden restværdi,1,863,12,30155C97D461A7C000E08F1D,"PLC, Product detaljeret, Aarhus, Jan. 2023.xlsx",0.42326767091541134,T-shirt
01083 T-Shirt unisex hvid k/æ P/B,Alm.slid uden restværdi,1,860,99,30155C97D461A7C002914118,"PLC, Product detaljeret, Aarhus, Jan. 2023.xlsx",3.504139534883721,T-shirt
01083 T-Shirt unisex hvid k/æ P/B,Alm.slid uden restværdi,1,853,60,30155C97D461A6C0000E7609,"PLC, Product detaljeret, Aarhus, Jan. 2023.xlsx",2.1411488862837045,T-shirt
01083 T-Shirt unisex hvid k/æ P/B,Alm.slid uden restværdi,1,849,36,30155C97D461A7C0027CB008,"PLC, Product detaljeret, Aarhus, Jan. 2023.xlsx",1.2907420494699648,T-shirt
09385 T-Shirt Hvid B/P M Arla Tryk,Alm.slid uden restværdi,1,844,45,30155C97D461A6C00193393F,"PLC, Product detaljeret, Aarhus, Jan. 2023.xlsx",1.6229857819905216,T-shirt
09385 T-Shirt Hvid B/P M Arla Tryk,Alm.slid uden restværdi,1,841,92,30155C97D461A7C00268AA40,"PLC, Product detaljeret, Aarhus, Jan. 2023.xlsx",3.329940546967895,T-shirt
09385 T-Shirt Hvid B/P M Arla Tryk,Alm.slid uden restværdi,1,840,36,30155C97D461A6C001931AE6,"PLC, Product detaljeret, Aarhus, Jan. 2023.xlsx",1.3045714285714287,T-shirt
09385 T-Shirt Hvid B/P M Arla Tryk,Alm.slid uden restværdi,1,839,53,30155C97D461A6C00081E11C,"PLC, Product detaljeret, Aarhus, Jan. 2023.xlsx",1.9229082240762816,T-shirt
09385 T-Shirt Hvid B/P M Arla Tryk,Alm.slid uden restværdi,1,837,57,30155C97D461A6C001931B75,"PLC, Product detaljeret, Aarhus, Jan. 2023.xlsx",2.0729749103942656,T-shirt
01083 T-Shirt unisex hvid k/æ P/B,Alm.slid uden restværdi,1,835,89,30155C97D461A6C0000F1393,"PLC, Product detaljeret, Aarhus, Jan. 2023.xlsx",3.244502994011976,T-shirt
09385 T-Shirt Hvid B/P M Arla Tryk,Alm.slid uden restværdi,1,833,42,30155C97D461A6C001933101,"PLC, Product detaljeret, Aarhus, Jan. 2023.xlsx",1.5347899159663867,T-shirt
09385 T-Shirt Hvid B/P M Arla Tryk,Alm.slid uden restværdi,1,831,50,30155C97D461A6C001931BBF,"PLC, Product detaljeret, Aarhus, Jan. 2023.xlsx",1.8315282791817087,T-shirt
09385 T-Shirt Hvid B/P M Arla Tryk,Alm.slid uden restværdi,1,830,33,30155C97D461A6C00081E252,"PLC, Product detaljeret, Aarhus, Jan. 2023.xlsx",1.210265060240964,T-shirt
09385 T-Shirt Hvid B/P M Arla Tryk,Alm.slid uden restværdi,1,828,89,30155C97D461A7C0027CB8CE,"PLC, Product detaljeret, Aarhus, Jan. 2023.xlsx",3.2719323671497587,T-shirt
09385 T-Shirt Hvid B/P M Arla Tryk,Alm.slid uden restværdi,1,823,38,30155C97D461A6C0019324FD,"PLC, Product detaljeret, Aarhus, Jan. 2023.xlsx",1.4054921020656137,T-shirt
09385 T-Shirt Hvid B/P M Arla Tryk,Alm.slid uden restværdi,1,818,44,30155C97D461A6C00193258A,"PLC, Product detaljeret, Aarhus, Jan. 2023.xlsx",1.637359413202934,T-shirt
10981 T-shirt prowear dame hvid pb,Alm.slid uden restværdi,1,813,15,30155C97D461A6C00035718A,"PLC, Product detaljeret, Aarhus, Jan. 2023.xlsx",0.5616236162361624,T-shirt
09385 T-Shirt Hvid B/P M Arla Tryk,Alm.slid uden restværdi,1,798,54,30155C97D461A6C00193242A,"PLC, Product detaljeret, Aarhus, Jan. 2023.xlsx",2.0598496240601505,T-shirt
10981 T-shirt prowear dame hvid pb,Alm.slid uden restværdi,1,789,15,30155C97D461A6C000357100,"PLC, Product detaljeret, Aarhus, Jan. 2023.xlsx",0.5787072243346008,T-shirt
01083 T-Shirt unisex hvid k/æ P/B,Alm.slid uden restværdi,1,785,71,30155C97D461A6C00035702E,"PLC, Product detaljeret, Aarhus, Jan. 2023.xlsx",2.753171974522293,T-shirt
09385 T-Shirt Hvid B/P M Arla Tryk,Alm.slid uden restværdi,1,772,57,30155C97D461A7C00268AB86,"PLC, Product detaljeret, Aarhus, Jan. 2023.xlsx",2.2475129533678757,T-shirt
01083 T-Shirt unisex hvid k/æ P/B,Alm.slid uden restværdi,1,771,6,30155C97D461A6C000357024,"PLC, Product detaljeret, Aarhus, Jan. 2023.xlsx",0.23688715953307393,T-shirt
01083 T-Shirt unisex hvid k/æ P/B,Alm.slid uden restværdi,1,768,3,30155C97D461A6C000357068,"PLC, Product detaljeret, Aarhus, Jan. 2023.xlsx",0.11890625,T-shirt
09385 T-Shirt Hvid B/P M Arla Tryk,Alm.slid uden restværdi,1,762,47,30155C97D461A6C00081E28A,"PLC, Product detaljeret, Aarhus, Jan. 2023.xlsx",1.8775328083989502,T-shirt
09385 T-Shirt Hvid B/P M Arla Tryk,Alm.slid uden restværdi,1,756,34,30155C97D461A6C001932967,"PLC, Product detaljeret, Aarhus, Jan. 2023.xlsx",1.368994708994709,T-shirt
03850 T-Shirt Hvid Lady K/Æ P/B,Alm.slid uden restværdi,1,751,26,30155C97D461A7C000E0B3AA,"PLC, Product detaljeret, Aarhus, Jan. 2023.xlsx",1.0538482023968043,T-shirt
"07859 T-Shirt L/Æ, Hvid p/b",Alm.slid uden restværdi,1,742,66,30155C97D461A6C0000F7BB5,"PLC, Product detaljeret, Aarhus, Jan. 2023.xlsx",2.707601078167116,T-shirt
09385 T-Shirt Hvid B/P M Arla Tryk,Alm.slid uden restværdi,1,739,37,30155C97D461A6C001931A5B,"PLC, Product detaljeret, Aarhus, Jan. 2023.xlsx",1.5240595399188093,T-shirt
09385 T-Shirt Hvid B/P M Arla Tryk,Alm.slid uden restværdi,1,739,45,30155C97D461A6C001932450,"PLC, Product detaljeret, Aarhus, Jan. 2023.xlsx",1.8535859269282817,T-shirt
09385 T-Shirt Hvid B/P M Arla Tryk,Alm.slid uden restværdi,1,737,35,30155C97D461A6C00081E298,"PLC, Product detaljeret, Aarhus, Jan. 2023.xlsx",1.4455902306648576,T-shirt
09385 T-Shirt Hvid B/P M Arla Tryk,Alm.slid uden restværdi,1,735,45,30155C97D461A6C00081E12D,"PLC, Product detaljeret, Aarhus, Jan. 2023.xlsx",1.8636734693877552,T-shirt
01083 T-Shirt unisex hvid k/æ P/B,Alm.slid uden restværdi,1,732,97,30155C97D461A6C00030811B,"PLC, Product detaljeret, Aarhus, Jan. 2023.xlsx",4.033715846994536,T-shirt
09385 T-Shirt Hvid B/P M Arla Tryk,Alm.slid uden restværdi,1,732,61,30155C97D461A7C00219115E,"PLC, Product detaljeret, Aarhus, Jan. 2023.xlsx",2.5366666666666666,T-shirt
10981 T-shirt prowear dame hvid pb,Alm.slid uden restværdi,1,729,33,30155C97D461A6C000307D63,"PLC, Product detaljeret, Aarhus, Jan. 2023.xlsx",1.377942386831276,T-shirt
10981 T-shirt prowear dame hvid pb,Alm.slid uden restværdi,1,729,26,30155C97D461A6C000307ECD,"PLC, Product detaljeret, Aarhus, Jan. 2023.xlsx",1.0856515775034294,T-shirt
09385 T-Shirt Hvid B/P M Arla Tryk,Alm.slid uden restværdi,1,725,40,30155C97D461A6C001932427,"PLC, Product detaljeret, Aarhus, Jan. 2023.xlsx",1.679448275862069,T-shirt
01083 T-Shirt unisex hvid k/æ P/B,Alm.slid uden restværdi,1,720,7,30155C97D461A6C0002F05D7,"PLC, Product detaljeret, Aarhus, Jan. 2023.xlsx",0.29594444444444445,T-shirt
01083 T-Shirt unisex hvid k/æ P/B,Alm.slid uden restværdi,1,709,60,30155C97D461A6C00030826C,"PLC, Product detaljeret, Aarhus, Jan. 2023.xlsx",2.5760225669957686,T-shirt
01083 T-Shirt unisex hvid k/æ P/B,Alm.slid uden restværdi,1,703,4,30155C97D461A6C0002CE68D,"PLC, Product detaljeret, Aarhus, Jan. 2023.xlsx",0.17320056899004269,T-shirt
10981 T-shirt prowear dame hvid pb,Alm.slid uden restværdi,1,702,34,30155C97D461A6C0002F4B81,"PLC, Product detaljeret, Aarhus, Jan. 2023.xlsx",1.4743019943019942,T-shirt
09385 T-Shirt Hvid B/P M Arla Tryk,Alm.slid uden restværdi,1,697,41,30155C97D461A6C00193311B,"PLC, Product detaljeret, Aarhus, Jan. 2023.xlsx",1.7905882352941176,T-shirt
01083 T-Shirt unisex hvid k/æ P/B,Alm.slid uden restværdi,1,694,25,30155C97D461A6C00020FAFC,"PLC, Product detaljeret, Aarhus, Jan. 2023.xlsx",1.0965417867435159,T-shirt
01083 T-Shirt unisex hvid k/æ P/B,Alm.slid uden restværdi,1,694,44,30155C97D461A6C000310345,"PLC, Product detaljeret, Aarhus, Jan. 2023.xlsx",1.929913544668588,T-shirt
09385 T-Shirt Hvid B/P M Arla Tryk,Alm.slid uden restværdi,1,652,62,30155C97D461A6C000141E9F,"PLC, Product detaljeret, Aarhus, Jan. 2023.xlsx",2.8946012269938652,T-shirt
01083 T-Shirt unisex hvid k/æ P/B,Alm.slid uden restværdi,1,632,29,30155C97D461A6C00020FBC4,"PLC, Product detaljeret, Aarhus, Jan. 2023.xlsx",1.3967721518987344,T-shirt
01083 T-Shirt unisex hvid k/æ P/B,Alm.slid uden restværdi,1,613,33,30155C97D461A6C0002FCA5A,"PLC, Product detaljeret, Aarhus, Jan. 2023.xlsx",1.638694942903752,T-shirt
09385 T-Shirt Hvid B/P M Arla Tryk,Alm.slid uden restværdi,1,594,31,30155C97D461A6C0019324AA,"PLC, Product detaljeret, Aarhus, Jan. 2023.xlsx",1.5886195286195286,T-shirt
01083 T-Shirt unisex hvid k/æ P/B,Alm.slid uden restværdi,1,567,37,30155C97D461A6C000B05F8E,"PLC, Product detaljeret, Aarhus, Jan. 2023.xlsx",1.986384479717813,T-shirt
09385 T-Shirt Hvid B/P M Arla Tryk,Alm.slid uden restværdi,1,563,21,30155C97D461A6C00081E128,"PLC, Product detaljeret, Aarhus, Jan. 2023.xlsx",1.135417406749556,T-shirt
01083 T-Shirt unisex hvid k/æ P/B,Alm.slid uden restværdi,1,559,2,00D00B29F11D,"PLC, Product detaljeret, Aarhus, Jan. 2023.xlsx",0.10890876565295171,T-shirt
01083 T-Shirt unisex hvid k/æ P/B,Alm.slid uden restværdi,1,559,3,00D00B2A046A,"PLC, Product detaljeret, Aarhus, Jan. 2023.xlsx",0.16336314847942754,T-shirt
01083 T-Shirt unisex hvid k/æ P/B,Alm.slid uden restværdi,1,559,2,00D00B2A7762,"PLC, Product detaljeret, Aarhus, Jan. 2023.xlsx",0.10890876565295171,T-shirt
01083 T-Shirt unisex hvid k/æ P/B,Alm.slid uden restværdi,1,553,40,30155C97D461A6C0008D73ED,"PLC, Product detaljeret, Aarhus, Jan. 2023.xlsx",2.2018083182640145,T-shirt
01083 T-Shirt unisex hvid k/æ P/B,Alm.slid uden restværdi,1,550,67,30155C97D461A6C0008C3786,"PLC, Product detaljeret, Aarhus, Jan. 2023.xlsx",3.7081454545454546,T-shirt
01083 T-Shirt unisex hvid k/æ P/B,Alm.slid uden restværdi,1,550,63,30155C97D461A6C0008C379E,"PLC, Product detaljeret, Aarhus, Jan. 2023.xlsx",3.4867636363636367,T-shirt
09385 T-Shirt Hvid B/P M Arla Tryk,Alm.slid uden restværdi,1,542,35,30155C97D461A6C00081E15C,"PLC, Product detaljeret, Aarhus, Jan. 2023.xlsx",1.9656826568265684,T-shirt
01083 T-Shirt unisex hvid k/æ P/B,Alm.slid uden restværdi,1,535,43,30155C97D461A6C000B0B1F5,"PLC, Product detaljeret, Aarhus, Jan. 2023.xlsx",2.4465794392523366,T-shirt
01083 T-Shirt unisex hvid k/æ P/B,Alm.slid uden restværdi,1,525,23,30155C97D461A6C000818AE4,"PLC, Product detaljeret, Aarhus, Jan. 2023.xlsx",1.333561904761905,T-shirt
01083 T-Shirt unisex hvid k/æ P/B,Alm.slid uden restværdi,1,525,37,30155C97D461A6C00083C532,"PLC, Product detaljeret, Aarhus, Jan. 2023.xlsx",2.145295238095238,T-shirt
01083 T-Shirt unisex hvid k/æ P/B,Alm.slid uden restværdi,1,516,36,30155C97D461A6C0008C3791,"PLC, Product detaljeret, Aarhus, Jan. 2023.xlsx",2.123720930232558,T-shirt
09385 T-Shirt Hvid B/P M Arla Tryk,Alm.slid uden restværdi,1,512,31,30155C97D461A6C00012B03C,"PLC, Product detaljeret, Aarhus, Jan. 2023.xlsx",1.843046875,T-shirt
01083 T-Shirt unisex hvid k/æ P/B,Alm.slid uden restværdi,1,503,48,30155C97D461A6C000BA420B,"PLC, Product detaljeret, Aarhus, Jan. 2023.xlsx",2.9048111332007953,T-shirt
09385 T-Shirt Hvid B/P M Arla Tryk,Alm.slid uden restværdi,1,495,30,30155C97D461A6C0019330E9,"PLC, Product detaljeret, Aarhus, Jan. 2023.xlsx",1.844848484848485,T-shirt
01083 T-Shirt unisex hvid k/æ P/B,Alm.slid uden restværdi,1,490,53,30155C97D461A6C0008BF81F,"PLC, Product detaljeret, Aarhus, Jan. 2023.xlsx",3.292489795918368,T-shirt
09385 T-Shirt Hvid B/P M Arla Tryk,Alm.slid uden restværdi,1,486,34,30155C97D461A6C001932FDE,"PLC, Product detaljeret, Aarhus, Jan. 2023.xlsx",2.1295473251028807,T-shirt
01083 T-Shirt unisex hvid k/æ P/B,Alm.slid uden restværdi,1,475,24,30155C97D461A6C000B9F5DE,"PLC, Product detaljeret, Aarhus, Jan. 2023.xlsx",1.538021052631579,T-shirt
09385 T-Shirt Hvid B/P M Arla Tryk,Alm.slid uden restværdi,1,473,28,30155C97D461A6C00081E105,"PLC, Product detaljeret, Aarhus, Jan. 2023.xlsx",1.8019450317124737,T-shirt
01083 T-Shirt unisex hvid k/æ P/B,Alm.slid uden restværdi,1,468,46,30155C97D461A6C0008BF825,"PLC, Product detaljeret, Aarhus, Jan. 2023.xlsx",2.991965811965812,T-shirt
01083 T-Shirt unisex hvid k/æ P/B,Alm.slid uden restværdi,1,468,51,30155C97D461A6C0012B7486,"PLC, Product detaljeret, Aarhus, Jan. 2023.xlsx",3.3171794871794873,T-shirt
01083 T-Shirt unisex hvid k/æ P/B,Alm.slid uden restværdi,1,466,20,30155C97D461A6C000B99772,"PLC, Product detaljeret, Aarhus, Jan. 2023.xlsx",1.3064377682403434,T-shirt
01083 T-Shirt unisex hvid k/æ P/B,Alm.slid uden restværdi,1,464,2,30155C97D461A6C0008BF6BC,"PLC, Product detaljeret, Aarhus, Jan. 2023.xlsx",0.13120689655172413,T-shirt
01083 T-Shirt unisex hvid k/æ P/B,Alm.slid uden restværdi,1,461,43,30155C97D461A6C0015B96EA,"PLC, Product detaljeret, Aarhus, Jan. 2023.xlsx",2.8393058568329717,T-shirt
01083 T-Shirt unisex hvid k/æ P/B,Alm.slid uden restværdi,1,460,1,30155C97D461A6C00157E450,"PLC, Product detaljeret, Aarhus, Jan. 2023.xlsx",0.06617391304347826,T-shirt
01083 T-Shirt unisex hvid k/æ P/B,Alm.slid uden restværdi,1,460,2,30155C97D461A6C00157E576,"PLC, Product detaljeret, Aarhus, Jan. 2023.xlsx",0.13234782608695653,T-shirt
"07859 T-Shirt L/Æ, Hvid p/b",Alm.slid uden restværdi,1,455,16,30155C97D461A6C0005CEA0A,"PLC, Product detaljeret, Aarhus, Jan. 2023.xlsx",1.0704175824175826,T-shirt
01083 T-Shirt unisex hvid k/æ P/B,Alm.slid uden restværdi,1,448,53,30155C97D461A6C0015B9862,"PLC, Product detaljeret, Aarhus, Jan. 2023.xlsx",3.6011607142857143,T-shirt
01083 T-Shirt unisex hvid k/æ P/B,Alm.slid uden restværdi,1,440,33,30155C97D461A6C0015C30BA,"PLC, Product detaljeret, Aarhus, Jan. 2023.xlsx",2.283,T-shirt
09385 T-Shirt Hvid B/P M Arla Tryk,Alm.slid uden restværdi,1,440,35,30155C97D461A6C00193308E,"PLC, Product detaljeret, Aarhus, Jan. 2023.xlsx",2.4213636363636364,T-shirt
01083 T-Shirt unisex hvid k/æ P/B,Alm.slid uden restværdi,1,426,43,30155C97D461A6C0012EA089,"PLC, Product detaljeret, Aarhus, Jan. 2023.xlsx",3.0725821596244134,T-shirt
01083 T-Shirt unisex hvid k/æ P/B,Alm.slid uden restværdi,1,426,24,30155C97D461A6C0012EC5B4,"PLC, Product detaljeret, Aarhus, Jan. 2023.xlsx",1.7149295774647888,T-shirt
01083 T-Shirt unisex hvid k/æ P/B,Alm.slid uden restværdi,1,426,25,30155C97D461A6C0012EC692,"PLC, Product detaljeret, Aarhus, Jan. 2023.xlsx",1.7863849765258217,T-shirt
01083 T-Shirt unisex hvid k/æ P/B,Alm.slid uden restværdi,1,426,42,30155C97D461A6C00157AB24,"PLC, Product detaljeret, Aarhus, Jan. 2023.xlsx",3.00112676056338,T-shirt
01083 T-Shirt unisex hvid k/æ P/B,Alm.slid uden restværdi,1,420,38,30155C97D461A6C00105D50C,"PLC, Product detaljeret, Aarhus, Jan. 2023.xlsx",2.754095238095238,T-shirt
01083 T-Shirt unisex hvid k/æ P/B,Alm.slid uden restværdi,1,398,40,30155C97D461A6C0015BB774,"PLC, Product detaljeret, Aarhus, Jan. 2023.xlsx",3.0592964824120608,T-shirt
01083 T-Shirt unisex hvid k/æ P/B,Alm.slid uden restværdi,1,390,33,30155C97D461A6C0015C647C,"PLC, Product detaljeret, Aarhus, Jan. 2023.xlsx",2.5756923076923077,T-shirt
01083 T-Shirt unisex hvid k/æ P/B,Alm.slid uden restværdi,1,382,33,30155C97D461A6C000910419,"PLC, Product detaljeret, Aarhus, Jan. 2023.xlsx",2.629633507853403,T-shirt
01083 T-Shirt unisex hvid k/æ P/B,Alm.slid uden restværdi,1,370,28,30155C97D461A6C0006452B6,"PLC, Product detaljeret, Aarhus, Jan. 2023.xlsx",2.3035675675675678,T-shirt
01083 T-Shirt unisex hvid k/æ P/B,Alm.slid uden restværdi,1,358,34,30155C97D461A6C001058471,"PLC, Product detaljeret, Aarhus, Jan. 2023.xlsx",2.890949720670391,T-shirt
09385 T-Shirt Hvid B/P M Arla Tryk,Alm.slid uden restværdi,1,341,13,30155C97D461A6C000B0625B,"PLC, Product detaljeret, Aarhus, Jan. 2023.xlsx",1.1604692082111439,T-shirt
01083 T-Shirt unisex hvid k/æ P/B,Alm.slid uden restværdi,1,340,25,30155C97D461A6C00064526F,"PLC, Product detaljeret, Aarhus, Jan. 2023.xlsx",2.238235294117647,T-shirt
01083 T-Shirt unisex hvid k/æ P/B,Alm.slid uden restværdi,1,337,34,30155C97D461A6C000D87D24,"PLC, Product detaljeret, Aarhus, Jan. 2023.xlsx",3.071097922848665,T-shirt
01083 T-Shirt unisex hvid k/æ P/B,Alm.slid uden restværdi,1,321,34,30155C97D461A6C0007233DA,"PLC, Product detaljeret, Aarhus, Jan. 2023.xlsx",3.2241744548286606,T-shirt
01083 T-Shirt unisex hvid k/æ P/B,Alm.slid uden restværdi,1,307,15,30155C97D461A6C0006387E3,"PLC, Product detaljeret, Aarhus, Jan. 2023.xlsx",1.4872964169381109,T-shirt
01083 T-Shirt unisex hvid k/æ P/B,Alm.slid uden restværdi,1,301,27,30155C97D461A6C0009E9774,"PLC, Product detaljeret, Aarhus, Jan. 2023.xlsx",2.730498338870432,T-shirt
01083 T-Shirt unisex hvid k/æ P/B,Alm.slid uden restværdi,1,290,21,30155C97D461A6C000BA13CB,"PLC, Product detaljeret, Aarhus, Jan. 2023.xlsx",2.204275862068966,T-shirt
01083 T-Shirt unisex hvid k/æ P/B,Alm.slid uden restværdi,1,282,29,30155C97D461A6C000BA1449,"PLC, Product detaljeret, Aarhus, Jan. 2023.xlsx",3.130354609929078,T-shirt
10981 T-shirt prowear dame hvid pb,Alm.slid uden restværdi,1,278,3,30155C97D461A6C000E27AA8,"PLC, Product detaljeret, Aarhus, Jan. 2023.xlsx",0.32848920863309355,T-shirt
01083 T-Shirt unisex hvid k/æ P/B,Alm.slid uden restværdi,1,243,26,30155C97D461A4C000653778,"PLC, Product detaljeret, Aarhus, Jan. 2023.xlsx",3.2569547325102883,T-shirt
01083 T-Shirt unisex hvid k/æ P/B,Alm.slid uden restværdi,1,239,10,30155C97D461A6C000906559,"PLC, Product detaljeret, Aarhus, Jan. 2023.xlsx",1.2736401673640168,T-shirt
01083 T-Shirt unisex hvid k/æ P/B,Alm.slid uden restværdi,1,237,11,30155C97D461A6C000906518,"PLC, Product detaljeret, Aarhus, Jan. 2023.xlsx",1.4128270042194093,T-shirt
01083 T-Shirt unisex hvid k/æ P/B,Alm.slid uden restværdi,1,237,6,30155C97D461A6C000906574,"PLC, Product detaljeret, Aarhus, Jan. 2023.xlsx",0.7706329113924051,T-shirt
01083 T-Shirt unisex hvid k/æ P/B,Alm.slid uden restværdi,1,226,14,30155C97D461A6C000906663,"PLC, Product detaljeret, Aarhus, Jan. 2023.xlsx",1.8856637168141595,T-shirt
01083 T-Shirt unisex hvid k/æ P/B,Alm.slid uden restværdi,1,223,13,30155C97D461A6C00090BB5D,"PLC, Product detaljeret, Aarhus, Jan. 2023.xlsx",1.7745291479820628,T-shirt
01083 T-Shirt unisex hvid k/æ P/B,Alm.slid uden restværdi,1,221,7,30155C97D461A6C0012E9FD9,"PLC, Product detaljeret, Aarhus, Jan. 2023.xlsx",0.9641628959276018,T-shirt
01083 T-Shirt unisex hvid k/æ P/B,Alm.slid uden restværdi,1,214,9,30155C97D461A6C0013015B2,"PLC, Product detaljeret, Aarhus, Jan. 2023.xlsx",1.2801869158878505,T-shirt
01083 T-Shirt unisex hvid k/æ P/B,Alm.slid uden restværdi,1,214,7,30155C97D461A6C0013015C5,"PLC, Product detaljeret, Aarhus, Jan. 2023.xlsx",0.9957009345794392,T-shirt
01083 T-Shirt unisex hvid k/æ P/B,Alm.slid uden restværdi,1,207,12,30155C97D461A4C0006537F9,"PLC, Product detaljeret, Aarhus, Jan. 2023.xlsx",1.7646376811594204,T-shirt
01083 T-Shirt unisex hvid k/æ P/B,Alm.slid uden restværdi,1,203,7,00D00B4E7DED,"PLC, Product detaljeret, Aarhus, Jan. 2023.xlsx",1.049655172413793,T-shirt
01083 T-Shirt unisex hvid k/æ P/B,Alm.slid uden restværdi,1,203,9,00D00B4E8B5C,"PLC, Product detaljeret, Aarhus, Jan. 2023.xlsx",1.3495566502463054,T-shirt
01083 T-Shirt unisex hvid k/æ P/B,Alm.slid uden restværdi,1,203,7,00D00B4E8E30,"PLC, Product detaljeret, Aarhus, Jan. 2023.xlsx",1.049655172413793,T-shirt
01083 T-Shirt unisex hvid k/æ P/B,Alm.slid uden restværdi,1,200,9,30155C97D461A4C0006538E6,"PLC, Product detaljeret, Aarhus, Jan. 2023.xlsx",1.3698,T-shirt
01083 T-Shirt unisex hvid k/æ P/B,Alm.slid uden restværdi,1,195,10,30155C97D461A4C0006538E2,"PLC, Product detaljeret, Aarhus, Jan. 2023.xlsx",1.5610256410256411,T-shirt
09385 T-Shirt Hvid B/P M Arla Tryk,Alm.slid uden restværdi,1,194,8,30155C97D461A6C0012DD57A,"PLC, Product detaljeret, Aarhus, Jan. 2023.xlsx",1.255257731958763,T-shirt
09385 T-Shirt Hvid B/P M Arla Tryk,Alm.slid uden restværdi,1,193,19,30155C97D461A6C001931AE1,"PLC, Product detaljeret, Aarhus, Jan. 2023.xlsx",2.9966839378238346,T-shirt
09385 T-Shirt Hvid B/P M Arla Tryk,Alm.slid uden restværdi,1,192,16,30155C97D461A6C00081E205,"PLC, Product detaljeret, Aarhus, Jan. 2023.xlsx",2.5366666666666666,T-shirt
10981 T-shirt prowear dame hvid pb,Alm.slid uden restværdi,1,188,6,30155C97D461A6C0008BC336,"PLC, Product detaljeret, Aarhus, Jan. 2023.xlsx",0.9714893617021276,T-shirt
09385 T-Shirt Hvid B/P M Arla Tryk,Alm.slid uden restværdi,1,183,13,30155C97D461A6C001932FF3,"PLC, Product detaljeret, Aarhus, Jan. 2023.xlsx",2.1624043715846994,T-shirt
10981 T-shirt prowear dame hvid pb,Alm.slid uden restværdi,1,183,9,30155C97D461A6C0008BC3A9,"PLC, Product detaljeret, Aarhus, Jan. 2023.xlsx",1.497049180327869,T-shirt
01083 T-Shirt unisex hvid k/æ P/B,Alm.slid uden restværdi,1,165,2,30155C97D461A6C0015B642F,"PLC, Product detaljeret, Aarhus, Jan. 2023.xlsx",0.368969696969697,T-shirt
01083 T-Shirt unisex hvid k/æ P/B,Alm.slid uden restværdi,1,150,6,30155C97D461A6C0013013FB,"PLC, Product detaljeret, Aarhus, Jan. 2023.xlsx",1.2176,T-shirt
01083 T-Shirt unisex hvid k/æ P/B,Alm.slid uden restværdi,1,137,12,30155C97D461A6C0010D8883,"PLC, Product detaljeret, Aarhus, Jan. 2023.xlsx",2.666277372262774,T-shirt
01083 T-Shirt unisex hvid k/æ P/B,Alm.slid uden restværdi,1,126,1,30155C97D461A6C001B33E41,"PLC, Product detaljeret, Aarhus, Jan. 2023.xlsx",0.24158730158730157,T-shirt
01083 T-Shirt unisex hvid k/æ P/B,Alm.slid uden restværdi,1,126,1,30155C97D461A6C001B33E71,"PLC, Product detaljeret, Aarhus, Jan. 2023.xlsx",0.24158730158730157,T-shirt
01083 T-Shirt unisex hvid k/æ P/B,Alm.slid uden restværdi,1,126,1,30155C97D461A6C001B33E88,"PLC, Product detaljeret, Aarhus, Jan. 2023.xlsx",0.24158730158730157,T-shirt
01083 T-Shirt unisex hvid k/æ P/B,Alm.slid uden restværdi,1,126,1,30155C97D461A6C001B33E9A,"PLC, Product detaljeret, Aarhus, Jan. 2023.xlsx",0.24158730158730157,T-shirt
01083 T-Shirt unisex hvid k/æ P/B,Alm.slid uden restværdi,1,126,1,30155C97D461A6C001B33ED1,"PLC, Product detaljeret, Aarhus, Jan. 2023.xlsx",0.24158730158730157,T-shirt
01083 T-Shirt unisex hvid k/æ P/B,Alm.slid uden restværdi,1,126,2,30155C97D461A6C001B33F0C,"PLC, Product detaljeret, Aarhus, Jan. 2023.xlsx",0.48317460317460315,T-shirt
01083 T-Shirt unisex hvid k/æ P/B,Alm.slid uden restværdi,1,126,1,30155C97D461A6C001B33FD1,"PLC, Product detaljeret, Aarhus, Jan. 2023.xlsx",0.24158730158730157,T-shirt
26666 T-shirt dame 1/2 ærme hvid,Alm.slid uden restværdi,1,119,1,30155C97D461A6C0000FD3DE,"PLC, Product detaljeret, Aarhus, Jan. 2023.xlsx",0.2557983193277311,T-shirt
01083 T-Shirt unisex hvid k/æ P/B,Alm.slid uden restværdi,1,116,8,30155C97D461A6C00160362E,"PLC, Product detaljeret, Aarhus, Jan. 2023.xlsx",2.099310344827586,T-shirt
01083 T-Shirt unisex hvid k/æ P/B,Alm.slid uden restværdi,1,116,7,30155C97D461A6C00160363B,"PLC, Product detaljeret, Aarhus, Jan. 2023.xlsx",1.836896551724138,T-shirt
01083 T-Shirt unisex hvid k/æ P/B,Alm.slid uden restværdi,1,116,7,30155C97D461A6C0016037B9,"PLC, Product detaljeret, Aarhus, Jan. 2023.xlsx",1.836896551724138,T-shirt
09385 T-Shirt Hvid B/P M Arla Tryk,Alm.slid uden restværdi,1,116,12,30155C97D461A6C0012FC872,"PLC, Product detaljeret, Aarhus, Jan. 2023.xlsx",3.1489655172413795,T-shirt
01083 T-Shirt unisex hvid k/æ P/B,Alm.slid uden restværdi,1,115,10,30155C97D461A6C00160361B,"PLC, Product detaljeret, Aarhus, Jan. 2023.xlsx",2.6469565217391304,T-shirt
01083 T-Shirt unisex hvid k/æ P/B,Alm.slid uden restværdi,1,115,10,30155C97D461A6C001603647,"PLC, Product detaljeret, Aarhus, Jan. 2023.xlsx",2.6469565217391304,T-shirt
09385 T-Shirt Hvid B/P M Arla Tryk,Alm.slid uden restværdi,1,113,12,30155C97D461A6C0016019B4,"PLC, Product detaljeret, Aarhus, Jan. 2023.xlsx",3.232566371681416,T-shirt
01083 T-Shirt unisex hvid k/æ P/B,Alm.slid uden restværdi,1,102,10,30155C97D461A6C0010DF748,"PLC, Product detaljeret, Aarhus, Jan. 2023.xlsx",2.984313725490196,T-shirt
01083 T-Shirt unisex hvid k/æ P/B,Alm.slid uden restværdi,1,102,10,30155C97D461A6C0010DF79A,"PLC, Product detaljeret, Aarhus, Jan. 2023.xlsx",2.984313725490196,T-shirt
10981 T-shirt prowear dame hvid pb,Alm.slid uden restværdi,1,97,2,30155C97D461A4C00092DB2D,"PLC, Product detaljeret, Aarhus, Jan. 2023.xlsx",0.6276288659793815,T-shirt
01083 T-Shirt unisex hvid k/æ P/B,Alm.slid uden restværdi,1,96,8,30155C97D461A6C0010E8FCF,"PLC, Product detaljeret, Aarhus, Jan. 2023.xlsx",2.5366666666666666,T-shirt
01083 T-Shirt unisex hvid k/æ P/B,Alm.slid uden restværdi,1,96,9,30155C97D461A6C001A5D1DF,"PLC, Product detaljeret, Aarhus, Jan. 2023.xlsx",2.8537500000000002,T-shirt
10981 T-shirt prowear dame hvid pb,Alm.slid uden restværdi,1,96,1,30155C97D461A4C00092D9C2,"PLC, Product detaljeret, Aarhus, Jan. 2023.xlsx",0.31708333333333333,T-shirt
09385 T-Shirt Hvid B/P M Arla Tryk,Alm.slid uden restværdi,1,85,7,30155C97D461A6C0012DF014,"PLC, Product detaljeret, Aarhus, Jan. 2023.xlsx",2.506823529411765,T-shirt
01083 T-Shirt unisex hvid k/æ P/B,Alm.slid uden restværdi,1,60,5,30155C97D461A6C001A6BC5F,"PLC, Product detaljeret, Aarhus, Jan. 2023.xlsx",2.5366666666666666,T-shirt
01083 T-Shirt unisex hvid k/æ P/B,Alm.slid uden restværdi,1,54,3,30155C97D461A6C001A6BCCA,"PLC, Product detaljeret, Aarhus, Jan. 2023.xlsx",1.691111111111111,T-shirt
26666 T-shirt dame 1/2 ærme hvid,Alm.slid uden restværdi,1,33,1,30155C97D461A6C001A664B3,"PLC, Product detaljeret, Aarhus, Jan. 2023.xlsx",0.9224242424242425,T-shirt
09385 T-Shirt Hvid B/P M Arla Tryk,Alm.slid uden restværdi,1,2586,102,00D00998D330,"PLC, Product detaljeret, Aarhus, Jul. 2023.xlsx",1.2006496519721577,T-shirt
09385 T-Shirt Hvid B/P M Arla Tryk,Alm.slid uden restværdi,1,2582,61,00D0095B3AC5,"PLC, Product detaljeret, Aarhus, Jul. 2023.xlsx",0.719147947327653,T-shirt
09385 T-Shirt Hvid B/P M Arla Tryk,Alm.slid uden restværdi,1,2510,82,00D0096FD0AD,"PLC, Product detaljeret, Aarhus, Jul. 2023.xlsx",0.9944541832669324,T-shirt
01083 T-Shirt unisex hvid k/æ P/B,Alm.slid uden restværdi,1,2482,134,00D0099725B9,"PLC, Product detaljeret, Aarhus, Jul. 2023.xlsx",1.643416599516519,T-shirt
01083 T-Shirt unisex hvid k/æ P/B,Alm.slid uden restværdi,1,2473,41,00D00971DE4F,"PLC, Product detaljeret, Aarhus, Jul. 2023.xlsx",0.5046663970885564,T-shirt
01083 T-Shirt unisex hvid k/æ P/B,Alm.slid uden restværdi,1,2426,117,00D009AF7083,"PLC, Product detaljeret, Aarhus, Jul. 2023.xlsx",1.4680461665292663,T-shirt
09385 T-Shirt Hvid B/P M Arla Tryk,Alm.slid uden restværdi,1,2392,82,00D009974F89,"PLC, Product detaljeret, Aarhus, Jul. 2023.xlsx",1.0435117056856187,T-shirt
01083 T-Shirt unisex hvid k/æ P/B,Alm.slid uden restværdi,1,2376,112,00D009AFBF58,"PLC, Product detaljeret, Aarhus, Jul. 2023.xlsx",1.4348821548821549,T-shirt
01083 T-Shirt unisex hvid k/æ P/B,Alm.slid uden restværdi,1,2372,76,00D009782E9B,"PLC, Product detaljeret, Aarhus, Jul. 2023.xlsx",0.9753119730185498,T-shirt
09385 T-Shirt Hvid B/P M Arla Tryk,Alm.slid uden restværdi,1,2318,109,00D00973D774,"PLC, Product detaljeret, Aarhus, Jul. 2023.xlsx",1.4313891285591027,T-shirt
09385 T-Shirt Hvid B/P M Arla Tryk,Alm.slid uden restværdi,1,2314,104,00D0099805AB,"PLC, Product detaljeret, Aarhus, Jul. 2023.xlsx",1.3680898876404495,T-shirt
09385 T-Shirt Hvid B/P M Arla Tryk,Alm.slid uden restværdi,1,2309,80,00D0095AA209,"PLC, Product detaljeret, Aarhus, Jul. 2023.xlsx",1.0546556951061066,T-shirt
09385 T-Shirt Hvid B/P M Arla Tryk,Alm.slid uden restværdi,1,2258,103,00D00998CDF8,"PLC, Product detaljeret, Aarhus, Jul. 2023.xlsx",1.3885385296722763,T-shirt
09385 T-Shirt Hvid B/P M Arla Tryk,Alm.slid uden restværdi,1,2225,85,00D009787373,"PLC, Product detaljeret, Aarhus, Jul. 2023.xlsx",1.162876404494382,T-shirt
09385 T-Shirt Hvid B/P M Arla Tryk,Alm.slid uden restværdi,1,2211,125,00D00A573DAE,"PLC, Product detaljeret, Aarhus, Jul. 2023.xlsx",1.720940750791497,T-shirt
09385 T-Shirt Hvid B/P M Arla Tryk,Alm.slid uden restværdi,1,2204,107,30155C97D461A7C0007D1E1D,"PLC, Product detaljeret, Aarhus, Jul. 2023.xlsx",1.4778039927404718,T-shirt
09385 T-Shirt Hvid B/P M Arla Tryk,Alm.slid uden restværdi,1,2169,81,00D00A566206,"PLC, Product detaljeret, Aarhus, Jul. 2023.xlsx",1.1367634854771784,T-shirt
09385 T-Shirt Hvid B/P M Arla Tryk,Alm.slid uden restværdi,1,2141,105,00D00A5665B9,"PLC, Product detaljeret, Aarhus, Jul. 2023.xlsx",1.4928538066324146,T-shirt
09385 T-Shirt Hvid B/P M Arla Tryk,Alm.slid uden restværdi,1,2135,103,30155C97D461A7C000B10CB9,"PLC, Product detaljeret, Aarhus, Jul. 2023.xlsx",1.4685339578454333,T-shirt
09385 T-Shirt Hvid B/P M Arla Tryk,Alm.slid uden restværdi,1,2130,73,30155C97D461A7C000B114E6,"PLC, Product detaljeret, Aarhus, Jul. 2023.xlsx",1.04324882629108,T-shirt
01083 T-Shirt unisex hvid k/æ P/B,Alm.slid uden restværdi,1,2129,99,30155C97D461A7C000D2CB7C,"PLC, Product detaljeret, Aarhus, Jul. 2023.xlsx",1.4154814466885863,T-shirt
09385 T-Shirt Hvid B/P M Arla Tryk,Alm.slid uden restværdi,1,2104,96,00D0097F5F5C,"PLC, Product detaljeret, Aarhus, Jul. 2023.xlsx",1.3888973384030419,T-shirt
09385 T-Shirt Hvid B/P M Arla Tryk,Alm.slid uden restværdi,1,2098,118,00D00A642CFA,"PLC, Product detaljeret, Aarhus, Jul. 2023.xlsx",1.7120686367969495,T-shirt
09385 T-Shirt Hvid B/P M Arla Tryk,Alm.slid uden restværdi,1,2064,80,30155C97D461A7C000BD0246,"PLC, Product detaljeret, Aarhus, Jul. 2023.xlsx",1.1798449612403101,T-shirt
01083 T-Shirt unisex hvid k/æ P/B,Alm.slid uden restværdi,1,2051,143,30155C97D461A7C000F09EA6,"PLC, Product detaljeret, Aarhus, Jul. 2023.xlsx",2.1223403217942467,T-shirt
09385 T-Shirt Hvid B/P M Arla Tryk,Alm.slid uden restværdi,1,2040,97,30155C97D461A7C000F062CA,"PLC, Product detaljeret, Aarhus, Jul. 2023.xlsx",1.447392156862745,T-shirt
09385 T-Shirt Hvid B/P M Arla Tryk,Alm.slid uden restværdi,1,2020,148,30155C97D461A7C00117937F,"PLC, Product detaljeret, Aarhus, Jul. 2023.xlsx",2.230257425742574,T-shirt
09385 T-Shirt Hvid B/P M Arla Tryk,Alm.slid uden restværdi,1,1937,38,30155C97D461A7C001178146,"PLC, Product detaljeret, Aarhus, Jul. 2023.xlsx",0.5971708828084668,T-shirt
09385 T-Shirt Hvid B/P M Arla Tryk,Alm.slid uden restværdi,1,1931,53,30155C97D461A7C001241E94,"PLC, Product detaljeret, Aarhus, Jul. 2023.xlsx",0.8354842050750906,T-shirt
03850 T-Shirt Hvid Lady K/Æ P/B,Alm.slid uden restværdi,1,1928,77,30155C97D461A7C001035A26,"PLC, Product detaljeret, Aarhus, Jul. 2023.xlsx",1.2157053941908713,T-shirt
03850 T-Shirt Hvid Lady K/Æ P/B,Alm.slid uden restværdi,1,1928,86,30155C97D461A7C001035ADB,"PLC, Product detaljeret, Aarhus, Jul. 2023.xlsx",1.3578008298755189,T-shirt
03850 T-Shirt Hvid Lady K/Æ P/B,Alm.slid uden restværdi,1,1928,90,30155C97D461A7C001035B1A,"PLC, Product detaljeret, Aarhus, Jul. 2023.xlsx",1.420954356846473,T-shirt
03850 T-Shirt Hvid Lady K/Æ P/B,Alm.slid uden restværdi,1,1928,96,30155C97D461A7C001035B61,"PLC, Product detaljeret, Aarhus, Jul. 2023.xlsx",1.5156846473029044,T-shirt
03850 T-Shirt Hvid Lady K/Æ P/B,Alm.slid uden restværdi,1,1928,48,30155C97D461A7C001035B98,"PLC, Product detaljeret, Aarhus, Jul. 2023.xlsx",0.7578423236514522,T-shirt
03850 T-Shirt Hvid Lady K/Æ P/B,Alm.slid uden restværdi,1,1920,92,30155C97D461A7C000E90456,"PLC, Product detaljeret, Aarhus, Jul. 2023.xlsx",1.4585833333333336,T-shirt
03850 T-Shirt Hvid Lady K/Æ P/B,Alm.slid uden restværdi,1,1920,87,30155C97D461A7C001035A00,"PLC, Product detaljeret, Aarhus, Jul. 2023.xlsx",1.3793125,T-shirt
03850 T-Shirt Hvid Lady K/Æ P/B,Alm.slid uden restværdi,1,1920,80,30155C97D461A7C001035A40,"PLC, Product detaljeret, Aarhus, Jul. 2023.xlsx",1.2683333333333333,T-shirt
03850 T-Shirt Hvid Lady K/Æ P/B,Alm.slid uden restværdi,1,1920,82,30155C97D461A7C001035A7C,"PLC, Product detaljeret, Aarhus, Jul. 2023.xlsx",1.3000416666666668,T-shirt
03850 T-Shirt Hvid Lady K/Æ P/B,Alm.slid uden restværdi,1,1915,147,30155C97D461A7C001225152,"PLC, Product detaljeret, Aarhus, Jul. 2023.xlsx",2.3366475195822454,T-shirt
01083 T-Shirt unisex hvid k/æ P/B,Alm.slid uden restværdi,1,1827,96,00D00977D900,"PLC, Product detaljeret, Aarhus, Jul. 2023.xlsx",1.5994745484400656,T-shirt
09385 T-Shirt Hvid B/P M Arla Tryk,Alm.slid uden restværdi,1,1821,81,30155C97D461A7C001179797,"PLC, Product detaljeret, Aarhus, Jul. 2023.xlsx",1.3540032948929162,T-shirt
09385 T-Shirt Hvid B/P M Arla Tryk,Alm.slid uden restværdi,1,1785,121,30155C97D461A7C000BCF72B,"PLC, Product detaljeret, Aarhus, Jul. 2023.xlsx",2.063439775910364,T-shirt
09385 T-Shirt Hvid B/P M Arla Tryk,Alm.slid uden restværdi,1,1755,86,30155C97D461A7C001131FB4,"PLC, Product detaljeret, Aarhus, Jul. 2023.xlsx",1.4916467236467237,T-shirt
01083 T-Shirt unisex hvid k/æ P/B,Alm.slid uden restværdi,1,1720,70,00D009516A9B,"PLC, Product detaljeret, Aarhus, Jul. 2023.xlsx",1.2388372093023257,T-shirt
03850 T-Shirt Hvid Lady K/Æ P/B,Alm.slid uden restværdi,1,1708,76,30155C97D461A7C000E097B9,"PLC, Product detaljeret, Aarhus, Jul. 2023.xlsx",1.3544730679156909,T-shirt
01083 T-Shirt unisex hvid k/æ P/B,Alm.slid uden restværdi,1,1704,118,30155C97D461A7C001536288,"PLC, Product detaljeret, Aarhus, Jul. 2023.xlsx",2.1079342723004695,T-shirt
01083 T-Shirt unisex hvid k/æ P/B,Alm.slid uden restværdi,1,1704,148,30155C97D461A7C001537125,"PLC, Product detaljeret, Aarhus, Jul. 2023.xlsx",2.6438497652582162,T-shirt
03850 T-Shirt Hvid Lady K/Æ P/B,Alm.slid uden restværdi,1,1700,90,30155C97D461A7C000E0B23B,"PLC, Product detaljeret, Aarhus, Jul. 2023.xlsx",1.6115294117647059,T-shirt
01083 T-Shirt unisex hvid k/æ P/B,Alm.slid uden restværdi,1,1697,131,30155C97D461A7C00151495E,"PLC, Product detaljeret, Aarhus, Jul. 2023.xlsx",2.3498173246906306,T-shirt
01083 T-Shirt unisex hvid k/æ P/B,Alm.slid uden restværdi,1,1695,105,30155C97D461A7C001514647,"PLC, Product detaljeret, Aarhus, Jul. 2023.xlsx",1.8856637168141595,T-shirt
09385 T-Shirt Hvid B/P M Arla Tryk,Alm.slid uden restværdi,1,1685,74,30155C97D461A7C00113303E,"PLC, Product detaljeret, Aarhus, Jul. 2023.xlsx",1.3368308605341248,T-shirt
01083 T-Shirt unisex hvid k/æ P/B,Alm.slid uden restværdi,1,1640,35,30155C97D461A7C0015F845E,"PLC, Product detaljeret, Aarhus, Jul. 2023.xlsx",0.6496341463414634,T-shirt
01083 T-Shirt unisex hvid k/æ P/B,Alm.slid uden restværdi,1,1610,13,30155C97D461A7C001CB6EC8,"PLC, Product detaljeret, Aarhus, Jul. 2023.xlsx",0.24578881987577642,T-shirt
09385 T-Shirt Hvid B/P M Arla Tryk,Alm.slid uden restværdi,1,1604,36,30155C97D461A7C00166D020,"PLC, Product detaljeret, Aarhus, Jul. 2023.xlsx",0.6831920199501247,T-shirt
01083 T-Shirt unisex hvid k/æ P/B,Alm.slid uden restværdi,1,1602,120,30155C97D461A7C001CB66AB,"PLC, Product detaljeret, Aarhus, Jul. 2023.xlsx",2.2801498127340825,T-shirt
01083 T-Shirt unisex hvid k/æ P/B,Alm.slid uden restværdi,1,1591,36,30155C97D461A7C0016E266D,"PLC, Product detaljeret, Aarhus, Jul. 2023.xlsx",0.6887743557511,T-shirt
01083 T-Shirt unisex hvid k/æ P/B,Alm.slid uden restværdi,1,1591,56,30155C97D461A7C0016E2788,"PLC, Product detaljeret, Aarhus, Jul. 2023.xlsx",1.0714267756128222,T-shirt
01083 T-Shirt unisex hvid k/æ P/B,Alm.slid uden restværdi,1,1591,28,30155C97D461A7C0016E278A,"PLC, Product detaljeret, Aarhus, Jul. 2023.xlsx",0.5357133878064111,T-shirt
01083 T-Shirt unisex hvid k/æ P/B,Alm.slid uden restværdi,1,1587,90,30155C97D461A7C0015F8BA9,"PLC, Product detaljeret, Aarhus, Jul. 2023.xlsx",1.7262759924385633,T-shirt
03850 T-Shirt Hvid Lady K/Æ P/B,Alm.slid uden restværdi,1,1572,16,30155C97D461A7C000E0879A,"PLC, Product detaljeret, Aarhus, Jul. 2023.xlsx",0.30982188295165397,T-shirt
01083 T-Shirt unisex hvid k/æ P/B,Alm.slid uden restværdi,1,1558,107,30155C97D461A7C0015F8A27,"PLC, Product detaljeret, Aarhus, Jul. 2023.xlsx",2.090551989730424,T-shirt
01083 T-Shirt unisex hvid k/æ P/B,Alm.slid uden restværdi,1,1556,6,30155C97D461A7C001CC4F8A,"PLC, Product detaljeret, Aarhus, Jul. 2023.xlsx",0.11737789203084834,T-shirt
01083 T-Shirt unisex hvid k/æ P/B,Alm.slid uden restværdi,1,1554,116,30155C97D461A7C001530F8C,"PLC, Product detaljeret, Aarhus, Jul. 2023.xlsx",2.272226512226512,T-shirt
09385 T-Shirt Hvid B/P M Arla Tryk,Alm.slid uden restværdi,1,1455,51,30155C97D461A7C001132DDF,"PLC, Product detaljeret, Aarhus, Jul. 2023.xlsx",1.0669690721649485,T-shirt
09385 T-Shirt Hvid B/P M Arla Tryk,Alm.slid uden restværdi,1,1449,69,30155C97D461A7C0021221B9,"PLC, Product detaljeret, Aarhus, Jul. 2023.xlsx",1.4495238095238094,T-shirt
09385 T-Shirt Hvid B/P M Arla Tryk,Alm.slid uden restværdi,1,1441,75,30155C97D461A7C00203AF13,"PLC, Product detaljeret, Aarhus, Jul. 2023.xlsx",1.5843164469118667,T-shirt
09385 T-Shirt Hvid B/P M Arla Tryk,Alm.slid uden restværdi,1,1440,62,30155C97D461A7C0020B1CB1,"PLC, Product detaljeret, Aarhus, Jul. 2023.xlsx",1.3106111111111112,T-shirt
09385 T-Shirt Hvid B/P M Arla Tryk,Alm.slid uden restværdi,1,1357,65,30155C97D461A7C0021213E9,"PLC, Product detaljeret, Aarhus, Jul. 2023.xlsx",1.458069270449521,T-shirt
09385 T-Shirt Hvid B/P M Arla Tryk,Alm.slid uden restværdi,1,1356,38,30155C97D461A7C00226B511,"PLC, Product detaljeret, Aarhus, Jul. 2023.xlsx",0.8530383480825959,T-shirt
01083 T-Shirt unisex hvid k/æ P/B,Alm.slid uden restværdi,1,1331,102,30155C97D461A7C00228664F,"PLC, Product detaljeret, Aarhus, Jul. 2023.xlsx",2.3327422990232907,T-shirt
01083 T-Shirt unisex hvid k/æ P/B,Alm.slid uden restværdi,1,1326,30,30155C97D461A7C001513093,"PLC, Product detaljeret, Aarhus, Jul. 2023.xlsx",0.6886877828054299,T-shirt
03850 T-Shirt Hvid Lady K/Æ P/B,Alm.slid uden restværdi,1,1301,82,30155C97D461A7C000E09C00,"PLC, Product detaljeret, Aarhus, Jul. 2023.xlsx",1.91858570330515,T-shirt
01083 T-Shirt unisex hvid k/æ P/B,Alm.slid uden restværdi,1,1299,37,30155C97D461A7C002291006,"PLC, Product detaljeret, Aarhus, Jul. 2023.xlsx",0.8670361816782141,T-shirt
09385 T-Shirt Hvid B/P M Arla Tryk,Alm.slid uden restværdi,1,1299,61,30155C97D461A7C002122437,"PLC, Product detaljeret, Aarhus, Jul. 2023.xlsx",1.4294380292532718,T-shirt
01681 T-Shirt K/Æ Hvid Bom,Alm.slid uden restværdi,1,1171,38,30155C97D461A7C0023BB2C1,"PLC, Product detaljeret, Aarhus, Jul. 2023.xlsx",0.987805294619983,T-shirt
09385 T-Shirt Hvid B/P M Arla Tryk,Alm.slid uden restværdi,1,1148,60,00D00B29EEC3,"PLC, Product detaljeret, Aarhus, Jul. 2023.xlsx",1.5909407665505226,T-shirt
09385 T-Shirt Hvid B/P M Arla Tryk,Alm.slid uden restværdi,1,1113,62,30155C97D461A7C0023BA5AF,"PLC, Product detaljeret, Aarhus, Jul. 2023.xlsx",1.6956693620844565,T-shirt
09385 T-Shirt Hvid B/P M Arla Tryk,Alm.slid uden restværdi,1,1113,46,30155C97D461A7C0023BA5E7,"PLC, Product detaljeret, Aarhus, Jul. 2023.xlsx",1.2580772686433064,T-shirt
01083 T-Shirt unisex hvid k/æ P/B,Alm.slid uden restværdi,1,1081,96,30155C97D461A7C00268D531,"PLC, Product detaljeret, Aarhus, Jul. 2023.xlsx",2.7032747456059205,T-shirt
09385 T-Shirt Hvid B/P M Arla Tryk,Alm.slid uden restværdi,1,1051,59,30155C97D461A7C0026936CC,"PLC, Product detaljeret, Aarhus, Jul. 2023.xlsx",1.7088106565176022,T-shirt
09385 T-Shirt Hvid B/P M Arla Tryk,Alm.slid uden restværdi,1,1051,41,30155C97D461A7C0028C57A8,"PLC, Product detaljeret, Aarhus, Jul. 2023.xlsx",1.1874785918173167,T-shirt
10981 T-shirt prowear dame hvid pb,Alm.slid uden restværdi,1,1051,69,30155C97D461A7C0023C59E4,"PLC, Product detaljeret, Aarhus, Jul. 2023.xlsx",1.9984395813510942,T-shirt
01083 T-Shirt unisex hvid k/æ P/B,Alm.slid uden restværdi,1,1007,122,30155C97D461A7C002913B84,"PLC, Product detaljeret, Aarhus, Jul. 2023.xlsx",3.687864945382324,T-shirt
01083 T-Shirt unisex hvid k/æ P/B,Alm.slid uden restværdi,1,1003,69,30155C97D461A6C00014513F,"PLC, Product detaljeret, Aarhus, Jul. 2023.xlsx",2.0940777666999004,T-shirt
09385 T-Shirt Hvid B/P M Arla Tryk,Alm.slid uden restværdi,1,997,44,30155C97D461A7C0027CEFA9,"PLC, Product detaljeret, Aarhus, Jul. 2023.xlsx",1.3433901705115348,T-shirt
01083 T-Shirt unisex hvid k/æ P/B,Alm.slid uden restværdi,1,988,62,30155C97D461A6C0000F0DF6,"PLC, Product detaljeret, Aarhus, Jul. 2023.xlsx",1.9102024291497974,T-shirt
01083 T-Shirt unisex hvid k/æ P/B,Alm.slid uden restværdi,1,974,33,30155C97D461A6C000145686,"PLC, Product detaljeret, Aarhus, Jul. 2023.xlsx",1.031334702258727,T-shirt
09385 T-Shirt Hvid B/P M Arla Tryk,Alm.slid uden restværdi,1,931,47,30155C97D461A6C00017178C,"PLC, Product detaljeret, Aarhus, Jul. 2023.xlsx",1.5367132116004296,T-shirt
10981 T-shirt prowear dame hvid pb,Alm.slid uden restværdi,1,917,15,30155C97D461A7C0028C46FE,"PLC, Product detaljeret, Aarhus, Jul. 2023.xlsx",0.49792802617230103,T-shirt
01083 T-Shirt unisex hvid k/æ P/B,Alm.slid uden restværdi,1,913,26,30155C97D461A6C0000F98E3,"PLC, Product detaljeret, Aarhus, Jul. 2023.xlsx",0.866856516976999,T-shirt
01083 T-Shirt unisex hvid k/æ P/B,Alm.slid uden restværdi,1,905,49,30155C97D461A6C0000F7D05,"PLC, Product detaljeret, Aarhus, Jul. 2023.xlsx",1.6481325966850828,T-shirt
09385 T-Shirt Hvid B/P M Arla Tryk,Alm.slid uden restværdi,1,879,41,30155C97D461A6C00012D1EA,"PLC, Product detaljeret, Aarhus, Jul. 2023.xlsx",1.4198407281001137,T-shirt
10981 T-shirt prowear dame hvid pb,Alm.slid uden restværdi,1,876,41,30155C97D461A6C0002F2EF5,"PLC, Product detaljeret, Aarhus, Jul. 2023.xlsx",1.424703196347032,T-shirt
09385 T-Shirt Hvid B/P M Arla Tryk,Alm.slid uden restværdi,1,843,32,30155C97D461A6C00012C508,"PLC, Product detaljeret, Aarhus, Jul. 2023.xlsx",1.1554922894424675,T-shirt
01083 T-Shirt unisex hvid k/æ P/B,Alm.slid uden restværdi,1,834,23,30155C97D461A6C0002FC965,"PLC, Product detaljeret, Aarhus, Jul. 2023.xlsx",0.8394724220623501,T-shirt
10981 T-shirt prowear dame hvid pb,Alm.slid uden restværdi,1,831,12,30155C97D461A6C0002F3037,"PLC, Product detaljeret, Aarhus, Jul. 2023.xlsx",0.4395667870036101,T-shirt
26666 T-shirt dame 1/2 ærme hvid,Alm.slid uden restværdi,1,808,47,30155C97D461A6C000306AEE,"PLC, Product detaljeret, Aarhus, Jul. 2023.xlsx",1.7706435643564358,T-shirt
26666 T-shirt dame 1/2 ærme hvid,Alm.slid uden restværdi,1,808,45,30155C97D461A6C000306B33,"PLC, Product detaljeret, Aarhus, Jul. 2023.xlsx",1.6952970297029704,T-shirt
10981 T-shirt prowear dame hvid pb,Alm.slid uden restværdi,1,788,12,30155C97D461A6C0003ABFCB,"PLC, Product detaljeret, Aarhus, Jul. 2023.xlsx",0.46355329949238583,T-shirt
01083 T-Shirt unisex hvid k/æ P/B,Alm.slid uden restværdi,1,786,46,30155C97D461A6C0002CB125,"PLC, Product detaljeret, Aarhus, Jul. 2023.xlsx",1.7814758269720103,T-shirt
09385 T-Shirt Hvid B/P M Arla Tryk,Alm.slid uden restværdi,1,784,54,30155C97D461A7C0027CBA97,"PLC, Product detaljeret, Aarhus, Jul. 2023.xlsx",2.0966326530612243,T-shirt
09385 T-Shirt Hvid B/P M Arla Tryk,Alm.slid uden restværdi,1,750,33,30155C97D461A6C00012A54D,"PLC, Product detaljeret, Aarhus, Jul. 2023.xlsx",1.3393599999999999,T-shirt
26666 T-shirt dame 1/2 ærme hvid,Alm.slid uden restværdi,1,750,4,30155C97D461A6C000B1BDB4,"PLC, Product detaljeret, Aarhus, Jul. 2023.xlsx",0.16234666666666667,T-shirt
10981 T-shirt prowear dame hvid pb,Alm.slid uden restværdi,1,727,7,30155C97D461A6C0008C074A,"PLC, Product detaljeret, Aarhus, Jul. 2023.xlsx",0.29309491059147186,T-shirt
09385 T-Shirt Hvid B/P M Arla Tryk,Alm.slid uden restværdi,1,696,28,30155C97D461A6C00012A2F3,"PLC, Product detaljeret, Aarhus, Jul. 2023.xlsx",1.2245977011494253,T-shirt
01083 T-Shirt unisex hvid k/æ P/B,Alm.slid uden restværdi,1,690,75,30155C97D461A6C000B9F19F,"PLC, Product detaljeret, Aarhus, Jul. 2023.xlsx",3.3086956521739133,T-shirt
01083 T-Shirt unisex hvid k/æ P/B,Alm.slid uden restværdi,1,662,28,30155C97D461A6C000B9F1FA,"PLC, Product detaljeret, Aarhus, Jul. 2023.xlsx",1.2874924471299094,T-shirt
10981 T-shirt prowear dame hvid pb,Alm.slid uden restværdi,1,647,23,30155C97D461A6C00157D996,"PLC, Product detaljeret, Aarhus, Jul. 2023.xlsx",1.0821020092735705,T-shirt
10981 T-shirt prowear dame hvid pb,Alm.slid uden restværdi,1,647,25,30155C97D461A6C00157F458,"PLC, Product detaljeret, Aarhus, Jul. 2023.xlsx",1.1761978361669243,T-shirt
10981 T-shirt prowear dame hvid pb,Alm.slid uden restværdi,1,640,26,30155C97D461A6C00157F4A6,"PLC, Product detaljeret, Aarhus, Jul. 2023.xlsx",1.236625,T-shirt
01083 T-Shirt unisex hvid k/æ P/B,Alm.slid uden restværdi,1,605,23,30155C97D461A6C0012B7157,"PLC, Product detaljeret, Aarhus, Jul. 2023.xlsx",1.1572231404958677,T-shirt
01083 T-Shirt unisex hvid k/æ P/B,Alm.slid uden restværdi,1,605,25,30155C97D461A6C0012B717F,"PLC, Product detaljeret, Aarhus, Jul. 2023.xlsx",1.2578512396694215,T-shirt
01083 T-Shirt unisex hvid k/æ P/B,Alm.slid uden restværdi,1,605,13,30155C97D461A6C0012B71AB,"PLC, Product detaljeret, Aarhus, Jul. 2023.xlsx",0.6540826446280992,T-shirt
10981 T-shirt prowear dame hvid pb,Alm.slid uden restværdi,1,598,5,30155C97D461A6C0015B955B,"PLC, Product detaljeret, Aarhus, Jul. 2023.xlsx",0.2545150501672241,T-shirt
01083 T-Shirt unisex hvid k/æ P/B,Alm.slid uden restværdi,1,590,22,30155C97D461A6C0015B3CA7,"PLC, Product detaljeret, Aarhus, Jul. 2023.xlsx",1.1350508474576273,T-shirt
01083 T-Shirt unisex hvid k/æ P/B,Alm.slid uden restværdi,1,590,27,30155C97D461A6C0015B3D6A,"PLC, Product detaljeret, Aarhus, Jul. 2023.xlsx",1.3930169491525424,T-shirt
01083 T-Shirt unisex hvid k/æ P/B,Alm.slid uden restværdi,1,590,20,30155C97D461A6C0015B884B,"PLC, Product detaljeret, Aarhus, Jul. 2023.xlsx",1.031864406779661,T-shirt
10981 T-shirt prowear dame hvid pb,Alm.slid uden restværdi,1,570,14,30155C97D461A6C0008BF331,"PLC, Product detaljeret, Aarhus, Jul. 2023.xlsx",0.7476491228070176,T-shirt
10981 T-shirt prowear dame hvid pb,Alm.slid uden restværdi,1,547,13,30155C97D461A6C00105D3CD,"PLC, Product detaljeret, Aarhus, Jul. 2023.xlsx",0.723436928702011,T-shirt
01083 T-Shirt unisex hvid k/æ P/B,Alm.slid uden restværdi,1,543,1,30155C97D461A6C0012DE11E,"PLC, Product detaljeret, Aarhus, Jul. 2023.xlsx",0.05605893186003684,T-shirt
01083 T-Shirt unisex hvid k/æ P/B,Alm.slid uden restværdi,1,533,25,30155C97D461A6C001058F5E,"PLC, Product detaljeret, Aarhus, Jul. 2023.xlsx",1.427767354596623,T-shirt
01083 T-Shirt unisex hvid k/æ P/B,Alm.slid uden restværdi,1,521,16,30155C97D461A6C0012F3D7A,"PLC, Product detaljeret, Aarhus, Jul. 2023.xlsx",0.9348176583493282,T-shirt
10981 T-shirt prowear dame hvid pb,Alm.slid uden restværdi,1,505,11,30155C97D461A6C0006388BB,"PLC, Product detaljeret, Aarhus, Jul. 2023.xlsx",0.6630495049504951,T-shirt
01083 T-Shirt unisex hvid k/æ P/B,Alm.slid uden restværdi,1,471,21,30155C97D461A6C000638919,"PLC, Product detaljeret, Aarhus, Jul. 2023.xlsx",1.3571974522292993,T-shirt
01083 T-Shirt unisex hvid k/æ P/B,Alm.slid uden restværdi,1,471,24,30155C97D461A6C00090FD2F,"PLC, Product detaljeret, Aarhus, Jul. 2023.xlsx",1.5510828025477708,T-shirt
10981 T-shirt prowear dame hvid pb,Alm.slid uden restværdi,1,470,19,30155C97D461A6C000BA139D,"PLC, Product detaljeret, Aarhus, Jul. 2023.xlsx",1.230553191489362,T-shirt
10981 T-shirt prowear dame hvid pb,Alm.slid uden restværdi,1,470,13,30155C97D461A6C000BA13A9,"PLC, Product detaljeret, Aarhus, Jul. 2023.xlsx",0.8419574468085106,T-shirt
10981 T-shirt prowear dame hvid pb,Alm.slid uden restværdi,1,470,17,30155C97D461A6C000BA153A,"PLC, Product detaljeret, Aarhus, Jul. 2023.xlsx",1.1010212765957446,T-shirt
10981 T-shirt prowear dame hvid pb,Alm.slid uden restværdi,1,461,13,30155C97D461A6C0015B345F,"PLC, Product detaljeret, Aarhus, Jul. 2023.xlsx",0.8583947939262473,T-shirt
09385 T-Shirt Hvid B/P M Arla Tryk,Alm.slid uden restværdi,1,457,19,30155C97D461A6C000634524,"PLC, Product detaljeret, Aarhus, Jul. 2023.xlsx",1.265557986870897,T-shirt
09385 T-Shirt Hvid B/P M Arla Tryk,Alm.slid uden restværdi,1,457,19,30155C97D461A6C0015B2A5B,"PLC, Product detaljeret, Aarhus, Jul. 2023.xlsx",1.265557986870897,T-shirt
10981 T-shirt prowear dame hvid pb,Alm.slid uden restværdi,1,451,31,30155C97D461A6C0008D2594,"PLC, Product detaljeret, Aarhus, Jul. 2023.xlsx",2.092328159645233,T-shirt
01083 T-Shirt unisex hvid k/æ P/B,Alm.slid uden restværdi,1,447,24,30155C97D461A6C00090A90C,"PLC, Product detaljeret, Aarhus, Jul. 2023.xlsx",1.6343624161073826,T-shirt
10981 T-shirt prowear dame hvid pb,Alm.slid uden restværdi,1,441,24,30155C97D461A6C000640558,"PLC, Product detaljeret, Aarhus, Jul. 2023.xlsx",1.6565986394557823,T-shirt
10981 T-shirt prowear dame hvid pb,Alm.slid uden restværdi,1,441,28,30155C97D461A6C0006405C4,"PLC, Product detaljeret, Aarhus, Jul. 2023.xlsx",1.9326984126984126,T-shirt
10981 T-shirt prowear dame hvid pb,Alm.slid uden restværdi,1,440,25,30155C97D461A6C000BA2A60,"PLC, Product detaljeret, Aarhus, Jul. 2023.xlsx",1.7295454545454545,T-shirt
10981 T-shirt prowear dame hvid pb,Alm.slid uden restværdi,1,431,23,30155C97D461A6C000BA08F9,"PLC, Product detaljeret, Aarhus, Jul. 2023.xlsx",1.6244083526682134,T-shirt
10981 T-shirt prowear dame hvid pb,Alm.slid uden restværdi,1,431,26,30155C97D461A6C0015B60C2,"PLC, Product detaljeret, Aarhus, Jul. 2023.xlsx",1.8362877030162412,T-shirt
10981 T-shirt prowear dame hvid pb,Alm.slid uden restværdi,1,422,17,30155C97D461A6C000BA1A64,"PLC, Product detaljeret, Aarhus, Jul. 2023.xlsx",1.2262559241706161,T-shirt
10981 T-shirt prowear dame hvid pb,Alm.slid uden restværdi,1,421,16,30155C97D461A6C000BA2A2C,"PLC, Product detaljeret, Aarhus, Jul. 2023.xlsx",1.1568646080760097,T-shirt
10981 T-shirt prowear dame hvid pb,Alm.slid uden restværdi,1,414,13,30155C97D461A6C000BA2AD7,"PLC, Product detaljeret, Aarhus, Jul. 2023.xlsx",0.9558454106280194,T-shirt
09385 T-Shirt Hvid B/P M Arla Tryk,Alm.slid uden restværdi,1,409,20,30155C97D461A6C0012F883B,"PLC, Product detaljeret, Aarhus, Jul. 2023.xlsx",1.4885085574572128,T-shirt
01083 T-Shirt unisex hvid k/æ P/B,Alm.slid uden restværdi,1,405,25,30155C97D461A4C0009223F6,"PLC, Product detaljeret, Aarhus, Jul. 2023.xlsx",1.8790123456790124,T-shirt
01083 T-Shirt unisex hvid k/æ P/B,Alm.slid uden restværdi,1,404,31,30155C97D461A4C000922428,"PLC, Product detaljeret, Aarhus, Jul. 2023.xlsx",2.335742574257426,T-shirt
01083 T-Shirt unisex hvid k/æ P/B,Alm.slid uden restværdi,1,404,33,30155C97D461A4C0009224A9,"PLC, Product detaljeret, Aarhus, Jul. 2023.xlsx",2.4864356435643566,T-shirt
01083 T-Shirt unisex hvid k/æ P/B,Alm.slid uden restværdi,1,404,27,30155C97D461A6C000D87C6B,"PLC, Product detaljeret, Aarhus, Jul. 2023.xlsx",2.0343564356435646,T-shirt
01083 T-Shirt unisex hvid k/æ P/B,Alm.slid uden restværdi,1,404,34,30155C97D461A6C000D87D13,"PLC, Product detaljeret, Aarhus, Jul. 2023.xlsx",2.561782178217822,T-shirt
01083 T-Shirt unisex hvid k/æ P/B,Alm.slid uden restværdi,1,387,28,30155C97D461A6C000EABD3F,"PLC, Product detaljeret, Aarhus, Jul. 2023.xlsx",2.202377260981912,T-shirt
01083 T-Shirt unisex hvid k/æ P/B,Alm.slid uden restværdi,1,387,24,30155C97D461A6C000EABE1A,"PLC, Product detaljeret, Aarhus, Jul. 2023.xlsx",1.8877519379844963,T-shirt
01083 T-Shirt unisex hvid k/æ P/B,Alm.slid uden restværdi,1,387,30,30155C97D461A6C000EABEA6,"PLC, Product detaljeret, Aarhus, Jul. 2023.xlsx",2.3596899224806203,T-shirt
01083 T-Shirt unisex hvid k/æ P/B,Alm.slid uden restværdi,1,387,29,30155C97D461A6C000EABEB7,"PLC, Product detaljeret, Aarhus, Jul. 2023.xlsx",2.2810335917312665,T-shirt
01083 T-Shirt unisex hvid k/æ P/B,Alm.slid uden restværdi,1,384,18,30155C97D461A4C000935806,"PLC, Product detaljeret, Aarhus, Jul. 2023.xlsx",1.4268750000000001,T-shirt
10981 T-shirt prowear dame hvid pb,Alm.slid uden restværdi,1,382,6,30155C97D461A6C0008BC1E8,"PLC, Product detaljeret, Aarhus, Jul. 2023.xlsx",0.47811518324607327,T-shirt
10981 T-shirt prowear dame hvid pb,Alm.slid uden restværdi,1,375,18,30155C97D461A4C0009398D6,"PLC, Product detaljeret, Aarhus, Jul. 2023.xlsx",1.4611200000000002,T-shirt
10981 T-shirt prowear dame hvid pb,Alm.slid uden restværdi,1,340,4,30155C97D461A6C00070768F,"PLC, Product detaljeret, Aarhus, Jul. 2023.xlsx",0.35811764705882354,T-shirt
01083 T-Shirt unisex hvid k/æ P/B,Alm.slid uden restværdi,1,329,20,30155C97D461A6C00162603E,"PLC, Product detaljeret, Aarhus, Jul. 2023.xlsx",1.8504559270516718,T-shirt
01083 T-Shirt unisex hvid k/æ P/B,Alm.slid uden restværdi,1,329,11,30155C97D461A6C00162608F,"PLC, Product detaljeret, Aarhus, Jul. 2023.xlsx",1.0177507598784195,T-shirt
10981 T-shirt prowear dame hvid pb,Alm.slid uden restværdi,1,326,15,30155C97D461A4C0009397D1,"PLC, Product detaljeret, Aarhus, Jul. 2023.xlsx",1.4006134969325152,T-shirt
01083 T-Shirt unisex hvid k/æ P/B,Alm.slid uden restværdi,1,304,29,30155C97D461A6C0010F1AC5,"PLC, Product detaljeret, Aarhus, Jul. 2023.xlsx",2.9038157894736845,T-shirt
01083 T-Shirt unisex hvid k/æ P/B,Alm.slid uden restværdi,1,289,14,30155C97D461A6C0010F3019,"PLC, Product detaljeret, Aarhus, Jul. 2023.xlsx",1.4746020761245675,T-shirt
01083 T-Shirt unisex hvid k/æ P/B,Alm.slid uden restværdi,1,289,16,30155C97D461A6C0013014D0,"PLC, Product detaljeret, Aarhus, Jul. 2023.xlsx",1.6852595155709345,T-shirt
01083 T-Shirt unisex hvid k/æ P/B,Alm.slid uden restværdi,1,288,10,30155C97D461A6C0010D4ACD,"PLC, Product detaljeret, Aarhus, Jul. 2023.xlsx",1.0569444444444445,T-shirt
01083 T-Shirt unisex hvid k/æ P/B,Alm.slid uden restværdi,1,288,15,30155C97D461A6C0010D4B6A,"PLC, Product detaljeret, Aarhus, Jul. 2023.xlsx",1.5854166666666667,T-shirt
01083 T-Shirt unisex hvid k/æ P/B,Alm.slid uden restværdi,1,287,7,30155C97D461A6C00133B1CA,"PLC, Product detaljeret, Aarhus, Jul. 2023.xlsx",0.742439024390244,T-shirt
01083 T-Shirt unisex hvid k/æ P/B,Alm.slid uden restværdi,1,280,9,30155C97D461A6C0010E8BBC,"PLC, Product detaljeret, Aarhus, Jul. 2023.xlsx",0.9784285714285714,T-shirt
01083 T-Shirt unisex hvid k/æ P/B,Alm.slid uden restværdi,1,280,13,30155C97D461A6C0010F2FFE,"PLC, Product detaljeret, Aarhus, Jul. 2023.xlsx",1.4132857142857145,T-shirt
01083 T-Shirt unisex hvid k/æ P/B,Alm.slid uden restværdi,1,228,9,30155C97D461A6C001B9B4A7,"PLC, Product detaljeret, Aarhus, Jul. 2023.xlsx",1.201578947368421,T-shirt
01083 T-Shirt unisex hvid k/æ P/B,Alm.slid uden restværdi,1,228,10,30155C97D461A6C001B9B538,"PLC, Product detaljeret, Aarhus, Jul. 2023.xlsx",1.3350877192982455,T-shirt
10981 T-shirt prowear dame hvid pb,Alm.slid uden restværdi,1,220,7,30155C97D461A6C001A5B871,"PLC, Product detaljeret, Aarhus, Jul. 2023.xlsx",0.9685454545454545,T-shirt
10981 T-shirt prowear dame hvid pb,Alm.slid uden restværdi,1,220,4,30155C97D461A6C001A5B872,"PLC, Product detaljeret, Aarhus, Jul. 2023.xlsx",0.5534545454545454,T-shirt
01083 T-Shirt unisex hvid k/æ P/B,Alm.slid uden restværdi,1,203,3,30155C97D461A6C001A6BC8F,"PLC, Product detaljeret, Aarhus, Jul. 2023.xlsx",0.44985221674876846,T-shirt
01083 T-Shirt unisex hvid k/æ P/B,Alm.slid uden restværdi,1,202,3,30155C97D461A6C001A6BCE2,"PLC, Product detaljeret, Aarhus, Jul. 2023.xlsx",0.4520792079207921,T-shirt
01083 T-Shirt unisex hvid k/æ P/B,Alm.slid uden restværdi,1,200,7,30155C97D461A6C000EB16CB,"PLC, Product detaljeret, Aarhus, Jul. 2023.xlsx",1.0654000000000001,T-shirt
10981 T-shirt prowear dame hvid pb,Alm.slid uden restværdi,1,195,9,30155C97D461A6C0018F5379,"PLC, Product detaljeret, Aarhus, Jul. 2023.xlsx",1.4049230769230772,T-shirt
01083 T-Shirt unisex hvid k/æ P/B,Alm.slid uden restværdi,1,173,7,30155C97D461A6C001A691D9,"PLC, Product detaljeret, Aarhus, Jul. 2023.xlsx",1.2316763005780347,T-shirt
01083 T-Shirt unisex hvid k/æ P/B,Alm.slid uden restværdi,1,158,8,30155C97D461A4C0010BEB92,"PLC, Product detaljeret, Aarhus, Jul. 2023.xlsx",1.5412658227848102,T-shirt
01083 T-Shirt unisex hvid k/æ P/B,Alm.slid uden restværdi,1,128,4,30155C97D461A4C000F453E3,"PLC, Product detaljeret, Aarhus, Jul. 2023.xlsx",0.95125,T-shirt
09385 T-Shirt Hvid B/P M Arla Tryk,Alm.slid uden restværdi,1,90,3,30155C97D461A4C0010BDF8F,"PLC, Product detaljeret, Aarhus, Jul. 2023.xlsx",1.0146666666666666,T-shirt
01083 T-Shirt unisex hvid k/æ P/B,Alm.slid uden restværdi,1,82,4,30155C97D461A4C000F4A064,"PLC, Product detaljeret, Aarhus, Jul. 2023.xlsx",1.484878048780488,T-shirt
01083 T-Shirt unisex hvid k/æ P/B,Alm.slid uden restværdi,1,82,6,30155C97D461A4C000F4A094,"PLC, Product detaljeret, Aarhus, Jul. 2023.xlsx",2.2273170731707315,T-shirt
01083 T-Shirt unisex hvid k/æ P/B,Alm.slid uden restværdi,1,82,3,30155C97D461A4C000F4A0A2,"PLC, Product detaljeret, Aarhus, Jul. 2023.xlsx",1.1136585365853657,T-shirt
01083 T-Shirt unisex hvid k/æ P/B,Alm.slid uden restværdi,1,75,1,30155C97D461A4C000D95FC3,"PLC, Product detaljeret, Aarhus, Jul. 2023.xlsx",0.4058666666666667,T-shirt
01083 T-Shirt unisex hvid k/æ P/B,Alm.slid uden restværdi,1,75,1,30155C97D461A4C000D96052,"PLC, Product detaljeret, Aarhus, Jul. 2023.xlsx",0.4058666666666667,T-shirt
01083 T-Shirt unisex hvid k/æ P/B,Alm.slid uden restværdi,1,68,4,30155C97D461A4C000F4A035,"PLC, Product detaljeret, Aarhus, Jul. 2023.xlsx",1.7905882352941176,T-shirt
01083 T-Shirt unisex hvid k/æ P/B,Alm.slid uden restværdi,1,68,6,30155C97D461A4C000F4A0F9,"PLC, Product detaljeret, Aarhus, Jul. 2023.xlsx",2.6858823529411766,T-shirt
01083 T-Shirt unisex hvid k/æ P/B,Alm.slid uden restværdi,1,68,3,30155C97D461A4C000F4A16C,"PLC, Product detaljeret, Aarhus, Jul. 2023.xlsx",1.3429411764705883,T-shirt
01083 T-Shirt unisex hvid k/æ P/B,Alm.slid uden restværdi,1,67,7,30155C97D461A4C000D94B14,"PLC, Product detaljeret, Aarhus, Jul. 2023.xlsx",3.1802985074626866,T-shirt
01083 T-Shirt unisex hvid k/æ P/B,Alm.slid uden restværdi,1,50,5,30155C97D461A4C000D94A8F,"PLC, Product detaljeret, Aarhus, Jul. 2023.xlsx",3.0440000000000005,T-shirt
01083 T-Shirt unisex hvid k/æ P/B,Alm.slid uden restværdi,1,49,3,30155C97D461A4C000D95F28,"PLC, Product detaljeret, Aarhus, Jul. 2023.xlsx",1.8636734693877552,T-shirt
01083 T-Shirt unisex hvid k/æ P/B,Alm.slid uden restværdi,1,49,3,30155C97D461A4C000D96025,"PLC, Product detaljeret, Aarhus, Jul. 2023.xlsx",1.8636734693877552,T-shirt
09385 T-Shirt Hvid B/P M Arla Tryk,Alm.slid uden restværdi,1,48,1,00D00BAC22DE,"PLC, Product detaljeret, Aarhus, Jul. 2023.xlsx",0.6341666666666667,T-shirt
09385 T-Shirt Hvid B/P M Arla Tryk,Alm.slid uden restværdi,1,2821,106,00D0095B3690,"PLC, Product detaljeret, Aarhus, Jun. 2023.xlsx",1.1437929812123362,T-shirt
09385 T-Shirt Hvid B/P M Arla Tryk,Alm.slid uden restværdi,1,2814,112,00D00978208B,"PLC, Product detaljeret, Aarhus, Jun. 2023.xlsx",1.211542288557214,T-shirt
01083 T-Shirt unisex hvid k/æ P/B,Alm.slid uden restværdi,1,2793,38,00D0095AE2D6,"PLC, Product detaljeret, Aarhus, Jun. 2023.xlsx",0.4141496598639456,T-shirt
09385 T-Shirt Hvid B/P M Arla Tryk,Alm.slid uden restværdi,1,2762,121,00D009350B63,"PLC, Product detaljeret, Aarhus, Jun. 2023.xlsx",1.3335409123823319,T-shirt
09385 T-Shirt Hvid B/P M Arla Tryk,Alm.slid uden restværdi,1,2646,83,00D0092764FE,"PLC, Product detaljeret, Aarhus, Jun. 2023.xlsx",0.9548450491307635,T-shirt
01083 T-Shirt unisex hvid k/æ P/B,Alm.slid uden restværdi,1,2585,123,00D00972BA09,"PLC, Product detaljeret, Aarhus, Jun. 2023.xlsx",1.4484023210831722,T-shirt
09385 T-Shirt Hvid B/P M Arla Tryk,Alm.slid uden restværdi,1,2578,98,00D00950D8E4,"PLC, Product detaljeret, Aarhus, Jun. 2023.xlsx",1.157145073700543,T-shirt
01083 T-Shirt unisex hvid k/æ P/B,Alm.slid uden restværdi,1,2557,85,00D00972CF2F,"PLC, Product detaljeret, Aarhus, Jun. 2023.xlsx",1.011888932342589,T-shirt
09385 T-Shirt Hvid B/P M Arla Tryk,Alm.slid uden restværdi,1,2555,116,00D0095B35AF,"PLC, Product detaljeret, Aarhus, Jun. 2023.xlsx",1.3820117416829747,T-shirt
01083 T-Shirt unisex hvid k/æ P/B,Alm.slid uden restværdi,1,2554,127,00D009708A8C,"PLC, Product detaljeret, Aarhus, Jun. 2023.xlsx",1.513657008613939,T-shirt
09385 T-Shirt Hvid B/P M Arla Tryk,Alm.slid uden restværdi,1,2545,88,00D0096EB468,"PLC, Product detaljeret, Aarhus, Jun. 2023.xlsx",1.0525422396856583,T-shirt
09385 T-Shirt Hvid B/P M Arla Tryk,Alm.slid uden restværdi,1,2544,94,00D009270AE4,"PLC, Product detaljeret, Aarhus, Jun. 2023.xlsx",1.124748427672956,T-shirt
09385 T-Shirt Hvid B/P M Arla Tryk,Alm.slid uden restværdi,1,2501,105,00D009524CCB,"PLC, Product detaljeret, Aarhus, Jun. 2023.xlsx",1.27796881247501,T-shirt
09385 T-Shirt Hvid B/P M Arla Tryk,Alm.slid uden restværdi,1,2501,112,00D00952D45A,"PLC, Product detaljeret, Aarhus, Jun. 2023.xlsx",1.3631667333066775,T-shirt
01083 T-Shirt unisex hvid k/æ P/B,Alm.slid uden restværdi,1,2466,117,00D00973CE71,"PLC, Product detaljeret, Aarhus, Jun. 2023.xlsx",1.4442335766423358,T-shirt
01083 T-Shirt unisex hvid k/æ P/B,Alm.slid uden restværdi,1,2465,141,00D00970C048,"PLC, Product detaljeret, Aarhus, Jun. 2023.xlsx",1.7411926977687626,T-shirt
09385 T-Shirt Hvid B/P M Arla Tryk,Alm.slid uden restværdi,1,2462,113,00D009740AFA,"PLC, Product detaljeret, Aarhus, Jun. 2023.xlsx",1.3971242891957758,T-shirt
01083 T-Shirt unisex hvid k/æ P/B,Alm.slid uden restværdi,1,2453,129,00D00998A3DD,"PLC, Product detaljeret, Aarhus, Jun. 2023.xlsx",1.6007990216061967,T-shirt
09385 T-Shirt Hvid B/P M Arla Tryk,Alm.slid uden restværdi,1,2452,113,00D0097048D0,"PLC, Product detaljeret, Aarhus, Jun. 2023.xlsx",1.4028221859706362,T-shirt
09385 T-Shirt Hvid B/P M Arla Tryk,Alm.slid uden restværdi,1,2451,109,00D009703978,"PLC, Product detaljeret, Aarhus, Jun. 2023.xlsx",1.353716850265198,T-shirt
09385 T-Shirt Hvid B/P M Arla Tryk,Alm.slid uden restværdi,1,2451,96,00D00972FB53,"PLC, Product detaljeret, Aarhus, Jun. 2023.xlsx",1.1922643818849448,T-shirt
09385 T-Shirt Hvid B/P M Arla Tryk,Alm.slid uden restværdi,1,2449,58,00D009277FC5,"PLC, Product detaljeret, Aarhus, Jun. 2023.xlsx",0.720914659044508,T-shirt
09385 T-Shirt Hvid B/P M Arla Tryk,Alm.slid uden restværdi,1,2445,92,00D00970398E,"PLC, Product detaljeret, Aarhus, Jun. 2023.xlsx",1.145390593047035,T-shirt
09385 T-Shirt Hvid B/P M Arla Tryk,Alm.slid uden restværdi,1,2445,106,00D00973BEDE,"PLC, Product detaljeret, Aarhus, Jun. 2023.xlsx",1.3196891615541924,T-shirt
09385 T-Shirt Hvid B/P M Arla Tryk,Alm.slid uden restværdi,1,2419,119,00D00972F785,"PLC, Product detaljeret, Aarhus, Jun. 2023.xlsx",1.4974617610582885,T-shirt
09385 T-Shirt Hvid B/P M Arla Tryk,Alm.slid uden restværdi,1,2418,108,00D0098EA2E6,"PLC, Product detaljeret, Aarhus, Jun. 2023.xlsx",1.3596029776674938,T-shirt
12396 T-shirt 1/2 æ lady hvid PB,Alm.slid uden restværdi,1,2415,49,00D00950DBB2,"PLC, Product detaljeret, Aarhus, Jun. 2023.xlsx",0.6176231884057971,T-shirt
09385 T-Shirt Hvid B/P M Arla Tryk,Alm.slid uden restværdi,1,2395,116,00D0098E9D23,"PLC, Product detaljeret, Aarhus, Jun. 2023.xlsx",1.4743382045929019,T-shirt
09385 T-Shirt Hvid B/P M Arla Tryk,Alm.slid uden restværdi,1,2390,111,00D009704143,"PLC, Product detaljeret, Aarhus, Jun. 2023.xlsx",1.4137405857740586,T-shirt
09385 T-Shirt Hvid B/P M Arla Tryk,Alm.slid uden restværdi,1,2360,105,00D009782385,"PLC, Product detaljeret, Aarhus, Jun. 2023.xlsx",1.354322033898305,T-shirt
09385 T-Shirt Hvid B/P M Arla Tryk,Alm.slid uden restværdi,1,2360,114,00D00978910C,"PLC, Product detaljeret, Aarhus, Jun. 2023.xlsx",1.470406779661017,T-shirt
09385 T-Shirt Hvid B/P M Arla Tryk,Alm.slid uden restværdi,1,2352,109,00D00998C647,"PLC, Product detaljeret, Aarhus, Jun. 2023.xlsx",1.4106972789115648,T-shirt
09385 T-Shirt Hvid B/P M Arla Tryk,Alm.slid uden restværdi,1,2327,111,00D00971B459,"PLC, Product detaljeret, Aarhus, Jun. 2023.xlsx",1.4520154705629567,T-shirt
09385 T-Shirt Hvid B/P M Arla Tryk,Alm.slid uden restværdi,1,2325,79,00D009705833,"PLC, Product detaljeret, Aarhus, Jun. 2023.xlsx",1.0343053763440861,T-shirt
09385 T-Shirt Hvid B/P M Arla Tryk,Alm.slid uden restværdi,1,2317,107,00D009720405,"PLC, Product detaljeret, Aarhus, Jun. 2023.xlsx",1.4057315494173501,T-shirt
09385 T-Shirt Hvid B/P M Arla Tryk,Alm.slid uden restværdi,1,2317,110,00D0098D9530,"PLC, Product detaljeret, Aarhus, Jun. 2023.xlsx",1.4451445835131635,T-shirt
09385 T-Shirt Hvid B/P M Arla Tryk,Alm.slid uden restværdi,1,2298,101,00D00970DAEE,"PLC, Product detaljeret, Aarhus, Jun. 2023.xlsx",1.3378764142732813,T-shirt
09385 T-Shirt Hvid B/P M Arla Tryk,Alm.slid uden restværdi,1,2297,79,00D009514FDC,"PLC, Product detaljeret, Aarhus, Jun. 2023.xlsx",1.0469133652590334,T-shirt
09385 T-Shirt Hvid B/P M Arla Tryk,Alm.slid uden restværdi,1,2290,109,00D009708A7D,"PLC, Product detaljeret, Aarhus, Jun. 2023.xlsx",1.4488908296943233,T-shirt
09385 T-Shirt Hvid B/P M Arla Tryk,Alm.slid uden restværdi,1,2289,92,00D0098BF670,"PLC, Product detaljeret, Aarhus, Jun. 2023.xlsx",1.2234512887723896,T-shirt
09385 T-Shirt Hvid B/P M Arla Tryk,Alm.slid uden restværdi,1,2285,115,00D0097094E2,"PLC, Product detaljeret, Aarhus, Jun. 2023.xlsx",1.5319912472647703,T-shirt
09385 T-Shirt Hvid B/P M Arla Tryk,Alm.slid uden restværdi,1,2283,95,00D0097020E5,"PLC, Product detaljeret, Aarhus, Jun. 2023.xlsx",1.2666666666666666,T-shirt
09385 T-Shirt Hvid B/P M Arla Tryk,Alm.slid uden restværdi,1,2281,105,00D009701D22,"PLC, Product detaljeret, Aarhus, Jun. 2023.xlsx",1.4012275317843053,T-shirt
09385 T-Shirt Hvid B/P M Arla Tryk,Alm.slid uden restværdi,1,2277,109,00D00972E3E8,"PLC, Product detaljeret, Aarhus, Jun. 2023.xlsx",1.4571629336846728,T-shirt
09385 T-Shirt Hvid B/P M Arla Tryk,Alm.slid uden restværdi,1,2269,120,00D0093F29F6,"PLC, Product detaljeret, Aarhus, Jun. 2023.xlsx",1.6098721903922435,T-shirt
09385 T-Shirt Hvid B/P M Arla Tryk,Alm.slid uden restværdi,1,2269,107,00D0093F675E,"PLC, Product detaljeret, Aarhus, Jun. 2023.xlsx",1.435469369766417,T-shirt
09385 T-Shirt Hvid B/P M Arla Tryk,Alm.slid uden restværdi,1,2269,106,00D00970D1F7,"PLC, Product detaljeret, Aarhus, Jun. 2023.xlsx",1.4220537681798149,T-shirt
09385 T-Shirt Hvid B/P M Arla Tryk,Alm.slid uden restværdi,1,2269,110,00D0098DA246,"PLC, Product detaljeret, Aarhus, Jun. 2023.xlsx",1.475716174526223,T-shirt
09385 T-Shirt Hvid B/P M Arla Tryk,Alm.slid uden restværdi,1,2269,99,00D0098EA782,"PLC, Product detaljeret, Aarhus, Jun. 2023.xlsx",1.3281445570736008,T-shirt
09385 T-Shirt Hvid B/P M Arla Tryk,Alm.slid uden restværdi,1,2269,107,00D0098EB2CB,"PLC, Product detaljeret, Aarhus, Jun. 2023.xlsx",1.435469369766417,T-shirt
09385 T-Shirt Hvid B/P M Arla Tryk,Alm.slid uden restværdi,1,2269,99,00D009972915,"PLC, Product detaljeret, Aarhus, Jun. 2023.xlsx",1.3281445570736008,T-shirt
09385 T-Shirt Hvid B/P M Arla Tryk,Alm.slid uden restværdi,1,2268,95,30155C97D461A7C000933A7C,"PLC, Product detaljeret, Aarhus, Jun. 2023.xlsx",1.2750440917107584,T-shirt
09385 T-Shirt Hvid B/P M Arla Tryk,Alm.slid uden restværdi,1,2267,107,00D0098E9EB6,"PLC, Product detaljeret, Aarhus, Jun. 2023.xlsx",1.4367357741508604,T-shirt
09385 T-Shirt Hvid B/P M Arla Tryk,Alm.slid uden restværdi,1,2267,105,00D0098EA82E,"PLC, Product detaljeret, Aarhus, Jun. 2023.xlsx",1.4098808998676666,T-shirt
09385 T-Shirt Hvid B/P M Arla Tryk,Alm.slid uden restværdi,1,2260,114,00D009AC860A,"PLC, Product detaljeret, Aarhus, Jun. 2023.xlsx",1.5354690265486726,T-shirt
09385 T-Shirt Hvid B/P M Arla Tryk,Alm.slid uden restværdi,1,2257,87,00D0098EA173,"PLC, Product detaljeret, Aarhus, Jun. 2023.xlsx",1.1733628710677892,T-shirt
09385 T-Shirt Hvid B/P M Arla Tryk,Alm.slid uden restværdi,1,2255,108,00D0098E9CB5,"PLC, Product detaljeret, Aarhus, Jun. 2023.xlsx",1.4578802660753882,T-shirt
09385 T-Shirt Hvid B/P M Arla Tryk,Alm.slid uden restværdi,1,2255,96,00D009AD2741,"PLC, Product detaljeret, Aarhus, Jun. 2023.xlsx",1.2958935698447893,T-shirt
09385 T-Shirt Hvid B/P M Arla Tryk,Alm.slid uden restværdi,1,2255,96,30155C97D461A7C00092EB73,"PLC, Product detaljeret, Aarhus, Jun. 2023.xlsx",1.2958935698447893,T-shirt
09385 T-Shirt Hvid B/P M Arla Tryk,Alm.slid uden restværdi,1,2240,80,30155C97D461A7C0007D15B4,"PLC, Product detaljeret, Aarhus, Jun. 2023.xlsx",1.0871428571428572,T-shirt
09385 T-Shirt Hvid B/P M Arla Tryk,Alm.slid uden restværdi,1,2240,88,30155C97D461A7C00092DE30,"PLC, Product detaljeret, Aarhus, Jun. 2023.xlsx",1.195857142857143,T-shirt
09385 T-Shirt Hvid B/P M Arla Tryk,Alm.slid uden restværdi,1,2239,113,30155C97D461A7C00092EB4F,"PLC, Product detaljeret, Aarhus, Jun. 2023.xlsx",1.5362751228226887,T-shirt
09385 T-Shirt Hvid B/P M Arla Tryk,Alm.slid uden restværdi,1,2234,105,30155C97D461A7C000932C2E,"PLC, Product detaljeret, Aarhus, Jun. 2023.xlsx",1.4307072515666965,T-shirt
09385 T-Shirt Hvid B/P M Arla Tryk,Alm.slid uden restværdi,1,2233,98,00D008FD7AC7,"PLC, Product detaljeret, Aarhus, Jun. 2023.xlsx",1.3359247648902821,T-shirt
09385 T-Shirt Hvid B/P M Arla Tryk,Alm.slid uden restværdi,1,2233,120,00D0097912AA,"PLC, Product detaljeret, Aarhus, Jun. 2023.xlsx",1.6358262427227945,T-shirt
09385 T-Shirt Hvid B/P M Arla Tryk,Alm.slid uden restværdi,1,2227,116,00D00932DED3,"PLC, Product detaljeret, Aarhus, Jun. 2023.xlsx",1.5855590480466997,T-shirt
09385 T-Shirt Hvid B/P M Arla Tryk,Alm.slid uden restværdi,1,2213,85,00D00972D820,"PLC, Product detaljeret, Aarhus, Jun. 2023.xlsx",1.1691821057388163,T-shirt
09385 T-Shirt Hvid B/P M Arla Tryk,Alm.slid uden restværdi,1,2212,99,00D00A580EE3,"PLC, Product detaljeret, Aarhus, Jun. 2023.xlsx",1.362368896925859,T-shirt
09385 T-Shirt Hvid B/P M Arla Tryk,Alm.slid uden restværdi,1,2212,95,30155C97D461A7C0007D2234,"PLC, Product detaljeret, Aarhus, Jun. 2023.xlsx",1.3073236889692585,T-shirt
09385 T-Shirt Hvid B/P M Arla Tryk,Alm.slid uden restværdi,1,2212,86,30155C97D461A7C000B63336,"PLC, Product detaljeret, Aarhus, Jun. 2023.xlsx",1.183471971066908,T-shirt
09385 T-Shirt Hvid B/P M Arla Tryk,Alm.slid uden restværdi,1,2199,101,00D009C2F6C3,"PLC, Product detaljeret, Aarhus, Jun. 2023.xlsx",1.3981082310140973,T-shirt
09385 T-Shirt Hvid B/P M Arla Tryk,Alm.slid uden restværdi,1,2195,91,30155C97D461A7C000857B94,"PLC, Product detaljeret, Aarhus, Jun. 2023.xlsx",1.2619772209567197,T-shirt
09385 T-Shirt Hvid B/P M Arla Tryk,Alm.slid uden restværdi,1,2193,94,00D00A575DA0,"PLC, Product detaljeret, Aarhus, Jun. 2023.xlsx",1.3047697218422254,T-shirt
09385 T-Shirt Hvid B/P M Arla Tryk,Alm.slid uden restværdi,1,2193,89,30155C97D461A7C000B990AC,"PLC, Product detaljeret, Aarhus, Jun. 2023.xlsx",1.2353670770633836,T-shirt
09385 T-Shirt Hvid B/P M Arla Tryk,Alm.slid uden restværdi,1,2178,96,00D00A5740D6,"PLC, Product detaljeret, Aarhus, Jun. 2023.xlsx",1.3417079889807164,T-shirt
09385 T-Shirt Hvid B/P M Arla Tryk,Alm.slid uden restværdi,1,2176,75,30155C97D461A7C000B643BE,"PLC, Product detaljeret, Aarhus, Jun. 2023.xlsx",1.0491727941176472,T-shirt
09385 T-Shirt Hvid B/P M Arla Tryk,Alm.slid uden restværdi,1,2171,98,00D00A57508F,"PLC, Product detaljeret, Aarhus, Jun. 2023.xlsx",1.374076462459696,T-shirt
09385 T-Shirt Hvid B/P M Arla Tryk,Alm.slid uden restværdi,1,2171,90,30155C97D461A7C0007D2971,"PLC, Product detaljeret, Aarhus, Jun. 2023.xlsx",1.261906955320129,T-shirt
09385 T-Shirt Hvid B/P M Arla Tryk,Alm.slid uden restværdi,1,2170,95,30155C97D461A7C000B99005,"PLC, Product detaljeret, Aarhus, Jun. 2023.xlsx",1.332626728110599,T-shirt
09385 T-Shirt Hvid B/P M Arla Tryk,Alm.slid uden restværdi,1,2169,109,00D00A574A54,"PLC, Product detaljeret, Aarhus, Jun. 2023.xlsx",1.5297187644075612,T-shirt
09385 T-Shirt Hvid B/P M Arla Tryk,Alm.slid uden restværdi,1,2166,107,00D0097A4863,"PLC, Product detaljeret, Aarhus, Jun. 2023.xlsx",1.503730378578024,T-shirt
09385 T-Shirt Hvid B/P M Arla Tryk,Alm.slid uden restværdi,1,2163,96,30155C97D461A7C000B9E3FF,"PLC, Product detaljeret, Aarhus, Jun. 2023.xlsx",1.3510124826629681,T-shirt
09385 T-Shirt Hvid B/P M Arla Tryk,Alm.slid uden restværdi,1,2157,81,30155C97D461A7C000B9E345,"PLC, Product detaljeret, Aarhus, Jun. 2023.xlsx",1.1430876216968011,T-shirt
09385 T-Shirt Hvid B/P M Arla Tryk,Alm.slid uden restværdi,1,2156,92,00D009AC7A76,"PLC, Product detaljeret, Aarhus, Jun. 2023.xlsx",1.2989239332096476,T-shirt
01083 T-Shirt unisex hvid k/æ P/B,Alm.slid uden restværdi,1,2155,118,30155C97D461A7C000BBB7A4,"PLC, Product detaljeret, Aarhus, Jun. 2023.xlsx",1.6667842227378191,T-shirt
09385 T-Shirt Hvid B/P M Arla Tryk,Alm.slid uden restværdi,1,2150,111,30155C97D461A7C000B10C73,"PLC, Product detaljeret, Aarhus, Jun. 2023.xlsx",1.5715534883720932,T-shirt
12396 T-shirt 1/2 æ lady hvid PB,Alm.slid uden restværdi,1,2150,48,00D008F694ED,"PLC, Product detaljeret, Aarhus, Jun. 2023.xlsx",0.6795906976744186,T-shirt
09385 T-Shirt Hvid B/P M Arla Tryk,Alm.slid uden restværdi,1,2144,105,00D0093F4581,"PLC, Product detaljeret, Aarhus, Jun. 2023.xlsx",1.4907649253731345,T-shirt
09385 T-Shirt Hvid B/P M Arla Tryk,Alm.slid uden restværdi,1,2142,89,00D009AD94B5,"PLC, Product detaljeret, Aarhus, Jun. 2023.xlsx",1.264780578898226,T-shirt
09385 T-Shirt Hvid B/P M Arla Tryk,Alm.slid uden restværdi,1,2138,79,30155C97D461A7C000B9E3F6,"PLC, Product detaljeret, Aarhus, Jun. 2023.xlsx",1.1247708138447148,T-shirt
09385 T-Shirt Hvid B/P M Arla Tryk,Alm.slid uden restværdi,1,2117,77,30155C97D461A7C000B98A31,"PLC, Product detaljeret, Aarhus, Jun. 2023.xlsx",1.1071705243268777,T-shirt
09385 T-Shirt Hvid B/P M Arla Tryk,Alm.slid uden restværdi,1,2114,90,30155C97D461A7C000B98B78,"PLC, Product detaljeret, Aarhus, Jun. 2023.xlsx",1.2959318826868496,T-shirt
09385 T-Shirt Hvid B/P M Arla Tryk,Alm.slid uden restværdi,1,2110,71,00D00A580BA2,"PLC, Product detaljeret, Aarhus, Jun. 2023.xlsx",1.0242843601895735,T-shirt
09385 T-Shirt Hvid B/P M Arla Tryk,Alm.slid uden restværdi,1,2107,122,30155C97D461A7C000B11348,"PLC, Product detaljeret, Aarhus, Jun. 2023.xlsx",1.7625439012814428,T-shirt
09385 T-Shirt Hvid B/P M Arla Tryk,Alm.slid uden restværdi,1,2101,112,00D00A581FA8,"PLC, Product detaljeret, Aarhus, Jun. 2023.xlsx",1.6226939552594004,T-shirt
09385 T-Shirt Hvid B/P M Arla Tryk,Alm.slid uden restværdi,1,2100,101,30155C97D461A7C00092EA9D,"PLC, Product detaljeret, Aarhus, Jun. 2023.xlsx",1.4640190476190476,T-shirt
09385 T-Shirt Hvid B/P M Arla Tryk,Alm.slid uden restværdi,1,2099,80,00D00A5811F4,"PLC, Product detaljeret, Aarhus, Jun. 2023.xlsx",1.1601715102429728,T-shirt
09385 T-Shirt Hvid B/P M Arla Tryk,Alm.slid uden restværdi,1,2085,101,30155C97D461A7C000B11220,"PLC, Product detaljeret, Aarhus, Jun. 2023.xlsx",1.4745515587529976,T-shirt
09385 T-Shirt Hvid B/P M Arla Tryk,Alm.slid uden restværdi,1,2080,99,30155C97D461A7C000B1152E,"PLC, Product detaljeret, Aarhus, Jun. 2023.xlsx",1.448826923076923,T-shirt
09385 T-Shirt Hvid B/P M Arla Tryk,Alm.slid uden restværdi,1,2077,119,00D00A63C424,"PLC, Product detaljeret, Aarhus, Jun. 2023.xlsx",1.7440346653827639,T-shirt
09385 T-Shirt Hvid B/P M Arla Tryk,Alm.slid uden restværdi,1,2074,72,30155C97D461A7C000B113A0,"PLC, Product detaljeret, Aarhus, Jun. 2023.xlsx",1.0567405978784956,T-shirt
09385 T-Shirt Hvid B/P M Arla Tryk,Alm.slid uden restværdi,1,2074,111,30155C97D461A7C000B11A33,"PLC, Product detaljeret, Aarhus, Jun. 2023.xlsx",1.6291417550626808,T-shirt
09385 T-Shirt Hvid B/P M Arla Tryk,Alm.slid uden restværdi,1,2073,117,30155C97D461A7C000B119FD,"PLC, Product detaljeret, Aarhus, Jun. 2023.xlsx",1.7180318379160637,T-shirt
09385 T-Shirt Hvid B/P M Arla Tryk,Alm.slid uden restværdi,1,2071,87,30155C97D461A7C000B13C04,"PLC, Product detaljeret, Aarhus, Jun. 2023.xlsx",1.2787445678416225,T-shirt
09385 T-Shirt Hvid B/P M Arla Tryk,Alm.slid uden restværdi,1,2066,75,30155C97D461A7C00092E52E,"PLC, Product detaljeret, Aarhus, Jun. 2023.xlsx",1.1050338818973862,T-shirt
09385 T-Shirt Hvid B/P M Arla Tryk,Alm.slid uden restværdi,1,2063,110,30155C97D461A7C000BCFD1C,"PLC, Product detaljeret, Aarhus, Jun. 2023.xlsx",1.6230731943771206,T-shirt
09385 T-Shirt Hvid B/P M Arla Tryk,Alm.slid uden restværdi,1,2058,98,00D00A642E02,"PLC, Product detaljeret, Aarhus, Jun. 2023.xlsx",1.4495238095238094,T-shirt
09385 T-Shirt Hvid B/P M Arla Tryk,Alm.slid uden restværdi,1,2054,93,00D00A642950,"PLC, Product detaljeret, Aarhus, Jun. 2023.xlsx",1.3782473222979554,T-shirt
09385 T-Shirt Hvid B/P M Arla Tryk,Alm.slid uden restværdi,1,2053,98,00D00A63A209,"PLC, Product detaljeret, Aarhus, Jun. 2023.xlsx",1.4530540672187042,T-shirt
09385 T-Shirt Hvid B/P M Arla Tryk,Alm.slid uden restværdi,1,2052,100,00D00A63C512,"PLC, Product detaljeret, Aarhus, Jun. 2023.xlsx",1.4834307992202729,T-shirt
09385 T-Shirt Hvid B/P M Arla Tryk,Alm.slid uden restværdi,1,2047,91,30155C97D461A7C000BCF66E,"PLC, Product detaljeret, Aarhus, Jun. 2023.xlsx",1.353219345383488,T-shirt
09385 T-Shirt Hvid B/P M Arla Tryk,Alm.slid uden restværdi,1,2045,117,00D00A63C236,"PLC, Product detaljeret, Aarhus, Jun. 2023.xlsx",1.741555012224939,T-shirt
09385 T-Shirt Hvid B/P M Arla Tryk,Alm.slid uden restværdi,1,2045,67,00D00A642607,"PLC, Product detaljeret, Aarhus, Jun. 2023.xlsx",0.9973007334963326,T-shirt
09385 T-Shirt Hvid B/P M Arla Tryk,Alm.slid uden restværdi,1,2044,93,00D0098EA356,"PLC, Product detaljeret, Aarhus, Jun. 2023.xlsx",1.3849902152641878,T-shirt
09385 T-Shirt Hvid B/P M Arla Tryk,Alm.slid uden restværdi,1,2044,84,30155C97D461A7C000D74E99,"PLC, Product detaljeret, Aarhus, Jun. 2023.xlsx",1.250958904109589,T-shirt
09385 T-Shirt Hvid B/P M Arla Tryk,Alm.slid uden restværdi,1,2037,133,30155C97D461A7C000D721AF,"PLC, Product detaljeret, Aarhus, Jun. 2023.xlsx",1.9874914089347082,T-shirt
01083 T-Shirt unisex hvid k/æ P/B,Alm.slid uden restværdi,1,2035,18,30155C97D461A7C000F04B7D,"PLC, Product detaljeret, Aarhus, Jun. 2023.xlsx",0.26924815724815726,T-shirt
09385 T-Shirt Hvid B/P M Arla Tryk,Alm.slid uden restværdi,1,2033,83,00D00A63A845,"PLC, Product detaljeret, Aarhus, Jun. 2023.xlsx",1.2427545499262174,T-shirt
09385 T-Shirt Hvid B/P M Arla Tryk,Alm.slid uden restværdi,1,2031,78,30155C97D461A7C000BCF745,"PLC, Product detaljeret, Aarhus, Jun. 2023.xlsx",1.1690398818316101,T-shirt
09385 T-Shirt Hvid B/P M Arla Tryk,Alm.slid uden restværdi,1,2030,105,30155C97D461A7C000B10D42,"PLC, Product detaljeret, Aarhus, Jun. 2023.xlsx",1.5744827586206898,T-shirt
09385 T-Shirt Hvid B/P M Arla Tryk,Alm.slid uden restværdi,1,2030,96,30155C97D461A7C000BCF705,"PLC, Product detaljeret, Aarhus, Jun. 2023.xlsx",1.4395270935960593,T-shirt
09385 T-Shirt Hvid B/P M Arla Tryk,Alm.slid uden restværdi,1,2028,115,30155C97D461A7C000BCF7BB,"PLC, Product detaljeret, Aarhus, Jun. 2023.xlsx",1.7261341222879685,T-shirt
09385 T-Shirt Hvid B/P M Arla Tryk,Alm.slid uden restværdi,1,2022,113,30155C97D461A7C000B1331D,"PLC, Product detaljeret, Aarhus, Jun. 2023.xlsx",1.7011473788328388,T-shirt
09385 T-Shirt Hvid B/P M Arla Tryk,Alm.slid uden restværdi,1,2021,88,30155C97D461A7C000B10A5A,"PLC, Product detaljeret, Aarhus, Jun. 2023.xlsx",1.3254428500742206,T-shirt
09385 T-Shirt Hvid B/P M Arla Tryk,Alm.slid uden restværdi,1,2021,105,30155C97D461A7C000F0C85D,"PLC, Product detaljeret, Aarhus, Jun. 2023.xlsx",1.5814943097476497,T-shirt
09385 T-Shirt Hvid B/P M Arla Tryk,Alm.slid uden restværdi,1,2020,102,30155C97D461A7C000F0C870,"PLC, Product detaljeret, Aarhus, Jun. 2023.xlsx",1.5370693069306933,T-shirt
09385 T-Shirt Hvid B/P M Arla Tryk,Alm.slid uden restværdi,1,2019,69,30155C97D461A7C000F0CA0D,"PLC, Product detaljeret, Aarhus, Jun. 2023.xlsx",1.040297176820208,T-shirt
09385 T-Shirt Hvid B/P M Arla Tryk,Alm.slid uden restværdi,1,2015,93,00D00A580FCA,"PLC, Product detaljeret, Aarhus, Jun. 2023.xlsx",1.4049230769230772,T-shirt
09385 T-Shirt Hvid B/P M Arla Tryk,Alm.slid uden restværdi,1,1996,90,00D00A574904,"PLC, Product detaljeret, Aarhus, Jun. 2023.xlsx",1.3725450901803609,T-shirt
09385 T-Shirt Hvid B/P M Arla Tryk,Alm.slid uden restværdi,1,1996,85,00D00A5757B1,"PLC, Product detaljeret, Aarhus, Jun. 2023.xlsx",1.2962925851703408,T-shirt
09385 T-Shirt Hvid B/P M Arla Tryk,Alm.slid uden restværdi,1,1996,81,00D00A63A7EA,"PLC, Product detaljeret, Aarhus, Jun. 2023.xlsx",1.2352905811623247,T-shirt
09385 T-Shirt Hvid B/P M Arla Tryk,Alm.slid uden restværdi,1,1988,76,30155C97D461A7C000D74A16,"PLC, Product detaljeret, Aarhus, Jun. 2023.xlsx",1.1637022132796782,T-shirt
09385 T-Shirt Hvid B/P M Arla Tryk,Alm.slid uden restværdi,1,1967,90,30155C97D461A7C000F03024,"PLC, Product detaljeret, Aarhus, Jun. 2023.xlsx",1.3927808845958312,T-shirt
09385 T-Shirt Hvid B/P M Arla Tryk,Alm.slid uden restværdi,1,1962,115,30155C97D461A6C00193259E,"PLC, Product detaljeret, Aarhus, Jun. 2023.xlsx",1.7841997961264018,T-shirt
09385 T-Shirt Hvid B/P M Arla Tryk,Alm.slid uden restværdi,1,1960,102,30155C97D461A7C000F027B7,"PLC, Product detaljeret, Aarhus, Jun. 2023.xlsx",1.584122448979592,T-shirt
09385 T-Shirt Hvid B/P M Arla Tryk,Alm.slid uden restværdi,1,1957,67,30155C97D461A7C00116A221,"PLC, Product detaljeret, Aarhus, Jun. 2023.xlsx",1.0421461420541647,T-shirt
09385 T-Shirt Hvid B/P M Arla Tryk,Alm.slid uden restværdi,1,1955,127,30155C97D461A7C000D72110,"PLC, Product detaljeret, Aarhus, Jun. 2023.xlsx",1.9774322250639387,T-shirt
09385 T-Shirt Hvid B/P M Arla Tryk,Alm.slid uden restværdi,1,1953,105,30155C97D461A7C000D72136,"PLC, Product detaljeret, Aarhus, Jun. 2023.xlsx",1.6365591397849464,T-shirt
09385 T-Shirt Hvid B/P M Arla Tryk,Alm.slid uden restværdi,1,1949,100,30155C97D461A7C000D7207C,"PLC, Product detaljeret, Aarhus, Jun. 2023.xlsx",1.5618265777321705,T-shirt
09385 T-Shirt Hvid B/P M Arla Tryk,Alm.slid uden restværdi,1,1947,80,00D009709F0E,"PLC, Product detaljeret, Aarhus, Jun. 2023.xlsx",1.2507447354904981,T-shirt
09385 T-Shirt Hvid B/P M Arla Tryk,Alm.slid uden restværdi,1,1946,82,30155C97D461A7C00116AB92,"PLC, Product detaljeret, Aarhus, Jun. 2023.xlsx",1.2826721479958891,T-shirt
09385 T-Shirt Hvid B/P M Arla Tryk,Alm.slid uden restværdi,1,1946,92,30155C97D461A7C00116AAE8,"PLC, Product detaljeret, Aarhus, Jun. 2023.xlsx",1.4390955806783146,T-shirt
09385 T-Shirt Hvid B/P M Arla Tryk,Alm.slid uden restværdi,1,1944,111,30155C97D461A7C001178137,"PLC, Product detaljeret, Aarhus, Jun. 2023.xlsx",1.7380864197530863,T-shirt
09385 T-Shirt Hvid B/P M Arla Tryk,Alm.slid uden restværdi,1,1942,95,00D009C32AB7,"PLC, Product detaljeret, Aarhus, Jun. 2023.xlsx",1.48908341915551,T-shirt
09385 T-Shirt Hvid B/P M Arla Tryk,Alm.slid uden restværdi,1,1936,95,00D009793003,"PLC, Product detaljeret, Aarhus, Jun. 2023.xlsx",1.493698347107438,T-shirt
09385 T-Shirt Hvid B/P M Arla Tryk,Alm.slid uden restværdi,1,1929,101,30155C97D461A7C0011706B1,"PLC, Product detaljeret, Aarhus, Jun. 2023.xlsx",1.5937998963193365,T-shirt
09385 T-Shirt Hvid B/P M Arla Tryk,Alm.slid uden restværdi,1,1926,102,00D00ADB8588,"PLC, Product detaljeret, Aarhus, Jun. 2023.xlsx",1.6120872274143303,T-shirt
09385 T-Shirt Hvid B/P M Arla Tryk,Alm.slid uden restværdi,1,1917,34,30155C97D461A7C0011708C1,"PLC, Product detaljeret, Aarhus, Jun. 2023.xlsx",0.5398852373500261,T-shirt
09385 T-Shirt Hvid B/P M Arla Tryk,Alm.slid uden restværdi,1,1917,84,30155C97D461A7C001242E31,"PLC, Product detaljeret, Aarhus, Jun. 2023.xlsx",1.3338341158059468,T-shirt
09385 T-Shirt Hvid B/P M Arla Tryk,Alm.slid uden restværdi,1,1913,90,30155C97D461A7C0011796EF,"PLC, Product detaljeret, Aarhus, Jun. 2023.xlsx",1.432096184004182,T-shirt
01083 T-Shirt unisex hvid k/æ P/B,Alm.slid uden restværdi,1,1912,125,30155C97D461A7C0010DB41D,"PLC, Product detaljeret, Aarhus, Jun. 2023.xlsx",1.9900627615062763,T-shirt
09385 T-Shirt Hvid B/P M Arla Tryk,Alm.slid uden restværdi,1,1909,102,30155C97D461A7C00116BA39,"PLC, Product detaljeret, Aarhus, Jun. 2023.xlsx",1.6264431639601888,T-shirt
09385 T-Shirt Hvid B/P M Arla Tryk,Alm.slid uden restværdi,1,1906,110,30155C97D461A7C0011781D4,"PLC, Product detaljeret, Aarhus, Jun. 2023.xlsx",1.7567681007345228,T-shirt
09385 T-Shirt Hvid B/P M Arla Tryk,Alm.slid uden restværdi,1,1905,109,30155C97D461A7C0011780F3,"PLC, Product detaljeret, Aarhus, Jun. 2023.xlsx",1.741711286089239,T-shirt
03850 T-Shirt Hvid Lady K/Æ P/B,Alm.slid uden restværdi,1,1901,133,30155C97D461A7C000E87CA6,"PLC, Product detaljeret, Aarhus, Jun. 2023.xlsx",2.129679116254603,T-shirt
09385 T-Shirt Hvid B/P M Arla Tryk,Alm.slid uden restværdi,1,1899,72,30155C97D461A7C001242FC0,"PLC, Product detaljeret, Aarhus, Jun. 2023.xlsx",1.1541232227488154,T-shirt
03850 T-Shirt Hvid Lady K/Æ P/B,Alm.slid uden restværdi,1,1886,89,30155C97D461A7C000E873B0,"PLC, Product detaljeret, Aarhus, Jun. 2023.xlsx",1.4364581124072109,T-shirt
03850 T-Shirt Hvid Lady K/Æ P/B,Alm.slid uden restværdi,1,1886,88,30155C97D461A7C000E874F3,"PLC, Product detaljeret, Aarhus, Jun. 2023.xlsx",1.4203181336161188,T-shirt
03850 T-Shirt Hvid Lady K/Æ P/B,Alm.slid uden restværdi,1,1882,135,30155C97D461A7C000E8844A,"PLC, Product detaljeret, Aarhus, Jun. 2023.xlsx",2.183528161530287,T-shirt
09385 T-Shirt Hvid B/P M Arla Tryk,Alm.slid uden restværdi,1,1881,76,30155C97D461A7C0011792D2,"PLC, Product detaljeret, Aarhus, Jun. 2023.xlsx",1.22989898989899,T-shirt
03850 T-Shirt Hvid Lady K/Æ P/B,Alm.slid uden restværdi,1,1879,113,30155C97D461A7C000E88335,"PLC, Product detaljeret, Aarhus, Jun. 2023.xlsx",1.830612027674295,T-shirt
03850 T-Shirt Hvid Lady K/Æ P/B,Alm.slid uden restværdi,1,1879,125,30155C97D461A7C000E8F99A,"PLC, Product detaljeret, Aarhus, Jun. 2023.xlsx",2.025013304949441,T-shirt
09385 T-Shirt Hvid B/P M Arla Tryk,Alm.slid uden restværdi,1,1877,107,00D00AD587B8,"PLC, Product detaljeret, Aarhus, Jun. 2023.xlsx",1.7352583910495472,T-shirt
03850 T-Shirt Hvid Lady K/Æ P/B,Alm.slid uden restværdi,1,1875,75,30155C97D461A7C000E8841F,"PLC, Product detaljeret, Aarhus, Jun. 2023.xlsx",1.2176,T-shirt
03850 T-Shirt Hvid Lady K/Æ P/B,Alm.slid uden restværdi,1,1859,10,30155C97D461A7C000E8840A,"PLC, Product detaljeret, Aarhus, Jun. 2023.xlsx",0.16374394835933298,T-shirt
09385 T-Shirt Hvid B/P M Arla Tryk,Alm.slid uden restværdi,1,1859,76,30155C97D461A7C001170813,"PLC, Product detaljeret, Aarhus, Jun. 2023.xlsx",1.2444540075309305,T-shirt
01083 T-Shirt unisex hvid k/æ P/B,Alm.slid uden restværdi,1,1855,121,30155C97D461A7C000E7FE3C,"PLC, Product detaljeret, Aarhus, Jun. 2023.xlsx",1.9855741239892182,T-shirt
01083 T-Shirt unisex hvid k/æ P/B,Alm.slid uden restværdi,1,1851,136,30155C97D461A7C000C1CB32,"PLC, Product detaljeret, Aarhus, Jun. 2023.xlsx",2.236542409508374,T-shirt
09385 T-Shirt Hvid B/P M Arla Tryk,Alm.slid uden restværdi,1,1839,78,30155C97D461A7C000F0C910,"PLC, Product detaljeret, Aarhus, Jun. 2023.xlsx",1.291092985318108,T-shirt
09385 T-Shirt Hvid B/P M Arla Tryk,Alm.slid uden restværdi,1,1833,74,30155C97D461A6C001931A7F,"PLC, Product detaljeret, Aarhus, Jun. 2023.xlsx",1.2288925259138024,T-shirt
09385 T-Shirt Hvid B/P M Arla Tryk,Alm.slid uden restværdi,1,1828,66,30155C97D461A6C00193315A,"PLC, Product detaljeret, Aarhus, Jun. 2023.xlsx",1.0990371991247265,T-shirt
09385 T-Shirt Hvid B/P M Arla Tryk,Alm.slid uden restværdi,1,1827,128,30155C97D461A7C001178112,"PLC, Product detaljeret, Aarhus, Jun. 2023.xlsx",2.132632731253421,T-shirt
09385 T-Shirt Hvid B/P M Arla Tryk,Alm.slid uden restværdi,1,1825,112,30155C97D461A7C00122AAB4,"PLC, Product detaljeret, Aarhus, Jun. 2023.xlsx",1.8680986301369864,T-shirt
09385 T-Shirt Hvid B/P M Arla Tryk,Alm.slid uden restværdi,1,1821,92,30155C97D461A7C00116AAD4,"PLC, Product detaljeret, Aarhus, Jun. 2023.xlsx",1.537880285557386,T-shirt
09385 T-Shirt Hvid B/P M Arla Tryk,Alm.slid uden restværdi,1,1815,83,30155C97D461A7C00123976E,"PLC, Product detaljeret, Aarhus, Jun. 2023.xlsx",1.392022038567493,T-shirt
09385 T-Shirt Hvid B/P M Arla Tryk,Alm.slid uden restværdi,1,1806,79,30155C97D461A7C001174BEC,"PLC, Product detaljeret, Aarhus, Jun. 2023.xlsx",1.3315393133997786,T-shirt
03850 T-Shirt Hvid Lady K/Æ P/B,Alm.slid uden restværdi,1,1805,46,30155C97D461A7C000E8FB2E,"PLC, Product detaljeret, Aarhus, Jun. 2023.xlsx",0.7757562326869807,T-shirt
03850 T-Shirt Hvid Lady K/Æ P/B,Alm.slid uden restværdi,1,1804,93,30155C97D461A7C00122531E,"PLC, Product detaljeret, Aarhus, Jun. 2023.xlsx",1.5692461197339247,T-shirt
09385 T-Shirt Hvid B/P M Arla Tryk,Alm.slid uden restværdi,1,1795,91,30155C97D461A7C00112E381,"PLC, Product detaljeret, Aarhus, Jun. 2023.xlsx",1.5431977715877438,T-shirt
09385 T-Shirt Hvid B/P M Arla Tryk,Alm.slid uden restværdi,1,1792,74,00D00AE25E18,"PLC, Product detaljeret, Aarhus, Jun. 2023.xlsx",1.2570089285714285,T-shirt
03850 T-Shirt Hvid Lady K/Æ P/B,Alm.slid uden restværdi,1,1771,100,30155C97D461A7C000E87B6E,"PLC, Product detaljeret, Aarhus, Jun. 2023.xlsx",1.7188029361942407,T-shirt
09385 T-Shirt Hvid B/P M Arla Tryk,Alm.slid uden restværdi,1,1767,57,00D00AE1149F,"PLC, Product detaljeret, Aarhus, Jun. 2023.xlsx",0.9819354838709677,T-shirt
03850 T-Shirt Hvid Lady K/Æ P/B,Alm.slid uden restværdi,1,1757,20,30155C97D461A7C000E8835E,"PLC, Product detaljeret, Aarhus, Jun. 2023.xlsx",0.3464997154240182,T-shirt
09385 T-Shirt Hvid B/P M Arla Tryk,Alm.slid uden restværdi,1,1744,79,30155C97D461A7C00112DACE,"PLC, Product detaljeret, Aarhus, Jun. 2023.xlsx",1.378876146788991,T-shirt
09385 T-Shirt Hvid B/P M Arla Tryk,Alm.slid uden restværdi,1,1736,79,30155C97D461A7C001125514,"PLC, Product detaljeret, Aarhus, Jun. 2023.xlsx",1.3852304147465437,T-shirt
09385 T-Shirt Hvid B/P M Arla Tryk,Alm.slid uden restværdi,1,1736,101,30155C97D461A7C001125590,"PLC, Product detaljeret, Aarhus, Jun. 2023.xlsx",1.7709907834101382,T-shirt
09385 T-Shirt Hvid B/P M Arla Tryk,Alm.slid uden restværdi,1,1736,83,30155C97D461A7C00112DAD9,"PLC, Product detaljeret, Aarhus, Jun. 2023.xlsx",1.45536866359447,T-shirt
09385 T-Shirt Hvid B/P M Arla Tryk,Alm.slid uden restværdi,1,1730,68,30155C97D461A7C0013C2597,"PLC, Product detaljeret, Aarhus, Jun. 2023.xlsx",1.196485549132948,T-shirt
03850 T-Shirt Hvid Lady K/Æ P/B,Alm.slid uden restværdi,1,1729,22,30155C97D461A7C000E905D2,"PLC, Product detaljeret, Aarhus, Jun. 2023.xlsx",0.3873221515326779,T-shirt
01083 T-Shirt unisex hvid k/æ P/B,Alm.slid uden restværdi,1,1718,110,30155C97D461A7C00156C411,"PLC, Product detaljeret, Aarhus, Jun. 2023.xlsx",1.9490104772991854,T-shirt
09385 T-Shirt Hvid B/P M Arla Tryk,Alm.slid uden restværdi,1,1692,118,30155C97D461A7C00153162B,"PLC, Product detaljeret, Aarhus, Jun. 2023.xlsx",2.1228841607565014,T-shirt
09385 T-Shirt Hvid B/P M Arla Tryk,Alm.slid uden restværdi,1,1690,63,00D00AE2EEF9,"PLC, Product detaljeret, Aarhus, Jun. 2023.xlsx",1.1347455621301776,T-shirt
09385 T-Shirt Hvid B/P M Arla Tryk,Alm.slid uden restværdi,1,1687,71,30155C97D461A7C0010DEF86,"PLC, Product detaljeret, Aarhus, Jun. 2023.xlsx",1.2811144042679314,T-shirt
01083 T-Shirt unisex hvid k/æ P/B,Alm.slid uden restværdi,1,1684,127,30155C97D461A7C0015148CD,"PLC, Product detaljeret, Aarhus, Jun. 2023.xlsx",2.2956532066508313,T-shirt
01083 T-Shirt unisex hvid k/æ P/B,Alm.slid uden restværdi,1,1684,137,30155C97D461A7C0015149DC,"PLC, Product detaljeret, Aarhus, Jun. 2023.xlsx",2.4764133016627077,T-shirt
01083 T-Shirt unisex hvid k/æ P/B,Alm.slid uden restværdi,1,1674,100,30155C97D461A7C001512B72,"PLC, Product detaljeret, Aarhus, Jun. 2023.xlsx",1.8183990442054958,T-shirt
01083 T-Shirt unisex hvid k/æ P/B,Alm.slid uden restværdi,1,1674,116,30155C97D461A7C0015138B3,"PLC, Product detaljeret, Aarhus, Jun. 2023.xlsx",2.109342891278375,T-shirt
01083 T-Shirt unisex hvid k/æ P/B,Alm.slid uden restværdi,1,1674,115,30155C97D461A7C0015142BC,"PLC, Product detaljeret, Aarhus, Jun. 2023.xlsx",2.0911589008363203,T-shirt
01083 T-Shirt unisex hvid k/æ P/B,Alm.slid uden restværdi,1,1674,135,30155C97D461A7C00151455D,"PLC, Product detaljeret, Aarhus, Jun. 2023.xlsx",2.4548387096774196,T-shirt
01083 T-Shirt unisex hvid k/æ P/B,Alm.slid uden restværdi,1,1674,97,30155C97D461A7C001518644,"PLC, Product detaljeret, Aarhus, Jun. 2023.xlsx",1.7638470728793312,T-shirt
01083 T-Shirt unisex hvid k/æ P/B,Alm.slid uden restværdi,1,1674,110,30155C97D461A7C0015363AE,"PLC, Product detaljeret, Aarhus, Jun. 2023.xlsx",2.0002389486260457,T-shirt
01083 T-Shirt unisex hvid k/æ P/B,Alm.slid uden restværdi,1,1674,130,30155C97D461A7C0015370BF,"PLC, Product detaljeret, Aarhus, Jun. 2023.xlsx",2.3639187574671445,T-shirt
01083 T-Shirt unisex hvid k/æ P/B,Alm.slid uden restværdi,1,1674,62,30155C97D461A7C00153717E,"PLC, Product detaljeret, Aarhus, Jun. 2023.xlsx",1.1274074074074074,T-shirt
01083 T-Shirt unisex hvid k/æ P/B,Alm.slid uden restværdi,1,1674,110,30155C97D461A7C001537D1E,"PLC, Product detaljeret, Aarhus, Jun. 2023.xlsx",2.0002389486260457,T-shirt
09385 T-Shirt Hvid B/P M Arla Tryk,Alm.slid uden restværdi,1,1673,52,30155C97D461A7C00153512E,"PLC, Product detaljeret, Aarhus, Jun. 2023.xlsx",0.9461326957561268,T-shirt
09385 T-Shirt Hvid B/P M Arla Tryk,Alm.slid uden restværdi,1,1661,79,30155C97D461A7C0010DF038,"PLC, Product detaljeret, Aarhus, Jun. 2023.xlsx",1.4477784467188441,T-shirt
09385 T-Shirt Hvid B/P M Arla Tryk,Alm.slid uden restværdi,1,1658,80,30155C97D461A7C0015316AF,"PLC, Product detaljeret, Aarhus, Jun. 2023.xlsx",1.46875753920386,T-shirt
09385 T-Shirt Hvid B/P M Arla Tryk,Alm.slid uden restværdi,1,1638,73,30155C97D461A7C0012327F6,"PLC, Product detaljeret, Aarhus, Jun. 2023.xlsx",1.3566056166056166,T-shirt
09385 T-Shirt Hvid B/P M Arla Tryk,Alm.slid uden restværdi,1,1637,76,30155C97D461A7C0013C25AB,"PLC, Product detaljeret, Aarhus, Jun. 2023.xlsx",1.413219303604154,T-shirt
09385 T-Shirt Hvid B/P M Arla Tryk,Alm.slid uden restværdi,1,1637,75,30155C97D461A7C001531697,"PLC, Product detaljeret, Aarhus, Jun. 2023.xlsx",1.3946243127672573,T-shirt
09385 T-Shirt Hvid B/P M Arla Tryk,Alm.slid uden restværdi,1,1637,91,30155C97D461A7C00153178B,"PLC, Product detaljeret, Aarhus, Jun. 2023.xlsx",1.6921441661576055,T-shirt
09385 T-Shirt Hvid B/P M Arla Tryk,Alm.slid uden restværdi,1,1628,69,30155C97D461A7C0013C2781,"PLC, Product detaljeret, Aarhus, Jun. 2023.xlsx",1.2901474201474201,T-shirt
09385 T-Shirt Hvid B/P M Arla Tryk,Alm.slid uden restværdi,1,1619,75,30155C97D461A7C0011320B8,"PLC, Product detaljeret, Aarhus, Jun. 2023.xlsx",1.4101297096973442,T-shirt
09385 T-Shirt Hvid B/P M Arla Tryk,Alm.slid uden restværdi,1,1619,86,30155C97D461A7C001672400,"PLC, Product detaljeret, Aarhus, Jun. 2023.xlsx",1.6169487337862878,T-shirt
09385 T-Shirt Hvid B/P M Arla Tryk,Alm.slid uden restværdi,1,1614,73,00D00AE38639,"PLC, Product detaljeret, Aarhus, Jun. 2023.xlsx",1.3767781908302354,T-shirt
09385 T-Shirt Hvid B/P M Arla Tryk,Alm.slid uden restværdi,1,1609,75,30155C97D461A7C001CBF083,"PLC, Product detaljeret, Aarhus, Jun. 2023.xlsx",1.4188937228091982,T-shirt
09385 T-Shirt Hvid B/P M Arla Tryk,Alm.slid uden restværdi,1,1607,76,30155C97D461A7C0013C720C,"PLC, Product detaljeret, Aarhus, Jun. 2023.xlsx",1.4396017423771001,T-shirt
09385 T-Shirt Hvid B/P M Arla Tryk,Alm.slid uden restværdi,1,1596,64,30155C97D461A7C0013C7250,"PLC, Product detaljeret, Aarhus, Jun. 2023.xlsx",1.2206516290726817,T-shirt
03850 T-Shirt Hvid Lady K/Æ P/B,Alm.slid uden restværdi,1,1568,2,30155C97D461A7C000CA7D2D,"PLC, Product detaljeret, Aarhus, Jun. 2023.xlsx",0.0388265306122449,T-shirt
09385 T-Shirt Hvid B/P M Arla Tryk,Alm.slid uden restværdi,1,1565,66,30155C97D461A7C0013C7349,"PLC, Product detaljeret, Aarhus, Jun. 2023.xlsx",1.2837316293929715,T-shirt
09385 T-Shirt Hvid B/P M Arla Tryk,Alm.slid uden restværdi,1,1551,65,30155C97D461A7C001535CA4,"PLC, Product detaljeret, Aarhus, Jun. 2023.xlsx",1.2756931012250163,T-shirt
09385 T-Shirt Hvid B/P M Arla Tryk,Alm.slid uden restværdi,1,1551,91,30155C97D461A7C0016663FE,"PLC, Product detaljeret, Aarhus, Jun. 2023.xlsx",1.7859703417150226,T-shirt
09385 T-Shirt Hvid B/P M Arla Tryk,Alm.slid uden restværdi,1,1540,87,00D00AE394DC,"PLC, Product detaljeret, Aarhus, Jun. 2023.xlsx",1.7196623376623377,T-shirt
09385 T-Shirt Hvid B/P M Arla Tryk,Alm.slid uden restværdi,1,1519,78,30155C97D461A7C001535D67,"PLC, Product detaljeret, Aarhus, Jun. 2023.xlsx",1.563080974325214,T-shirt
01083 T-Shirt unisex hvid k/æ P/B,Alm.slid uden restværdi,1,1518,148,30155C97D461A7C001CC11B6,"PLC, Product detaljeret, Aarhus, Jun. 2023.xlsx",2.967799736495389,T-shirt
09385 T-Shirt Hvid B/P M Arla Tryk,Alm.slid uden restværdi,1,1514,54,30155C97D461A7C001CBB51F,"PLC, Product detaljeret, Aarhus, Jun. 2023.xlsx",1.0857067371202114,T-shirt
09385 T-Shirt Hvid B/P M Arla Tryk,Alm.slid uden restværdi,1,1491,43,30155C97D461A7C001672FB5,"PLC, Product detaljeret, Aarhus, Jun. 2023.xlsx",0.8778806170355467,T-shirt
09385 T-Shirt Hvid B/P M Arla Tryk,Alm.slid uden restværdi,1,1480,67,30155C97D461A7C0016DCFB1,"PLC, Product detaljeret, Aarhus, Jun. 2023.xlsx",1.3780270270270272,T-shirt
01083 T-Shirt unisex hvid k/æ P/B,Alm.slid uden restværdi,1,1479,126,30155C97D461A7C0020A613A,"PLC, Product detaljeret, Aarhus, Jun. 2023.xlsx",2.5932657200811358,T-shirt
09385 T-Shirt Hvid B/P M Arla Tryk,Alm.slid uden restværdi,1,1471,69,30155C97D461A6C001931AAA,"PLC, Product detaljeret, Aarhus, Jun. 2023.xlsx",1.4278450033990482,T-shirt
09385 T-Shirt Hvid B/P M Arla Tryk,Alm.slid uden restværdi,1,1466,72,30155C97D461A7C001CBF242,"PLC, Product detaljeret, Aarhus, Jun. 2023.xlsx",1.4950068212824013,T-shirt
09385 T-Shirt Hvid B/P M Arla Tryk,Alm.slid uden restværdi,1,1464,80,30155C97D461A7C001CBB5EE,"PLC, Product detaljeret, Aarhus, Jun. 2023.xlsx",1.6633879781420766,T-shirt
01083 T-Shirt unisex hvid k/æ P/B,Alm.slid uden restværdi,1,1429,140,30155C97D461A7C0020F110F,"PLC, Product detaljeret, Aarhus, Jun. 2023.xlsx",2.9822253324002803,T-shirt
09385 T-Shirt Hvid B/P M Arla Tryk,Alm.slid uden restværdi,1,1423,53,30155C97D461A6C00081E140,"PLC, Product detaljeret, Aarhus, Jun. 2023.xlsx",1.1337456078706958,T-shirt
09385 T-Shirt Hvid B/P M Arla Tryk,Alm.slid uden restværdi,1,1423,74,30155C97D461A6C0019327DE,"PLC, Product detaljeret, Aarhus, Jun. 2023.xlsx",1.5829655657062545,T-shirt
09385 T-Shirt Hvid B/P M Arla Tryk,Alm.slid uden restværdi,1,1421,62,30155C97D461A7C001CBB049,"PLC, Product detaljeret, Aarhus, Jun. 2023.xlsx",1.3281351161154118,T-shirt
09385 T-Shirt Hvid B/P M Arla Tryk,Alm.slid uden restværdi,1,1421,71,30155C97D461A7C0020B1D15,"PLC, Product detaljeret, Aarhus, Jun. 2023.xlsx",1.5209289232934553,T-shirt
09385 T-Shirt Hvid B/P M Arla Tryk,Alm.slid uden restværdi,1,1420,84,30155C97D461A6C001933038,"PLC, Product detaljeret, Aarhus, Jun. 2023.xlsx",1.8006760563380282,T-shirt
09385 T-Shirt Hvid B/P M Arla Tryk,Alm.slid uden restværdi,1,1417,65,00D00AE10A9D,"PLC, Product detaljeret, Aarhus, Jun. 2023.xlsx",1.396330275229358,T-shirt
09385 T-Shirt Hvid B/P M Arla Tryk,Alm.slid uden restværdi,1,1414,48,30155C97D461A7C001CBEF4C,"PLC, Product detaljeret, Aarhus, Jun. 2023.xlsx",1.0333239038189534,T-shirt
03850 T-Shirt Hvid Lady K/Æ P/B,Alm.slid uden restværdi,1,1412,36,30155C97D461A7C001035B5B,"PLC, Product detaljeret, Aarhus, Jun. 2023.xlsx",0.7760906515580737,T-shirt
09385 T-Shirt Hvid B/P M Arla Tryk,Alm.slid uden restværdi,1,1393,72,30155C97D461A7C002120CDA,"PLC, Product detaljeret, Aarhus, Jun. 2023.xlsx",1.5733524766690596,T-shirt
09385 T-Shirt Hvid B/P M Arla Tryk,Alm.slid uden restværdi,1,1391,50,30155C97D461A7C002120C98,"PLC, Product detaljeret, Aarhus, Jun. 2023.xlsx",1.094176851186197,T-shirt
01083 T-Shirt unisex hvid k/æ P/B,Alm.slid uden restværdi,1,1385,125,30155C97D461A7C0020EE031,"PLC, Product detaljeret, Aarhus, Jun. 2023.xlsx",2.7472924187725636,T-shirt
09385 T-Shirt Hvid B/P M Arla Tryk,Alm.slid uden restværdi,1,1376,50,30155C97D461A7C0020F220E,"PLC, Product detaljeret, Aarhus, Jun. 2023.xlsx",1.1061046511627908,T-shirt
09385 T-Shirt Hvid B/P M Arla Tryk,Alm.slid uden restværdi,1,1375,51,00D00AE0D3FC,"PLC, Product detaljeret, Aarhus, Jun. 2023.xlsx",1.1290472727272727,T-shirt
09385 T-Shirt Hvid B/P M Arla Tryk,Alm.slid uden restværdi,1,1359,78,30155C97D461A7C002120B71,"PLC, Product detaljeret, Aarhus, Jun. 2023.xlsx",1.7471081677704194,T-shirt
09385 T-Shirt Hvid B/P M Arla Tryk,Alm.slid uden restværdi,1,1358,75,30155C97D461A7C00210F024,"PLC, Product detaljeret, Aarhus, Jun. 2023.xlsx",1.6811487481590575,T-shirt
09385 T-Shirt Hvid B/P M Arla Tryk,Alm.slid uden restværdi,1,1350,60,30155C97D461A7C002120C36,"PLC, Product detaljeret, Aarhus, Jun. 2023.xlsx",1.352888888888889,T-shirt
09385 T-Shirt Hvid B/P M Arla Tryk,Alm.slid uden restværdi,1,1350,60,30155C97D461A7C00226B4D0,"PLC, Product detaljeret, Aarhus, Jun. 2023.xlsx",1.352888888888889,T-shirt
09385 T-Shirt Hvid B/P M Arla Tryk,Alm.slid uden restværdi,1,1334,57,30155C97D461A7C00226B3A7,"PLC, Product detaljeret, Aarhus, Jun. 2023.xlsx",1.3006596701649176,T-shirt
09385 T-Shirt Hvid B/P M Arla Tryk,Alm.slid uden restværdi,1,1330,69,30155C97D461A7C002123C0A,"PLC, Product detaljeret, Aarhus, Jun. 2023.xlsx",1.5792180451127822,T-shirt
09385 T-Shirt Hvid B/P M Arla Tryk,Alm.slid uden restværdi,1,1330,78,30155C97D461A7C002123CFE,"PLC, Product detaljeret, Aarhus, Jun. 2023.xlsx",1.785203007518797,T-shirt
09385 T-Shirt Hvid B/P M Arla Tryk,Alm.slid uden restværdi,1,1327,73,30155C97D461A7C002115F53,"PLC, Product detaljeret, Aarhus, Jun. 2023.xlsx",1.6745440844009045,T-shirt
09385 T-Shirt Hvid B/P M Arla Tryk,Alm.slid uden restværdi,1,1318,65,30155C97D461A7C00212214D,"PLC, Product detaljeret, Aarhus, Jun. 2023.xlsx",1.5012139605462824,T-shirt
09385 T-Shirt Hvid B/P M Arla Tryk,Alm.slid uden restværdi,1,1286,51,30155C97D461A7C002114469,"PLC, Product detaljeret, Aarhus, Jun. 2023.xlsx",1.207185069984448,T-shirt
01083 T-Shirt unisex hvid k/æ P/B,Alm.slid uden restværdi,1,1267,92,30155C97D461A7C0022A2DE5,"PLC, Product detaljeret, Aarhus, Jun. 2023.xlsx",2.210323599052881,T-shirt
01083 T-Shirt unisex hvid k/æ P/B,Alm.slid uden restværdi,1,1252,93,30155C97D461A7C00276BF73,"PLC, Product detaljeret, Aarhus, Jun. 2023.xlsx",2.2611182108626195,T-shirt
03850 T-Shirt Hvid Lady K/Æ P/B,Alm.slid uden restværdi,1,1241,49,30155C97D461A7C000E09232,"PLC, Product detaljeret, Aarhus, Jun. 2023.xlsx",1.201901692183723,T-shirt
"07859 T-Shirt L/Æ, Hvid p/b",Alm.slid uden restværdi,1,1226,62,30155C97D461A7C002171B82,"PLC, Product detaljeret, Aarhus, Jun. 2023.xlsx",1.5393800978792822,T-shirt
"07859 T-Shirt L/Æ, Hvid p/b",Alm.slid uden restværdi,1,1224,55,30155C97D461A7C0021726BB,"PLC, Product detaljeret, Aarhus, Jun. 2023.xlsx",1.36781045751634,T-shirt
09385 T-Shirt Hvid B/P M Arla Tryk,Alm.slid uden restværdi,1,1201,54,30155C97D461A7C0020B29B7,"PLC, Product detaljeret, Aarhus, Jun. 2023.xlsx",1.3686594504579517,T-shirt
09385 T-Shirt Hvid B/P M Arla Tryk,Alm.slid uden restværdi,1,1185,71,30155C97D461A7C00226F24B,"PLC, Product detaljeret, Aarhus, Jun. 2023.xlsx",1.8238312236286922,T-shirt
01083 T-Shirt unisex hvid k/æ P/B,Alm.slid uden restværdi,1,1183,117,30155C97D461A7C001F70C83,"PLC, Product detaljeret, Aarhus, Jun. 2023.xlsx",3.0105494505494503,T-shirt
09385 T-Shirt Hvid B/P M Arla Tryk,Alm.slid uden restværdi,1,1183,71,30155C97D461A6C0019325A3,"PLC, Product detaljeret, Aarhus, Jun. 2023.xlsx",1.8269146238377008,T-shirt
09385 T-Shirt Hvid B/P M Arla Tryk,Alm.slid uden restværdi,1,1181,51,30155C97D461A7C00203FD04,"PLC, Product detaljeret, Aarhus, Jun. 2023.xlsx",1.3145131244707875,T-shirt
03850 T-Shirt Hvid Lady K/Æ P/B,Alm.slid uden restværdi,1,1177,44,30155C97D461A7C001D53862,"PLC, Product detaljeret, Aarhus, Jun. 2023.xlsx",1.1379439252336447,T-shirt
09385 T-Shirt Hvid B/P M Arla Tryk,Alm.slid uden restværdi,1,1168,75,30155C97D461A7C0022A8A0F,"PLC, Product detaljeret, Aarhus, Jun. 2023.xlsx",1.954623287671233,T-shirt
09385 T-Shirt Hvid B/P M Arla Tryk,Alm.slid uden restværdi,1,1161,57,30155C97D461A7C001F6F6A0,"PLC, Product detaljeret, Aarhus, Jun. 2023.xlsx",1.4944702842377262,T-shirt
09385 T-Shirt Hvid B/P M Arla Tryk,Alm.slid uden restværdi,1,1113,57,30155C97D461A7C001F6E074,"PLC, Product detaljeret, Aarhus, Jun. 2023.xlsx",1.558921832884097,T-shirt
09385 T-Shirt Hvid B/P M Arla Tryk,Alm.slid uden restværdi,1,1113,26,30155C97D461A7C0023C061B,"PLC, Product detaljeret, Aarhus, Jun. 2023.xlsx",0.7110871518418689,T-shirt
09385 T-Shirt Hvid B/P M Arla Tryk,Alm.slid uden restværdi,1,1099,46,00D00B1C705B,"PLC, Product detaljeret, Aarhus, Jun. 2023.xlsx",1.2741037306642404,T-shirt
09385 T-Shirt Hvid B/P M Arla Tryk,Alm.slid uden restværdi,1,1092,47,30155C97D461A7C0022691A8,"PLC, Product detaljeret, Aarhus, Jun. 2023.xlsx",1.31014652014652,T-shirt
09385 T-Shirt Hvid B/P M Arla Tryk,Alm.slid uden restværdi,1,1091,36,30155C97D461A7C001F3F7F7,"PLC, Product detaljeret, Aarhus, Jun. 2023.xlsx",1.004436296975252,T-shirt
09385 T-Shirt Hvid B/P M Arla Tryk,Alm.slid uden restværdi,1,1081,58,30155C97D461A7C0023BA4C3,"PLC, Product detaljeret, Aarhus, Jun. 2023.xlsx",1.6332284921369102,T-shirt
09385 T-Shirt Hvid B/P M Arla Tryk,Alm.slid uden restværdi,1,1081,55,30155C97D461A7C0023BA4C6,"PLC, Product detaljeret, Aarhus, Jun. 2023.xlsx",1.5487511563367253,T-shirt
01083 T-Shirt unisex hvid k/æ P/B,Alm.slid uden restværdi,1,1078,59,30155C97D461A7C00268BAFF,"PLC, Product detaljeret, Aarhus, Jun. 2023.xlsx",1.6660111317254176,T-shirt
09385 T-Shirt Hvid B/P M Arla Tryk,Alm.slid uden restværdi,1,1078,74,30155C97D461A6C001931ABE,"PLC, Product detaljeret, Aarhus, Jun. 2023.xlsx",2.089573283858998,T-shirt
03850 T-Shirt Hvid Lady K/Æ P/B,Alm.slid uden restværdi,1,1076,43,30155C97D461A7C001442CFE,"PLC, Product detaljeret, Aarhus, Jun. 2023.xlsx",1.2164684014869889,T-shirt
01083 T-Shirt unisex hvid k/æ P/B,Alm.slid uden restværdi,1,1063,63,30155C97D461A7C002693B01,"PLC, Product detaljeret, Aarhus, Jun. 2023.xlsx",1.8040639698965193,T-shirt
09385 T-Shirt Hvid B/P M Arla Tryk,Alm.slid uden restværdi,1,1049,40,30155C97D461A7C0028C5613,"PLC, Product detaljeret, Aarhus, Jun. 2023.xlsx",1.1607244995233557,T-shirt
12396 T-shirt 1/2 æ lady hvid PB,Alm.slid uden restværdi,1,1048,42,30155C97D461A7C000E105CE,"PLC, Product detaljeret, Aarhus, Jun. 2023.xlsx",1.2199236641221374,T-shirt
12396 T-shirt 1/2 æ lady hvid PB,Alm.slid uden restværdi,1,1048,40,30155C97D461A7C000E1070E,"PLC, Product detaljeret, Aarhus, Jun. 2023.xlsx",1.1618320610687023,T-shirt
12396 T-shirt 1/2 æ lady hvid PB,Alm.slid uden restværdi,1,1048,38,30155C97D461A7C000E10757,"PLC, Product detaljeret, Aarhus, Jun. 2023.xlsx",1.1037404580152672,T-shirt
12396 T-shirt 1/2 æ lady hvid PB,Alm.slid uden restværdi,1,1048,52,30155C97D461A7C000E1077B,"PLC, Product detaljeret, Aarhus, Jun. 2023.xlsx",1.510381679389313,T-shirt
01083 T-Shirt unisex hvid k/æ P/B,Alm.slid uden restværdi,1,1036,29,30155C97D461A7C0026924B8,"PLC, Product detaljeret, Aarhus, Jun. 2023.xlsx",0.8520849420849421,T-shirt
09385 T-Shirt Hvid B/P M Arla Tryk,Alm.slid uden restværdi,1,1030,28,30155C97D461A6C00081E0E7,"PLC, Product detaljeret, Aarhus, Jun. 2023.xlsx",0.827495145631068,T-shirt
09385 T-Shirt Hvid B/P M Arla Tryk,Alm.slid uden restværdi,1,1022,69,30155C97D461A6C00193307E,"PLC, Product detaljeret, Aarhus, Jun. 2023.xlsx",2.055146771037182,T-shirt
01083 T-Shirt unisex hvid k/æ P/B,Alm.slid uden restværdi,1,1021,30,30155C97D461A7C0027CAD1A,"PLC, Product detaljeret, Aarhus, Jun. 2023.xlsx",0.8944172380019589,T-shirt
01083 T-Shirt unisex hvid k/æ P/B,Alm.slid uden restværdi,1,1021,26,30155C97D461A7C0027CAE11,"PLC, Product detaljeret, Aarhus, Jun. 2023.xlsx",0.7751616062683644,T-shirt
01083 T-Shirt unisex hvid k/æ P/B,Alm.slid uden restværdi,1,1021,41,30155C97D461A7C0027CAE5C,"PLC, Product detaljeret, Aarhus, Jun. 2023.xlsx",1.2223702252693438,T-shirt
01083 T-Shirt unisex hvid k/æ P/B,Alm.slid uden restværdi,1,1021,63,30155C97D461A7C0027CAEBF,"PLC, Product detaljeret, Aarhus, Jun. 2023.xlsx",1.8782761998041135,T-shirt
03850 T-Shirt Hvid Lady K/Æ P/B,Alm.slid uden restværdi,1,1021,61,30155C97D461A7C000E08027,"PLC, Product detaljeret, Aarhus, Jun. 2023.xlsx",1.8186483839373164,T-shirt
01083 T-Shirt unisex hvid k/æ P/B,Alm.slid uden restværdi,1,1020,18,30155C97D461A7C0029528D2,"PLC, Product detaljeret, Aarhus, Jun. 2023.xlsx",0.5371764705882353,T-shirt
09385 T-Shirt Hvid B/P M Arla Tryk,Alm.slid uden restværdi,1,1017,82,30155C97D461A7C001F3F759,"PLC, Product detaljeret, Aarhus, Jun. 2023.xlsx",2.4543559488692233,T-shirt
09385 T-Shirt Hvid B/P M Arla Tryk,Alm.slid uden restværdi,1,1010,50,30155C97D461A7C0028C582C,"PLC, Product detaljeret, Aarhus, Jun. 2023.xlsx",1.5069306930693072,T-shirt
09385 T-Shirt Hvid B/P M Arla Tryk,Alm.slid uden restværdi,1,1007,45,30155C97D461A7C00268D809,"PLC, Product detaljeret, Aarhus, Jun. 2023.xlsx",1.3602780536246277,T-shirt
09385 T-Shirt Hvid B/P M Arla Tryk,Alm.slid uden restværdi,1,997,28,30155C97D461A7C0027CC045,"PLC, Product detaljeret, Aarhus, Jun. 2023.xlsx",0.8548846539618857,T-shirt
01083 T-Shirt unisex hvid k/æ P/B,Alm.slid uden restværdi,1,996,95,30155C97D461A7C0029151B3,"PLC, Product detaljeret, Aarhus, Jun. 2023.xlsx",2.903413654618474,T-shirt
01083 T-Shirt unisex hvid k/æ P/B,Alm.slid uden restværdi,1,996,71,30155C97D461A7C0029152AF,"PLC, Product detaljeret, Aarhus, Jun. 2023.xlsx",2.1699196787148596,T-shirt
09385 T-Shirt Hvid B/P M Arla Tryk,Alm.slid uden restværdi,1,994,44,30155C97D461A7C002693637,"PLC, Product detaljeret, Aarhus, Jun. 2023.xlsx",1.3474446680080483,T-shirt
09385 T-Shirt Hvid B/P M Arla Tryk,Alm.slid uden restværdi,1,993,40,30155C97D461A7C0027CBEB5,"PLC, Product detaljeret, Aarhus, Jun. 2023.xlsx",1.226183282980866,T-shirt
09385 T-Shirt Hvid B/P M Arla Tryk,Alm.slid uden restværdi,1,990,33,30155C97D461A7C0028C57D1,"PLC, Product detaljeret, Aarhus, Jun. 2023.xlsx",1.0146666666666666,T-shirt
09385 T-Shirt Hvid B/P M Arla Tryk,Alm.slid uden restværdi,1,987,50,00D00B2A1298,"PLC, Product detaljeret, Aarhus, Jun. 2023.xlsx",1.542046605876393,T-shirt
09385 T-Shirt Hvid B/P M Arla Tryk,Alm.slid uden restværdi,1,987,46,30155C97D461A7C0022A73AC,"PLC, Product detaljeret, Aarhus, Jun. 2023.xlsx",1.4186828774062819,T-shirt
09385 T-Shirt Hvid B/P M Arla Tryk,Alm.slid uden restværdi,1,987,60,30155C97D461A7C0027CF0CD,"PLC, Product detaljeret, Aarhus, Jun. 2023.xlsx",1.8504559270516718,T-shirt
09385 T-Shirt Hvid B/P M Arla Tryk,Alm.slid uden restværdi,1,983,43,30155C97D461A7C0026935FD,"PLC, Product detaljeret, Aarhus, Jun. 2023.xlsx",1.3315564598168872,T-shirt
09385 T-Shirt Hvid B/P M Arla Tryk,Alm.slid uden restværdi,1,980,42,30155C97D461A7C002693635,"PLC, Product detaljeret, Aarhus, Jun. 2023.xlsx",1.3045714285714287,T-shirt
09385 T-Shirt Hvid B/P M Arla Tryk,Alm.slid uden restværdi,1,979,50,30155C97D461A7C0026935BC,"PLC, Product detaljeret, Aarhus, Jun. 2023.xlsx",1.55464759959142,T-shirt
09385 T-Shirt Hvid B/P M Arla Tryk,Alm.slid uden restværdi,1,975,35,30155C97D461A7C0027CB764,"PLC, Product detaljeret, Aarhus, Jun. 2023.xlsx",1.0927179487179486,T-shirt
10981 T-shirt prowear dame hvid pb,Alm.slid uden restværdi,1,975,90,30155C97D461A6C00014576D,"PLC, Product detaljeret, Aarhus, Jun. 2023.xlsx",2.8098461538461543,T-shirt
03850 T-Shirt Hvid Lady K/Æ P/B,Alm.slid uden restværdi,1,972,17,30155C97D461A7C001D53848,"PLC, Product detaljeret, Aarhus, Jun. 2023.xlsx",0.5323868312757202,T-shirt
01083 T-Shirt unisex hvid k/æ P/B,Alm.slid uden restværdi,1,969,43,30155C97D461A6C000174A11,"PLC, Product detaljeret, Aarhus, Jun. 2023.xlsx",1.3507946336429308,T-shirt
09385 T-Shirt Hvid B/P M Arla Tryk,Alm.slid uden restværdi,1,968,56,30155C97D461A6C001932455,"PLC, Product detaljeret, Aarhus, Jun. 2023.xlsx",1.7609917355371902,T-shirt
09385 T-Shirt Hvid B/P M Arla Tryk,Alm.slid uden restværdi,1,967,29,30155C97D461A6C00013F741,"PLC, Product detaljeret, Aarhus, Jun. 2023.xlsx",0.9128852119958635,T-shirt
01083 T-Shirt unisex hvid k/æ P/B,Alm.slid uden restværdi,1,966,85,30155C97D461A7C00291378F,"PLC, Product detaljeret, Aarhus, Jun. 2023.xlsx",2.6784679089026917,T-shirt
09385 T-Shirt Hvid B/P M Arla Tryk,Alm.slid uden restværdi,1,958,46,30155C97D461A7C002911EF5,"PLC, Product detaljeret, Aarhus, Jun. 2023.xlsx",1.4616283924843423,T-shirt
09385 T-Shirt Hvid B/P M Arla Tryk,Alm.slid uden restværdi,1,945,39,30155C97D461A6C00013F749,"PLC, Product detaljeret, Aarhus, Jun. 2023.xlsx",1.2562539682539682,T-shirt
09385 T-Shirt Hvid B/P M Arla Tryk,Alm.slid uden restværdi,1,945,52,30155C97D461A6C00013F76D,"PLC, Product detaljeret, Aarhus, Jun. 2023.xlsx",1.675005291005291,T-shirt
09385 T-Shirt Hvid B/P M Arla Tryk,Alm.slid uden restværdi,1,934,49,30155C97D461A7C0027CBB20,"PLC, Product detaljeret, Aarhus, Jun. 2023.xlsx",1.5969593147751606,T-shirt
09385 T-Shirt Hvid B/P M Arla Tryk,Alm.slid uden restværdi,1,918,38,30155C97D461A7C002115F34,"PLC, Product detaljeret, Aarhus, Jun. 2023.xlsx",1.2600435729847494,T-shirt
09385 T-Shirt Hvid B/P M Arla Tryk,Alm.slid uden restværdi,1,918,39,30155C97D461A7C00268AB5C,"PLC, Product detaljeret, Aarhus, Jun. 2023.xlsx",1.2932026143790851,T-shirt
09385 T-Shirt Hvid B/P M Arla Tryk,Alm.slid uden restværdi,1,910,56,30155C97D461A7C0027CBA9D,"PLC, Product detaljeret, Aarhus, Jun. 2023.xlsx",1.8732307692307695,T-shirt
09385 T-Shirt Hvid B/P M Arla Tryk,Alm.slid uden restværdi,1,904,28,30155C97D461A6C000127595,"PLC, Product detaljeret, Aarhus, Jun. 2023.xlsx",0.9428318584070797,T-shirt
09385 T-Shirt Hvid B/P M Arla Tryk,Alm.slid uden restværdi,1,902,45,30155C97D461A6C0001274D6,"PLC, Product detaljeret, Aarhus, Jun. 2023.xlsx",1.5186252771618627,T-shirt
09385 T-Shirt Hvid B/P M Arla Tryk,Alm.slid uden restværdi,1,898,80,30155C97D461A6C00012B23D,"PLC, Product detaljeret, Aarhus, Jun. 2023.xlsx",2.711804008908686,T-shirt
01083 T-Shirt unisex hvid k/æ P/B,Alm.slid uden restværdi,1,897,32,30155C97D461A6C0000F7C03,"PLC, Product detaljeret, Aarhus, Jun. 2023.xlsx",1.0859308807134895,T-shirt
09385 T-Shirt Hvid B/P M Arla Tryk,Alm.slid uden restværdi,1,895,34,30155C97D461A6C000127613,"PLC, Product detaljeret, Aarhus, Jun. 2023.xlsx",1.1563798882681566,T-shirt
09385 T-Shirt Hvid B/P M Arla Tryk,Alm.slid uden restværdi,1,891,52,30155C97D461A6C001931B85,"PLC, Product detaljeret, Aarhus, Jun. 2023.xlsx",1.7765207631874298,T-shirt
09385 T-Shirt Hvid B/P M Arla Tryk,Alm.slid uden restværdi,1,885,43,30155C97D461A6C000171683,"PLC, Product detaljeret, Aarhus, Jun. 2023.xlsx",1.4790056497175141,T-shirt
09385 T-Shirt Hvid B/P M Arla Tryk,Alm.slid uden restværdi,1,883,36,30155C97D461A6C00013F954,"PLC, Product detaljeret, Aarhus, Jun. 2023.xlsx",1.2410419026047566,T-shirt
09385 T-Shirt Hvid B/P M Arla Tryk,Alm.slid uden restværdi,1,882,37,30155C97D461A6C000359C5C,"PLC, Product detaljeret, Aarhus, Jun. 2023.xlsx",1.2769614512471656,T-shirt
09385 T-Shirt Hvid B/P M Arla Tryk,Alm.slid uden restværdi,1,881,33,30155C97D461A6C00012B1D3,"PLC, Product detaljeret, Aarhus, Jun. 2023.xlsx",1.1402043132803632,T-shirt
09385 T-Shirt Hvid B/P M Arla Tryk,Alm.slid uden restværdi,1,874,54,00D00B4E7B3B,"PLC, Product detaljeret, Aarhus, Jun. 2023.xlsx",1.8807322654462244,T-shirt
09385 T-Shirt Hvid B/P M Arla Tryk,Alm.slid uden restværdi,1,870,47,30155C97D461A7C0029182F6,"PLC, Product detaljeret, Aarhus, Jun. 2023.xlsx",1.6444597701149426,T-shirt
"07859 T-Shirt L/Æ, Hvid p/b",Alm.slid uden restværdi,1,866,53,30155C97D461A6C00030E600,"PLC, Product detaljeret, Aarhus, Jun. 2023.xlsx",1.8629561200923788,T-shirt
09385 T-Shirt Hvid B/P M Arla Tryk,Alm.slid uden restværdi,1,864,35,30155C97D461A6C00012A43E,"PLC, Product detaljeret, Aarhus, Jun. 2023.xlsx",1.233101851851852,T-shirt
09385 T-Shirt Hvid B/P M Arla Tryk,Alm.slid uden restværdi,1,857,45,30155C97D461A6C000359AB9,"PLC, Product detaljeret, Aarhus, Jun. 2023.xlsx",1.5983663943990665,T-shirt
"07859 T-Shirt L/Æ, Hvid p/b",Alm.slid uden restværdi,1,846,45,30155C97D461A6C000310EC4,"PLC, Product detaljeret, Aarhus, Jun. 2023.xlsx",1.619148936170213,T-shirt
01083 T-Shirt unisex hvid k/æ P/B,Alm.slid uden restværdi,1,841,41,30155C97D461A6C00030DA1C,"PLC, Product detaljeret, Aarhus, Jun. 2023.xlsx",1.4839952437574317,T-shirt
09385 T-Shirt Hvid B/P M Arla Tryk,Alm.slid uden restværdi,1,840,31,30155C97D461A6C00017037C,"PLC, Product detaljeret, Aarhus, Jun. 2023.xlsx",1.1233809523809524,T-shirt
09385 T-Shirt Hvid B/P M Arla Tryk,Alm.slid uden restværdi,1,824,38,30155C97D461A6C0001423E2,"PLC, Product detaljeret, Aarhus, Jun. 2023.xlsx",1.4037864077669904,T-shirt
09385 T-Shirt Hvid B/P M Arla Tryk,Alm.slid uden restværdi,1,819,30,00D00B4E8C4E,"PLC, Product detaljeret, Aarhus, Jun. 2023.xlsx",1.115018315018315,T-shirt
09385 T-Shirt Hvid B/P M Arla Tryk,Alm.slid uden restværdi,1,812,36,30155C97D461A6C00012CE82,"PLC, Product detaljeret, Aarhus, Jun. 2023.xlsx",1.3495566502463054,T-shirt
09385 T-Shirt Hvid B/P M Arla Tryk,Alm.slid uden restværdi,1,753,32,30155C97D461A6C00014235A,"PLC, Product detaljeret, Aarhus, Jun. 2023.xlsx",1.2935989375830013,T-shirt
09385 T-Shirt Hvid B/P M Arla Tryk,Alm.slid uden restværdi,1,747,33,30155C97D461A6C00012B077,"PLC, Product detaljeret, Aarhus, Jun. 2023.xlsx",1.3447389558232932,T-shirt
09385 T-Shirt Hvid B/P M Arla Tryk,Alm.slid uden restværdi,1,747,31,30155C97D461A6C00012CE95,"PLC, Product detaljeret, Aarhus, Jun. 2023.xlsx",1.2632396251673361,T-shirt
09385 T-Shirt Hvid B/P M Arla Tryk,Alm.slid uden restværdi,1,743,29,30155C97D461A6C00012C3C2,"PLC, Product detaljeret, Aarhus, Jun. 2023.xlsx",1.1881022880215344,T-shirt
10981 T-shirt prowear dame hvid pb,Alm.slid uden restværdi,1,738,37,30155C97D461A6C00020F760,"PLC, Product detaljeret, Aarhus, Jun. 2023.xlsx",1.5261246612466126,T-shirt
09385 T-Shirt Hvid B/P M Arla Tryk,Alm.slid uden restværdi,1,727,33,00D00B4E73D6,"PLC, Product detaljeret, Aarhus, Jun. 2023.xlsx",1.3817331499312244,T-shirt
01083 T-Shirt unisex hvid k/æ P/B,Alm.slid uden restværdi,1,692,52,30155C97D461A6C000B1C56A,"PLC, Product detaljeret, Aarhus, Jun. 2023.xlsx",2.287398843930636,T-shirt
01083 T-Shirt unisex hvid k/æ P/B,Alm.slid uden restværdi,1,683,42,30155C97D461A6C000B09AEB,"PLC, Product detaljeret, Aarhus, Jun. 2023.xlsx",1.8718594436310396,T-shirt
01083 T-Shirt unisex hvid k/æ P/B,Alm.slid uden restværdi,1,658,11,30155C97D461A6C000B9F122,"PLC, Product detaljeret, Aarhus, Jun. 2023.xlsx",0.5088753799392097,T-shirt
01083 T-Shirt unisex hvid k/æ P/B,Alm.slid uden restværdi,1,657,33,30155C97D461A6C0000F3043,"PLC, Product detaljeret, Aarhus, Jun. 2023.xlsx",1.5289497716894977,T-shirt
09385 T-Shirt Hvid B/P M Arla Tryk,Alm.slid uden restværdi,1,653,29,30155C97D461A6C00014234B,"PLC, Product detaljeret, Aarhus, Jun. 2023.xlsx",1.351852986217458,T-shirt
01083 T-Shirt unisex hvid k/æ P/B,Alm.slid uden restværdi,1,638,2,30155C97D461A6C0008BE0E3,"PLC, Product detaljeret, Aarhus, Jun. 2023.xlsx",0.095423197492163,T-shirt
01083 T-Shirt unisex hvid k/æ P/B,Alm.slid uden restværdi,1,638,4,30155C97D461A6C0008BF570,"PLC, Product detaljeret, Aarhus, Jun. 2023.xlsx",0.190846394984326,T-shirt
09385 T-Shirt Hvid B/P M Arla Tryk,Alm.slid uden restværdi,1,630,31,30155C97D461A6C00012D23B,"PLC, Product detaljeret, Aarhus, Jun. 2023.xlsx",1.49784126984127,T-shirt
26666 T-shirt dame 1/2 ærme hvid,Alm.slid uden restværdi,1,628,4,30155C97D461A6C000306B29,"PLC, Product detaljeret, Aarhus, Jun. 2023.xlsx",0.19388535031847134,T-shirt
09385 T-Shirt Hvid B/P M Arla Tryk,Alm.slid uden restværdi,1,625,16,30155C97D461A6C0008E10E0,"PLC, Product detaljeret, Aarhus, Jun. 2023.xlsx",0.7792640000000001,T-shirt
09385 T-Shirt Hvid B/P M Arla Tryk,Alm.slid uden restværdi,1,622,33,30155C97D461A6C0003A2E63,"PLC, Product detaljeret, Aarhus, Jun. 2023.xlsx",1.614983922829582,T-shirt
01083 T-Shirt unisex hvid k/æ P/B,Alm.slid uden restværdi,1,604,65,30155C97D461A6C00157AB00,"PLC, Product detaljeret, Aarhus, Jun. 2023.xlsx",3.2758278145695363,T-shirt
09385 T-Shirt Hvid B/P M Arla Tryk,Alm.slid uden restværdi,1,603,28,30155C97D461A6C000142BCB,"PLC, Product detaljeret, Aarhus, Jun. 2023.xlsx",1.4134660033167497,T-shirt
26666 T-shirt dame 1/2 ærme hvid,Alm.slid uden restværdi,1,603,16,30155C97D461A6C0000FB7F4,"PLC, Product detaljeret, Aarhus, Jun. 2023.xlsx",0.8076948590381426,T-shirt
09385 T-Shirt Hvid B/P M Arla Tryk,Alm.slid uden restværdi,1,600,37,30155C97D461A6C00012D247,"PLC, Product detaljeret, Aarhus, Jun. 2023.xlsx",1.8771333333333335,T-shirt
"07859 T-Shirt L/Æ, Hvid p/b",Alm.slid uden restværdi,1,597,27,30155C97D461A6C0005CE837,"PLC, Product detaljeret, Aarhus, Jun. 2023.xlsx",1.3766834170854272,T-shirt
01083 T-Shirt unisex hvid k/æ P/B,Alm.slid uden restværdi,1,590,27,30155C97D461A6C000B9F197,"PLC, Product detaljeret, Aarhus, Jun. 2023.xlsx",1.3930169491525424,T-shirt
09385 T-Shirt Hvid B/P M Arla Tryk,Alm.slid uden restværdi,1,583,33,00D00B2A0B1A,"PLC, Product detaljeret, Aarhus, Jun. 2023.xlsx",1.7230188679245284,T-shirt
01083 T-Shirt unisex hvid k/æ P/B,Alm.slid uden restværdi,1,579,40,30155C97D461A6C0012B7199,"PLC, Product detaljeret, Aarhus, Jun. 2023.xlsx",2.10293609671848,T-shirt
01083 T-Shirt unisex hvid k/æ P/B,Alm.slid uden restværdi,1,579,24,30155C97D461A6C0015C33AB,"PLC, Product detaljeret, Aarhus, Jun. 2023.xlsx",1.2617616580310882,T-shirt
01083 T-Shirt unisex hvid k/æ P/B,Alm.slid uden restværdi,1,579,30,30155C97D461A6C0015C3412,"PLC, Product detaljeret, Aarhus, Jun. 2023.xlsx",1.57720207253886,T-shirt
01083 T-Shirt unisex hvid k/æ P/B,Alm.slid uden restværdi,1,577,27,30155C97D461A6C0012E8E74,"PLC, Product detaljeret, Aarhus, Jun. 2023.xlsx",1.4244020797227037,T-shirt
10981 T-shirt prowear dame hvid pb,Alm.slid uden restværdi,1,574,8,30155C97D461A6C0015B951E,"PLC, Product detaljeret, Aarhus, Jun. 2023.xlsx",0.42425087108013937,T-shirt
01083 T-Shirt unisex hvid k/æ P/B,Alm.slid uden restværdi,1,568,22,30155C97D461A6C0012E8F8A,"PLC, Product detaljeret, Aarhus, Jun. 2023.xlsx",1.1790140845070423,T-shirt
01083 T-Shirt unisex hvid k/æ P/B,Alm.slid uden restværdi,1,559,40,30155C97D461A6C0012FCEC5,"PLC, Product detaljeret, Aarhus, Jun. 2023.xlsx",2.178175313059034,T-shirt
10981 T-shirt prowear dame hvid pb,Alm.slid uden restværdi,1,546,17,30155C97D461A6C00105D63F,"PLC, Product detaljeret, Aarhus, Jun. 2023.xlsx",0.9477655677655679,T-shirt
10981 T-shirt prowear dame hvid pb,Alm.slid uden restværdi,1,544,22,30155C97D461A6C00105D4B8,"PLC, Product detaljeret, Aarhus, Jun. 2023.xlsx",1.231029411764706,T-shirt
10981 T-shirt prowear dame hvid pb,Alm.slid uden restværdi,1,544,6,30155C97D461A6C00105D562,"PLC, Product detaljeret, Aarhus, Jun. 2023.xlsx",0.3357352941176471,T-shirt
10981 T-shirt prowear dame hvid pb,Alm.slid uden restværdi,1,544,8,30155C97D461A6C00105D5E8,"PLC, Product detaljeret, Aarhus, Jun. 2023.xlsx",0.4476470588235294,T-shirt
10981 T-shirt prowear dame hvid pb,Alm.slid uden restværdi,1,544,26,30155C97D461A6C00105D624,"PLC, Product detaljeret, Aarhus, Jun. 2023.xlsx",1.4548529411764706,T-shirt
01083 T-Shirt unisex hvid k/æ P/B,Alm.slid uden restværdi,1,540,9,30155C97D461A6C0012EA024,"PLC, Product detaljeret, Aarhus, Jun. 2023.xlsx",0.5073333333333333,T-shirt
01083 T-Shirt unisex hvid k/æ P/B,Alm.slid uden restværdi,1,539,3,30155C97D461A6C0012DDEFA,"PLC, Product detaljeret, Aarhus, Jun. 2023.xlsx",0.16942486085343228,T-shirt
01083 T-Shirt unisex hvid k/æ P/B,Alm.slid uden restværdi,1,538,14,30155C97D461A6C00105D4A9,"PLC, Product detaljeret, Aarhus, Jun. 2023.xlsx",0.7921189591078067,T-shirt
01083 T-Shirt unisex hvid k/æ P/B,Alm.slid uden restværdi,1,532,14,30155C97D461A6C0012EA0BF,"PLC, Product detaljeret, Aarhus, Jun. 2023.xlsx",0.8010526315789473,T-shirt
01083 T-Shirt unisex hvid k/æ P/B,Alm.slid uden restværdi,1,532,14,30155C97D461A6C0012EA1A1,"PLC, Product detaljeret, Aarhus, Jun. 2023.xlsx",0.8010526315789473,T-shirt
01083 T-Shirt unisex hvid k/æ P/B,Alm.slid uden restværdi,1,529,34,30155C97D461A6C0012F2A19,"PLC, Product detaljeret, Aarhus, Jun. 2023.xlsx",1.9564461247637053,T-shirt
01083 T-Shirt unisex hvid k/æ P/B,Alm.slid uden restværdi,1,503,51,30155C97D461A6C0012DDFE3,"PLC, Product detaljeret, Aarhus, Jun. 2023.xlsx",3.086361829025845,T-shirt
01083 T-Shirt unisex hvid k/æ P/B,Alm.slid uden restværdi,1,503,47,30155C97D461A6C0012DE0AE,"PLC, Product detaljeret, Aarhus, Jun. 2023.xlsx",2.8442942345924456,T-shirt
01083 T-Shirt unisex hvid k/æ P/B,Alm.slid uden restværdi,1,503,49,30155C97D461A6C0012DE120,"PLC, Product detaljeret, Aarhus, Jun. 2023.xlsx",2.965328031809145,T-shirt
01083 T-Shirt unisex hvid k/æ P/B,Alm.slid uden restværdi,1,503,41,30155C97D461A6C0012DE136,"PLC, Product detaljeret, Aarhus, Jun. 2023.xlsx",2.481192842942346,T-shirt
01083 T-Shirt unisex hvid k/æ P/B,Alm.slid uden restværdi,1,500,25,30155C97D461A6C000E29151,"PLC, Product detaljeret, Aarhus, Jun. 2023.xlsx",1.5220000000000002,T-shirt
01083 T-Shirt unisex hvid k/æ P/B,Alm.slid uden restværdi,1,500,16,30155C97D461A6C0015BB38E,"PLC, Product detaljeret, Aarhus, Jun. 2023.xlsx",0.9740800000000001,T-shirt
10981 T-shirt prowear dame hvid pb,Alm.slid uden restværdi,1,497,12,30155C97D461A6C00105D629,"PLC, Product detaljeret, Aarhus, Jun. 2023.xlsx",0.7349698189134809,T-shirt
01083 T-Shirt unisex hvid k/æ P/B,Alm.slid uden restværdi,1,496,30,30155C97D461A6C000638838,"PLC, Product detaljeret, Aarhus, Jun. 2023.xlsx",1.8411290322580647,T-shirt
01083 T-Shirt unisex hvid k/æ P/B,Alm.slid uden restværdi,1,494,8,30155C97D461A6C001059A2D,"PLC, Product detaljeret, Aarhus, Jun. 2023.xlsx",0.49295546558704456,T-shirt
01083 T-Shirt unisex hvid k/æ P/B,Alm.slid uden restværdi,1,494,15,30155C97D461A6C001059BD3,"PLC, Product detaljeret, Aarhus, Jun. 2023.xlsx",0.9242914979757085,T-shirt
01083 T-Shirt unisex hvid k/æ P/B,Alm.slid uden restværdi,1,487,11,30155C97D461A6C001059AE7,"PLC, Product detaljeret, Aarhus, Jun. 2023.xlsx",0.6875564681724847,T-shirt
01083 T-Shirt unisex hvid k/æ P/B,Alm.slid uden restværdi,1,477,34,30155C97D461A6C000B9F1F5,"PLC, Product detaljeret, Aarhus, Jun. 2023.xlsx",2.169727463312369,T-shirt
01083 T-Shirt unisex hvid k/æ P/B,Alm.slid uden restværdi,1,466,16,30155C97D461A6C000B9F1BF,"PLC, Product detaljeret, Aarhus, Jun. 2023.xlsx",1.0451502145922746,T-shirt
01083 T-Shirt unisex hvid k/æ P/B,Alm.slid uden restværdi,1,464,33,30155C97D461A6C0006388C0,"PLC, Product detaljeret, Aarhus, Jun. 2023.xlsx",2.1649137931034486,T-shirt
01083 T-Shirt unisex hvid k/æ P/B,Alm.slid uden restværdi,1,442,25,30155C97D461A6C000723283,"PLC, Product detaljeret, Aarhus, Jun. 2023.xlsx",1.7217194570135748,T-shirt
01083 T-Shirt unisex hvid k/æ P/B,Alm.slid uden restværdi,1,442,24,30155C97D461A6C00072330A,"PLC, Product detaljeret, Aarhus, Jun. 2023.xlsx",1.6528506787330317,T-shirt
09385 T-Shirt Hvid B/P M Arla Tryk,Alm.slid uden restværdi,1,439,37,30155C97D461A6C000B16446,"PLC, Product detaljeret, Aarhus, Jun. 2023.xlsx",2.5655580865603644,T-shirt
01083 T-Shirt unisex hvid k/æ P/B,Alm.slid uden restværdi,1,421,27,30155C97D461A6C0004A10DA,"PLC, Product detaljeret, Aarhus, Jun. 2023.xlsx",1.9522090261282663,T-shirt
09385 T-Shirt Hvid B/P M Arla Tryk,Alm.slid uden restværdi,1,420,15,30155C97D461A6C00063464E,"PLC, Product detaljeret, Aarhus, Jun. 2023.xlsx",1.0871428571428572,T-shirt
10981 T-shirt prowear dame hvid pb,Alm.slid uden restværdi,1,417,24,30155C97D461A6C0008D22A1,"PLC, Product detaljeret, Aarhus, Jun. 2023.xlsx",1.7519424460431656,T-shirt
01083 T-Shirt unisex hvid k/æ P/B,Alm.slid uden restværdi,1,408,24,30155C97D461A6C00090BBCA,"PLC, Product detaljeret, Aarhus, Jun. 2023.xlsx",1.7905882352941176,T-shirt
01083 T-Shirt unisex hvid k/æ P/B,Alm.slid uden restværdi,1,408,22,30155C97D461A6C00090BBD5,"PLC, Product detaljeret, Aarhus, Jun. 2023.xlsx",1.641372549019608,T-shirt
01083 T-Shirt unisex hvid k/æ P/B,Alm.slid uden restværdi,1,408,25,30155C97D461A6C00090BC62,"PLC, Product detaljeret, Aarhus, Jun. 2023.xlsx",1.8651960784313726,T-shirt
01083 T-Shirt unisex hvid k/æ P/B,Alm.slid uden restværdi,1,408,30,30155C97D461A6C00090BC75,"PLC, Product detaljeret, Aarhus, Jun. 2023.xlsx",2.238235294117647,T-shirt
01083 T-Shirt unisex hvid k/æ P/B,Alm.slid uden restværdi,1,407,21,30155C97D461A6C00090BB45,"PLC, Product detaljeret, Aarhus, Jun. 2023.xlsx",1.5706142506142506,T-shirt
01083 T-Shirt unisex hvid k/æ P/B,Alm.slid uden restværdi,1,407,23,30155C97D461A6C00090BB7D,"PLC, Product detaljeret, Aarhus, Jun. 2023.xlsx",1.7201965601965603,T-shirt
01083 T-Shirt unisex hvid k/æ P/B,Alm.slid uden restværdi,1,407,24,30155C97D461A6C00090BB85,"PLC, Product detaljeret, Aarhus, Jun. 2023.xlsx",1.7949877149877151,T-shirt
01083 T-Shirt unisex hvid k/æ P/B,Alm.slid uden restværdi,1,407,23,30155C97D461A6C00090BBBF,"PLC, Product detaljeret, Aarhus, Jun. 2023.xlsx",1.7201965601965603,T-shirt
01083 T-Shirt unisex hvid k/æ P/B,Alm.slid uden restværdi,1,407,29,30155C97D461A6C00090BC4F,"PLC, Product detaljeret, Aarhus, Jun. 2023.xlsx",2.1689434889434893,T-shirt
01083 T-Shirt unisex hvid k/æ P/B,Alm.slid uden restværdi,1,407,25,30155C97D461A6C00090BC5D,"PLC, Product detaljeret, Aarhus, Jun. 2023.xlsx",1.86977886977887,T-shirt
09385 T-Shirt Hvid B/P M Arla Tryk,Alm.slid uden restværdi,1,406,15,30155C97D461A6C000634571,"PLC, Product detaljeret, Aarhus, Jun. 2023.xlsx",1.1246305418719214,T-shirt
10981 T-shirt prowear dame hvid pb,Alm.slid uden restværdi,1,398,2,30155C97D461A4C00093978D,"PLC, Product detaljeret, Aarhus, Jun. 2023.xlsx",0.15296482412060303,T-shirt
10981 T-shirt prowear dame hvid pb,Alm.slid uden restværdi,1,398,5,30155C97D461A4C00093981E,"PLC, Product detaljeret, Aarhus, Jun. 2023.xlsx",0.3824120603015076,T-shirt
10981 T-shirt prowear dame hvid pb,Alm.slid uden restværdi,1,398,2,30155C97D461A4C000939858,"PLC, Product detaljeret, Aarhus, Jun. 2023.xlsx",0.15296482412060303,T-shirt
10981 T-shirt prowear dame hvid pb,Alm.slid uden restværdi,1,396,6,30155C97D461A4C000939893,"PLC, Product detaljeret, Aarhus, Jun. 2023.xlsx",0.46121212121212124,T-shirt
10981 T-shirt prowear dame hvid pb,Alm.slid uden restværdi,1,396,6,30155C97D461A4C0009398BB,"PLC, Product detaljeret, Aarhus, Jun. 2023.xlsx",0.46121212121212124,T-shirt
10981 T-shirt prowear dame hvid pb,Alm.slid uden restværdi,1,395,24,30155C97D461A4C0009397B8,"PLC, Product detaljeret, Aarhus, Jun. 2023.xlsx",1.8495189873417721,T-shirt
01083 T-Shirt unisex hvid k/æ P/B,Alm.slid uden restværdi,1,392,30,30155C97D461A6C00081EC63,"PLC, Product detaljeret, Aarhus, Jun. 2023.xlsx",2.329591836734694,T-shirt
01083 T-Shirt unisex hvid k/æ P/B,Alm.slid uden restværdi,1,392,27,30155C97D461A6C00081EC6D,"PLC, Product detaljeret, Aarhus, Jun. 2023.xlsx",2.0966326530612243,T-shirt
01083 T-Shirt unisex hvid k/æ P/B,Alm.slid uden restværdi,1,392,23,30155C97D461A6C00081EC7E,"PLC, Product detaljeret, Aarhus, Jun. 2023.xlsx",1.7860204081632656,T-shirt
01083 T-Shirt unisex hvid k/æ P/B,Alm.slid uden restværdi,1,392,33,30155C97D461A6C00081ECA5,"PLC, Product detaljeret, Aarhus, Jun. 2023.xlsx",2.562551020408163,T-shirt
10981 T-shirt prowear dame hvid pb,Alm.slid uden restværdi,1,391,2,30155C97D461A6C0008D08B4,"PLC, Product detaljeret, Aarhus, Jun. 2023.xlsx",0.15570332480818416,T-shirt
01083 T-Shirt unisex hvid k/æ P/B,Alm.slid uden restværdi,1,386,24,30155C97D461A6C0009065A3,"PLC, Product detaljeret, Aarhus, Jun. 2023.xlsx",1.892642487046632,T-shirt
01083 T-Shirt unisex hvid k/æ P/B,Alm.slid uden restværdi,1,381,19,30155C97D461A6C001624BF1,"PLC, Product detaljeret, Aarhus, Jun. 2023.xlsx",1.518005249343832,T-shirt
01083 T-Shirt unisex hvid k/æ P/B,Alm.slid uden restværdi,1,366,31,30155C97D461A6C0012EA0D5,"PLC, Product detaljeret, Aarhus, Jun. 2023.xlsx",2.5782513661202184,T-shirt
01083 T-Shirt unisex hvid k/æ P/B,Alm.slid uden restværdi,1,361,3,30155C97D461A6C0015B63DA,"PLC, Product detaljeret, Aarhus, Jun. 2023.xlsx",0.2529639889196676,T-shirt
01083 T-Shirt unisex hvid k/æ P/B,Alm.slid uden restværdi,1,358,14,30155C97D461A4C000924D4F,"PLC, Product detaljeret, Aarhus, Jun. 2023.xlsx",1.190391061452514,T-shirt
01083 T-Shirt unisex hvid k/æ P/B,Alm.slid uden restværdi,1,350,10,30155C97D461A4C0009356C3,"PLC, Product detaljeret, Aarhus, Jun. 2023.xlsx",0.8697142857142858,T-shirt
01083 T-Shirt unisex hvid k/æ P/B,Alm.slid uden restværdi,1,321,1,30155C97D461A6C001B33677,"PLC, Product detaljeret, Aarhus, Jun. 2023.xlsx",0.09482866043613707,T-shirt
01083 T-Shirt unisex hvid k/æ P/B,Alm.slid uden restværdi,1,315,22,30155C97D461A4C000924D4B,"PLC, Product detaljeret, Aarhus, Jun. 2023.xlsx",2.1259682539682543,T-shirt
01083 T-Shirt unisex hvid k/æ P/B,Alm.slid uden restværdi,1,299,19,30155C97D461A6C0019D07F0,"PLC, Product detaljeret, Aarhus, Jun. 2023.xlsx",1.9343143812709032,T-shirt
01083 T-Shirt unisex hvid k/æ P/B,Alm.slid uden restværdi,1,294,22,30155C97D461A6C0019CFD17,"PLC, Product detaljeret, Aarhus, Jun. 2023.xlsx",2.2778231292517006,T-shirt
"07859 T-Shirt L/Æ, Hvid p/b",Alm.slid uden restværdi,1,277,14,30155C97D461A6C0010EEFB3,"PLC, Product detaljeret, Aarhus, Jun. 2023.xlsx",1.5384837545126353,T-shirt
"07859 T-Shirt L/Æ, Hvid p/b",Alm.slid uden restværdi,1,270,17,30155C97D461A6C0010EEFAA,"PLC, Product detaljeret, Aarhus, Jun. 2023.xlsx",1.9165925925925924,T-shirt
"07859 T-Shirt L/Æ, Hvid p/b",Alm.slid uden restværdi,1,269,21,30155C97D461A6C0010EEF0F,"PLC, Product detaljeret, Aarhus, Jun. 2023.xlsx",2.37635687732342,T-shirt
"07859 T-Shirt L/Æ, Hvid p/b",Alm.slid uden restværdi,1,269,17,30155C97D461A6C0010EEF33,"PLC, Product detaljeret, Aarhus, Jun. 2023.xlsx",1.923717472118959,T-shirt
"07859 T-Shirt L/Æ, Hvid p/b",Alm.slid uden restværdi,1,269,11,30155C97D461A6C0010EEF91,"PLC, Product detaljeret, Aarhus, Jun. 2023.xlsx",1.2447583643122677,T-shirt
01083 T-Shirt unisex hvid k/æ P/B,Alm.slid uden restværdi,1,267,17,30155C97D461A6C0010E3624,"PLC, Product detaljeret, Aarhus, Jun. 2023.xlsx",1.9381273408239703,T-shirt
09385 T-Shirt Hvid B/P M Arla Tryk,Alm.slid uden restværdi,1,263,24,30155C97D461A6C0015FD1C0,"PLC, Product detaljeret, Aarhus, Jun. 2023.xlsx",2.7777946768060837,T-shirt
09385 T-Shirt Hvid B/P M Arla Tryk,Alm.slid uden restværdi,1,259,19,30155C97D461A6C001931A47,"PLC, Product detaljeret, Aarhus, Jun. 2023.xlsx",2.233050193050193,T-shirt
09385 T-Shirt Hvid B/P M Arla Tryk,Alm.slid uden restværdi,1,257,19,30155C97D461A7C00092DD05,"PLC, Product detaljeret, Aarhus, Jun. 2023.xlsx",2.2504280155642022,T-shirt
09385 T-Shirt Hvid B/P M Arla Tryk,Alm.slid uden restværdi,1,253,17,30155C97D461A6C0015FD0E9,"PLC, Product detaljeret, Aarhus, Jun. 2023.xlsx",2.045375494071146,T-shirt
01083 T-Shirt unisex hvid k/æ P/B,Alm.slid uden restværdi,1,249,9,30155C97D461A6C001B32833,"PLC, Product detaljeret, Aarhus, Jun. 2023.xlsx",1.1002409638554216,T-shirt
01083 T-Shirt unisex hvid k/æ P/B,Alm.slid uden restværdi,1,248,12,30155C97D461A6C001B3281E,"PLC, Product detaljeret, Aarhus, Jun. 2023.xlsx",1.4729032258064516,T-shirt
09385 T-Shirt Hvid B/P M Arla Tryk,Alm.slid uden restværdi,1,245,11,30155C97D461A6C000B12C8D,"PLC, Product detaljeret, Aarhus, Jun. 2023.xlsx",1.3666938775510205,T-shirt
01083 T-Shirt unisex hvid k/æ P/B,Alm.slid uden restværdi,1,235,13,30155C97D461A6C0010F4C74,"PLC, Product detaljeret, Aarhus, Jun. 2023.xlsx",1.6839148936170212,T-shirt
01083 T-Shirt unisex hvid k/æ P/B,Alm.slid uden restværdi,1,235,19,30155C97D461A6C0010F4E18,"PLC, Product detaljeret, Aarhus, Jun. 2023.xlsx",2.461106382978724,T-shirt
10981 T-shirt prowear dame hvid pb,Alm.slid uden restværdi,1,234,11,30155C97D461A6C0010E91AD,"PLC, Product detaljeret, Aarhus, Jun. 2023.xlsx",1.430940170940171,T-shirt
10981 T-shirt prowear dame hvid pb,Alm.slid uden restværdi,1,234,10,30155C97D461A6C0010E9224,"PLC, Product detaljeret, Aarhus, Jun. 2023.xlsx",1.300854700854701,T-shirt
01083 T-Shirt unisex hvid k/æ P/B,Alm.slid uden restværdi,1,233,6,30155C97D461A6C001A5D201,"PLC, Product detaljeret, Aarhus, Jun. 2023.xlsx",0.7838626609442061,T-shirt
01083 T-Shirt unisex hvid k/æ P/B,Alm.slid uden restværdi,1,231,15,30155C97D461A6C0010F4CC9,"PLC, Product detaljeret, Aarhus, Jun. 2023.xlsx",1.9766233766233765,T-shirt
01083 T-Shirt unisex hvid k/æ P/B,Alm.slid uden restværdi,1,231,14,30155C97D461A6C0010F4CD1,"PLC, Product detaljeret, Aarhus, Jun. 2023.xlsx",1.844848484848485,T-shirt
01083 T-Shirt unisex hvid k/æ P/B,Alm.slid uden restværdi,1,231,14,30155C97D461A6C0010F4D4B,"PLC, Product detaljeret, Aarhus, Jun. 2023.xlsx",1.844848484848485,T-shirt
01083 T-Shirt unisex hvid k/æ P/B,Alm.slid uden restværdi,1,231,17,30155C97D461A6C0010F4DC7,"PLC, Product detaljeret, Aarhus, Jun. 2023.xlsx",2.2401731601731605,T-shirt
01083 T-Shirt unisex hvid k/æ P/B,Alm.slid uden restværdi,1,231,19,30155C97D461A6C0010F4DD4,"PLC, Product detaljeret, Aarhus, Jun. 2023.xlsx",2.503722943722944,T-shirt
09385 T-Shirt Hvid B/P M Arla Tryk,Alm.slid uden restværdi,1,229,10,30155C97D461A6C0010F1F29,"PLC, Product detaljeret, Aarhus, Jun. 2023.xlsx",1.3292576419213973,T-shirt
09385 T-Shirt Hvid B/P M Arla Tryk,Alm.slid uden restværdi,1,226,22,30155C97D461A6C0015FD0B4,"PLC, Product detaljeret, Aarhus, Jun. 2023.xlsx",2.9631858407079648,T-shirt
01083 T-Shirt unisex hvid k/æ P/B,Alm.slid uden restværdi,1,225,22,30155C97D461A6C000EB09DF,"PLC, Product detaljeret, Aarhus, Jun. 2023.xlsx",2.9763555555555556,T-shirt
01083 T-Shirt unisex hvid k/æ P/B,Alm.slid uden restværdi,1,223,17,30155C97D461A6C0018F99A4,"PLC, Product detaljeret, Aarhus, Jun. 2023.xlsx",2.320538116591928,T-shirt
01083 T-Shirt unisex hvid k/æ P/B,Alm.slid uden restværdi,1,223,14,30155C97D461A6C0018F99C4,"PLC, Product detaljeret, Aarhus, Jun. 2023.xlsx",1.9110313901345293,T-shirt
01083 T-Shirt unisex hvid k/æ P/B,Alm.slid uden restværdi,1,223,16,30155C97D461A6C0018F9A01,"PLC, Product detaljeret, Aarhus, Jun. 2023.xlsx",2.184035874439462,T-shirt
01083 T-Shirt unisex hvid k/æ P/B,Alm.slid uden restværdi,1,223,15,30155C97D461A6C0018F9A10,"PLC, Product detaljeret, Aarhus, Jun. 2023.xlsx",2.0475336322869957,T-shirt
01083 T-Shirt unisex hvid k/æ P/B,Alm.slid uden restværdi,1,223,20,30155C97D461A6C001A5DA43,"PLC, Product detaljeret, Aarhus, Jun. 2023.xlsx",2.730044843049327,T-shirt
01083 T-Shirt unisex hvid k/æ P/B,Alm.slid uden restværdi,1,220,9,30155C97D461A6C0018FAB39,"PLC, Product detaljeret, Aarhus, Jun. 2023.xlsx",1.2452727272727273,T-shirt
01083 T-Shirt unisex hvid k/æ P/B,Alm.slid uden restværdi,1,216,14,30155C97D461A6C0018F9667,"PLC, Product detaljeret, Aarhus, Jun. 2023.xlsx",1.972962962962963,T-shirt
01083 T-Shirt unisex hvid k/æ P/B,Alm.slid uden restværdi,1,213,19,30155C97D461A6C001A5D1F5,"PLC, Product detaljeret, Aarhus, Jun. 2023.xlsx",2.7153051643192487,T-shirt
01083 T-Shirt unisex hvid k/æ P/B,Alm.slid uden restværdi,1,213,15,30155C97D461A6C001A5D2B2,"PLC, Product detaljeret, Aarhus, Jun. 2023.xlsx",2.143661971830986,T-shirt
09385 T-Shirt Hvid B/P M Arla Tryk,Alm.slid uden restværdi,1,209,14,30155C97D461A6C000900743,"PLC, Product detaljeret, Aarhus, Jun. 2023.xlsx",2.039043062200957,T-shirt
01083 T-Shirt unisex hvid k/æ P/B,Alm.slid uden restværdi,1,197,15,30155C97D461A6C001B99655,"PLC, Product detaljeret, Aarhus, Jun. 2023.xlsx",2.317766497461929,T-shirt
"07859 T-Shirt L/Æ, Hvid p/b",Alm.slid uden restværdi,1,197,9,30155C97D461A6C001B9AA93,"PLC, Product detaljeret, Aarhus, Jun. 2023.xlsx",1.3906598984771574,T-shirt
01083 T-Shirt unisex hvid k/æ P/B,Alm.slid uden restværdi,1,183,20,30155C97D461A6C001A6AD7F,"PLC, Product detaljeret, Aarhus, Jun. 2023.xlsx",3.3267759562841532,T-shirt
01083 T-Shirt unisex hvid k/æ P/B,Alm.slid uden restværdi,1,176,10,30155C97D461A6C001A6D5C8,"PLC, Product detaljeret, Aarhus, Jun. 2023.xlsx",1.7295454545454545,T-shirt
01083 T-Shirt unisex hvid k/æ P/B,Alm.slid uden restværdi,1,176,12,30155C97D461A6C001A6D66A,"PLC, Product detaljeret, Aarhus, Jun. 2023.xlsx",2.075454545454545,T-shirt
01083 T-Shirt unisex hvid k/æ P/B,Alm.slid uden restværdi,1,175,11,30155C97D461A6C001A6D580,"PLC, Product detaljeret, Aarhus, Jun. 2023.xlsx",1.9133714285714287,T-shirt
01083 T-Shirt unisex hvid k/æ P/B,Alm.slid uden restværdi,1,175,10,30155C97D461A6C001A6D588,"PLC, Product detaljeret, Aarhus, Jun. 2023.xlsx",1.7394285714285715,T-shirt
01083 T-Shirt unisex hvid k/æ P/B,Alm.slid uden restværdi,1,175,10,30155C97D461A6C001A6D58B,"PLC, Product detaljeret, Aarhus, Jun. 2023.xlsx",1.7394285714285715,T-shirt
01083 T-Shirt unisex hvid k/æ P/B,Alm.slid uden restværdi,1,175,11,30155C97D461A6C001A6D5BF,"PLC, Product detaljeret, Aarhus, Jun. 2023.xlsx",1.9133714285714287,T-shirt
01083 T-Shirt unisex hvid k/æ P/B,Alm.slid uden restværdi,1,175,9,30155C97D461A6C001A6D5C5,"PLC, Product detaljeret, Aarhus, Jun. 2023.xlsx",1.5654857142857144,T-shirt
01083 T-Shirt unisex hvid k/æ P/B,Alm.slid uden restværdi,1,175,10,30155C97D461A6C001A6D604,"PLC, Product detaljeret, Aarhus, Jun. 2023.xlsx",1.7394285714285715,T-shirt
01083 T-Shirt unisex hvid k/æ P/B,Alm.slid uden restværdi,1,175,11,30155C97D461A6C001A6D63E,"PLC, Product detaljeret, Aarhus, Jun. 2023.xlsx",1.9133714285714287,T-shirt
01083 T-Shirt unisex hvid k/æ P/B,Alm.slid uden restværdi,1,175,10,30155C97D461A6C001A6D675,"PLC, Product detaljeret, Aarhus, Jun. 2023.xlsx",1.7394285714285715,T-shirt
01083 T-Shirt unisex hvid k/æ P/B,Alm.slid uden restværdi,1,172,5,30155C97D461A6C001A6E3AB,"PLC, Product detaljeret, Aarhus, Jun. 2023.xlsx",0.8848837209302326,T-shirt
01083 T-Shirt unisex hvid k/æ P/B,Alm.slid uden restværdi,1,169,19,30155C97D461A6C001A6ADBC,"PLC, Product detaljeret, Aarhus, Jun. 2023.xlsx",3.4222485207100597,T-shirt
01083 T-Shirt unisex hvid k/æ P/B,Alm.slid uden restværdi,1,167,17,30155C97D461A6C001A6B105,"PLC, Product detaljeret, Aarhus, Jun. 2023.xlsx",3.098682634730539,T-shirt
10981 T-shirt prowear dame hvid pb,Alm.slid uden restværdi,1,163,6,30155C97D461A6C001D0F746,"PLC, Product detaljeret, Aarhus, Jun. 2023.xlsx",1.1204907975460123,T-shirt
10981 T-shirt prowear dame hvid pb,Alm.slid uden restværdi,1,144,6,30155C97D461A6C001A61066,"PLC, Product detaljeret, Aarhus, Jun. 2023.xlsx",1.2683333333333333,T-shirt
01083 T-Shirt unisex hvid k/æ P/B,Alm.slid uden restværdi,1,114,6,30155C97D461A4C000F45B7C,"PLC, Product detaljeret, Aarhus, Jun. 2023.xlsx",1.6021052631578947,T-shirt
01083 T-Shirt unisex hvid k/æ P/B,Alm.slid uden restværdi,1,114,6,30155C97D461A4C000F45BD4,"PLC, Product detaljeret, Aarhus, Jun. 2023.xlsx",1.6021052631578947,T-shirt
01083 T-Shirt unisex hvid k/æ P/B,Alm.slid uden restværdi,1,103,8,30155C97D461A4C0010BE729,"PLC, Product detaljeret, Aarhus, Jun. 2023.xlsx",2.3642718446601942,T-shirt
01083 T-Shirt unisex hvid k/æ P/B,Alm.slid uden restværdi,1,95,7,30155C97D461A4C000F45C2A,"PLC, Product detaljeret, Aarhus, Jun. 2023.xlsx",2.2429473684210524,T-shirt
01083 T-Shirt unisex hvid k/æ P/B,Alm.slid uden restværdi,1,85,8,30155C97D461A4C000F45BF8,"PLC, Product detaljeret, Aarhus, Jun. 2023.xlsx",2.8649411764705883,T-shirt
09385 T-Shirt Hvid B/P M Arla Tryk,Alm.slid uden restværdi,1,68,4,30155C97D461A4C000D73EEB,"PLC, Product detaljeret, Aarhus, Jun. 2023.xlsx",1.7905882352941176,T-shirt
01083 T-Shirt unisex hvid k/æ P/B,Alm.slid uden restværdi,1,43,3,30155C97D461A4C000D95ED6,"PLC, Product detaljeret, Aarhus, Jun. 2023.xlsx",2.123720930232558,T-shirt
01083 T-Shirt unisex hvid k/æ P/B,Alm.slid uden restværdi,1,43,2,30155C97D461A4C000D96042,"PLC, Product detaljeret, Aarhus, Jun. 2023.xlsx",1.415813953488372,T-shirt
01083 T-Shirt unisex hvid k/æ P/B,Alm.slid uden restværdi,1,43,2,30155C97D461A4C000D9607B,"PLC, Product detaljeret, Aarhus, Jun. 2023.xlsx",1.415813953488372,T-shirt
01083 T-Shirt unisex hvid k/æ P/B,Alm.slid uden restværdi,1,38,2,30155C97D461A4C000F44F3C,"PLC, Product detaljeret, Aarhus, Jun. 2023.xlsx",1.6021052631578947,T-shirt
01083 T-Shirt unisex hvid k/æ P/B,Alm.slid uden restværdi,1,36,2,30155C97D461A4C000D95FE0,"PLC, Product detaljeret, Aarhus, Jun. 2023.xlsx",1.691111111111111,T-shirt
01083 T-Shirt unisex hvid k/æ P/B,Alm.slid uden restværdi,1,36,2,30155C97D461A6C001A6E475,"PLC, Product detaljeret, Aarhus, Jun. 2023.xlsx",1.691111111111111,T-shirt
01083 T-Shirt unisex hvid k/æ P/B,Alm.slid uden restværdi,1,35,3,30155C97D461A4C000D96008,"PLC, Product detaljeret, Aarhus, Jun. 2023.xlsx",2.6091428571428574,T-shirt
01083 T-Shirt unisex hvid k/æ P/B,Alm.slid uden restværdi,1,31,2,30155C97D461A4C000F44F25,"PLC, Product detaljeret, Aarhus, Jun. 2023.xlsx",1.9638709677419355,T-shirt
09385 T-Shirt Hvid B/P M Arla Tryk,Alm.slid uden restværdi,1,22,1,30155C97D461A6C000EB161C,"PLC, Product detaljeret, Aarhus, Jun. 2023.xlsx",1.3836363636363638,T-shirt
09385 T-Shirt Hvid B/P M Arla Tryk,Alm.slid uden restværdi,1,2881,104,00D008FD72B8,Maj,1.0988406803193336,T-shirt
03850 T-Shirt Hvid Lady K/Æ P/B,Alm.slid uden restværdi,1,2854,97,00D00951A82C,Maj,1.0345760336370007,T-shirt
09385 T-Shirt Hvid B/P M Arla Tryk,Alm.slid uden restværdi,1,2800,98,00D00934F8EF,Maj,1.0654000000000001,T-shirt
09385 T-Shirt Hvid B/P M Arla Tryk,Alm.slid uden restværdi,1,2794,110,00D0092A594A,Maj,1.1984251968503938,T-shirt
09385 T-Shirt Hvid B/P M Arla Tryk,Alm.slid uden restværdi,1,2793,85,00D009169D01,Maj,0.9263873970640889,T-shirt
09385 T-Shirt Hvid B/P M Arla Tryk,Alm.slid uden restværdi,1,2778,106,00D008F2E359,Maj,1.1614974802015838,T-shirt
09385 T-Shirt Hvid B/P M Arla Tryk,Alm.slid uden restværdi,1,2701,87,00D0095179A9,Maj,0.9804813032210293,T-shirt
09385 T-Shirt Hvid B/P M Arla Tryk,Alm.slid uden restværdi,1,2695,110,00D009528A3B,Maj,1.2424489795918368,T-shirt
09385 T-Shirt Hvid B/P M Arla Tryk,Alm.slid uden restværdi,1,2694,106,00D009511E07,Maj,1.197713437268003,T-shirt
09385 T-Shirt Hvid B/P M Arla Tryk,Alm.slid uden restværdi,1,2672,77,00D0094F9414,Maj,0.8772005988023953,T-shirt
09385 T-Shirt Hvid B/P M Arla Tryk,Alm.slid uden restværdi,1,2648,85,00D009169AE9,Maj,0.9771148036253778,T-shirt
01083 T-Shirt unisex hvid k/æ P/B,Alm.slid uden restværdi,1,2637,118,00D0095B55C2,Maj,1.3621236253318165,T-shirt
01083 T-Shirt unisex hvid k/æ P/B,Alm.slid uden restværdi,1,2603,108,00D00950FC85,Maj,1.262973492124472,T-shirt
01083 T-Shirt unisex hvid k/æ P/B,Alm.slid uden restværdi,1,2587,108,00D009524397,Maj,1.2707846926942403,T-shirt
01083 T-Shirt unisex hvid k/æ P/B,Alm.slid uden restværdi,1,2587,113,00D00952CD84,Maj,1.3296173173560109,T-shirt
09385 T-Shirt Hvid B/P M Arla Tryk,Alm.slid uden restværdi,1,2580,76,00D009517197,Maj,0.8966821705426357,T-shirt
09385 T-Shirt Hvid B/P M Arla Tryk,Alm.slid uden restværdi,1,2535,114,00D0092A55D1,Maj,1.3688994082840238,T-shirt
09385 T-Shirt Hvid B/P M Arla Tryk,Alm.slid uden restværdi,1,2523,106,00D009989DF5,Maj,1.27889021006738,T-shirt
09385 T-Shirt Hvid B/P M Arla Tryk,Alm.slid uden restværdi,1,2521,93,00D0092753DA,Maj,1.1229353431178104,T-shirt
09385 T-Shirt Hvid B/P M Arla Tryk,Alm.slid uden restværdi,1,2520,105,00D00916CEC6,Maj,1.2683333333333333,T-shirt
09385 T-Shirt Hvid B/P M Arla Tryk,Alm.slid uden restværdi,1,2519,106,00D0095A8058,Maj,1.2809210003969829,T-shirt
09385 T-Shirt Hvid B/P M Arla Tryk,Alm.slid uden restværdi,1,2518,108,00D0091632A4,Maj,1.3056076250992852,T-shirt
09385 T-Shirt Hvid B/P M Arla Tryk,Alm.slid uden restværdi,1,2518,113,00D009175892,Maj,1.3660524225575854,T-shirt
09385 T-Shirt Hvid B/P M Arla Tryk,Alm.slid uden restværdi,1,2518,106,00D0099943B4,Maj,1.2814297061159652,T-shirt
09385 T-Shirt Hvid B/P M Arla Tryk,Alm.slid uden restværdi,1,2506,118,00D00970709C,Maj,1.4333280127693537,T-shirt
09385 T-Shirt Hvid B/P M Arla Tryk,Alm.slid uden restværdi,1,2506,109,00D00972EE49,Maj,1.3240063846767758,T-shirt
01083 T-Shirt unisex hvid k/æ P/B,Alm.slid uden restværdi,1,2504,97,00D0097077DE,Maj,1.179185303514377,T-shirt
09385 T-Shirt Hvid B/P M Arla Tryk,Alm.slid uden restværdi,1,2503,81,00D007C07B2F,Maj,0.9850739113064324,T-shirt
09385 T-Shirt Hvid B/P M Arla Tryk,Alm.slid uden restværdi,1,2503,105,00D009706188,Maj,1.2769476628046346,T-shirt
09385 T-Shirt Hvid B/P M Arla Tryk,Alm.slid uden restværdi,1,2489,103,00D00999430F,Maj,1.2596705504218562,T-shirt
01083 T-Shirt unisex hvid k/æ P/B,Alm.slid uden restværdi,1,2472,134,00D009707CFB,Maj,1.650064724919094,T-shirt
09385 T-Shirt Hvid B/P M Arla Tryk,Alm.slid uden restværdi,1,2469,106,00D0094FF2CC,Maj,1.3068610773592548,T-shirt
09385 T-Shirt Hvid B/P M Arla Tryk,Alm.slid uden restværdi,1,2465,98,00D0095A560C,Maj,1.2101906693711968,T-shirt
09385 T-Shirt Hvid B/P M Arla Tryk,Alm.slid uden restværdi,1,2463,101,00D0094FE2AD,Maj,1.248250101502233,T-shirt
09385 T-Shirt Hvid B/P M Arla Tryk,Alm.slid uden restværdi,1,2423,101,00D00971DE15,Maj,1.268856789104416,T-shirt
09385 T-Shirt Hvid B/P M Arla Tryk,Alm.slid uden restværdi,1,2416,103,00D0096FD0C4,Maj,1.2977317880794703,T-shirt
01083 T-Shirt unisex hvid k/æ P/B,Alm.slid uden restværdi,1,2377,105,00D009516C3E,Maj,1.3446360959192258,T-shirt
09385 T-Shirt Hvid B/P M Arla Tryk,Alm.slid uden restværdi,1,2376,117,00D007BF3DB3,Maj,1.498939393939394,T-shirt
09385 T-Shirt Hvid B/P M Arla Tryk,Alm.slid uden restværdi,1,2365,95,00D0099736AC,Maj,1.2227484143763212,T-shirt
01083 T-Shirt unisex hvid k/æ P/B,Alm.slid uden restværdi,1,2364,132,00D009993A3C,Maj,1.6996954314720814,T-shirt
01083 T-Shirt unisex hvid k/æ P/B,Alm.slid uden restværdi,1,2363,88,00D009AFD0BE,Maj,1.1336098180279306,T-shirt
12396 T-shirt 1/2 æ lady hvid PB,Alm.slid uden restværdi,1,2349,25,00D00973C87A,Maj,0.32396764580672627,T-shirt
09385 T-Shirt Hvid B/P M Arla Tryk,Alm.slid uden restværdi,1,2346,104,00D0096069D9,Maj,1.3494288150042626,T-shirt
09385 T-Shirt Hvid B/P M Arla Tryk,Alm.slid uden restværdi,1,2281,107,00D0098EA76B,Maj,1.4279175800087682,T-shirt
01083 T-Shirt unisex hvid k/æ P/B,Alm.slid uden restværdi,1,2274,83,00D0093EF83D,Maj,1.1110466138962183,T-shirt
09385 T-Shirt Hvid B/P M Arla Tryk,Alm.slid uden restværdi,1,2254,110,00D009741C67,Maj,1.4855368234250224,T-shirt
09385 T-Shirt Hvid B/P M Arla Tryk,Alm.slid uden restværdi,1,2249,91,00D009987981,Maj,1.2316763005780347,T-shirt
09385 T-Shirt Hvid B/P M Arla Tryk,Alm.slid uden restværdi,1,2249,83,30155C97D461A7C000933ACF,Maj,1.1233970653623833,T-shirt
09385 T-Shirt Hvid B/P M Arla Tryk,Alm.slid uden restværdi,1,2246,117,00D009700455,Maj,1.585699020480855,T-shirt
09385 T-Shirt Hvid B/P M Arla Tryk,Alm.slid uden restværdi,1,2241,101,00D0098EB509,Maj,1.371905399375279,T-shirt
09385 T-Shirt Hvid B/P M Arla Tryk,Alm.slid uden restværdi,1,2233,96,00D0098EA803,Maj,1.3086609941782354,T-shirt
09385 T-Shirt Hvid B/P M Arla Tryk,Alm.slid uden restværdi,1,2225,81,30155C97D461A7C0009339AA,Maj,1.108152808988764,T-shirt
09385 T-Shirt Hvid B/P M Arla Tryk,Alm.slid uden restværdi,1,2214,96,00D0098EA90D,Maj,1.3198915989159892,T-shirt
09385 T-Shirt Hvid B/P M Arla Tryk,Alm.slid uden restværdi,1,2204,100,00D009AFC65B,Maj,1.381125226860254,T-shirt
09385 T-Shirt Hvid B/P M Arla Tryk,Alm.slid uden restværdi,1,2198,84,00D00999025F,Maj,1.1633121019108281,T-shirt
09385 T-Shirt Hvid B/P M Arla Tryk,Alm.slid uden restværdi,1,2198,90,00D009991083,Maj,1.2464058234758872,T-shirt
09385 T-Shirt Hvid B/P M Arla Tryk,Alm.slid uden restværdi,1,2197,100,30155C97D461A7C0007D2378,Maj,1.3855257168866637,T-shirt
09385 T-Shirt Hvid B/P M Arla Tryk,Alm.slid uden restværdi,1,2188,74,30155C97D461A7C0007D144E,Maj,1.0295063985374773,T-shirt
09385 T-Shirt Hvid B/P M Arla Tryk,Alm.slid uden restværdi,1,2182,114,00D00998D9F0,Maj,1.5903574702108156,T-shirt
09385 T-Shirt Hvid B/P M Arla Tryk,Alm.slid uden restværdi,1,2182,80,30155C97D461A7C000B5F5D1,Maj,1.1160403299725024,T-shirt
09385 T-Shirt Hvid B/P M Arla Tryk,Alm.slid uden restværdi,1,2175,112,30155C97D461A7C0008572C9,Maj,1.5674850574712644,T-shirt
09385 T-Shirt Hvid B/P M Arla Tryk,Alm.slid uden restværdi,1,2175,111,30155C97D461A7C000B63312,Maj,1.553489655172414,T-shirt
09385 T-Shirt Hvid B/P M Arla Tryk,Alm.slid uden restværdi,1,2164,106,30155C97D461A7C000857B0D,Maj,1.4910536044362293,T-shirt
09385 T-Shirt Hvid B/P M Arla Tryk,Alm.slid uden restværdi,1,2163,83,00D00976701D,Maj,1.1680628756356912,T-shirt
09385 T-Shirt Hvid B/P M Arla Tryk,Alm.slid uden restværdi,1,2155,78,30155C97D461A7C000B5F5EF,Maj,1.1017726218097448,T-shirt
09385 T-Shirt Hvid B/P M Arla Tryk,Alm.slid uden restværdi,1,2148,106,30155C97D461A7C000B991D1,Maj,1.5021601489757916,T-shirt
09385 T-Shirt Hvid B/P M Arla Tryk,Alm.slid uden restværdi,1,2147,93,00D0097F37B9,Maj,1.3185468095016304,T-shirt
09385 T-Shirt Hvid B/P M Arla Tryk,Alm.slid uden restværdi,1,2147,103,30155C97D461A7C0007D28EC,Maj,1.4603260363297625,T-shirt
09385 T-Shirt Hvid B/P M Arla Tryk,Alm.slid uden restværdi,1,2147,97,30155C97D461A7C000B99017,Maj,1.375258500232883,T-shirt
09385 T-Shirt Hvid B/P M Arla Tryk,Alm.slid uden restværdi,1,2140,98,30155C97D461A7C000B9E309,Maj,1.3939813084112151,T-shirt
09385 T-Shirt Hvid B/P M Arla Tryk,Alm.slid uden restværdi,1,2134,92,30155C97D461A7C000B991D8,Maj,1.3123149015932523,T-shirt
09385 T-Shirt Hvid B/P M Arla Tryk,Alm.slid uden restværdi,1,2128,108,30155C97D461A7C000B99045,Maj,1.5448872180451128,T-shirt
01083 T-Shirt unisex hvid k/æ P/B,Alm.slid uden restværdi,1,2118,111,30155C97D461A7C000BA4A55,Maj,1.5952974504249293,T-shirt
09385 T-Shirt Hvid B/P M Arla Tryk,Alm.slid uden restværdi,1,2104,106,30155C97D461A7C000B98A96,Maj,1.5335741444866922,T-shirt
09385 T-Shirt Hvid B/P M Arla Tryk,Alm.slid uden restværdi,1,2100,70,30155C97D461A7C000B112CB,Maj,1.0146666666666666,T-shirt
01083 T-Shirt unisex hvid k/æ P/B,Alm.slid uden restværdi,1,2094,98,30155C97D461A7C000B9BFF4,Maj,1.424603629417383,T-shirt
01083 T-Shirt unisex hvid k/æ P/B,Alm.slid uden restværdi,1,2094,106,30155C97D461A7C000B9C03A,Maj,1.5408978032473735,T-shirt
09385 T-Shirt Hvid B/P M Arla Tryk,Alm.slid uden restværdi,1,2093,102,30155C97D461A7C000B992D3,Maj,1.4834591495461062,T-shirt
09385 T-Shirt Hvid B/P M Arla Tryk,Alm.slid uden restværdi,1,2092,93,30155C97D461A7C000B5F786,Maj,1.3532122370936903,T-shirt
09385 T-Shirt Hvid B/P M Arla Tryk,Alm.slid uden restværdi,1,2086,89,30155C97D461A7C000B99360,Maj,1.2987344199424737,T-shirt
09385 T-Shirt Hvid B/P M Arla Tryk,Alm.slid uden restværdi,1,2078,117,30155C97D461A7C000B64382,Maj,1.7138979788257942,T-shirt
09385 T-Shirt Hvid B/P M Arla Tryk,Alm.slid uden restværdi,1,2078,99,30155C97D461A7C000B98A72,Maj,1.450221366698749,T-shirt
09385 T-Shirt Hvid B/P M Arla Tryk,Alm.slid uden restværdi,1,2072,83,30155C97D461A7C000B10C52,Maj,1.2193629343629344,T-shirt
09385 T-Shirt Hvid B/P M Arla Tryk,Alm.slid uden restværdi,1,2065,88,30155C97D461A7C000B99389,Maj,1.2972009685230024,T-shirt
09385 T-Shirt Hvid B/P M Arla Tryk,Alm.slid uden restværdi,1,2064,111,30155C97D461A7C000B1106E,Maj,1.6370348837209303,T-shirt
09385 T-Shirt Hvid B/P M Arla Tryk,Alm.slid uden restværdi,1,2049,71,30155C97D461A7C000B11FD6,Maj,1.0547779404587605,T-shirt
09385 T-Shirt Hvid B/P M Arla Tryk,Alm.slid uden restværdi,1,2045,104,30155C97D461A7C000B112AD,Maj,1.5480488997555013,T-shirt
09385 T-Shirt Hvid B/P M Arla Tryk,Alm.slid uden restværdi,1,2044,102,30155C97D461A7C000B11206,Maj,1.5190215264187867,T-shirt
09385 T-Shirt Hvid B/P M Arla Tryk,Alm.slid uden restværdi,1,2043,67,30155C97D461A7C000B10FE7,Maj,0.9982770435633872,T-shirt
09385 T-Shirt Hvid B/P M Arla Tryk,Alm.slid uden restværdi,1,2037,102,30155C97D461A7C000B11F80,Maj,1.5242415316642122,T-shirt
09385 T-Shirt Hvid B/P M Arla Tryk,Alm.slid uden restværdi,1,2036,85,30155C97D461A7C000BCF4DB,Maj,1.2708251473477405,T-shirt
09385 T-Shirt Hvid B/P M Arla Tryk,Alm.slid uden restværdi,1,2031,79,30155C97D461A7C000B1103A,Maj,1.184027572624323,T-shirt
09385 T-Shirt Hvid B/P M Arla Tryk,Alm.slid uden restværdi,1,2029,98,30155C97D461A7C000B12F33,Maj,1.4702414982750125,T-shirt
09385 T-Shirt Hvid B/P M Arla Tryk,Alm.slid uden restværdi,1,2022,66,30155C97D461A7C000B1140B,Maj,0.9935905044510387,T-shirt
09385 T-Shirt Hvid B/P M Arla Tryk,Alm.slid uden restværdi,1,2020,117,00D00A64218C,Maj,1.7631089108910893,T-shirt
09385 T-Shirt Hvid B/P M Arla Tryk,Alm.slid uden restværdi,1,2020,135,00D00A642B89,Maj,2.0343564356435646,T-shirt
09385 T-Shirt Hvid B/P M Arla Tryk,Alm.slid uden restværdi,1,2017,97,30155C97D461A7C000B10CCC,Maj,1.4638968765493308,T-shirt
09385 T-Shirt Hvid B/P M Arla Tryk,Alm.slid uden restværdi,1,2015,119,30155C97D461A7C000B10C04,Maj,1.7976972704714642,T-shirt
09385 T-Shirt Hvid B/P M Arla Tryk,Alm.slid uden restværdi,1,2007,123,30155C97D461A7C000B10C9D,Maj,1.8655306427503737,T-shirt
09385 T-Shirt Hvid B/P M Arla Tryk,Alm.slid uden restværdi,1,2005,74,30155C97D461A7C000D75C3B,Maj,1.1234713216957606,T-shirt
09385 T-Shirt Hvid B/P M Arla Tryk,Alm.slid uden restværdi,1,2000,103,30155C97D461A7C000B10D3A,Maj,1.56766,T-shirt
09385 T-Shirt Hvid B/P M Arla Tryk,Alm.slid uden restværdi,1,1996,145,30155C97D461A7C000D74AF9,Maj,2.2113226452905814,T-shirt
09385 T-Shirt Hvid B/P M Arla Tryk,Alm.slid uden restværdi,1,1988,80,30155C97D461A7C000D75BD6,Maj,1.2249496981891348,T-shirt
01083 T-Shirt unisex hvid k/æ P/B,Alm.slid uden restværdi,1,1985,140,30155C97D461A7C000F06E65,Maj,2.1469017632241814,T-shirt
09385 T-Shirt Hvid B/P M Arla Tryk,Alm.slid uden restværdi,1,1984,112,30155C97D461A7C000F0C867,Maj,1.7183870967741937,T-shirt
09385 T-Shirt Hvid B/P M Arla Tryk,Alm.slid uden restværdi,1,1979,108,30155C97D461A7C000D75B5C,Maj,1.6612026275896918,T-shirt
09385 T-Shirt Hvid B/P M Arla Tryk,Alm.slid uden restværdi,1,1974,97,30155C97D461A7C000D75B9A,Maj,1.4957852077001013,T-shirt
09385 T-Shirt Hvid B/P M Arla Tryk,Alm.slid uden restværdi,1,1968,89,00D009AF7D1C,Maj,1.3766056910569107,T-shirt
09385 T-Shirt Hvid B/P M Arla Tryk,Alm.slid uden restværdi,1,1967,95,30155C97D461A7C000F0C8E7,Maj,1.4701576004067107,T-shirt
03850 T-Shirt Hvid Lady K/Æ P/B,Alm.slid uden restværdi,1,1965,9,00D008856C33,Maj,0.13941984732824428,T-shirt
09385 T-Shirt Hvid B/P M Arla Tryk,Alm.slid uden restværdi,1,1950,77,30155C97D461A7C0011792D5,Maj,1.2019897435897438,T-shirt
09385 T-Shirt Hvid B/P M Arla Tryk,Alm.slid uden restværdi,1,1945,82,30155C97D461A7C000D74EF1,Maj,1.2833316195372753,T-shirt
09385 T-Shirt Hvid B/P M Arla Tryk,Alm.slid uden restværdi,1,1943,113,30155C97D461A7C000F02649,Maj,1.77031394750386,T-shirt
09385 T-Shirt Hvid B/P M Arla Tryk,Alm.slid uden restværdi,1,1934,94,30155C97D461A7C000F0C9FE,Maj,1.479503619441572,T-shirt
09385 T-Shirt Hvid B/P M Arla Tryk,Alm.slid uden restværdi,1,1934,91,30155C97D461A7C00116A075,Maj,1.4322854188210963,T-shirt
01083 T-Shirt unisex hvid k/æ P/B,Alm.slid uden restværdi,1,1931,139,30155C97D461A7C0010D10F1,Maj,2.19117555670637,T-shirt
09385 T-Shirt Hvid B/P M Arla Tryk,Alm.slid uden restværdi,1,1930,89,30155C97D461A7C00117815C,Maj,1.4037098445595857,T-shirt
09385 T-Shirt Hvid B/P M Arla Tryk,Alm.slid uden restværdi,1,1927,94,30155C97D461A7C00116A0D6,Maj,1.484878048780488,T-shirt
09385 T-Shirt Hvid B/P M Arla Tryk,Alm.slid uden restværdi,1,1924,93,30155C97D461A7C00116BB73,Maj,1.4713721413721415,T-shirt
09385 T-Shirt Hvid B/P M Arla Tryk,Alm.slid uden restværdi,1,1918,93,30155C97D461A7C001175A02,Maj,1.4759749739311785,T-shirt
09385 T-Shirt Hvid B/P M Arla Tryk,Alm.slid uden restværdi,1,1916,98,30155C97D461A7C001174B03,Maj,1.5569519832985388,T-shirt
09385 T-Shirt Hvid B/P M Arla Tryk,Alm.slid uden restværdi,1,1913,80,30155C97D461A7C000F0C8F6,Maj,1.272974385781495,T-shirt
09385 T-Shirt Hvid B/P M Arla Tryk,Alm.slid uden restværdi,1,1912,87,30155C97D461A7C0011752F3,Maj,1.3850836820083683,T-shirt
09385 T-Shirt Hvid B/P M Arla Tryk,Alm.slid uden restværdi,1,1910,81,30155C97D461A7C000D75D00,Maj,1.290910994764398,T-shirt
09385 T-Shirt Hvid B/P M Arla Tryk,Alm.slid uden restværdi,1,1910,91,30155C97D461A7C001177F75,Maj,1.450282722513089,T-shirt
09385 T-Shirt Hvid B/P M Arla Tryk,Alm.slid uden restværdi,1,1910,86,30155C97D461A7C001178012,Maj,1.3705968586387436,T-shirt
09385 T-Shirt Hvid B/P M Arla Tryk,Alm.slid uden restværdi,1,1908,93,30155C97D461A7C0011707B1,Maj,1.4837106918238996,T-shirt
09385 T-Shirt Hvid B/P M Arla Tryk,Alm.slid uden restværdi,1,1902,97,30155C97D461A7C0011708F7,Maj,1.5524079915878024,T-shirt
09385 T-Shirt Hvid B/P M Arla Tryk,Alm.slid uden restværdi,1,1894,72,30155C97D461A7C000684D4D,Maj,1.157170010559662,T-shirt
09385 T-Shirt Hvid B/P M Arla Tryk,Alm.slid uden restværdi,1,1891,94,30155C97D461A7C00122A373,Maj,1.513146483342147,T-shirt
09385 T-Shirt Hvid B/P M Arla Tryk,Alm.slid uden restværdi,1,1889,72,30155C97D461A7C000D74DF6,Maj,1.1602329274748544,T-shirt
09385 T-Shirt Hvid B/P M Arla Tryk,Alm.slid uden restværdi,1,1885,81,30155C97D461A7C001175B52,Maj,1.3080318302387268,T-shirt
09385 T-Shirt Hvid B/P M Arla Tryk,Alm.slid uden restværdi,1,1884,97,30155C97D461A7C0011781BD,Maj,1.5672399150743102,T-shirt
09385 T-Shirt Hvid B/P M Arla Tryk,Alm.slid uden restværdi,1,1884,85,30155C97D461A7C001178298,Maj,1.3733545647558385,T-shirt
01083 T-Shirt unisex hvid k/æ P/B,Alm.slid uden restværdi,1,1882,115,30155C97D461A7C00122E579,Maj,1.8600425079702445,T-shirt
09385 T-Shirt Hvid B/P M Arla Tryk,Alm.slid uden restværdi,1,1882,79,30155C97D461A7C001179693,Maj,1.277768331562168,T-shirt
09385 T-Shirt Hvid B/P M Arla Tryk,Alm.slid uden restværdi,1,1880,90,30155C97D461A7C001242EB1,Maj,1.4572340425531916,T-shirt
09385 T-Shirt Hvid B/P M Arla Tryk,Alm.slid uden restværdi,1,1876,127,30155C97D461A7C0011782D5,Maj,2.0607036247334753,T-shirt
03850 T-Shirt Hvid Lady K/Æ P/B,Alm.slid uden restværdi,1,1853,16,30155C97D461A7C000E8F884,Maj,0.26283864004317326,T-shirt
01083 T-Shirt unisex hvid k/æ P/B,Alm.slid uden restværdi,1,1841,105,30155C97D461A7C00111EE55,Maj,1.7361216730038025,T-shirt
01083 T-Shirt unisex hvid k/æ P/B,Alm.slid uden restværdi,1,1841,101,30155C97D461A7C00111EF6C,Maj,1.6699837045084194,T-shirt
01083 T-Shirt unisex hvid k/æ P/B,Alm.slid uden restværdi,1,1841,100,30155C97D461A7C00111F023,Maj,1.6534492123845737,T-shirt
03850 T-Shirt Hvid Lady K/Æ P/B,Alm.slid uden restværdi,1,1834,3,30155C97D461A7C000E88360,Maj,0.0497928026172301,T-shirt
03850 T-Shirt Hvid Lady K/Æ P/B,Alm.slid uden restværdi,1,1830,1,30155C97D461A7C000E883B8,Maj,0.016633879781420766,T-shirt
03850 T-Shirt Hvid Lady K/Æ P/B,Alm.slid uden restværdi,1,1820,125,30155C97D461A7C000E902CB,Maj,2.090659340659341,T-shirt
01083 T-Shirt unisex hvid k/æ P/B,Alm.slid uden restværdi,1,1791,92,30155C97D461A7C0013447D0,Maj,1.563640424343942,T-shirt
03850 T-Shirt Hvid Lady K/Æ P/B,Alm.slid uden restværdi,1,1789,106,30155C97D461A7C000E8736A,Maj,1.803599776411403,T-shirt
03850 T-Shirt Hvid Lady K/Æ P/B,Alm.slid uden restværdi,1,1784,2,30155C97D461A7C000CA7985,Maj,0.03412556053811659,T-shirt
03850 T-Shirt Hvid Lady K/Æ P/B,Alm.slid uden restværdi,1,1784,2,30155C97D461A7C0012252BB,Maj,0.03412556053811659,T-shirt
03850 T-Shirt Hvid Lady K/Æ P/B,Alm.slid uden restværdi,1,1776,113,30155C97D461A7C001225205,Maj,1.9367792792792795,T-shirt
09385 T-Shirt Hvid B/P M Arla Tryk,Alm.slid uden restværdi,1,1771,85,30155C97D461A7C00116B9FB,Maj,1.4609824957651045,T-shirt
09385 T-Shirt Hvid B/P M Arla Tryk,Alm.slid uden restværdi,1,1771,90,30155C97D461A7C00116BAE8,Maj,1.5469226425748166,T-shirt
09385 T-Shirt Hvid B/P M Arla Tryk,Alm.slid uden restværdi,1,1763,64,30155C97D461A7C00116A380,Maj,1.1050255246738516,T-shirt
01083 T-Shirt unisex hvid k/æ P/B,Alm.slid uden restværdi,1,1759,81,30155C97D461A7C0015E2E68,Maj,1.401728254690165,T-shirt
01083 T-Shirt unisex hvid k/æ P/B,Alm.slid uden restværdi,1,1758,124,30155C97D461A7C00130623B,Maj,2.14707622298066,T-shirt
09385 T-Shirt Hvid B/P M Arla Tryk,Alm.slid uden restværdi,1,1714,80,30155C97D461A7C00112D93D,Maj,1.4207701283547258,T-shirt
01083 T-Shirt unisex hvid k/æ P/B,Alm.slid uden restværdi,1,1711,115,30155C97D461A7C001531349,Maj,2.0459380479251896,T-shirt
01083 T-Shirt unisex hvid k/æ P/B,Alm.slid uden restværdi,1,1703,141,30155C97D461A7C001531302,Maj,2.520281855549031,T-shirt
01083 T-Shirt unisex hvid k/æ P/B,Alm.slid uden restværdi,1,1703,104,30155C97D461A7C001531362,Maj,1.8589312977099237,T-shirt
01083 T-Shirt unisex hvid k/æ P/B,Alm.slid uden restværdi,1,1703,107,30155C97D461A7C00156C5C2,Maj,1.9125543159130944,T-shirt
09385 T-Shirt Hvid B/P M Arla Tryk,Alm.slid uden restværdi,1,1702,90,30155C97D461A7C00123968E,Maj,1.609635722679201,T-shirt
09385 T-Shirt Hvid B/P M Arla Tryk,Alm.slid uden restværdi,1,1700,60,30155C97D461A7C0011254BF,Maj,1.0743529411764705,T-shirt
09385 T-Shirt Hvid B/P M Arla Tryk,Alm.slid uden restværdi,1,1700,86,30155C97D461A7C00112D94A,Maj,1.5399058823529412,T-shirt
09385 T-Shirt Hvid B/P M Arla Tryk,Alm.slid uden restværdi,1,1700,87,30155C97D461A7C00112DA6C,Maj,1.5578117647058825,T-shirt
03850 T-Shirt Hvid Lady K/Æ P/B,Alm.slid uden restværdi,1,1679,15,30155C97D461A7C000E094A3,Maj,0.2719475878499107,T-shirt
03850 T-Shirt Hvid Lady K/Æ P/B,Alm.slid uden restværdi,1,1679,20,30155C97D461A7C000E0964C,Maj,0.3625967837998809,T-shirt
09385 T-Shirt Hvid B/P M Arla Tryk,Alm.slid uden restværdi,1,1679,88,30155C97D461A7C0015316BC,Maj,1.5954258487194761,T-shirt
03850 T-Shirt Hvid Lady K/Æ P/B,Alm.slid uden restværdi,1,1676,2,30155C97D461A7C000E08C10,Maj,0.03632458233890215,T-shirt
01083 T-Shirt unisex hvid k/æ P/B,Alm.slid uden restværdi,1,1667,136,30155C97D461A7C001512F2B,Maj,2.483407318536293,T-shirt
01083 T-Shirt unisex hvid k/æ P/B,Alm.slid uden restværdi,1,1667,114,30155C97D461A7C001513101,Maj,2.0816796640671864,T-shirt
01083 T-Shirt unisex hvid k/æ P/B,Alm.slid uden restværdi,1,1667,137,30155C97D461A7C001513774,Maj,2.5016676664667066,T-shirt
01083 T-Shirt unisex hvid k/æ P/B,Alm.slid uden restværdi,1,1667,126,30155C97D461A7C0015143F0,Maj,2.3008038392321537,T-shirt
01083 T-Shirt unisex hvid k/æ P/B,Alm.slid uden restværdi,1,1667,148,30155C97D461A7C001537CF6,Maj,2.70253149370126,T-shirt
01083 T-Shirt unisex hvid k/æ P/B,Alm.slid uden restværdi,1,1667,132,30155C97D461A7C001537D25,Maj,2.410365926814637,T-shirt
01083 T-Shirt unisex hvid k/æ P/B,Alm.slid uden restværdi,1,1667,143,30155C97D461A7C0015F8480,Maj,2.61122975404919,T-shirt
01083 T-Shirt unisex hvid k/æ P/B,Alm.slid uden restværdi,1,1665,91,30155C97D461A7C001669140,Maj,1.6636876876876878,T-shirt
01083 T-Shirt unisex hvid k/æ P/B,Alm.slid uden restværdi,1,1663,94,30155C97D461A7C001512FBE,Maj,1.7206013229104031,T-shirt
01083 T-Shirt unisex hvid k/æ P/B,Alm.slid uden restværdi,1,1663,108,30155C97D461A7C001514A00,Maj,1.9768610944076972,T-shirt
01083 T-Shirt unisex hvid k/æ P/B,Alm.slid uden restværdi,1,1663,113,30155C97D461A7C001514A0F,Maj,2.0683824413710163,T-shirt
01083 T-Shirt unisex hvid k/æ P/B,Alm.slid uden restværdi,1,1663,125,30155C97D461A7C001514A59,Maj,2.2880336740829827,T-shirt
01083 T-Shirt unisex hvid k/æ P/B,Alm.slid uden restværdi,1,1663,114,30155C97D461A7C00153703C,Maj,2.08668671076368,T-shirt
01083 T-Shirt unisex hvid k/æ P/B,Alm.slid uden restværdi,1,1663,86,30155C97D461A7C0015370B3,Maj,1.574167167769092,T-shirt
01083 T-Shirt unisex hvid k/æ P/B,Alm.slid uden restværdi,1,1663,113,30155C97D461A7C0015370AA,Maj,2.0683824413710163,T-shirt
01083 T-Shirt unisex hvid k/æ P/B,Alm.slid uden restværdi,1,1663,100,30155C97D461A7C001537122,Maj,1.830426939266386,T-shirt
01083 T-Shirt unisex hvid k/æ P/B,Alm.slid uden restværdi,1,1663,83,30155C97D461A7C001537128,Maj,1.5192543595911006,T-shirt
01083 T-Shirt unisex hvid k/æ P/B,Alm.slid uden restværdi,1,1663,88,30155C97D461A7C001537154,Maj,1.61077570655442,T-shirt
01083 T-Shirt unisex hvid k/æ P/B,Alm.slid uden restværdi,1,1663,63,30155C97D461A7C001537157,Maj,1.1531689717378233,T-shirt
01083 T-Shirt unisex hvid k/æ P/B,Alm.slid uden restværdi,1,1663,132,30155C97D461A7C001537174,Maj,2.41616355983163,T-shirt
01083 T-Shirt unisex hvid k/æ P/B,Alm.slid uden restværdi,1,1660,101,30155C97D461A7C0015F8B23,Maj,1.8520722891566266,T-shirt
01083 T-Shirt unisex hvid k/æ P/B,Alm.slid uden restværdi,1,1658,120,30155C97D461A7C001512FF3,Maj,2.2031363088057905,T-shirt
03850 T-Shirt Hvid Lady K/Æ P/B,Alm.slid uden restværdi,1,1658,4,30155C97D461A7C0012244AC,Maj,0.07343787696019301,T-shirt
03850 T-Shirt Hvid Lady K/Æ P/B,Alm.slid uden restværdi,1,1658,4,30155C97D461A7C001225156,Maj,0.07343787696019301,T-shirt
09385 T-Shirt Hvid B/P M Arla Tryk,Alm.slid uden restværdi,1,1655,75,30155C97D461A7C0010DF008,Maj,1.3794561933534744,T-shirt
09385 T-Shirt Hvid B/P M Arla Tryk,Alm.slid uden restværdi,1,1645,115,30155C97D461A7C00122A987,Maj,2.1280243161094226,T-shirt
01083 T-Shirt unisex hvid k/æ P/B,Alm.slid uden restværdi,1,1632,113,30155C97D461A7C0015138AF,Maj,2.107671568627451,T-shirt
01083 T-Shirt unisex hvid k/æ P/B,Alm.slid uden restværdi,1,1632,127,30155C97D461A7C001518614,Maj,2.3687990196078434,T-shirt
01083 T-Shirt unisex hvid k/æ P/B,Alm.slid uden restværdi,1,1629,116,30155C97D461A7C001513799,Maj,2.1676120319214243,T-shirt
01083 T-Shirt unisex hvid k/æ P/B,Alm.slid uden restværdi,1,1623,113,30155C97D461A7C0015362D0,Maj,2.1193592113370303,T-shirt
09385 T-Shirt Hvid B/P M Arla Tryk,Alm.slid uden restværdi,1,1618,81,30155C97D461A7C0013C2677,Maj,1.5238813349814588,T-shirt
09385 T-Shirt Hvid B/P M Arla Tryk,Alm.slid uden restværdi,1,1612,57,30155C97D461A7C00167FDFA,Maj,1.0763523573200993,T-shirt
09385 T-Shirt Hvid B/P M Arla Tryk,Alm.slid uden restværdi,1,1611,74,30155C97D461A7C0013C2744,Maj,1.3982371198013657,T-shirt
01083 T-Shirt unisex hvid k/æ P/B,Alm.slid uden restværdi,1,1604,120,30155C97D461A7C001513827,Maj,2.2773067331670824,T-shirt
01083 T-Shirt unisex hvid k/æ P/B,Alm.slid uden restværdi,1,1589,114,30155C97D461A7C0015137D6,Maj,2.183864065449969,T-shirt
01083 T-Shirt unisex hvid k/æ P/B,Alm.slid uden restværdi,1,1589,118,30155C97D461A7C0015137F5,Maj,2.260490874764003,T-shirt
01083 T-Shirt unisex hvid k/æ P/B,Alm.slid uden restværdi,1,1589,40,30155C97D461A7C0015186CA,Maj,0.76626809314034,T-shirt
01083 T-Shirt unisex hvid k/æ P/B,Alm.slid uden restværdi,1,1589,57,30155C97D461A7C0015186DD,Maj,1.0919320327249844,T-shirt
01083 T-Shirt unisex hvid k/æ P/B,Alm.slid uden restværdi,1,1589,100,30155C97D461A7C001518942,Maj,1.9156702328508495,T-shirt
09385 T-Shirt Hvid B/P M Arla Tryk,Alm.slid uden restværdi,1,1588,72,30155C97D461A7C001672025,Maj,1.3801511335012595,T-shirt
09385 T-Shirt Hvid B/P M Arla Tryk,Alm.slid uden restværdi,1,1574,79,30155C97D461A7C00166CF19,Maj,1.5278017789072427,T-shirt
09385 T-Shirt Hvid B/P M Arla Tryk,Alm.slid uden restværdi,1,1574,57,30155C97D461A7C001671F9E,Maj,1.1023379923761119,T-shirt
09385 T-Shirt Hvid B/P M Arla Tryk,Alm.slid uden restværdi,1,1568,84,30155C97D461A7C0013C722D,Maj,1.6307142857142858,T-shirt
09385 T-Shirt Hvid B/P M Arla Tryk,Alm.slid uden restværdi,1,1564,90,30155C97D461A7C0013C7335,Maj,1.7516624040920716,T-shirt
01083 T-Shirt unisex hvid k/æ P/B,Alm.slid uden restværdi,1,1562,96,30155C97D461A7C001513054,Maj,1.8708322663252241,T-shirt
01083 T-Shirt unisex hvid k/æ P/B,Alm.slid uden restværdi,1,1558,70,30155C97D461A7C001513837,Maj,1.3676508344030809,T-shirt
09385 T-Shirt Hvid B/P M Arla Tryk,Alm.slid uden restværdi,1,1554,98,30155C97D461A7C00167240B,Maj,1.9196396396396396,T-shirt
09385 T-Shirt Hvid B/P M Arla Tryk,Alm.slid uden restværdi,1,1553,64,30155C97D461A7C00166CF75,Maj,1.2544494526722474,T-shirt
09385 T-Shirt Hvid B/P M Arla Tryk,Alm.slid uden restværdi,1,1553,95,30155C97D461A7C00166D021,Maj,1.862073406310367,T-shirt
01083 T-Shirt unisex hvid k/æ P/B,Alm.slid uden restværdi,1,1551,59,30155C97D461A7C0020A8406,Maj,1.1579368149580915,T-shirt
01083 T-Shirt unisex hvid k/æ P/B,Alm.slid uden restværdi,1,1551,78,30155C97D461A7C0020A844E,Maj,1.5308317214700193,T-shirt
01083 T-Shirt unisex hvid k/æ P/B,Alm.slid uden restværdi,1,1551,79,30155C97D461A7C0020A852A,Maj,1.5504577691811736,T-shirt
09385 T-Shirt Hvid B/P M Arla Tryk,Alm.slid uden restværdi,1,1546,70,30155C97D461A7C00166CF90,Maj,1.3782664941785252,T-shirt
01083 T-Shirt unisex hvid k/æ P/B,Alm.slid uden restværdi,1,1542,62,30155C97D461A7C0020A83B9,Maj,1.223916990920882,T-shirt
01083 T-Shirt unisex hvid k/æ P/B,Alm.slid uden restværdi,1,1533,116,30155C97D461A7C001CB666B,Maj,2.3033529028049577,T-shirt
09385 T-Shirt Hvid B/P M Arla Tryk,Alm.slid uden restværdi,1,1526,62,30155C97D461A7C0013C271E,Maj,1.2367496723460025,T-shirt
09385 T-Shirt Hvid B/P M Arla Tryk,Alm.slid uden restværdi,1,1510,44,30155C97D461A7C001535D4F,Maj,0.8869933774834438,T-shirt
01083 T-Shirt unisex hvid k/æ P/B,Alm.slid uden restværdi,1,1509,127,30155C97D461A7C0015149E8,Maj,2.561882041086813,T-shirt
09385 T-Shirt Hvid B/P M Arla Tryk,Alm.slid uden restværdi,1,1496,58,30155C97D461A7C001672348,Maj,1.1801604278074866,T-shirt
09385 T-Shirt Hvid B/P M Arla Tryk,Alm.slid uden restværdi,1,1478,53,30155C97D461A7C001CBB497,Maj,1.0915561569688768,T-shirt
09385 T-Shirt Hvid B/P M Arla Tryk,Alm.slid uden restværdi,1,1456,56,30155C97D461A7C0016722E2,Maj,1.1707692307692308,T-shirt
01083 T-Shirt unisex hvid k/æ P/B,Alm.slid uden restværdi,1,1451,20,30155C97D461A7C0016D7D85,Maj,0.4195727084769125,T-shirt
09385 T-Shirt Hvid B/P M Arla Tryk,Alm.slid uden restværdi,1,1448,62,30155C97D461A7C001CBEEE9,Maj,1.3033701657458565,T-shirt
09385 T-Shirt Hvid B/P M Arla Tryk,Alm.slid uden restværdi,1,1443,100,30155C97D461A7C0016743AE,Maj,2.1094941094941095,T-shirt
09385 T-Shirt Hvid B/P M Arla Tryk,Alm.slid uden restværdi,1,1429,70,30155C97D461A7C001CBB469,Maj,1.4911126662001402,T-shirt
09385 T-Shirt Hvid B/P M Arla Tryk,Alm.slid uden restværdi,1,1423,69,30155C97D461A7C0020B3AFC,Maj,1.4760084328882643,T-shirt
09385 T-Shirt Hvid B/P M Arla Tryk,Alm.slid uden restværdi,1,1412,66,30155C97D461A7C0016E289D,Maj,1.4228328611898018,T-shirt
09385 T-Shirt Hvid B/P M Arla Tryk,Alm.slid uden restværdi,1,1407,49,30155C97D461A7C001CBAF42,Maj,1.0600995024875624,T-shirt
01083 T-Shirt unisex hvid k/æ P/B,Alm.slid uden restværdi,1,1402,45,30155C97D461A7C0020F18FA,Maj,0.9770328102710414,T-shirt
09385 T-Shirt Hvid B/P M Arla Tryk,Alm.slid uden restværdi,1,1401,63,30155C97D461A7C0016DE242,Maj,1.3688222698072805,T-shirt
09385 T-Shirt Hvid B/P M Arla Tryk,Alm.slid uden restværdi,1,1377,67,30155C97D461A7C00153165F,Maj,1.4811038489469863,T-shirt
09385 T-Shirt Hvid B/P M Arla Tryk,Alm.slid uden restværdi,1,1371,68,30155C97D461A7C00203AF24,Maj,1.509788475565281,T-shirt
09385 T-Shirt Hvid B/P M Arla Tryk,Alm.slid uden restværdi,1,1371,65,30155C97D461A7C00210D777,Maj,1.4431801604668126,T-shirt
01083 T-Shirt unisex hvid k/æ P/B,Alm.slid uden restværdi,1,1359,73,30155C97D461A7C002112E58,Maj,1.6351140544518028,T-shirt
01083 T-Shirt unisex hvid k/æ P/B,Alm.slid uden restværdi,1,1359,72,30155C97D461A7C002112E5C,Maj,1.6127152317880795,T-shirt
09385 T-Shirt Hvid B/P M Arla Tryk,Alm.slid uden restværdi,1,1356,68,30155C97D461A7C00210D762,Maj,1.5264896755162243,T-shirt
09385 T-Shirt Hvid B/P M Arla Tryk,Alm.slid uden restværdi,1,1356,68,30155C97D461A7C002120C3F,Maj,1.5264896755162243,T-shirt
09385 T-Shirt Hvid B/P M Arla Tryk,Alm.slid uden restværdi,1,1336,58,30155C97D461A7C00212232B,Maj,1.321497005988024,T-shirt
09385 T-Shirt Hvid B/P M Arla Tryk,Alm.slid uden restværdi,1,1315,66,30155C97D461A7C002123D16,Maj,1.5277870722433462,T-shirt
09385 T-Shirt Hvid B/P M Arla Tryk,Alm.slid uden restværdi,1,1274,60,30155C97D461A7C0021144C7,Maj,1.4335949764521194,T-shirt
09385 T-Shirt Hvid B/P M Arla Tryk,Alm.slid uden restværdi,1,1274,61,30155C97D461A7C00212216E,Maj,1.4574882260596547,T-shirt
09385 T-Shirt Hvid B/P M Arla Tryk,Alm.slid uden restværdi,1,1259,62,30155C97D461A7C0021139B5,Maj,1.4990309769658459,T-shirt
09385 T-Shirt Hvid B/P M Arla Tryk,Alm.slid uden restværdi,1,1259,46,30155C97D461A7C0021143EF,Maj,1.1121842732327243,T-shirt
01083 T-Shirt unisex hvid k/æ P/B,Alm.slid uden restværdi,1,1247,31,30155C97D461A7C002190352,Maj,0.75672814755413,T-shirt
"07859 T-Shirt L/Æ, Hvid p/b",Alm.slid uden restværdi,1,1241,51,30155C97D461A7C002295C97,Maj,1.250958904109589,T-shirt
01083 T-Shirt unisex hvid k/æ P/B,Alm.slid uden restværdi,1,1239,12,30155C97D461A7C002190315,Maj,0.294818401937046,T-shirt
01083 T-Shirt unisex hvid k/æ P/B,Alm.slid uden restværdi,1,1239,26,30155C97D461A7C00219033C,Maj,0.6387732041969331,T-shirt
03850 T-Shirt Hvid Lady K/Æ P/B,Alm.slid uden restværdi,1,1237,105,00D00AE3910C,Maj,2.5838318512530316,T-shirt
01083 T-Shirt unisex hvid k/æ P/B,Alm.slid uden restværdi,1,1236,109,30155C97D461A7C00276BFEC,Maj,2.684433656957929,T-shirt
"07859 T-Shirt L/Æ, Hvid p/b",Alm.slid uden restværdi,1,1206,14,30155C97D461A7C00276ACB6,Maj,0.3533665008291874,T-shirt
01083 T-Shirt unisex hvid k/æ P/B,Alm.slid uden restværdi,1,1199,25,30155C97D461A7C00228BD1A,Maj,0.634695579649708,T-shirt
09385 T-Shirt Hvid B/P M Arla Tryk,Alm.slid uden restværdi,1,1196,64,30155C97D461A7C0020E9866,Maj,1.628896321070234,T-shirt
"07859 T-Shirt L/Æ, Hvid p/b",Alm.slid uden restværdi,1,1185,41,30155C97D461A7C002171B4B,Maj,1.053198312236287,T-shirt
01083 T-Shirt unisex hvid k/æ P/B,Alm.slid uden restværdi,1,1178,41,30155C97D461A7C0021761BF,Maj,1.0594567062818336,T-shirt
01083 T-Shirt unisex hvid k/æ P/B,Alm.slid uden restværdi,1,1178,4,30155C97D461A7C002176284,Maj,0.10336162988115451,T-shirt
01083 T-Shirt unisex hvid k/æ P/B,Alm.slid uden restværdi,1,1175,80,30155C97D461A7C0022AF3C9,Maj,2.0725106382978726,T-shirt
01083 T-Shirt unisex hvid k/æ P/B,Alm.slid uden restværdi,1,1168,56,30155C97D461A7C00228D191,Maj,1.4594520547945204,T-shirt
01083 T-Shirt unisex hvid k/æ P/B,Alm.slid uden restværdi,1,1168,74,30155C97D461A7C00228D1A6,Maj,1.9285616438356166,T-shirt
09385 T-Shirt Hvid B/P M Arla Tryk,Alm.slid uden restværdi,1,1167,60,30155C97D461A7C002114553,Maj,1.565038560411311,T-shirt
01083 T-Shirt unisex hvid k/æ P/B,Alm.slid uden restværdi,1,1163,37,30155C97D461A7C00217636E,Maj,0.9684264832330182,T-shirt
09385 T-Shirt Hvid B/P M Arla Tryk,Alm.slid uden restværdi,1,1163,49,30155C97D461A7C002297378,Maj,1.2825107480653481,T-shirt
09385 T-Shirt Hvid B/P M Arla Tryk,Alm.slid uden restværdi,1,1153,84,30155C97D461A7C00203FD24,Maj,2.2176582827406763,T-shirt
01083 T-Shirt unisex hvid k/æ P/B,Alm.slid uden restværdi,1,1125,74,30155C97D461A7C001F40068,Maj,2.002275555555556,T-shirt
01083 T-Shirt unisex hvid k/æ P/B,Alm.slid uden restværdi,1,1114,122,30155C97D461A7C0023CB6F5,Maj,3.3336445242369837,T-shirt
"07859 T-Shirt L/Æ, Hvid p/b",Alm.slid uden restværdi,1,1100,39,30155C97D461A7C002448F9F,Maj,1.0792363636363638,T-shirt
01083 T-Shirt unisex hvid k/æ P/B,Alm.slid uden restværdi,1,1094,60,30155C97D461A7C001F70C47,Maj,1.6694698354661792,T-shirt
"07859 T-Shirt L/Æ, Hvid p/b",Alm.slid uden restværdi,1,1093,11,30155C97D461A7C0023C52E3,Maj,0.3063494967978042,T-shirt
03850 T-Shirt Hvid Lady K/Æ P/B,Alm.slid uden restværdi,1,1087,78,30155C97D461A7C000E07ADD,Maj,2.184287028518859,T-shirt
03850 T-Shirt Hvid Lady K/Æ P/B,Alm.slid uden restværdi,1,1083,8,30155C97D461A7C001D537D9,Maj,0.22485687903970453,T-shirt
03850 T-Shirt Hvid Lady K/Æ P/B,Alm.slid uden restværdi,1,1083,7,30155C97D461A7C001D5385C,Maj,0.19674976915974146,T-shirt
03850 T-Shirt Hvid Lady K/Æ P/B,Alm.slid uden restværdi,1,1083,4,30155C97D461A7C001D53866,Maj,0.11242843951985226,T-shirt
03850 T-Shirt Hvid Lady K/Æ P/B,Alm.slid uden restværdi,1,1083,4,30155C97D461A7C001D53898,Maj,0.11242843951985226,T-shirt
01083 T-Shirt unisex hvid k/æ P/B,Alm.slid uden restværdi,1,1081,66,30155C97D461A7C0023CB6D9,Maj,1.8585013876040704,T-shirt
09385 T-Shirt Hvid B/P M Arla Tryk,Alm.slid uden restværdi,1,1072,51,30155C97D461A7C00229C0B0,Maj,1.4481716417910449,T-shirt
01083 T-Shirt unisex hvid k/æ P/B,Alm.slid uden restværdi,1,1070,95,30155C97D461A7C0023C0EF2,Maj,2.7026168224299068,T-shirt
09385 T-Shirt Hvid B/P M Arla Tryk,Alm.slid uden restværdi,1,1070,80,30155C97D461A7C0023C06C8,Maj,2.2758878504672895,T-shirt
09385 T-Shirt Hvid B/P M Arla Tryk,Alm.slid uden restværdi,1,1068,94,30155C97D461A7C00226EDB0,Maj,2.679176029962547,T-shirt
01083 T-Shirt unisex hvid k/æ P/B,Alm.slid uden restværdi,1,1051,64,30155C97D461A7C0023C5A26,Maj,1.8536251189343484,T-shirt
01083 T-Shirt unisex hvid k/æ P/B,Alm.slid uden restværdi,1,1047,107,30155C97D461A7C002444650,Maj,3.1108691499522445,T-shirt
09385 T-Shirt Hvid B/P M Arla Tryk,Alm.slid uden restværdi,1,1042,54,30155C97D461A7C0023BA503,Maj,1.5775047984644914,T-shirt
01083 T-Shirt unisex hvid k/æ P/B,Alm.slid uden restværdi,1,1037,115,30155C97D461A7C002442E13,Maj,3.375699132111861,T-shirt
01083 T-Shirt unisex hvid k/æ P/B,Alm.slid uden restværdi,1,1033,99,30155C97D461A7C002442CDD,Maj,2.9172894482091,T-shirt
09385 T-Shirt Hvid B/P M Arla Tryk,Alm.slid uden restværdi,1,1025,36,00D00B2A2A4E,Maj,1.0691121951219513,T-shirt
09385 T-Shirt Hvid B/P M Arla Tryk,Alm.slid uden restværdi,1,1022,53,30155C97D461A7C0020F20B4,Maj,1.5785909980430528,T-shirt
01083 T-Shirt unisex hvid k/æ P/B,Alm.slid uden restværdi,1,1019,23,30155C97D461A7C00294B3FF,Maj,0.6870657507360157,T-shirt
01083 T-Shirt unisex hvid k/æ P/B,Alm.slid uden restværdi,1,1019,21,30155C97D461A7C00294B423,Maj,0.6273209028459275,T-shirt
01083 T-Shirt unisex hvid k/æ P/B,Alm.slid uden restværdi,1,1016,68,30155C97D461A7C00268C8B0,Maj,2.0373228346456695,T-shirt
01083 T-Shirt unisex hvid k/æ P/B,Alm.slid uden restværdi,1,1016,66,30155C97D461A7C00268D66D,Maj,1.9774015748031495,T-shirt
01083 T-Shirt unisex hvid k/æ P/B,Alm.slid uden restværdi,1,1004,53,30155C97D461A7C0027CAEEB,Maj,1.6068924302788845,T-shirt
01083 T-Shirt unisex hvid k/æ P/B,Alm.slid uden restværdi,1,1004,50,30155C97D461A7C0027CAFFB,Maj,1.5159362549800797,T-shirt
01083 T-Shirt unisex hvid k/æ P/B,Alm.slid uden restværdi,1,1004,80,30155C97D461A7C0027CB003,Maj,2.4254980079681276,T-shirt
01083 T-Shirt unisex hvid k/æ P/B,Alm.slid uden restværdi,1,1004,70,30155C97D461A7C0027CB01A,Maj,2.1223107569721114,T-shirt
01083 T-Shirt unisex hvid k/æ P/B,Alm.slid uden restværdi,1,1004,103,30155C97D461A7C002913C00,Maj,3.1228286852589644,T-shirt
01083 T-Shirt unisex hvid k/æ P/B,Alm.slid uden restværdi,1,1004,63,30155C97D461A7C002913C0F,Maj,1.9100796812749006,T-shirt
09385 T-Shirt Hvid B/P M Arla Tryk,Alm.slid uden restværdi,1,996,48,30155C97D461A6C001931B8F,Maj,1.466987951807229,T-shirt
01083 T-Shirt unisex hvid k/æ P/B,Alm.slid uden restværdi,1,995,96,30155C97D461A7C00268AF68,Maj,2.9369246231155777,T-shirt
09385 T-Shirt Hvid B/P M Arla Tryk,Alm.slid uden restværdi,1,995,42,30155C97D461A7C0023C05EB,Maj,1.2849045226130653,T-shirt
01083 T-Shirt unisex hvid k/æ P/B,Alm.slid uden restværdi,1,989,34,30155C97D461A7C00291374B,Maj,1.0464711830131446,T-shirt
01083 T-Shirt unisex hvid k/æ P/B,Alm.slid uden restværdi,1,989,16,30155C97D461A7C0029137CE,Maj,0.4924570273003034,T-shirt
09385 T-Shirt Hvid B/P M Arla Tryk,Alm.slid uden restværdi,1,986,48,00D00B29F3D2,Maj,1.4818661257606491,T-shirt
01083 T-Shirt unisex hvid k/æ P/B,Alm.slid uden restværdi,1,978,56,30155C97D461A7C002915290,Maj,1.7429856850715748,T-shirt
09385 T-Shirt Hvid B/P M Arla Tryk,Alm.slid uden restværdi,1,975,88,30155C97D461A7C00268AA5A,Maj,2.7474051282051284,T-shirt
01083 T-Shirt unisex hvid k/æ P/B,Alm.slid uden restværdi,1,973,20,30155C97D461A7C0023ADF65,Maj,0.6256937307297019,T-shirt
01083 T-Shirt unisex hvid k/æ P/B,Alm.slid uden restværdi,1,973,9,30155C97D461A7C0023ADFE0,Maj,0.28156217882836587,T-shirt
01083 T-Shirt unisex hvid k/æ P/B,Alm.slid uden restværdi,1,973,20,30155C97D461A7C0023AE023,Maj,0.6256937307297019,T-shirt
01083 T-Shirt unisex hvid k/æ P/B,Alm.slid uden restværdi,1,972,77,30155C97D461A7C00268AFAA,Maj,2.4113991769547325,T-shirt
09385 T-Shirt Hvid B/P M Arla Tryk,Alm.slid uden restværdi,1,972,47,30155C97D461A7C00268D325,Maj,1.4718930041152265,T-shirt
09385 T-Shirt Hvid B/P M Arla Tryk,Alm.slid uden restværdi,1,972,39,30155C97D461A7C00269353A,Maj,1.221358024691358,T-shirt
01083 T-Shirt unisex hvid k/æ P/B,Alm.slid uden restværdi,1,969,73,30155C97D461A7C002913713,Maj,2.2932094943240457,T-shirt
09385 T-Shirt Hvid B/P M Arla Tryk,Alm.slid uden restværdi,1,965,75,30155C97D461A7C00268DE84,Maj,2.36580310880829,T-shirt
09385 T-Shirt Hvid B/P M Arla Tryk,Alm.slid uden restværdi,1,963,50,00D00B1CE4C9,Maj,1.5804776739356179,T-shirt
01083 T-Shirt unisex hvid k/æ P/B,Alm.slid uden restværdi,1,962,79,30155C97D461A7C0029136EB,Maj,2.49975051975052,T-shirt
01083 T-Shirt unisex hvid k/æ P/B,Alm.slid uden restværdi,1,962,71,30155C97D461A7C0029137CF,Maj,2.246611226611227,T-shirt
01083 T-Shirt unisex hvid k/æ P/B,Alm.slid uden restværdi,1,962,67,30155C97D461A7C0029137DB,Maj,2.12004158004158,T-shirt
09385 T-Shirt Hvid B/P M Arla Tryk,Alm.slid uden restværdi,1,961,46,30155C97D461A7C0027CC041,Maj,1.4570655567117585,T-shirt
09385 T-Shirt Hvid B/P M Arla Tryk,Alm.slid uden restværdi,1,959,58,30155C97D461A7C0027CBA35,Maj,1.8410010427528678,T-shirt
09385 T-Shirt Hvid B/P M Arla Tryk,Alm.slid uden restværdi,1,958,38,30155C97D461A7C0027CBEBA,Maj,1.2074321503131524,T-shirt
09385 T-Shirt Hvid B/P M Arla Tryk,Alm.slid uden restværdi,1,958,40,30155C97D461A7C0027CBFB0,Maj,1.27098121085595,T-shirt
09385 T-Shirt Hvid B/P M Arla Tryk,Alm.slid uden restværdi,1,958,30,30155C97D461A7C0027CC023,Maj,0.9532359081419625,T-shirt
09385 T-Shirt Hvid B/P M Arla Tryk,Alm.slid uden restværdi,1,948,58,30155C97D461A7C0027CBBF7,Maj,1.8623628691983123,T-shirt
01083 T-Shirt unisex hvid k/æ P/B,Alm.slid uden restværdi,1,947,66,30155C97D461A6C0000E8F5F,Maj,2.121478352692714,T-shirt
01083 T-Shirt unisex hvid k/æ P/B,Alm.slid uden restværdi,1,945,17,30155C97D461A7C002913B0F,Maj,0.5475978835978836,T-shirt
09385 T-Shirt Hvid B/P M Arla Tryk,Alm.slid uden restværdi,1,944,44,30155C97D461A7C0027CBF48,Maj,1.418813559322034,T-shirt
01083 T-Shirt unisex hvid k/æ P/B,Alm.slid uden restværdi,1,940,81,30155C97D461A6C0000E8D8F,Maj,2.6230212765957446,T-shirt
01083 T-Shirt unisex hvid k/æ P/B,Alm.slid uden restværdi,1,940,79,30155C97D461A6C0000E8E0A,Maj,2.558255319148936,T-shirt
01083 T-Shirt unisex hvid k/æ P/B,Alm.slid uden restværdi,1,939,60,30155C97D461A6C0000F1353,Maj,1.9450479233226836,T-shirt
09385 T-Shirt Hvid B/P M Arla Tryk,Alm.slid uden restværdi,1,939,77,30155C97D461A7C0027CFC7B,Maj,2.4961448349307775,T-shirt
10981 T-shirt prowear dame hvid pb,Alm.slid uden restværdi,1,939,76,30155C97D461A7C002951EF6,Maj,2.4637273695420663,T-shirt
01083 T-Shirt unisex hvid k/æ P/B,Alm.slid uden restværdi,1,938,98,30155C97D461A6C0000F1FBA,Maj,3.1802985074626866,T-shirt
01083 T-Shirt unisex hvid k/æ P/B,Alm.slid uden restværdi,1,937,69,30155C97D461A6C0000F1FA2,Maj,2.2415795090715047,T-shirt
01083 T-Shirt unisex hvid k/æ P/B,Alm.slid uden restværdi,1,937,79,30155C97D461A6C0000F20C9,Maj,2.5664461045891143,T-shirt
01083 T-Shirt unisex hvid k/æ P/B,Alm.slid uden restværdi,1,937,53,30155C97D461A6C0000F2136,Maj,1.7217929562433298,T-shirt
01083 T-Shirt unisex hvid k/æ P/B,Alm.slid uden restværdi,1,937,79,30155C97D461A6C0000F2141,Maj,2.5664461045891143,T-shirt
01083 T-Shirt unisex hvid k/æ P/B,Alm.slid uden restværdi,1,929,85,30155C97D461A6C0000EDD8F,Maj,2.785145317545748,T-shirt
01083 T-Shirt unisex hvid k/æ P/B,Alm.slid uden restværdi,1,928,88,30155C97D461A6C0000E8DD8,Maj,2.886551724137931,T-shirt
01083 T-Shirt unisex hvid k/æ P/B,Alm.slid uden restværdi,1,928,80,30155C97D461A6C0000E8DDC,Maj,2.624137931034483,T-shirt
01083 T-Shirt unisex hvid k/æ P/B,Alm.slid uden restværdi,1,928,82,30155C97D461A6C0000E8DF8,Maj,2.6897413793103446,T-shirt
01083 T-Shirt unisex hvid k/æ P/B,Alm.slid uden restværdi,1,925,85,30155C97D461A6C0000E8DBE,Maj,2.7971891891891896,T-shirt
01083 T-Shirt unisex hvid k/æ P/B,Alm.slid uden restværdi,1,925,45,30155C97D461A6C0000F1336,Maj,1.480864864864865,T-shirt
01083 T-Shirt unisex hvid k/æ P/B,Alm.slid uden restværdi,1,924,49,30155C97D461A6C0000F0F06,Maj,1.6142424242424243,T-shirt
01083 T-Shirt unisex hvid k/æ P/B,Alm.slid uden restværdi,1,924,60,30155C97D461A6C0000F1351,Maj,1.9766233766233765,T-shirt
09385 T-Shirt Hvid B/P M Arla Tryk,Alm.slid uden restværdi,1,921,45,30155C97D461A7C0029188C2,Maj,1.4872964169381109,T-shirt
01083 T-Shirt unisex hvid k/æ P/B,Alm.slid uden restværdi,1,919,51,30155C97D461A6C0000E7E83,Maj,1.6892709466811753,T-shirt
01083 T-Shirt unisex hvid k/æ P/B,Alm.slid uden restværdi,1,919,88,30155C97D461A6C0000E8D80,Maj,2.9148204570184983,T-shirt
01083 T-Shirt unisex hvid k/æ P/B,Alm.slid uden restværdi,1,919,20,30155C97D461A7C00219028E,Maj,0.6624591947769315,T-shirt
01083 T-Shirt unisex hvid k/æ P/B,Alm.slid uden restværdi,1,918,78,30155C97D461A6C0000E8CE4,Maj,2.5864052287581702,T-shirt
01083 T-Shirt unisex hvid k/æ P/B,Alm.slid uden restværdi,1,917,75,30155C97D461A6C000357011,Maj,2.4896401308615053,T-shirt
01083 T-Shirt unisex hvid k/æ P/B,Alm.slid uden restværdi,1,917,64,30155C97D461A6C00035702B,Maj,2.1244929116684843,T-shirt
01083 T-Shirt unisex hvid k/æ P/B,Alm.slid uden restværdi,1,915,91,30155C97D461A6C000143433,Maj,3.0273661202185793,T-shirt
01083 T-Shirt unisex hvid k/æ P/B,Alm.slid uden restværdi,1,908,86,30155C97D461A6C00012749C,Maj,2.8830837004405288,T-shirt
01083 T-Shirt unisex hvid k/æ P/B,Alm.slid uden restværdi,1,908,82,30155C97D461A6C000127601,Maj,2.748986784140969,T-shirt
01083 T-Shirt unisex hvid k/æ P/B,Alm.slid uden restværdi,1,907,108,30155C97D461A6C00016FD01,Maj,3.624608599779493,T-shirt
09385 T-Shirt Hvid B/P M Arla Tryk,Alm.slid uden restværdi,1,903,38,30155C97D461A7C002918900,Maj,1.2809745293466224,T-shirt
"07859 T-Shirt L/Æ, Hvid p/b",Alm.slid uden restværdi,1,896,25,30155C97D461A6C00016F140,Maj,0.8493303571428572,T-shirt
01083 T-Shirt unisex hvid k/æ P/B,Alm.slid uden restværdi,1,893,41,30155C97D461A7C0022FB286,Maj,1.3975811870100785,T-shirt
09385 T-Shirt Hvid B/P M Arla Tryk,Alm.slid uden restværdi,1,890,36,30155C97D461A7C0027CB982,Maj,1.2312808988764046,T-shirt
09385 T-Shirt Hvid B/P M Arla Tryk,Alm.slid uden restværdi,1,884,49,30155C97D461A6C00013F0D4,Maj,1.6872850678733031,T-shirt
09385 T-Shirt Hvid B/P M Arla Tryk,Alm.slid uden restværdi,1,884,45,30155C97D461A6C00013F167,Maj,1.5495475113122172,T-shirt
01083 T-Shirt unisex hvid k/æ P/B,Alm.slid uden restværdi,1,875,54,30155C97D461A6C0000F7D27,Maj,1.8785828571428573,T-shirt
09385 T-Shirt Hvid B/P M Arla Tryk,Alm.slid uden restværdi,1,875,29,30155C97D461A7C0027CBAC2,Maj,1.0088685714285714,T-shirt
09385 T-Shirt Hvid B/P M Arla Tryk,Alm.slid uden restværdi,1,871,46,30155C97D461A6C00012B153,Maj,1.6076234213547647,T-shirt
01083 T-Shirt unisex hvid k/æ P/B,Alm.slid uden restværdi,1,868,43,30155C97D461A6C0000F7B62,Maj,1.5079723502304148,T-shirt
09385 T-Shirt Hvid B/P M Arla Tryk,Alm.slid uden restværdi,1,861,30,30155C97D461A6C0001274FE,Maj,1.0606271777003484,T-shirt
01083 T-Shirt unisex hvid k/æ P/B,Alm.slid uden restværdi,1,860,76,30155C97D461A6C0002CE0E2,Maj,2.690046511627907,T-shirt
01083 T-Shirt unisex hvid k/æ P/B,Alm.slid uden restværdi,1,860,71,30155C97D461A6C0002CE215,Maj,2.5130697674418605,T-shirt
01083 T-Shirt unisex hvid k/æ P/B,Alm.slid uden restværdi,1,853,73,30155C97D461A6C0002CE17C,Maj,2.6050644783118404,T-shirt
09385 T-Shirt Hvid B/P M Arla Tryk,Alm.slid uden restværdi,1,848,43,30155C97D461A6C00013F8B0,Maj,1.5435377358490567,T-shirt
09385 T-Shirt Hvid B/P M Arla Tryk,Alm.slid uden restværdi,1,847,32,00D00B4E8EEB,Maj,1.1500354191263282,T-shirt
09385 T-Shirt Hvid B/P M Arla Tryk,Alm.slid uden restværdi,1,847,33,30155C97D461A6C00017170D,Maj,1.185974025974026,T-shirt
03850 T-Shirt Hvid Lady K/Æ P/B,Alm.slid uden restværdi,1,846,63,30155C97D461A7C000E0821A,Maj,2.266808510638298,T-shirt
01083 T-Shirt unisex hvid k/æ P/B,Alm.slid uden restværdi,1,845,52,30155C97D461A6C0000FAE62,Maj,1.8732307692307695,T-shirt
01083 T-Shirt unisex hvid k/æ P/B,Alm.slid uden restværdi,1,834,71,30155C97D461A6C0002F060C,Maj,2.591414868105516,T-shirt
"07859 T-Shirt L/Æ, Hvid p/b",Alm.slid uden restværdi,1,832,47,30155C97D461A6C0002F0DB1,Maj,1.7195673076923077,T-shirt
"07859 T-Shirt L/Æ, Hvid p/b",Alm.slid uden restværdi,1,832,32,30155C97D461A6C000306971,Maj,1.1707692307692308,T-shirt
03850 T-Shirt Hvid Lady K/Æ P/B,Alm.slid uden restværdi,1,827,32,30155C97D461A7C000E09A4D,Maj,1.1778476420798065,T-shirt
01083 T-Shirt unisex hvid k/æ P/B,Alm.slid uden restværdi,1,807,18,30155C97D461A6C00020F144,Maj,0.6789591078066914,T-shirt
01083 T-Shirt unisex hvid k/æ P/B,Alm.slid uden restværdi,1,807,20,30155C97D461A6C00020F1AB,Maj,0.7543990086741017,T-shirt
01083 T-Shirt unisex hvid k/æ P/B,Alm.slid uden restværdi,1,807,24,30155C97D461A6C00020FB27,Maj,0.9052788104089219,T-shirt
09385 T-Shirt Hvid B/P M Arla Tryk,Alm.slid uden restværdi,1,806,36,30155C97D461A6C00012CECE,Maj,1.3596029776674938,T-shirt
10981 T-shirt prowear dame hvid pb,Alm.slid uden restværdi,1,806,36,30155C97D461A6C0001B3AC2,Maj,1.3596029776674938,T-shirt
09385 T-Shirt Hvid B/P M Arla Tryk,Alm.slid uden restværdi,1,803,29,30155C97D461A6C0001423E4,Maj,1.0993275217932752,T-shirt
09385 T-Shirt Hvid B/P M Arla Tryk,Alm.slid uden restværdi,1,798,35,30155C97D461A6C00012D073,Maj,1.3350877192982455,T-shirt
01083 T-Shirt unisex hvid k/æ P/B,Alm.slid uden restværdi,1,797,51,30155C97D461A6C00020FB39,Maj,1.9478544542032623,T-shirt
01083 T-Shirt unisex hvid k/æ P/B,Alm.slid uden restværdi,1,789,62,30155C97D461A6C0003A3A9A,Maj,2.3919898605830165,T-shirt
01083 T-Shirt unisex hvid k/æ P/B,Alm.slid uden restværdi,1,789,49,30155C97D461A6C0003A6B25,Maj,1.890443599493029,T-shirt
01083 T-Shirt unisex hvid k/æ P/B,Alm.slid uden restværdi,1,785,49,30155C97D461A6C0003A428F,Maj,1.9000764331210191,T-shirt
01083 T-Shirt unisex hvid k/æ P/B,Alm.slid uden restværdi,1,784,80,30155C97D461A6C00030DA95,Maj,3.106122448979592,T-shirt
01083 T-Shirt unisex hvid k/æ P/B,Alm.slid uden restværdi,1,783,63,30155C97D461A6C0002112D3,Maj,2.4491954022988507,T-shirt
"07859 T-Shirt L/Æ, Hvid p/b",Alm.slid uden restværdi,1,783,39,30155C97D461A6C0002F7AF1,Maj,1.516168582375479,T-shirt
"07859 T-Shirt L/Æ, Hvid p/b",Alm.slid uden restværdi,1,783,38,30155C97D461A6C0002F7B03,Maj,1.4772924648786718,T-shirt
"07859 T-Shirt L/Æ, Hvid p/b",Alm.slid uden restværdi,1,783,17,30155C97D461A6C0002F7BD1,Maj,0.6608939974457216,T-shirt
"07859 T-Shirt L/Æ, Hvid p/b",Alm.slid uden restværdi,1,783,50,30155C97D461A6C0002F7C1A,Maj,1.9438058748403577,T-shirt
"07859 T-Shirt L/Æ, Hvid p/b",Alm.slid uden restværdi,1,783,25,30155C97D461A6C0002F7C1E,Maj,0.9719029374201789,T-shirt
"07859 T-Shirt L/Æ, Hvid p/b",Alm.slid uden restværdi,1,783,16,30155C97D461A6C0002F88D9,Maj,0.6220178799489144,T-shirt
"07859 T-Shirt L/Æ, Hvid p/b",Alm.slid uden restværdi,1,783,26,30155C97D461A6C0002F892A,Maj,1.010779054916986,T-shirt
"07859 T-Shirt L/Æ, Hvid p/b",Alm.slid uden restværdi,1,783,14,30155C97D461A6C0002F8967,Maj,0.5442656449553002,T-shirt
"07859 T-Shirt L/Æ, Hvid p/b",Alm.slid uden restværdi,1,783,43,30155C97D461A6C0002F89D5,Maj,1.6716730523627077,T-shirt
"07859 T-Shirt L/Æ, Hvid p/b",Alm.slid uden restværdi,1,783,9,30155C97D461A6C0002F89D8,Maj,0.34988505747126436,T-shirt
"07859 T-Shirt L/Æ, Hvid p/b",Alm.slid uden restværdi,1,783,43,30155C97D461A6C0002F8A55,Maj,1.6716730523627077,T-shirt
09385 T-Shirt Hvid B/P M Arla Tryk,Alm.slid uden restværdi,1,781,56,30155C97D461A6C00013F7AB,Maj,2.182637644046095,T-shirt
01083 T-Shirt unisex hvid k/æ P/B,Alm.slid uden restværdi,1,778,67,30155C97D461A6C0003A6B1D,Maj,2.621439588688946,T-shirt
03850 T-Shirt Hvid Lady K/Æ P/B,Alm.slid uden restværdi,1,766,27,30155C97D461A7C000E09043,Maj,1.0729503916449088,T-shirt
09385 T-Shirt Hvid B/P M Arla Tryk,Alm.slid uden restværdi,1,763,35,00D00B4E7958,Maj,1.396330275229358,T-shirt
09385 T-Shirt Hvid B/P M Arla Tryk,Alm.slid uden restværdi,1,742,34,30155C97D461A6C00012A4FD,Maj,1.3948247978436659,T-shirt
09385 T-Shirt Hvid B/P M Arla Tryk,Alm.slid uden restværdi,1,741,52,30155C97D461A6C00012D194,Maj,2.136140350877193,T-shirt
09385 T-Shirt Hvid B/P M Arla Tryk,Alm.slid uden restværdi,1,739,36,30155C97D461A6C00012A3F0,Maj,1.4828687415426252,T-shirt
01083 T-Shirt unisex hvid k/æ P/B,Alm.slid uden restværdi,1,736,32,30155C97D461A6C0002FF32D,Maj,1.3234782608695652,T-shirt
01083 T-Shirt unisex hvid k/æ P/B,Alm.slid uden restværdi,1,729,61,30155C97D461A6C0002FC9B8,Maj,2.5471056241426613,T-shirt
"07859 T-Shirt L/Æ, Hvid p/b",Alm.slid uden restværdi,1,727,31,30155C97D461A6C0000F953E,Maj,1.2979917469050894,T-shirt
01083 T-Shirt unisex hvid k/æ P/B,Alm.slid uden restværdi,1,721,64,30155C97D461A6C000B10B61,Maj,2.7020249653259363,T-shirt
03850 T-Shirt Hvid Lady K/Æ P/B,Alm.slid uden restværdi,1,716,17,30155C97D461A7C001D53823,Maj,0.7227374301675977,T-shirt
01083 T-Shirt unisex hvid k/æ P/B,Alm.slid uden restværdi,1,712,68,30155C97D461A6C00084067F,Maj,2.907191011235955,T-shirt
01083 T-Shirt unisex hvid k/æ P/B,Alm.slid uden restværdi,1,701,59,30155C97D461A6C00081A449,Maj,2.5619971469329528,T-shirt
01083 T-Shirt unisex hvid k/æ P/B,Alm.slid uden restværdi,1,698,48,30155C97D461A6C000B000B8,Maj,2.093295128939828,T-shirt
01083 T-Shirt unisex hvid k/æ P/B,Alm.slid uden restværdi,1,694,22,30155C97D461A6C000B9C14F,Maj,0.964956772334294,T-shirt
01083 T-Shirt unisex hvid k/æ P/B,Alm.slid uden restværdi,1,694,25,30155C97D461A6C000B9C1B6,Maj,1.0965417867435159,T-shirt
01083 T-Shirt unisex hvid k/æ P/B,Alm.slid uden restværdi,1,694,47,30155C97D461A6C000B9C29D,Maj,2.0614985590778097,T-shirt
01083 T-Shirt unisex hvid k/æ P/B,Alm.slid uden restværdi,1,694,63,30155C97D461A6C000B9C30F,Maj,2.76328530259366,T-shirt
01083 T-Shirt unisex hvid k/æ P/B,Alm.slid uden restværdi,1,694,53,30155C97D461A6C000B9C313,Maj,2.3246685878962534,T-shirt
10981 T-shirt prowear dame hvid pb,Alm.slid uden restværdi,1,692,16,30155C97D461A6C00020F7E2,Maj,0.7038150289017341,T-shirt
01083 T-Shirt unisex hvid k/æ P/B,Alm.slid uden restværdi,1,690,46,30155C97D461A7C0022A2C0C,Maj,2.029333333333333,T-shirt
01083 T-Shirt unisex hvid k/æ P/B,Alm.slid uden restværdi,1,685,48,30155C97D461A6C0008C2DAF,Maj,2.1330218978102193,T-shirt
01083 T-Shirt unisex hvid k/æ P/B,Alm.slid uden restværdi,1,684,69,30155C97D461A6C0008C2F5D,Maj,3.070701754385965,T-shirt
01083 T-Shirt unisex hvid k/æ P/B,Alm.slid uden restværdi,1,682,84,30155C97D461A6C000B09AAF,Maj,3.7492082111436953,T-shirt
09385 T-Shirt Hvid B/P M Arla Tryk,Alm.slid uden restværdi,1,680,29,30155C97D461A6C0002F8AB1,Maj,1.2981764705882355,T-shirt
01083 T-Shirt unisex hvid k/æ P/B,Alm.slid uden restværdi,1,679,18,30155C97D461A6C0008C37A8,Maj,0.8069513991163476,T-shirt
01083 T-Shirt unisex hvid k/æ P/B,Alm.slid uden restværdi,1,678,35,30155C97D461A6C000B19249,Maj,1.5713864306784662,T-shirt
01083 T-Shirt unisex hvid k/æ P/B,Alm.slid uden restværdi,1,661,54,30155C97D461A6C000B1C64F,Maj,2.4867776096822993,T-shirt
09385 T-Shirt Hvid B/P M Arla Tryk,Alm.slid uden restværdi,1,659,23,30155C97D461A7C0027CBC74,Maj,1.0623975720789076,T-shirt
01083 T-Shirt unisex hvid k/æ P/B,Alm.slid uden restværdi,1,655,20,30155C97D461A6C000B17D21,Maj,0.9294656488549619,T-shirt
01083 T-Shirt unisex hvid k/æ P/B,Alm.slid uden restværdi,1,655,26,30155C97D461A6C000B17DED,Maj,1.2083053435114504,T-shirt
09385 T-Shirt Hvid B/P M Arla Tryk,Alm.slid uden restværdi,1,631,19,30155C97D461A6C00013F561,Maj,0.9165768621236133,T-shirt
01083 T-Shirt unisex hvid k/æ P/B,Alm.slid uden restværdi,1,629,26,30155C97D461A6C000B9F229,Maj,1.2582511923688393,T-shirt
01083 T-Shirt unisex hvid k/æ P/B,Alm.slid uden restværdi,1,629,22,30155C97D461A6C000B9F505,Maj,1.0646740858505563,T-shirt
01083 T-Shirt unisex hvid k/æ P/B,Alm.slid uden restværdi,1,617,49,30155C97D461A6C0008BE35D,Maj,2.4174392220421392,T-shirt
09385 T-Shirt Hvid B/P M Arla Tryk,Alm.slid uden restværdi,1,613,28,00D00B2A3272,Maj,1.3904078303425775,T-shirt
09385 T-Shirt Hvid B/P M Arla Tryk,Alm.slid uden restværdi,1,599,26,30155C97D461A6C00012A234,Maj,1.3212687813021704,T-shirt
10981 T-shirt prowear dame hvid pb,Alm.slid uden restværdi,1,580,18,30155C97D461A7C00291D3D8,Maj,0.9446896551724138,T-shirt
10981 T-shirt prowear dame hvid pb,Alm.slid uden restværdi,1,544,12,30155C97D461A6C000B19352,Maj,0.6714705882352942,T-shirt
01083 T-Shirt unisex hvid k/æ P/B,Alm.slid uden restværdi,1,531,32,30155C97D461A6C0015BB5EB,Maj,1.8344256120527307,T-shirt
10981 T-shirt prowear dame hvid pb,Alm.slid uden restværdi,1,527,23,30155C97D461A6C0005CD1C3,Maj,1.3285009487666033,T-shirt
01083 T-Shirt unisex hvid k/æ P/B,Alm.slid uden restværdi,1,524,53,30155C97D461A6C0015BB784,Maj,3.0788549618320613,T-shirt
09385 T-Shirt Hvid B/P M Arla Tryk,Alm.slid uden restværdi,1,523,18,30155C97D461A6C000E206A2,Maj,1.0476481835564053,T-shirt
01083 T-Shirt unisex hvid k/æ P/B,Alm.slid uden restværdi,1,509,36,30155C97D461A6C0012FD963,Maj,2.152927308447937,T-shirt
01083 T-Shirt unisex hvid k/æ P/B,Alm.slid uden restværdi,1,505,23,30155C97D461A6C00130141B,Maj,1.3863762376237625,T-shirt
01083 T-Shirt unisex hvid k/æ P/B,Alm.slid uden restværdi,1,505,22,30155C97D461A6C00130142A,Maj,1.3260990099009902,T-shirt
01083 T-Shirt unisex hvid k/æ P/B,Alm.slid uden restværdi,1,505,22,30155C97D461A6C00130142D,Maj,1.3260990099009902,T-shirt
01083 T-Shirt unisex hvid k/æ P/B,Alm.slid uden restværdi,1,505,21,30155C97D461A6C0013014A8,Maj,1.2658217821782178,T-shirt
01083 T-Shirt unisex hvid k/æ P/B,Alm.slid uden restværdi,1,505,20,30155C97D461A6C0013014B0,Maj,1.2055445544554455,T-shirt
01083 T-Shirt unisex hvid k/æ P/B,Alm.slid uden restværdi,1,505,19,30155C97D461A6C0013014BC,Maj,1.1452673267326732,T-shirt
01083 T-Shirt unisex hvid k/æ P/B,Alm.slid uden restværdi,1,505,19,30155C97D461A6C00130150C,Maj,1.1452673267326732,T-shirt
01083 T-Shirt unisex hvid k/æ P/B,Alm.slid uden restværdi,1,505,22,30155C97D461A6C001301528,Maj,1.3260990099009902,T-shirt
01083 T-Shirt unisex hvid k/æ P/B,Alm.slid uden restværdi,1,505,19,30155C97D461A6C001301552,Maj,1.1452673267326732,T-shirt
01083 T-Shirt unisex hvid k/æ P/B,Alm.slid uden restværdi,1,498,8,30155C97D461A6C0012E9FED,Maj,0.48899598393574295,T-shirt
09385 T-Shirt Hvid B/P M Arla Tryk,Alm.slid uden restværdi,1,491,29,30155C97D461A6C0002F8C27,Maj,1.7978818737270876,T-shirt
10981 T-shirt prowear dame hvid pb,Alm.slid uden restværdi,1,474,9,30155C97D461A6C0015B3BD2,Maj,0.5779746835443038,T-shirt
10981 T-shirt prowear dame hvid pb,Alm.slid uden restværdi,1,474,10,30155C97D461A6C0015B3C7E,Maj,0.6421940928270042,T-shirt
09385 T-Shirt Hvid B/P M Arla Tryk,Alm.slid uden restværdi,1,469,20,00D00B4EF635,Maj,1.2980810234541578,T-shirt
09385 T-Shirt Hvid B/P M Arla Tryk,Alm.slid uden restværdi,1,464,24,30155C97D461A6C000B098B6,Maj,1.5744827586206898,T-shirt
01083 T-Shirt unisex hvid k/æ P/B,Alm.slid uden restværdi,1,462,15,30155C97D461A6C0012E8F4E,Maj,0.9883116883116883,T-shirt
10981 T-shirt prowear dame hvid pb,Alm.slid uden restværdi,1,455,11,30155C97D461A6C00090FC21,Maj,0.735912087912088,T-shirt
10981 T-shirt prowear dame hvid pb,Alm.slid uden restværdi,1,446,10,30155C97D461A6C0007077CA,Maj,0.6825112107623318,T-shirt
10981 T-shirt prowear dame hvid pb,Alm.slid uden restværdi,1,430,10,30155C97D461A6C0015B94D0,Maj,0.707906976744186,T-shirt
01083 T-Shirt unisex hvid k/æ P/B,Alm.slid uden restværdi,1,427,16,30155C97D461A6C0012FF565,Maj,1.140608899297424,T-shirt
01083 T-Shirt unisex hvid k/æ P/B,Alm.slid uden restværdi,1,414,42,30155C97D461A6C0012FCDDB,Maj,3.0881159420289856,T-shirt
01083 T-Shirt unisex hvid k/æ P/B,Alm.slid uden restværdi,1,414,45,30155C97D461A6C0012FD1B8,Maj,3.3086956521739133,T-shirt
01083 T-Shirt unisex hvid k/æ P/B,Alm.slid uden restværdi,1,414,42,30155C97D461A6C0012FD27A,Maj,3.0881159420289856,T-shirt
10981 T-shirt prowear dame hvid pb,Alm.slid uden restværdi,1,411,21,30155C97D461A6C0008D19CD,Maj,1.5553284671532848,T-shirt
01083 T-Shirt unisex hvid k/æ P/B,Alm.slid uden restværdi,1,405,30,30155C97D461A6C00090BC58,Maj,2.254814814814815,T-shirt
10981 T-shirt prowear dame hvid pb,Alm.slid uden restværdi,1,404,14,30155C97D461A6C0015B6039,Maj,1.054851485148515,T-shirt
10981 T-shirt prowear dame hvid pb,Alm.slid uden restværdi,1,398,11,30155C97D461A6C000356FFD,Maj,0.8413065326633167,T-shirt
10981 T-shirt prowear dame hvid pb,Alm.slid uden restværdi,1,388,10,30155C97D461A6C0012BF640,Maj,0.7845360824742268,T-shirt
10981 T-shirt prowear dame hvid pb,Alm.slid uden restværdi,1,379,14,30155C97D461A4C00093975C,Maj,1.1244327176781004,T-shirt
10981 T-shirt prowear dame hvid pb,Alm.slid uden restværdi,1,379,21,30155C97D461A4C0009397B9,Maj,1.6866490765171505,T-shirt
09385 T-Shirt Hvid B/P M Arla Tryk,Alm.slid uden restværdi,1,374,12,30155C97D461A6C0012EB679,Maj,0.9766844919786097,T-shirt
01083 T-Shirt unisex hvid k/æ P/B,Alm.slid uden restværdi,1,360,33,30155C97D461A6C0009064C7,Maj,2.7903333333333333,T-shirt
01083 T-Shirt unisex hvid k/æ P/B,Alm.slid uden restværdi,1,360,7,30155C97D461A6C000906527,Maj,0.5918888888888889,T-shirt
01083 T-Shirt unisex hvid k/æ P/B,Alm.slid uden restværdi,1,360,7,30155C97D461A6C000906585,Maj,0.5918888888888889,T-shirt
01083 T-Shirt unisex hvid k/æ P/B,Alm.slid uden restværdi,1,360,13,30155C97D461A6C00090663B,Maj,1.099222222222222,T-shirt
01083 T-Shirt unisex hvid k/æ P/B,Alm.slid uden restværdi,1,360,18,30155C97D461A6C000906641,Maj,1.5220000000000002,T-shirt
01083 T-Shirt unisex hvid k/æ P/B,Alm.slid uden restværdi,1,360,34,30155C97D461A6C000906648,Maj,2.874888888888889,T-shirt
01083 T-Shirt unisex hvid k/æ P/B,Alm.slid uden restværdi,1,360,34,30155C97D461A6C00090664B,Maj,2.874888888888889,T-shirt
01083 T-Shirt unisex hvid k/æ P/B,Alm.slid uden restværdi,1,360,30,30155C97D461A6C000906698,Maj,2.5366666666666666,T-shirt
01083 T-Shirt unisex hvid k/æ P/B,Alm.slid uden restværdi,1,360,26,30155C97D461A6C00090669A,Maj,2.198444444444444,T-shirt
03850 T-Shirt Hvid Lady K/Æ P/B,Alm.slid uden restværdi,1,343,5,30155C97D461A7C000B95F60,Maj,0.443731778425656,T-shirt
03850 T-Shirt Hvid Lady K/Æ P/B,Alm.slid uden restværdi,1,343,6,30155C97D461A7C000B96070,Maj,0.5324781341107873,T-shirt
01083 T-Shirt unisex hvid k/æ P/B,Alm.slid uden restværdi,1,340,19,30155C97D461A6C0009064BE,Maj,1.701058823529412,T-shirt
01083 T-Shirt unisex hvid k/æ P/B,Alm.slid uden restværdi,1,339,12,30155C97D461A6C000906526,Maj,1.0775221238938053,T-shirt
01083 T-Shirt unisex hvid k/æ P/B,Alm.slid uden restværdi,1,330,11,30155C97D461A4C0009356A6,Maj,1.0146666666666666,T-shirt
01083 T-Shirt unisex hvid k/æ P/B,Alm.slid uden restværdi,1,330,10,30155C97D461A4C0009356E1,Maj,0.9224242424242425,T-shirt
01083 T-Shirt unisex hvid k/æ P/B,Alm.slid uden restværdi,1,330,11,30155C97D461A4C00093581F,Maj,1.0146666666666666,T-shirt
01083 T-Shirt unisex hvid k/æ P/B,Alm.slid uden restværdi,1,330,9,30155C97D461A4C00093585E,Maj,0.8301818181818181,T-shirt
01083 T-Shirt unisex hvid k/æ P/B,Alm.slid uden restværdi,1,329,22,30155C97D461A6C0013015BB,Maj,2.035501519756839,T-shirt
01083 T-Shirt unisex hvid k/æ P/B,Alm.slid uden restværdi,1,325,13,30155C97D461A4C000924D33,Maj,1.2176,T-shirt
01083 T-Shirt unisex hvid k/æ P/B,Alm.slid uden restværdi,1,322,6,30155C97D461A4C0009356D0,Maj,0.5672049689440994,T-shirt
10981 T-shirt prowear dame hvid pb,Alm.slid uden restværdi,1,320,16,30155C97D461A6C000BA142D,Maj,1.5220000000000002,T-shirt
10981 T-shirt prowear dame hvid pb,Alm.slid uden restværdi,1,317,16,30155C97D461A6C000BA1473,Maj,1.536403785488959,T-shirt
09385 T-Shirt Hvid B/P M Arla Tryk,Alm.slid uden restværdi,1,316,20,30155C97D461A6C000900892,Maj,1.926582278481013,T-shirt
01083 T-Shirt unisex hvid k/æ P/B,Alm.slid uden restværdi,1,271,26,30155C97D461A6C0010D44CD,Maj,2.9204428044280446,T-shirt
01083 T-Shirt unisex hvid k/æ P/B,Alm.slid uden restværdi,1,269,17,30155C97D461A6C0019D07E1,Maj,1.923717472118959,T-shirt
09385 T-Shirt Hvid B/P M Arla Tryk,Alm.slid uden restværdi,1,263,11,30155C97D461A4C000938737,Maj,1.2731558935361216,T-shirt
10981 T-shirt prowear dame hvid pb,Alm.slid uden restværdi,1,263,6,30155C97D461A4C00065383C,Maj,0.6944486692015209,T-shirt
10981 T-shirt prowear dame hvid pb,Alm.slid uden restværdi,1,263,5,30155C97D461A4C00065391D,Maj,0.5787072243346008,T-shirt
09385 T-Shirt Hvid B/P M Arla Tryk,Alm.slid uden restværdi,1,261,17,30155C97D461A4C000BE757C,Maj,1.9826819923371646,T-shirt
01083 T-Shirt unisex hvid k/æ P/B,Alm.slid uden restværdi,1,246,12,30155C97D461A6C001B326A0,Maj,1.484878048780488,T-shirt
01083 T-Shirt unisex hvid k/æ P/B,Alm.slid uden restværdi,1,246,22,30155C97D461A6C001B3274D,Maj,2.722276422764228,T-shirt
01083 T-Shirt unisex hvid k/æ P/B,Alm.slid uden restværdi,1,246,16,30155C97D461A6C001B32752,Maj,1.979837398373984,T-shirt
01083 T-Shirt unisex hvid k/æ P/B,Alm.slid uden restværdi,1,246,19,30155C97D461A6C001B32756,Maj,2.3510569105691057,T-shirt
01083 T-Shirt unisex hvid k/æ P/B,Alm.slid uden restværdi,1,246,14,30155C97D461A6C001B3277C,Maj,1.7323577235772358,T-shirt
01083 T-Shirt unisex hvid k/æ P/B,Alm.slid uden restværdi,1,246,10,30155C97D461A6C001B327BD,Maj,1.2373983739837398,T-shirt
01083 T-Shirt unisex hvid k/æ P/B,Alm.slid uden restværdi,1,246,11,30155C97D461A6C001B327CD,Maj,1.361138211382114,T-shirt
01083 T-Shirt unisex hvid k/æ P/B,Alm.slid uden restværdi,1,246,14,30155C97D461A6C001B327D0,Maj,1.7323577235772358,T-shirt
01083 T-Shirt unisex hvid k/æ P/B,Alm.slid uden restværdi,1,246,9,30155C97D461A6C001B327D1,Maj,1.1136585365853657,T-shirt
01083 T-Shirt unisex hvid k/æ P/B,Alm.slid uden restværdi,1,246,10,30155C97D461A6C001B327D2,Maj,1.2373983739837398,T-shirt
01083 T-Shirt unisex hvid k/æ P/B,Alm.slid uden restværdi,1,246,17,30155C97D461A6C001B32817,Maj,2.1035772357723577,T-shirt
01083 T-Shirt unisex hvid k/æ P/B,Alm.slid uden restværdi,1,246,19,30155C97D461A6C001B32832,Maj,2.3510569105691057,T-shirt
"07859 T-Shirt L/Æ, Hvid p/b",Alm.slid uden restværdi,1,226,10,30155C97D461A6C0010EEF98,Maj,1.3469026548672567,T-shirt
01083 T-Shirt unisex hvid k/æ P/B,Alm.slid uden restværdi,1,220,15,30155C97D461A6C0016037BE,Maj,2.075454545454545,T-shirt
01083 T-Shirt unisex hvid k/æ P/B,Alm.slid uden restværdi,1,217,2,30155C97D461A6C0010F2196,Maj,0.2805529953917051,T-shirt
"07859 T-Shirt L/Æ, Hvid p/b",Alm.slid uden restværdi,1,217,5,30155C97D461A6C0010EEF8F,Maj,0.7013824884792628,T-shirt
01083 T-Shirt unisex hvid k/æ P/B,Alm.slid uden restværdi,1,216,15,30155C97D461A6C0010F4C80,Maj,2.113888888888889,T-shirt
01083 T-Shirt unisex hvid k/æ P/B,Alm.slid uden restværdi,1,216,15,30155C97D461A6C0010F4C82,Maj,2.113888888888889,T-shirt
01083 T-Shirt unisex hvid k/æ P/B,Alm.slid uden restværdi,1,216,19,30155C97D461A6C0010F4DDC,Maj,2.677592592592593,T-shirt
10981 T-shirt prowear dame hvid pb,Alm.slid uden restværdi,1,216,9,30155C97D461A6C001B9BF8A,Maj,1.2683333333333333,T-shirt
10981 T-shirt prowear dame hvid pb,Alm.slid uden restværdi,1,216,12,30155C97D461A6C001B9C098,Maj,1.691111111111111,T-shirt
01083 T-Shirt unisex hvid k/æ P/B,Alm.slid uden restværdi,1,211,19,30155C97D461A6C000EB0B5D,Maj,2.741042654028436,T-shirt
10981 T-shirt prowear dame hvid pb,Alm.slid uden restværdi,1,211,8,30155C97D461A6C001B9BF7A,Maj,1.1541232227488154,T-shirt
01083 T-Shirt unisex hvid k/æ P/B,Alm.slid uden restværdi,1,210,15,30155C97D461A6C001A5D1B9,Maj,2.1742857142857144,T-shirt
09385 T-Shirt Hvid B/P M Arla Tryk,Alm.slid uden restværdi,1,207,12,30155C97D461A6C0010EF3F7,Maj,1.7646376811594204,T-shirt
01083 T-Shirt unisex hvid k/æ P/B,Alm.slid uden restværdi,1,192,18,30155C97D461A6C001600DB4,Maj,2.8537500000000002,T-shirt
09385 T-Shirt Hvid B/P M Arla Tryk,Alm.slid uden restværdi,1,177,10,30155C97D461A6C0010D657E,Maj,1.719774011299435,T-shirt
01083 T-Shirt unisex hvid k/æ P/B,Alm.slid uden restværdi,1,166,6,30155C97D461A6C0010E8FB5,Maj,1.1002409638554216,T-shirt
01083 T-Shirt unisex hvid k/æ P/B,Alm.slid uden restværdi,1,163,18,30155C97D461A6C001A6AC6D,Maj,3.3614723926380368,T-shirt
01083 T-Shirt unisex hvid k/æ P/B,Alm.slid uden restværdi,1,162,10,30155C97D461A6C001A67173,Maj,1.8790123456790124,T-shirt
01083 T-Shirt unisex hvid k/æ P/B,Alm.slid uden restværdi,1,148,7,30155C97D461A6C001A6D5CB,Maj,1.4397297297297298,T-shirt
01083 T-Shirt unisex hvid k/æ P/B,Alm.slid uden restværdi,1,133,7,30155C97D461A6C001A6AD4E,Maj,1.6021052631578947,T-shirt
01083 T-Shirt unisex hvid k/æ P/B,Alm.slid uden restværdi,1,132,10,30155C97D461A6C001A6E383,Maj,2.306060606060606,T-shirt
01083 T-Shirt unisex hvid k/æ P/B,Alm.slid uden restværdi,1,125,11,30155C97D461A6C001A5CF99,Maj,2.6787199999999998,T-shirt
01083 T-Shirt unisex hvid k/æ P/B,Alm.slid uden restværdi,1,114,11,30155C97D461A6C001A6B266,Maj,2.9371929824561405,T-shirt
01083 T-Shirt unisex hvid k/æ P/B,Alm.slid uden restværdi,1,84,1,30155C97D461A4C0010BE6BB,Maj,0.36238095238095236,T-shirt
01083 T-Shirt unisex hvid k/æ P/B,Alm.slid uden restværdi,1,78,5,30155C97D461A4C0010BE782,Maj,1.9512820512820512,T-shirt
09385 T-Shirt Hvid B/P M Arla Tryk,Alm.slid uden restværdi,1,76,4,30155C97D461A6C0012DEF90,Maj,1.6021052631578947,T-shirt
01083 T-Shirt unisex hvid k/æ P/B,Alm.slid uden restværdi,1,69,5,30155C97D461A4C000C05AF0,Maj,2.2057971014492757,T-shirt
01083 T-Shirt unisex hvid k/æ P/B,Alm.slid uden restværdi,1,62,1,30155C97D461A4C000F4C794,Maj,0.49096774193548387,T-shirt
01083 T-Shirt unisex hvid k/æ P/B,Alm.slid uden restværdi,1,52,0,30155C97D461A4C000F45318,Maj,0.0,T-shirt
01083 T-Shirt unisex hvid k/æ P/B,Alm.slid uden restværdi,1,52,0,30155C97D461A4C000F45329,Maj,0.0,T-shirt
01083 T-Shirt unisex hvid k/æ P/B,Alm.slid uden restværdi,1,52,0,30155C97D461A4C000F45346,Maj,0.0,T-shirt
01083 T-Shirt unisex hvid k/æ P/B,Alm.slid uden restværdi,1,45,0,30155C97D461A4C000F45332,Maj,0.0,T-shirt
01083 T-Shirt unisex hvid k/æ P/B,Alm.slid uden restværdi,1,45,0,30155C97D461A4C000F45497,Maj,0.0,T-shirt
01083 T-Shirt unisex hvid k/æ P/B,Alm.slid uden restværdi,1,45,0,30155C97D461A4C000F454B6,Maj,0.0,T-shirt
01083 T-Shirt unisex hvid k/æ P/B,Alm.slid uden restværdi,1,44,3,30155C97D461A6C0018E7D28,Maj,2.075454545454545,T-shirt
01083 T-Shirt unisex hvid k/æ P/B,Alm.slid uden restværdi,1,44,1,30155C97D461A6C0018E7E9E,Maj,0.6918181818181819,T-shirt
10981 T-shirt prowear dame hvid pb,Alm.slid uden restværdi,1,34,2,30155C97D461A4C000C014BE,Maj,1.7905882352941176,T-shirt
09385 T-Shirt Hvid B/P M Arla Tryk,Alm.slid uden restværdi,1,2792,116,00D008FE8DFB,"PLC, Product detaljeret, Aarhus, Mar. 2023.xlsx",1.2646991404011463,T-shirt
09667 T-Shirt V-Hals Hvid K.Æ.,Alm.slid uden restværdi,1,2776,76,00D009C1CFA9,"PLC, Product detaljeret, Aarhus, Mar. 2023.xlsx",0.8333717579250721,T-shirt
09385 T-Shirt Hvid B/P M Arla Tryk,Alm.slid uden restværdi,1,2758,104,00D0095A41C6,"PLC, Product detaljeret, Aarhus, Mar. 2023.xlsx",1.1478462654097172,T-shirt
09385 T-Shirt Hvid B/P M Arla Tryk,Alm.slid uden restværdi,1,2744,94,00D0095A55BE,"PLC, Product detaljeret, Aarhus, Mar. 2023.xlsx",1.0427696793002914,T-shirt
09667 T-Shirt V-Hals Hvid K.Æ.,Alm.slid uden restværdi,1,2734,83,00D009ADEFBE,"PLC, Product detaljeret, Aarhus, Mar. 2023.xlsx",0.9241111923920995,T-shirt
09385 T-Shirt Hvid B/P M Arla Tryk,Alm.slid uden restværdi,1,2604,98,00D009273CEA,"PLC, Product detaljeret, Aarhus, Mar. 2023.xlsx",1.1455913978494625,T-shirt
01083 T-Shirt unisex hvid k/æ P/B,Alm.slid uden restværdi,1,2520,137,00D009CF1D7D,"PLC, Product detaljeret, Aarhus, Mar. 2023.xlsx",1.654873015873016,T-shirt
09385 T-Shirt Hvid B/P M Arla Tryk,Alm.slid uden restværdi,1,2499,91,00D00952399F,"PLC, Product detaljeret, Aarhus, Mar. 2023.xlsx",1.1084593837535015,T-shirt
01083 T-Shirt unisex hvid k/æ P/B,Alm.slid uden restværdi,1,2449,120,00D009706B09,"PLC, Product detaljeret, Aarhus, Mar. 2023.xlsx",1.4915475704369132,T-shirt
09385 T-Shirt Hvid B/P M Arla Tryk,Alm.slid uden restværdi,1,2399,102,00D009270172,"PLC, Product detaljeret, Aarhus, Mar. 2023.xlsx",1.2942392663609839,T-shirt
09385 T-Shirt Hvid B/P M Arla Tryk,Alm.slid uden restværdi,1,2355,104,00D00970FAA5,"PLC, Product detaljeret, Aarhus, Mar. 2023.xlsx",1.344271762208068,T-shirt
01083 T-Shirt unisex hvid k/æ P/B,Alm.slid uden restværdi,1,2334,103,00D0093F8BCB,"PLC, Product detaljeret, Aarhus, Mar. 2023.xlsx",1.343324764353042,T-shirt
12396 T-shirt 1/2 æ lady hvid PB,Alm.slid uden restværdi,1,2330,22,00D009046B2E,"PLC, Product detaljeret, Aarhus, Mar. 2023.xlsx",0.2874163090128755,T-shirt
01083 T-Shirt unisex hvid k/æ P/B,Alm.slid uden restværdi,1,2261,106,00D0097875E5,"PLC, Product detaljeret, Aarhus, Mar. 2023.xlsx",1.4270853604599736,T-shirt
09385 T-Shirt Hvid B/P M Arla Tryk,Alm.slid uden restværdi,1,2233,117,00D00973DFE1,"PLC, Product detaljeret, Aarhus, Mar. 2023.xlsx",1.5949305866547245,T-shirt
09385 T-Shirt Hvid B/P M Arla Tryk,Alm.slid uden restværdi,1,2209,91,00D0097048A7,"PLC, Product detaljeret, Aarhus, Mar. 2023.xlsx",1.2539791760977819,T-shirt
09385 T-Shirt Hvid B/P M Arla Tryk,Alm.slid uden restværdi,1,2205,115,00D009993C92,"PLC, Product detaljeret, Aarhus, Mar. 2023.xlsx",1.5875736961451248,T-shirt
09385 T-Shirt Hvid B/P M Arla Tryk,Alm.slid uden restværdi,1,2201,103,00D00970D816,"PLC, Product detaljeret, Aarhus, Mar. 2023.xlsx",1.424497955474784,T-shirt
09385 T-Shirt Hvid B/P M Arla Tryk,Alm.slid uden restværdi,1,2197,102,00D0098EB3E1,"PLC, Product detaljeret, Aarhus, Mar. 2023.xlsx",1.4132362312243971,T-shirt
01083 T-Shirt unisex hvid k/æ P/B,Alm.slid uden restværdi,1,2164,121,30155C97D461A7C00092F4F1,"PLC, Product detaljeret, Aarhus, Mar. 2023.xlsx",1.7020517560073938,T-shirt
09385 T-Shirt Hvid B/P M Arla Tryk,Alm.slid uden restværdi,1,2099,87,30155C97D461A7C000856C97,"PLC, Product detaljeret, Aarhus, Mar. 2023.xlsx",1.261686517389233,T-shirt
09385 T-Shirt Hvid B/P M Arla Tryk,Alm.slid uden restværdi,1,2093,100,30155C97D461A7C000B99302,"PLC, Product detaljeret, Aarhus, Mar. 2023.xlsx",1.4543717152412805,T-shirt
09385 T-Shirt Hvid B/P M Arla Tryk,Alm.slid uden restværdi,1,2092,100,30155C97D461A7C000B9E405,"PLC, Product detaljeret, Aarhus, Mar. 2023.xlsx",1.4550669216061185,T-shirt
09385 T-Shirt Hvid B/P M Arla Tryk,Alm.slid uden restværdi,1,2088,118,00D009AD13D8,"PLC, Product detaljeret, Aarhus, Mar. 2023.xlsx",1.7202681992337165,T-shirt
01083 T-Shirt unisex hvid k/æ P/B,Alm.slid uden restværdi,1,2064,82,30155C97D461A7C000BBA8B4,"PLC, Product detaljeret, Aarhus, Mar. 2023.xlsx",1.209341085271318,T-shirt
01083 T-Shirt unisex hvid k/æ P/B,Alm.slid uden restværdi,1,2064,84,30155C97D461A7C000BBB854,"PLC, Product detaljeret, Aarhus, Mar. 2023.xlsx",1.2388372093023257,T-shirt
09385 T-Shirt Hvid B/P M Arla Tryk,Alm.slid uden restværdi,1,1997,78,00D00972F482,"PLC, Product detaljeret, Aarhus, Mar. 2023.xlsx",1.188943415122684,T-shirt
09385 T-Shirt Hvid B/P M Arla Tryk,Alm.slid uden restværdi,1,1996,54,30155C97D461A7C000B11453,"PLC, Product detaljeret, Aarhus, Mar. 2023.xlsx",0.8235270541082165,T-shirt
09385 T-Shirt Hvid B/P M Arla Tryk,Alm.slid uden restværdi,1,1996,81,30155C97D461A7C000BCFCC1,"PLC, Product detaljeret, Aarhus, Mar. 2023.xlsx",1.2352905811623247,T-shirt
09385 T-Shirt Hvid B/P M Arla Tryk,Alm.slid uden restværdi,1,1959,87,30155C97D461A7C000BCF77E,"PLC, Product detaljeret, Aarhus, Mar. 2023.xlsx",1.351852986217458,T-shirt
09385 T-Shirt Hvid B/P M Arla Tryk,Alm.slid uden restværdi,1,1942,84,30155C97D461A7C000F0C8D9,"PLC, Product detaljeret, Aarhus, Mar. 2023.xlsx",1.3166632337796087,T-shirt
01083 T-Shirt unisex hvid k/æ P/B,Alm.slid uden restværdi,1,1937,142,30155C97D461A7C000F0682B,"PLC, Product detaljeret, Aarhus, Mar. 2023.xlsx",2.231533298915849,T-shirt
01083 T-Shirt unisex hvid k/æ P/B,Alm.slid uden restværdi,1,1922,105,00D009ACD740,"PLC, Product detaljeret, Aarhus, Mar. 2023.xlsx",1.662955254942768,T-shirt
01083 T-Shirt unisex hvid k/æ P/B,Alm.slid uden restværdi,1,1922,98,00D009AF8D9E,"PLC, Product detaljeret, Aarhus, Mar. 2023.xlsx",1.5520915712799168,T-shirt
01083 T-Shirt unisex hvid k/æ P/B,Alm.slid uden restværdi,1,1913,136,30155C97D461A7C00117545E,"PLC, Product detaljeret, Aarhus, Mar. 2023.xlsx",2.1640564558285416,T-shirt
09385 T-Shirt Hvid B/P M Arla Tryk,Alm.slid uden restværdi,1,1898,113,30155C97D461A7C00116A2E0,"PLC, Product detaljeret, Aarhus, Mar. 2023.xlsx",1.812286617492097,T-shirt
09385 T-Shirt Hvid B/P M Arla Tryk,Alm.slid uden restværdi,1,1875,93,00D00AD58362,"PLC, Product detaljeret, Aarhus, Mar. 2023.xlsx",1.509824,T-shirt
09385 T-Shirt Hvid B/P M Arla Tryk,Alm.slid uden restværdi,1,1875,88,30155C97D461A7C000F026FC,"PLC, Product detaljeret, Aarhus, Mar. 2023.xlsx",1.4286506666666667,T-shirt
09385 T-Shirt Hvid B/P M Arla Tryk,Alm.slid uden restværdi,1,1868,93,30155C97D461A7C0011707CC,"PLC, Product detaljeret, Aarhus, Mar. 2023.xlsx",1.5154817987152036,T-shirt
09385 T-Shirt Hvid B/P M Arla Tryk,Alm.slid uden restværdi,1,1857,96,30155C97D461A7C000F0C8DC,"PLC, Product detaljeret, Aarhus, Mar. 2023.xlsx",1.5736348949919226,T-shirt
01083 T-Shirt unisex hvid k/æ P/B,Alm.slid uden restværdi,1,1836,107,30155C97D461A7C000F0171A,"PLC, Product detaljeret, Aarhus, Mar. 2023.xlsx",1.7740087145969499,T-shirt
09385 T-Shirt Hvid B/P M Arla Tryk,Alm.slid uden restværdi,1,1825,79,30155C97D461A7C000D74B4D,"PLC, Product detaljeret, Aarhus, Mar. 2023.xlsx",1.3176767123287672,T-shirt
03850 T-Shirt Hvid Lady K/Æ P/B,Alm.slid uden restværdi,1,1821,2,30155C97D461A7C000CA794C,"PLC, Product detaljeret, Aarhus, Mar. 2023.xlsx",0.03343218012081274,T-shirt
01083 T-Shirt unisex hvid k/æ P/B,Alm.slid uden restværdi,1,1820,72,30155C97D461A7C001121D6E,"PLC, Product detaljeret, Aarhus, Mar. 2023.xlsx",1.2042197802197803,T-shirt
03850 T-Shirt Hvid Lady K/Æ P/B,Alm.slid uden restværdi,1,1817,50,30155C97D461A7C000CA79C6,"PLC, Product detaljeret, Aarhus, Mar. 2023.xlsx",0.837644468904788,T-shirt
03850 T-Shirt Hvid Lady K/Æ P/B,Alm.slid uden restværdi,1,1817,62,30155C97D461A7C000CA7A84,"PLC, Product detaljeret, Aarhus, Mar. 2023.xlsx",1.0386791414419372,T-shirt
03850 T-Shirt Hvid Lady K/Æ P/B,Alm.slid uden restværdi,1,1817,44,30155C97D461A7C000CA7D65,"PLC, Product detaljeret, Aarhus, Mar. 2023.xlsx",0.7371271326362135,T-shirt
03850 T-Shirt Hvid Lady K/Æ P/B,Alm.slid uden restværdi,1,1775,32,30155C97D461A7C000E88380,"PLC, Product detaljeret, Aarhus, Mar. 2023.xlsx",0.5487774647887325,T-shirt
03850 T-Shirt Hvid Lady K/Æ P/B,Alm.slid uden restværdi,1,1764,58,30155C97D461A7C000E87408,"PLC, Product detaljeret, Aarhus, Mar. 2023.xlsx",1.0008616780045352,T-shirt
03850 T-Shirt Hvid Lady K/Æ P/B,Alm.slid uden restværdi,1,1749,7,30155C97D461A7C000CA79DB,"PLC, Product detaljeret, Aarhus, Mar. 2023.xlsx",0.12182961692395657,T-shirt
03850 T-Shirt Hvid Lady K/Æ P/B,Alm.slid uden restværdi,1,1749,9,30155C97D461A7C000CA7D74,"PLC, Product detaljeret, Aarhus, Mar. 2023.xlsx",0.15663807890222986,T-shirt
01083 T-Shirt unisex hvid k/æ P/B,Alm.slid uden restværdi,1,1731,117,30155C97D461A7C00136AA46,"PLC, Product detaljeret, Aarhus, Mar. 2023.xlsx",2.057469670710572,T-shirt
03850 T-Shirt Hvid Lady K/Æ P/B,Alm.slid uden restværdi,1,1718,65,30155C97D461A7C000B95FC0,"PLC, Product detaljeret, Aarhus, Mar. 2023.xlsx",1.151688009313155,T-shirt
03850 T-Shirt Hvid Lady K/Æ P/B,Alm.slid uden restværdi,1,1718,59,30155C97D461A7C000B95FF7,"PLC, Product detaljeret, Aarhus, Mar. 2023.xlsx",1.0453783469150175,T-shirt
09385 T-Shirt Hvid B/P M Arla Tryk,Alm.slid uden restværdi,1,1716,89,30155C97D461A7C001237BF9,"PLC, Product detaljeret, Aarhus, Mar. 2023.xlsx",1.5787645687645688,T-shirt
12396 T-shirt 1/2 æ lady hvid PB,Alm.slid uden restværdi,1,1644,24,00D008468481,"PLC, Product detaljeret, Aarhus, Mar. 2023.xlsx",0.44437956204379564,T-shirt
09385 T-Shirt Hvid B/P M Arla Tryk,Alm.slid uden restværdi,1,1613,87,30155C97D461A7C001535234,"PLC, Product detaljeret, Aarhus, Mar. 2023.xlsx",1.6418350898946064,T-shirt
01083 T-Shirt unisex hvid k/æ P/B,Alm.slid uden restværdi,1,1607,136,30155C97D461A7C0015362CC,"PLC, Product detaljeret, Aarhus, Mar. 2023.xlsx",2.5761294337274427,T-shirt
01083 T-Shirt unisex hvid k/æ P/B,Alm.slid uden restværdi,1,1605,123,30155C97D461A7C0015185E6,"PLC, Product detaljeret, Aarhus, Mar. 2023.xlsx",2.332785046728972,T-shirt
09385 T-Shirt Hvid B/P M Arla Tryk,Alm.slid uden restværdi,1,1596,89,30155C97D461A7C0015315FF,"PLC, Product detaljeret, Aarhus, Mar. 2023.xlsx",1.697468671679198,T-shirt
01083 T-Shirt unisex hvid k/æ P/B,Alm.slid uden restværdi,1,1593,114,30155C97D461A7C0016801C1,"PLC, Product detaljeret, Aarhus, Mar. 2023.xlsx",2.1783804143126178,T-shirt
01083 T-Shirt unisex hvid k/æ P/B,Alm.slid uden restværdi,1,1587,144,30155C97D461A7C001530F38,"PLC, Product detaljeret, Aarhus, Mar. 2023.xlsx",2.7620415879017015,T-shirt
01083 T-Shirt unisex hvid k/æ P/B,Alm.slid uden restværdi,1,1578,118,30155C97D461A7C0015682E6,"PLC, Product detaljeret, Aarhus, Mar. 2023.xlsx",2.2762484157160965,T-shirt
01083 T-Shirt unisex hvid k/æ P/B,Alm.slid uden restværdi,1,1572,86,30155C97D461A7C001514537,"PLC, Product detaljeret, Aarhus, Mar. 2023.xlsx",1.6652926208651402,T-shirt
01083 T-Shirt unisex hvid k/æ P/B,Alm.slid uden restværdi,1,1531,125,30155C97D461A7C001CB4A12,"PLC, Product detaljeret, Aarhus, Mar. 2023.xlsx",2.485303723056826,T-shirt
03850 T-Shirt Hvid Lady K/Æ P/B,Alm.slid uden restværdi,1,1504,80,30155C97D461A7C000E883D8,"PLC, Product detaljeret, Aarhus, Mar. 2023.xlsx",1.619148936170213,T-shirt
09385 T-Shirt Hvid B/P M Arla Tryk,Alm.slid uden restværdi,1,1485,72,30155C97D461A7C0013C276E,"PLC, Product detaljeret, Aarhus, Mar. 2023.xlsx",1.475878787878788,T-shirt
03850 T-Shirt Hvid Lady K/Æ P/B,Alm.slid uden restværdi,1,1484,84,30155C97D461A7C000E0834F,"PLC, Product detaljeret, Aarhus, Mar. 2023.xlsx",1.7230188679245284,T-shirt
03850 T-Shirt Hvid Lady K/Æ P/B,Alm.slid uden restværdi,1,1484,93,30155C97D461A7C000E08461,"PLC, Product detaljeret, Aarhus, Mar. 2023.xlsx",1.9076280323450134,T-shirt
03850 T-Shirt Hvid Lady K/Æ P/B,Alm.slid uden restværdi,1,1484,93,30155C97D461A7C000E0B3F1,"PLC, Product detaljeret, Aarhus, Mar. 2023.xlsx",1.9076280323450134,T-shirt
03850 T-Shirt Hvid Lady K/Æ P/B,Alm.slid uden restværdi,1,1480,89,30155C97D461A7C000E08314,"PLC, Product detaljeret, Aarhus, Mar. 2023.xlsx",1.8305135135135138,T-shirt
09385 T-Shirt Hvid B/P M Arla Tryk,Alm.slid uden restværdi,1,1479,83,00D00AE389A3,"PLC, Product detaljeret, Aarhus, Mar. 2023.xlsx",1.7082623394185261,T-shirt
03850 T-Shirt Hvid Lady K/Æ P/B,Alm.slid uden restværdi,1,1477,98,30155C97D461A7C000E07FA7,"PLC, Product detaljeret, Aarhus, Mar. 2023.xlsx",2.0197156398104266,T-shirt
09385 T-Shirt Hvid B/P M Arla Tryk,Alm.slid uden restværdi,1,1469,71,30155C97D461A7C001666356,"PLC, Product detaljeret, Aarhus, Mar. 2023.xlsx",1.4712321307011573,T-shirt
01083 T-Shirt unisex hvid k/æ P/B,Alm.slid uden restværdi,1,1454,99,30155C97D461A7C0020A6019,"PLC, Product detaljeret, Aarhus, Mar. 2023.xlsx",2.0725997248968366,T-shirt
09385 T-Shirt Hvid B/P M Arla Tryk,Alm.slid uden restværdi,1,1392,65,30155C97D461A7C0016DCF78,"PLC, Product detaljeret, Aarhus, Mar. 2023.xlsx",1.4214080459770115,T-shirt
01083 T-Shirt unisex hvid k/æ P/B,Alm.slid uden restværdi,1,1359,42,30155C97D461A7C002040139,"PLC, Product detaljeret, Aarhus, Mar. 2023.xlsx",0.9407505518763798,T-shirt
01083 T-Shirt unisex hvid k/æ P/B,Alm.slid uden restværdi,1,1344,87,30155C97D461A7C002169D6B,"PLC, Product detaljeret, Aarhus, Mar. 2023.xlsx",1.970446428571429,T-shirt
01083 T-Shirt unisex hvid k/æ P/B,Alm.slid uden restværdi,1,1340,18,30155C97D461A7C002169E04,"PLC, Product detaljeret, Aarhus, Mar. 2023.xlsx",0.4088955223880597,T-shirt
01083 T-Shirt unisex hvid k/æ P/B,Alm.slid uden restværdi,1,1337,132,30155C97D461A7C002169C4F,"PLC, Product detaljeret, Aarhus, Mar. 2023.xlsx",3.0052954375467467,T-shirt
01083 T-Shirt unisex hvid k/æ P/B,Alm.slid uden restværdi,1,1337,101,30155C97D461A7C002169DDA,"PLC, Product detaljeret, Aarhus, Mar. 2023.xlsx",2.2995063575168286,T-shirt
09385 T-Shirt Hvid B/P M Arla Tryk,Alm.slid uden restværdi,1,1336,68,30155C97D461A7C001CBF100,"PLC, Product detaljeret, Aarhus, Mar. 2023.xlsx",1.5493413173652695,T-shirt
01083 T-Shirt unisex hvid k/æ P/B,Alm.slid uden restværdi,1,1334,55,30155C97D461A7C0020F1862,"PLC, Product detaljeret, Aarhus, Mar. 2023.xlsx",1.2550224887556223,T-shirt
01083 T-Shirt unisex hvid k/æ P/B,Alm.slid uden restværdi,1,1334,69,30155C97D461A7C002169CA3,"PLC, Product detaljeret, Aarhus, Mar. 2023.xlsx",1.5744827586206898,T-shirt
01083 T-Shirt unisex hvid k/æ P/B,Alm.slid uden restværdi,1,1334,89,30155C97D461A7C002169CCC,"PLC, Product detaljeret, Aarhus, Mar. 2023.xlsx",2.0308545727136433,T-shirt
01083 T-Shirt unisex hvid k/æ P/B,Alm.slid uden restværdi,1,1334,116,30155C97D461A7C002169D45,"PLC, Product detaljeret, Aarhus, Mar. 2023.xlsx",2.6469565217391304,T-shirt
01083 T-Shirt unisex hvid k/æ P/B,Alm.slid uden restværdi,1,1334,83,30155C97D461A7C002169DD6,"PLC, Product detaljeret, Aarhus, Mar. 2023.xlsx",1.8939430284857572,T-shirt
01083 T-Shirt unisex hvid k/æ P/B,Alm.slid uden restværdi,1,1334,25,30155C97D461A7C002169DD8,"PLC, Product detaljeret, Aarhus, Mar. 2023.xlsx",0.5704647676161919,T-shirt
01083 T-Shirt unisex hvid k/æ P/B,Alm.slid uden restværdi,1,1334,85,30155C97D461A7C002169DEB,"PLC, Product detaljeret, Aarhus, Mar. 2023.xlsx",1.9395802098950525,T-shirt
03850 T-Shirt Hvid Lady K/Æ P/B,Alm.slid uden restværdi,1,1330,7,30155C97D461A7C000E0B33A,"PLC, Product detaljeret, Aarhus, Mar. 2023.xlsx",0.16021052631578947,T-shirt
09385 T-Shirt Hvid B/P M Arla Tryk,Alm.slid uden restværdi,1,1330,53,30155C97D461A7C0020B1C0F,"PLC, Product detaljeret, Aarhus, Mar. 2023.xlsx",1.2130225563909776,T-shirt
09385 T-Shirt Hvid B/P M Arla Tryk,Alm.slid uden restværdi,1,1328,73,30155C97D461A6C0019330AB,"PLC, Product detaljeret, Aarhus, Mar. 2023.xlsx",1.6732831325301205,T-shirt
09385 T-Shirt Hvid B/P M Arla Tryk,Alm.slid uden restværdi,1,1315,66,30155C97D461A6C001933079,"PLC, Product detaljeret, Aarhus, Mar. 2023.xlsx",1.5277870722433462,T-shirt
09385 T-Shirt Hvid B/P M Arla Tryk,Alm.slid uden restværdi,1,1282,57,30155C97D461A7C002122404,"PLC, Product detaljeret, Aarhus, Mar. 2023.xlsx",1.3534165366614666,T-shirt
03850 T-Shirt Hvid Lady K/Æ P/B,Alm.slid uden restværdi,1,1218,62,30155C97D461A7C000E0A703,"PLC, Product detaljeret, Aarhus, Mar. 2023.xlsx",1.5494909688013137,T-shirt
03850 T-Shirt Hvid Lady K/Æ P/B,Alm.slid uden restværdi,1,1217,57,30155C97D461A7C000E08824,"PLC, Product detaljeret, Aarhus, Mar. 2023.xlsx",1.4257025472473295,T-shirt
01083 T-Shirt unisex hvid k/æ P/B,Alm.slid uden restværdi,1,1194,126,30155C97D461A7C00266A141,"PLC, Product detaljeret, Aarhus, Mar. 2023.xlsx",3.2122613065326635,T-shirt
01083 T-Shirt unisex hvid k/æ P/B,Alm.slid uden restværdi,1,1172,83,30155C97D461A7C0022A2DBC,"PLC, Product detaljeret, Aarhus, Mar. 2023.xlsx",2.1557337883959047,T-shirt
12396 T-shirt 1/2 æ lady hvid PB,Alm.slid uden restværdi,1,1117,36,00D009047C85,"PLC, Product detaljeret, Aarhus, Mar. 2023.xlsx",0.9810564010743063,T-shirt
01083 T-Shirt unisex hvid k/æ P/B,Alm.slid uden restværdi,1,1090,72,30155C97D461A7C002769E2A,"PLC, Product detaljeret, Aarhus, Mar. 2023.xlsx",2.0107155963302756,T-shirt
"07859 T-Shirt L/Æ, Hvid p/b",Alm.slid uden restværdi,1,1073,17,00D00B1C7085,"PLC, Product detaljeret, Aarhus, Mar. 2023.xlsx",0.48227399813606714,T-shirt
"07859 T-Shirt L/Æ, Hvid p/b",Alm.slid uden restværdi,1,1073,17,00D00B1D3E0F,"PLC, Product detaljeret, Aarhus, Mar. 2023.xlsx",0.48227399813606714,T-shirt
12396 T-shirt 1/2 æ lady hvid PB,Alm.slid uden restværdi,1,1072,17,30155C97D461A7C000C24E70,"PLC, Product detaljeret, Aarhus, Mar. 2023.xlsx",0.482723880597015,T-shirt
09385 T-Shirt Hvid B/P M Arla Tryk,Alm.slid uden restværdi,1,1025,45,30155C97D461A7C00226911E,"PLC, Product detaljeret, Aarhus, Mar. 2023.xlsx",1.336390243902439,T-shirt
09385 T-Shirt Hvid B/P M Arla Tryk,Alm.slid uden restværdi,1,1022,40,30155C97D461A7C00226EDCD,"PLC, Product detaljeret, Aarhus, Mar. 2023.xlsx",1.191389432485323,T-shirt
09385 T-Shirt Hvid B/P M Arla Tryk,Alm.slid uden restværdi,1,1010,46,30155C97D461A7C0023BA5DE,"PLC, Product detaljeret, Aarhus, Mar. 2023.xlsx",1.3863762376237625,T-shirt
09385 T-Shirt Hvid B/P M Arla Tryk,Alm.slid uden restværdi,1,1006,67,30155C97D461A6C001932FEA,"PLC, Product detaljeret, Aarhus, Mar. 2023.xlsx",2.027316103379722,T-shirt
01083 T-Shirt unisex hvid k/æ P/B,Alm.slid uden restværdi,1,1002,52,30155C97D461A7C0023C5A15,"PLC, Product detaljeret, Aarhus, Mar. 2023.xlsx",1.5797205588822356,T-shirt
09385 T-Shirt Hvid B/P M Arla Tryk,Alm.slid uden restværdi,1,992,51,30155C97D461A7C001F6E0D1,"PLC, Product detaljeret, Aarhus, Mar. 2023.xlsx",1.564959677419355,T-shirt
10981 T-shirt prowear dame hvid pb,Alm.slid uden restværdi,1,991,95,30155C97D461A7C0023C51FE,"PLC, Product detaljeret, Aarhus, Mar. 2023.xlsx",2.918062563067609,T-shirt
12396 T-shirt 1/2 æ lady hvid PB,Alm.slid uden restværdi,1,943,25,30155C97D461A7C00120FAEF,"PLC, Product detaljeret, Aarhus, Mar. 2023.xlsx",0.806998939554613,T-shirt
"07859 T-Shirt L/Æ, Hvid p/b",Alm.slid uden restværdi,1,936,23,30155C97D461A7C00268FEC2,"PLC, Product detaljeret, Aarhus, Mar. 2023.xlsx",0.747991452991453,T-shirt
"07859 T-Shirt L/Æ, Hvid p/b",Alm.slid uden restværdi,1,936,8,30155C97D461A7C00268FF31,"PLC, Product detaljeret, Aarhus, Mar. 2023.xlsx",0.2601709401709402,T-shirt
"07859 T-Shirt L/Æ, Hvid p/b",Alm.slid uden restværdi,1,936,34,30155C97D461A7C00268FFE9,"PLC, Product detaljeret, Aarhus, Mar. 2023.xlsx",1.1057264957264958,T-shirt
09385 T-Shirt Hvid B/P M Arla Tryk,Alm.slid uden restværdi,1,930,40,00D00B1D177B,"PLC, Product detaljeret, Aarhus, Mar. 2023.xlsx",1.309247311827957,T-shirt
10981 T-shirt prowear dame hvid pb,Alm.slid uden restværdi,1,929,10,30155C97D461A7C0029133AD,"PLC, Product detaljeret, Aarhus, Mar. 2023.xlsx",0.32766415500538215,T-shirt
09385 T-Shirt Hvid B/P M Arla Tryk,Alm.slid uden restværdi,1,923,40,30155C97D461A7C00219065A,"PLC, Product detaljeret, Aarhus, Mar. 2023.xlsx",1.3191765980498376,T-shirt
09385 T-Shirt Hvid B/P M Arla Tryk,Alm.slid uden restværdi,1,917,53,30155C97D461A7C0027CC049,"PLC, Product detaljeret, Aarhus, Mar. 2023.xlsx",1.7593456924754636,T-shirt
09385 T-Shirt Hvid B/P M Arla Tryk,Alm.slid uden restværdi,1,894,72,30155C97D461A7C0027CBFB6,"PLC, Product detaljeret, Aarhus, Mar. 2023.xlsx",2.451543624161074,T-shirt
03850 T-Shirt Hvid Lady K/Æ P/B,Alm.slid uden restværdi,1,849,64,30155C97D461A7C001442CC1,"PLC, Product detaljeret, Aarhus, Mar. 2023.xlsx",2.2946525323910483,T-shirt
01083 T-Shirt unisex hvid k/æ P/B,Alm.slid uden restværdi,1,843,67,30155C97D461A6C000145713,"PLC, Product detaljeret, Aarhus, Mar. 2023.xlsx",2.419311981020166,T-shirt
01083 T-Shirt unisex hvid k/æ P/B,Alm.slid uden restværdi,1,823,5,30155C97D461A7C00268AE76,"PLC, Product detaljeret, Aarhus, Mar. 2023.xlsx",0.18493317132442286,T-shirt
09385 T-Shirt Hvid B/P M Arla Tryk,Alm.slid uden restværdi,1,805,25,30155C97D461A6C0001275DA,"PLC, Product detaljeret, Aarhus, Mar. 2023.xlsx",0.9453416149068323,T-shirt
10981 T-shirt prowear dame hvid pb,Alm.slid uden restværdi,1,791,27,30155C97D461A6C000307EF3,"PLC, Product detaljeret, Aarhus, Mar. 2023.xlsx",1.039039190897598,T-shirt
01083 T-Shirt unisex hvid k/æ P/B,Alm.slid uden restværdi,1,782,61,30155C97D461A6C0002F40E7,"PLC, Product detaljeret, Aarhus, Mar. 2023.xlsx",2.374475703324808,T-shirt
01083 T-Shirt unisex hvid k/æ P/B,Alm.slid uden restværdi,1,777,49,30155C97D461A6C0002F0959,"PLC, Product detaljeret, Aarhus, Mar. 2023.xlsx",1.9196396396396396,T-shirt
01083 T-Shirt unisex hvid k/æ P/B,Alm.slid uden restværdi,1,774,10,30155C97D461A6C0002F05B6,"PLC, Product detaljeret, Aarhus, Mar. 2023.xlsx",0.39328165374677004,T-shirt
01083 T-Shirt unisex hvid k/æ P/B,Alm.slid uden restværdi,1,747,53,30155C97D461A6C00021129E,"PLC, Product detaljeret, Aarhus, Mar. 2023.xlsx",2.1597322623828648,T-shirt
01083 T-Shirt unisex hvid k/æ P/B,Alm.slid uden restværdi,1,734,11,30155C97D461A6C00020F129,"PLC, Product detaljeret, Aarhus, Mar. 2023.xlsx",0.45618528610354225,T-shirt
09385 T-Shirt Hvid B/P M Arla Tryk,Alm.slid uden restværdi,1,731,42,30155C97D461A6C001931B5A,"PLC, Product detaljeret, Aarhus, Mar. 2023.xlsx",1.7489466484268126,T-shirt
12396 T-shirt 1/2 æ lady hvid PB,Alm.slid uden restværdi,1,726,12,30155C97D461A7C000C24925,"PLC, Product detaljeret, Aarhus, Mar. 2023.xlsx",0.5031404958677687,T-shirt
01083 T-Shirt unisex hvid k/æ P/B,Alm.slid uden restværdi,1,694,82,30155C97D461A6C0003A4183,"PLC, Product detaljeret, Aarhus, Mar. 2023.xlsx",3.5966570605187322,T-shirt
01083 T-Shirt unisex hvid k/æ P/B,Alm.slid uden restværdi,1,623,44,30155C97D461A6C000B1934D,"PLC, Product detaljeret, Aarhus, Mar. 2023.xlsx",2.1498555377207063,T-shirt
10981 T-shirt prowear dame hvid pb,Alm.slid uden restværdi,1,590,38,30155C97D461A6C0008CEBA0,"PLC, Product detaljeret, Aarhus, Mar. 2023.xlsx",1.960542372881356,T-shirt
10981 T-shirt prowear dame hvid pb,Alm.slid uden restværdi,1,590,36,30155C97D461A6C0008CEC5B,"PLC, Product detaljeret, Aarhus, Mar. 2023.xlsx",1.85735593220339,T-shirt
01083 T-Shirt unisex hvid k/æ P/B,Alm.slid uden restværdi,1,569,9,30155C97D461A6C000B06E41,"PLC, Product detaljeret, Aarhus, Mar. 2023.xlsx",0.48147627416520217,T-shirt
10981 T-shirt prowear dame hvid pb,Alm.slid uden restværdi,1,553,12,30155C97D461A6C0005CD156,"PLC, Product detaljeret, Aarhus, Mar. 2023.xlsx",0.6605424954792044,T-shirt
01083 T-Shirt unisex hvid k/æ P/B,Alm.slid uden restværdi,1,551,15,30155C97D461A6C000B9973A,"PLC, Product detaljeret, Aarhus, Mar. 2023.xlsx",0.8286751361161525,T-shirt
09385 T-Shirt Hvid B/P M Arla Tryk,Alm.slid uden restværdi,1,540,23,30155C97D461A6C0003A40CC,"PLC, Product detaljeret, Aarhus, Mar. 2023.xlsx",1.2965185185185186,T-shirt
01083 T-Shirt unisex hvid k/æ P/B,Alm.slid uden restværdi,1,539,63,30155C97D461A6C0008BF7A6,"PLC, Product detaljeret, Aarhus, Mar. 2023.xlsx",3.557922077922078,T-shirt
01083 T-Shirt unisex hvid k/æ P/B,Alm.slid uden restværdi,1,539,49,30155C97D461A6C0008BF84A,"PLC, Product detaljeret, Aarhus, Mar. 2023.xlsx",2.7672727272727276,T-shirt
01083 T-Shirt unisex hvid k/æ P/B,Alm.slid uden restværdi,1,539,55,30155C97D461A6C0008BF851,"PLC, Product detaljeret, Aarhus, Mar. 2023.xlsx",3.106122448979592,T-shirt
01083 T-Shirt unisex hvid k/æ P/B,Alm.slid uden restværdi,1,536,52,30155C97D461A6C0008BF7B2,"PLC, Product detaljeret, Aarhus, Mar. 2023.xlsx",2.953134328358209,T-shirt
01083 T-Shirt unisex hvid k/æ P/B,Alm.slid uden restværdi,1,535,53,30155C97D461A6C0008BF72E,"PLC, Product detaljeret, Aarhus, Mar. 2023.xlsx",3.0155514018691587,T-shirt
01083 T-Shirt unisex hvid k/æ P/B,Alm.slid uden restværdi,1,535,55,30155C97D461A6C0008BF77B,"PLC, Product detaljeret, Aarhus, Mar. 2023.xlsx",3.1293457943925236,T-shirt
01083 T-Shirt unisex hvid k/æ P/B,Alm.slid uden restværdi,1,535,44,30155C97D461A6C0008BF7BA,"PLC, Product detaljeret, Aarhus, Mar. 2023.xlsx",2.5034766355140188,T-shirt
01083 T-Shirt unisex hvid k/æ P/B,Alm.slid uden restværdi,1,535,54,30155C97D461A6C0008BF7E2,"PLC, Product detaljeret, Aarhus, Mar. 2023.xlsx",3.0724485981308414,T-shirt
01083 T-Shirt unisex hvid k/æ P/B,Alm.slid uden restværdi,1,535,50,30155C97D461A6C0008BF7AA,"PLC, Product detaljeret, Aarhus, Mar. 2023.xlsx",2.844859813084112,T-shirt
01083 T-Shirt unisex hvid k/æ P/B,Alm.slid uden restværdi,1,535,55,30155C97D461A6C0008BF84E,"PLC, Product detaljeret, Aarhus, Mar. 2023.xlsx",3.1293457943925236,T-shirt
09385 T-Shirt Hvid B/P M Arla Tryk,Alm.slid uden restværdi,1,532,34,30155C97D461A6C001933069,"PLC, Product detaljeret, Aarhus, Mar. 2023.xlsx",1.9454135338345864,T-shirt
10981 T-shirt prowear dame hvid pb,Alm.slid uden restværdi,1,523,15,30155C97D461A6C000720C8E,"PLC, Product detaljeret, Aarhus, Mar. 2023.xlsx",0.8730401529636711,T-shirt
01083 T-Shirt unisex hvid k/æ P/B,Alm.slid uden restværdi,1,511,41,30155C97D461A6C000B9F06B,"PLC, Product detaljeret, Aarhus, Mar. 2023.xlsx",2.442348336594912,T-shirt
10981 T-shirt prowear dame hvid pb,Alm.slid uden restværdi,1,496,29,30155C97D461A6C0015B372D,"PLC, Product detaljeret, Aarhus, Mar. 2023.xlsx",1.779758064516129,T-shirt
01083 T-Shirt unisex hvid k/æ P/B,Alm.slid uden restværdi,1,476,8,30155C97D461A6C000E2245C,"PLC, Product detaljeret, Aarhus, Mar. 2023.xlsx",0.5115966386554622,T-shirt
01083 T-Shirt unisex hvid k/æ P/B,Alm.slid uden restværdi,1,476,4,30155C97D461A6C000E22574,"PLC, Product detaljeret, Aarhus, Mar. 2023.xlsx",0.2557983193277311,T-shirt
01083 T-Shirt unisex hvid k/æ P/B,Alm.slid uden restværdi,1,455,25,30155C97D461A6C001059B88,"PLC, Product detaljeret, Aarhus, Mar. 2023.xlsx",1.6725274725274726,T-shirt
10981 T-shirt prowear dame hvid pb,Alm.slid uden restværdi,1,454,7,30155C97D461A6C0012F31E0,"PLC, Product detaljeret, Aarhus, Mar. 2023.xlsx",0.46933920704845816,T-shirt
01083 T-Shirt unisex hvid k/æ P/B,Alm.slid uden restværdi,1,451,2,30155C97D461A6C0015BB5F2,"PLC, Product detaljeret, Aarhus, Mar. 2023.xlsx",0.1349889135254989,T-shirt
01083 T-Shirt unisex hvid k/æ P/B,Alm.slid uden restværdi,1,443,9,30155C97D461A6C0012DDE42,"PLC, Product detaljeret, Aarhus, Mar. 2023.xlsx",0.6184198645598195,T-shirt
01083 T-Shirt unisex hvid k/æ P/B,Alm.slid uden restværdi,1,443,11,30155C97D461A6C0012DDF77,"PLC, Product detaljeret, Aarhus, Mar. 2023.xlsx",0.7558465011286681,T-shirt
10981 T-shirt prowear dame hvid pb,Alm.slid uden restværdi,1,417,5,30155C97D461A6C00105D35E,"PLC, Product detaljeret, Aarhus, Mar. 2023.xlsx",0.36498800959232613,T-shirt
12396 T-shirt 1/2 æ lady hvid PB,Alm.slid uden restværdi,1,414,8,00D00972F4B2,"PLC, Product detaljeret, Aarhus, Mar. 2023.xlsx",0.5882125603864734,T-shirt
01083 T-Shirt unisex hvid k/æ P/B,Alm.slid uden restværdi,1,413,38,30155C97D461A6C00105844B,"PLC, Product detaljeret, Aarhus, Mar. 2023.xlsx",2.8007748184019374,T-shirt
09385 T-Shirt Hvid B/P M Arla Tryk,Alm.slid uden restværdi,1,396,10,30155C97D461A6C000B123FD,"PLC, Product detaljeret, Aarhus, Mar. 2023.xlsx",0.7686868686868688,T-shirt
01083 T-Shirt unisex hvid k/æ P/B,Alm.slid uden restværdi,1,392,36,30155C97D461A6C00072338E,"PLC, Product detaljeret, Aarhus, Mar. 2023.xlsx",2.795510204081633,T-shirt
01083 T-Shirt unisex hvid k/æ P/B,Alm.slid uden restværdi,1,372,26,30155C97D461A6C000723397,"PLC, Product detaljeret, Aarhus, Mar. 2023.xlsx",2.12752688172043,T-shirt
10981 T-shirt prowear dame hvid pb,Alm.slid uden restværdi,1,347,3,30155C97D461A6C0008D1A3D,"PLC, Product detaljeret, Aarhus, Mar. 2023.xlsx",0.2631700288184438,T-shirt
10981 T-shirt prowear dame hvid pb,Alm.slid uden restværdi,1,345,24,30155C97D461A6C0008D18B2,"PLC, Product detaljeret, Aarhus, Mar. 2023.xlsx",2.1175652173913044,T-shirt
10981 T-shirt prowear dame hvid pb,Alm.slid uden restværdi,1,339,12,30155C97D461A6C000BA2A37,"PLC, Product detaljeret, Aarhus, Mar. 2023.xlsx",1.0775221238938053,T-shirt
10981 T-shirt prowear dame hvid pb,Alm.slid uden restværdi,1,339,10,30155C97D461A6C000BA2AD6,"PLC, Product detaljeret, Aarhus, Mar. 2023.xlsx",0.8979351032448378,T-shirt
01083 T-Shirt unisex hvid k/æ P/B,Alm.slid uden restværdi,1,283,9,30155C97D461A4C000935852,"PLC, Product detaljeret, Aarhus, Mar. 2023.xlsx",0.9680565371024734,T-shirt
01083 T-Shirt unisex hvid k/æ P/B,Alm.slid uden restværdi,1,193,8,30155C97D461A6C001B3271F,"PLC, Product detaljeret, Aarhus, Mar. 2023.xlsx",1.2617616580310882,T-shirt
01083 T-Shirt unisex hvid k/æ P/B,Alm.slid uden restværdi,1,169,4,30155C97D461A6C0010D4B29,"PLC, Product detaljeret, Aarhus, Mar. 2023.xlsx",0.720473372781065,T-shirt
01083 T-Shirt unisex hvid k/æ P/B,Alm.slid uden restværdi,1,169,10,30155C97D461A6C0010D4B88,"PLC, Product detaljeret, Aarhus, Mar. 2023.xlsx",1.8011834319526627,T-shirt
01083 T-Shirt unisex hvid k/æ P/B,Alm.slid uden restværdi,1,169,11,30155C97D461A6C0010F3012,"PLC, Product detaljeret, Aarhus, Mar. 2023.xlsx",1.9813017751479292,T-shirt
01083 T-Shirt unisex hvid k/æ P/B,Alm.slid uden restværdi,1,169,7,30155C97D461A6C0010F30A4,"PLC, Product detaljeret, Aarhus, Mar. 2023.xlsx",1.260828402366864,T-shirt
01083 T-Shirt unisex hvid k/æ P/B,Alm.slid uden restværdi,1,168,10,30155C97D461A6C0010D4B0E,"PLC, Product detaljeret, Aarhus, Mar. 2023.xlsx",1.811904761904762,T-shirt
01083 T-Shirt unisex hvid k/æ P/B,Alm.slid uden restværdi,1,168,12,30155C97D461A6C0010D4B71,"PLC, Product detaljeret, Aarhus, Mar. 2023.xlsx",2.1742857142857144,T-shirt
09385 T-Shirt Hvid B/P M Arla Tryk,Alm.slid uden restværdi,1,167,0,30155C97D461A6C0012DF09B,"PLC, Product detaljeret, Aarhus, Mar. 2023.xlsx",0.0,T-shirt
01083 T-Shirt unisex hvid k/æ P/B,Alm.slid uden restværdi,1,162,15,30155C97D461A6C0010D4AD0,"PLC, Product detaljeret, Aarhus, Mar. 2023.xlsx",2.8185185185185184,T-shirt
01083 T-Shirt unisex hvid k/æ P/B,Alm.slid uden restværdi,1,162,3,30155C97D461A6C0010E0D03,"PLC, Product detaljeret, Aarhus, Mar. 2023.xlsx",0.5637037037037037,T-shirt
01083 T-Shirt unisex hvid k/æ P/B,Alm.slid uden restværdi,1,161,8,30155C97D461A6C0010D4B44,"PLC, Product detaljeret, Aarhus, Mar. 2023.xlsx",1.5125465838509315,T-shirt
01083 T-Shirt unisex hvid k/æ P/B,Alm.slid uden restværdi,1,161,10,30155C97D461A6C0010F2F4E,"PLC, Product detaljeret, Aarhus, Mar. 2023.xlsx",1.8906832298136647,T-shirt
01083 T-Shirt unisex hvid k/æ P/B,Alm.slid uden restværdi,1,161,14,30155C97D461A6C0010F2FF8,"PLC, Product detaljeret, Aarhus, Mar. 2023.xlsx",2.6469565217391304,T-shirt
01083 T-Shirt unisex hvid k/æ P/B,Alm.slid uden restværdi,1,161,8,30155C97D461A6C0010F3013,"PLC, Product detaljeret, Aarhus, Mar. 2023.xlsx",1.5125465838509315,T-shirt
01083 T-Shirt unisex hvid k/æ P/B,Alm.slid uden restværdi,1,161,12,30155C97D461A6C0010F30FD,"PLC, Product detaljeret, Aarhus, Mar. 2023.xlsx",2.2688198757763978,T-shirt
10981 T-shirt prowear dame hvid pb,Alm.slid uden restværdi,1,143,6,30155C97D461A6C001D0F824,"PLC, Product detaljeret, Aarhus, Mar. 2023.xlsx",1.2772027972027973,T-shirt
01083 T-Shirt unisex hvid k/æ P/B,Alm.slid uden restværdi,1,133,7,30155C97D461A6C0018F9D1A,"PLC, Product detaljeret, Aarhus, Mar. 2023.xlsx",1.6021052631578947,T-shirt
01083 T-Shirt unisex hvid k/æ P/B,Alm.slid uden restværdi,1,126,6,30155C97D461A6C0010E9028,"PLC, Product detaljeret, Aarhus, Mar. 2023.xlsx",1.4495238095238094,T-shirt
01083 T-Shirt unisex hvid k/æ P/B,Alm.slid uden restværdi,1,113,9,00D00BAC47D1,"PLC, Product detaljeret, Aarhus, Mar. 2023.xlsx",2.424424778761062,T-shirt
01083 T-Shirt unisex hvid k/æ P/B,Alm.slid uden restværdi,1,113,9,00D00BAAD60A,"PLC, Product detaljeret, Aarhus, Mar. 2023.xlsx",2.424424778761062,T-shirt
01083 T-Shirt unisex hvid k/æ P/B,Alm.slid uden restværdi,1,57,3,30155C97D461A6C0010E3530,"PLC, Product detaljeret, Aarhus, Mar. 2023.xlsx",1.6021052631578947,T-shirt
01083 T-Shirt unisex hvid k/æ P/B,Alm.slid uden restværdi,1,48,1,30155C97D461A6C001A66FB0,"PLC, Product detaljeret, Aarhus, Mar. 2023.xlsx",0.6341666666666667,T-shirt
01083 T-Shirt unisex hvid k/æ P/B,Alm.slid uden restværdi,1,48,2,30155C97D461A6C001A66FC6,"PLC, Product detaljeret, Aarhus, Mar. 2023.xlsx",1.2683333333333333,T-shirt
01083 T-Shirt unisex hvid k/æ P/B,Alm.slid uden restværdi,1,47,1,30155C97D461A6C001A61FC9,"PLC, Product detaljeret, Aarhus, Mar. 2023.xlsx",0.6476595744680851,T-shirt
01083 T-Shirt unisex hvid k/æ P/B,Alm.slid uden restværdi,1,47,1,30155C97D461A6C001A66FBD,"PLC, Product detaljeret, Aarhus, Mar. 2023.xlsx",0.6476595744680851,T-shirt
01083 T-Shirt unisex hvid k/æ P/B,Alm.slid uden restværdi,1,47,1,30155C97D461A6C001A67143,"PLC, Product detaljeret, Aarhus, Mar. 2023.xlsx",0.6476595744680851,T-shirt
01083 T-Shirt unisex hvid k/æ P/B,Alm.slid uden restværdi,1,43,1,00D00BAAD61E,"PLC, Product detaljeret, Aarhus, Mar. 2023.xlsx",0.707906976744186,T-shirt
01083 T-Shirt unisex hvid k/æ P/B,Alm.slid uden restværdi,1,41,1,30155C97D461A6C001A66FD8,"PLC, Product detaljeret, Aarhus, Mar. 2023.xlsx",0.742439024390244,T-shirt
01083 T-Shirt unisex hvid k/æ P/B,Alm.slid uden restværdi,1,41,1,30155C97D461A6C001A670A5,"PLC, Product detaljeret, Aarhus, Mar. 2023.xlsx",0.742439024390244,T-shirt
01083 T-Shirt unisex hvid k/æ P/B,Alm.slid uden restværdi,1,41,1,30155C97D461A6C001A670A7,"PLC, Product detaljeret, Aarhus, Mar. 2023.xlsx",0.742439024390244,T-shirt
01083 T-Shirt unisex hvid k/æ P/B,Alm.slid uden restværdi,1,41,2,30155C97D461A6C001A6715E,"PLC, Product detaljeret, Aarhus, Mar. 2023.xlsx",1.484878048780488,T-shirt
01083 T-Shirt unisex hvid k/æ P/B,Alm.slid uden restværdi,1,37,1,30155C97D461A6C001A691C8,"PLC, Product detaljeret, Aarhus, Mar. 2023.xlsx",0.8227027027027027,T-shirt
09385 T-Shirt Hvid B/P M Arla Tryk,Alm.slid uden restværdi,1,2829,114,00D008FD23C8,"PLC, Product detaljeret, Aarhus, Nov. 2023.xlsx",1.2266383881230118,T-shirt
09385 T-Shirt Hvid B/P M Arla Tryk,Alm.slid uden restværdi,1,2781,109,00D00941A79E,"PLC, Product detaljeret, Aarhus, Nov. 2023.xlsx",1.193081625314635,T-shirt
01083 T-Shirt unisex hvid k/æ P/B,Alm.slid uden restværdi,1,2762,116,00D009717732,"PLC, Product detaljeret, Aarhus, Nov. 2023.xlsx",1.2784359160028964,T-shirt
09385 T-Shirt Hvid B/P M Arla Tryk,Alm.slid uden restværdi,1,2727,60,00D00998EEDE,"PLC, Product detaljeret, Aarhus, Nov. 2023.xlsx",0.6697469746974698,T-shirt
01083 T-Shirt unisex hvid k/æ P/B,Alm.slid uden restværdi,1,2715,106,00D009705737,"PLC, Product detaljeret, Aarhus, Nov. 2023.xlsx",1.1884493554327809,T-shirt
09385 T-Shirt Hvid B/P M Arla Tryk,Alm.slid uden restværdi,1,2709,87,00D0095B5829,"PLC, Product detaljeret, Aarhus, Nov. 2023.xlsx",0.9775858250276854,T-shirt
01083 T-Shirt unisex hvid k/æ P/B,Alm.slid uden restværdi,1,2631,118,00D00950DE95,"PLC, Product detaljeret, Aarhus, Nov. 2023.xlsx",1.3652299505891297,T-shirt
09385 T-Shirt Hvid B/P M Arla Tryk,Alm.slid uden restværdi,1,2622,119,00D009702409,"PLC, Product detaljeret, Aarhus, Nov. 2023.xlsx",1.3815255530129673,T-shirt
01083 T-Shirt unisex hvid k/æ P/B,Alm.slid uden restværdi,1,2618,111,00D009984678,"PLC, Product detaljeret, Aarhus, Nov. 2023.xlsx",1.290618792971734,T-shirt
01083 T-Shirt unisex hvid k/æ P/B,Alm.slid uden restværdi,1,2519,45,00D009790967,"PLC, Product detaljeret, Aarhus, Nov. 2023.xlsx",0.5437872171496626,T-shirt
01083 T-Shirt unisex hvid k/æ P/B,Alm.slid uden restværdi,1,2513,41,00D009990FC2,"PLC, Product detaljeret, Aarhus, Nov. 2023.xlsx",0.4966335057699961,T-shirt
01083 T-Shirt unisex hvid k/æ P/B,Alm.slid uden restværdi,1,2488,136,00D009784FF3,"PLC, Product detaljeret, Aarhus, Nov. 2023.xlsx",1.6639228295819937,T-shirt
01083 T-Shirt unisex hvid k/æ P/B,Alm.slid uden restværdi,1,2484,133,00D009AFDD40,"PLC, Product detaljeret, Aarhus, Nov. 2023.xlsx",1.6298389694041868,T-shirt
09385 T-Shirt Hvid B/P M Arla Tryk,Alm.slid uden restværdi,1,2457,103,00D0096FCD9A,"PLC, Product detaljeret, Aarhus, Nov. 2023.xlsx",1.2760765160765162,T-shirt
09385 T-Shirt Hvid B/P M Arla Tryk,Alm.slid uden restværdi,1,2448,96,00D00970712A,"PLC, Product detaljeret, Aarhus, Nov. 2023.xlsx",1.1937254901960785,T-shirt
09385 T-Shirt Hvid B/P M Arla Tryk,Alm.slid uden restværdi,1,2419,92,30155C97D461A4C001423053,"PLC, Product detaljeret, Aarhus, Nov. 2023.xlsx",1.1577015295576687,T-shirt
09385 T-Shirt Hvid B/P M Arla Tryk,Alm.slid uden restværdi,1,2352,105,00D00976F8BF,"PLC, Product detaljeret, Aarhus, Nov. 2023.xlsx",1.3589285714285715,T-shirt
09385 T-Shirt Hvid B/P M Arla Tryk,Alm.slid uden restværdi,1,2352,107,00D00978187F,"PLC, Product detaljeret, Aarhus, Nov. 2023.xlsx",1.384812925170068,T-shirt
09385 T-Shirt Hvid B/P M Arla Tryk,Alm.slid uden restværdi,1,2337,131,30155C97D461A7C000A11A08,"PLC, Product detaljeret, Aarhus, Nov. 2023.xlsx",1.7063072314933676,T-shirt
01083 T-Shirt unisex hvid k/æ P/B,Alm.slid uden restværdi,1,2325,120,30155C97D461A7C000BA654C,"PLC, Product detaljeret, Aarhus, Nov. 2023.xlsx",1.5710967741935484,T-shirt
09385 T-Shirt Hvid B/P M Arla Tryk,Alm.slid uden restværdi,1,2307,114,00D009703D49,"PLC, Product detaljeret, Aarhus, Nov. 2023.xlsx",1.5041872561768532,T-shirt
09385 T-Shirt Hvid B/P M Arla Tryk,Alm.slid uden restværdi,1,2295,95,30155C97D461A7C0007D1A55,"PLC, Product detaljeret, Aarhus, Nov. 2023.xlsx",1.2600435729847494,T-shirt
09385 T-Shirt Hvid B/P M Arla Tryk,Alm.slid uden restværdi,1,2271,79,00D00A566F4C,"PLC, Product detaljeret, Aarhus, Nov. 2023.xlsx",1.0588991633641567,T-shirt
09385 T-Shirt Hvid B/P M Arla Tryk,Alm.slid uden restværdi,1,2263,84,30155C97D461A7C000B1194F,"PLC, Product detaljeret, Aarhus, Nov. 2023.xlsx",1.1298983650022094,T-shirt
09385 T-Shirt Hvid B/P M Arla Tryk,Alm.slid uden restværdi,1,2257,101,30155C97D461A7C000B99277,"PLC, Product detaljeret, Aarhus, Nov. 2023.xlsx",1.3621798848028355,T-shirt
09385 T-Shirt Hvid B/P M Arla Tryk,Alm.slid uden restværdi,1,2238,83,00D00A64165E,"PLC, Product detaljeret, Aarhus, Nov. 2023.xlsx",1.1289186773905273,T-shirt
09385 T-Shirt Hvid B/P M Arla Tryk,Alm.slid uden restværdi,1,2230,121,30155C97D461A7C000B11FF7,"PLC, Product detaljeret, Aarhus, Nov. 2023.xlsx",1.6516771300448432,T-shirt
01083 T-Shirt unisex hvid k/æ P/B,Alm.slid uden restværdi,1,2217,56,30155C97D461A7C000BA0B46,"PLC, Product detaljeret, Aarhus, Nov. 2023.xlsx",0.768894903022102,T-shirt
09385 T-Shirt Hvid B/P M Arla Tryk,Alm.slid uden restværdi,1,2200,98,30155C97D461A7C000D74A35,"PLC, Product detaljeret, Aarhus, Nov. 2023.xlsx",1.3559636363636365,T-shirt
09385 T-Shirt Hvid B/P M Arla Tryk,Alm.slid uden restværdi,1,2194,37,30155C97D461A7C000B109EF,"PLC, Product detaljeret, Aarhus, Nov. 2023.xlsx",0.5133454876937101,T-shirt
09385 T-Shirt Hvid B/P M Arla Tryk,Alm.slid uden restværdi,1,2161,72,00D00A641A6C,"PLC, Product detaljeret, Aarhus, Nov. 2023.xlsx",1.0141971309578899,T-shirt
09385 T-Shirt Hvid B/P M Arla Tryk,Alm.slid uden restværdi,1,2123,128,30155C97D461A6C001931B86,"PLC, Product detaljeret, Aarhus, Nov. 2023.xlsx",1.8352896844088555,T-shirt
09385 T-Shirt Hvid B/P M Arla Tryk,Alm.slid uden restværdi,1,2112,111,30155C97D461A7C000D75C04,"PLC, Product detaljeret, Aarhus, Nov. 2023.xlsx",1.5998295454545455,T-shirt
09385 T-Shirt Hvid B/P M Arla Tryk,Alm.slid uden restværdi,1,2106,93,30155C97D461A7C00116A16C,"PLC, Product detaljeret, Aarhus, Nov. 2023.xlsx",1.3442165242165243,T-shirt
09385 T-Shirt Hvid B/P M Arla Tryk,Alm.slid uden restværdi,1,2095,98,30155C97D461A7C000F0C991,"PLC, Product detaljeret, Aarhus, Nov. 2023.xlsx",1.4239236276849643,T-shirt
09385 T-Shirt Hvid B/P M Arla Tryk,Alm.slid uden restværdi,1,2092,103,30155C97D461A7C0011707BC,"PLC, Product detaljeret, Aarhus, Nov. 2023.xlsx",1.4987189292543022,T-shirt
09385 T-Shirt Hvid B/P M Arla Tryk,Alm.slid uden restværdi,1,2092,88,30155C97D461A7C001174B78,"PLC, Product detaljeret, Aarhus, Nov. 2023.xlsx",1.2804588910133845,T-shirt
01083 T-Shirt unisex hvid k/æ P/B,Alm.slid uden restværdi,1,2088,114,30155C97D461A7C001231C98,"PLC, Product detaljeret, Aarhus, Nov. 2023.xlsx",1.661954022988506,T-shirt
09385 T-Shirt Hvid B/P M Arla Tryk,Alm.slid uden restværdi,1,2073,80,30155C97D461A7C0011797E0,"PLC, Product detaljeret, Aarhus, Nov. 2023.xlsx",1.174722624216112,T-shirt
09385 T-Shirt Hvid B/P M Arla Tryk,Alm.slid uden restværdi,1,2072,88,30155C97D461A7C000D74A6D,"PLC, Product detaljeret, Aarhus, Nov. 2023.xlsx",1.2928185328185329,T-shirt
09385 T-Shirt Hvid B/P M Arla Tryk,Alm.slid uden restværdi,1,2068,102,30155C97D461A7C001242FD2,"PLC, Product detaljeret, Aarhus, Nov. 2023.xlsx",1.5013926499032881,T-shirt
09385 T-Shirt Hvid B/P M Arla Tryk,Alm.slid uden restværdi,1,2064,147,30155C97D461A7C001242F63,"PLC, Product detaljeret, Aarhus, Nov. 2023.xlsx",2.16796511627907,T-shirt
01083 T-Shirt unisex hvid k/æ P/B,Alm.slid uden restværdi,1,2045,113,30155C97D461A7C00111F031,"PLC, Product detaljeret, Aarhus, Nov. 2023.xlsx",1.6820146699266505,T-shirt
01083 T-Shirt unisex hvid k/æ P/B,Alm.slid uden restværdi,1,2043,113,30155C97D461A7C00111EE92,"PLC, Product detaljeret, Aarhus, Nov. 2023.xlsx",1.6836612824278023,T-shirt
03850 T-Shirt Hvid Lady K/Æ P/B,Alm.slid uden restværdi,1,2027,113,30155C97D461A7C000CDD154,"PLC, Product detaljeret, Aarhus, Nov. 2023.xlsx",1.6969511593487914,T-shirt
03850 T-Shirt Hvid Lady K/Æ P/B,Alm.slid uden restværdi,1,2027,123,30155C97D461A7C000E9043C,"PLC, Product detaljeret, Aarhus, Nov. 2023.xlsx",1.847123828317711,T-shirt
01083 T-Shirt unisex hvid k/æ P/B,Alm.slid uden restværdi,1,2008,59,30155C97D461A7C0010D1268,"PLC, Product detaljeret, Aarhus, Nov. 2023.xlsx",0.8944023904382471,T-shirt
03850 T-Shirt Hvid Lady K/Æ P/B,Alm.slid uden restværdi,1,2008,90,30155C97D461A7C001035A1C,"PLC, Product detaljeret, Aarhus, Nov. 2023.xlsx",1.3643426294820717,T-shirt
03850 T-Shirt Hvid Lady K/Æ P/B,Alm.slid uden restværdi,1,1981,64,30155C97D461A7C000E902EC,"PLC, Product detaljeret, Aarhus, Nov. 2023.xlsx",0.9834225138818778,T-shirt
01083 T-Shirt unisex hvid k/æ P/B,Alm.slid uden restværdi,1,1967,110,00D009977288,"PLC, Product detaljeret, Aarhus, Nov. 2023.xlsx",1.7022877478393492,T-shirt
03850 T-Shirt Hvid Lady K/Æ P/B,Alm.slid uden restværdi,1,1967,16,30155C97D461A7C000E908DA,"PLC, Product detaljeret, Aarhus, Nov. 2023.xlsx",0.24760549059481446,T-shirt
03850 T-Shirt Hvid Lady K/Æ P/B,Alm.slid uden restværdi,1,1963,43,30155C97D461A7C001224B81,"PLC, Product detaljeret, Aarhus, Nov. 2023.xlsx",0.666795720835456,T-shirt
03850 T-Shirt Hvid Lady K/Æ P/B,Alm.slid uden restværdi,1,1963,48,30155C97D461A7C001224D20,"PLC, Product detaljeret, Aarhus, Nov. 2023.xlsx",0.7443301069791136,T-shirt
09385 T-Shirt Hvid B/P M Arla Tryk,Alm.slid uden restværdi,1,1945,95,30155C97D461A7C001121364,"PLC, Product detaljeret, Aarhus, Nov. 2023.xlsx",1.4867866323907455,T-shirt
01083 T-Shirt unisex hvid k/æ P/B,Alm.slid uden restværdi,1,1941,107,30155C97D461A7C00156DBD5,"PLC, Product detaljeret, Aarhus, Nov. 2023.xlsx",1.678042246264812,T-shirt
09385 T-Shirt Hvid B/P M Arla Tryk,Alm.slid uden restværdi,1,1919,93,30155C97D461A7C00112DB11,"PLC, Product detaljeret, Aarhus, Nov. 2023.xlsx",1.475205836373111,T-shirt
01083 T-Shirt unisex hvid k/æ P/B,Alm.slid uden restværdi,1,1876,13,30155C97D461A7C0010E0F28,"PLC, Product detaljeret, Aarhus, Nov. 2023.xlsx",0.21093816631130066,T-shirt
01083 T-Shirt unisex hvid k/æ P/B,Alm.slid uden restværdi,1,1876,44,30155C97D461A7C0015345FB,"PLC, Product detaljeret, Aarhus, Nov. 2023.xlsx",0.7139445628997868,T-shirt
01083 T-Shirt unisex hvid k/æ P/B,Alm.slid uden restværdi,1,1876,53,30155C97D461A7C001534687,"PLC, Product detaljeret, Aarhus, Nov. 2023.xlsx",0.8599786780383796,T-shirt
09385 T-Shirt Hvid B/P M Arla Tryk,Alm.slid uden restværdi,1,1862,139,30155C97D461A7C0010DF132,"PLC, Product detaljeret, Aarhus, Nov. 2023.xlsx",2.272373791621912,T-shirt
09385 T-Shirt Hvid B/P M Arla Tryk,Alm.slid uden restværdi,1,1861,122,30155C97D461A6C00193308F,"PLC, Product detaljeret, Aarhus, Nov. 2023.xlsx",1.9955292853304676,T-shirt
09385 T-Shirt Hvid B/P M Arla Tryk,Alm.slid uden restværdi,1,1851,112,30155C97D461A6C00193306B,"PLC, Product detaljeret, Aarhus, Nov. 2023.xlsx",1.8418584548892492,T-shirt
01083 T-Shirt unisex hvid k/æ P/B,Alm.slid uden restværdi,1,1845,131,30155C97D461A7C001537098,"PLC, Product detaljeret, Aarhus, Nov. 2023.xlsx",2.1613224932249326,T-shirt
09385 T-Shirt Hvid B/P M Arla Tryk,Alm.slid uden restværdi,1,1834,91,30155C97D461A7C0010DF0B3,"PLC, Product detaljeret, Aarhus, Nov. 2023.xlsx",1.510381679389313,T-shirt
01083 T-Shirt unisex hvid k/æ P/B,Alm.slid uden restværdi,1,1831,147,30155C97D461A7C001513798,"PLC, Product detaljeret, Aarhus, Nov. 2023.xlsx",2.4438448935008195,T-shirt
01083 T-Shirt unisex hvid k/æ P/B,Alm.slid uden restværdi,1,1822,69,30155C97D461A7C0015F84FD,"PLC, Product detaljeret, Aarhus, Nov. 2023.xlsx",1.1527771679473107,T-shirt
09385 T-Shirt Hvid B/P M Arla Tryk,Alm.slid uden restværdi,1,1821,82,30155C97D461A7C0010DF01C,"PLC, Product detaljeret, Aarhus, Nov. 2023.xlsx",1.3707193849533224,T-shirt
09385 T-Shirt Hvid B/P M Arla Tryk,Alm.slid uden restværdi,1,1807,86,30155C97D461A6C00193384F,"PLC, Product detaljeret, Aarhus, Nov. 2023.xlsx",1.448721638074156,T-shirt
01083 T-Shirt unisex hvid k/æ P/B,Alm.slid uden restværdi,1,1806,116,30155C97D461A7C0016665FE,"PLC, Product detaljeret, Aarhus, Nov. 2023.xlsx",1.9551716500553709,T-shirt
09385 T-Shirt Hvid B/P M Arla Tryk,Alm.slid uden restværdi,1,1796,87,30155C97D461A7C00110CE6B,"PLC, Product detaljeret, Aarhus, Nov. 2023.xlsx",1.474543429844098,T-shirt
09385 T-Shirt Hvid B/P M Arla Tryk,Alm.slid uden restværdi,1,1790,66,30155C97D461A7C001531788,"PLC, Product detaljeret, Aarhus, Nov. 2023.xlsx",1.122368715083799,T-shirt
01083 T-Shirt unisex hvid k/æ P/B,Alm.slid uden restværdi,1,1785,134,30155C97D461A7C0016719B3,"PLC, Product detaljeret, Aarhus, Nov. 2023.xlsx",2.2851316526610645,T-shirt
03850 T-Shirt Hvid Lady K/Æ P/B,Alm.slid uden restværdi,1,1775,107,30155C97D461A7C000E09464,"PLC, Product detaljeret, Aarhus, Nov. 2023.xlsx",1.8349746478873241,T-shirt
03850 T-Shirt Hvid Lady K/Æ P/B,Alm.slid uden restværdi,1,1762,98,30155C97D461A7C000E08B18,"PLC, Product detaljeret, Aarhus, Nov. 2023.xlsx",1.6930306469920544,T-shirt
01083 T-Shirt unisex hvid k/æ P/B,Alm.slid uden restværdi,1,1734,34,30155C97D461A7C001CB6E23,"PLC, Product detaljeret, Aarhus, Nov. 2023.xlsx",0.5968627450980393,T-shirt
01083 T-Shirt unisex hvid k/æ P/B,Alm.slid uden restværdi,1,1734,18,30155C97D461A7C001CB6ED3,"PLC, Product detaljeret, Aarhus, Nov. 2023.xlsx",0.3159861591695502,T-shirt
03850 T-Shirt Hvid Lady K/Æ P/B,Alm.slid uden restværdi,1,1732,5,30155C97D461A7C000E086E7,"PLC, Product detaljeret, Aarhus, Nov. 2023.xlsx",0.08787528868360278,T-shirt
03850 T-Shirt Hvid Lady K/Æ P/B,Alm.slid uden restværdi,1,1732,7,30155C97D461A7C000E08904,"PLC, Product detaljeret, Aarhus, Nov. 2023.xlsx",0.1230254041570439,T-shirt
03850 T-Shirt Hvid Lady K/Æ P/B,Alm.slid uden restværdi,1,1732,5,30155C97D461A7C000E08A3E,"PLC, Product detaljeret, Aarhus, Nov. 2023.xlsx",0.08787528868360278,T-shirt
03850 T-Shirt Hvid Lady K/Æ P/B,Alm.slid uden restværdi,1,1732,8,30155C97D461A7C000E08D4A,"PLC, Product detaljeret, Aarhus, Nov. 2023.xlsx",0.14060046189376443,T-shirt
01083 T-Shirt unisex hvid k/æ P/B,Alm.slid uden restværdi,1,1729,15,30155C97D461A7C001CB6F63,"PLC, Product detaljeret, Aarhus, Nov. 2023.xlsx",0.2640832851359167,T-shirt
01083 T-Shirt unisex hvid k/æ P/B,Alm.slid uden restværdi,1,1720,22,30155C97D461A7C001CB6EB4,"PLC, Product detaljeret, Aarhus, Nov. 2023.xlsx",0.38934883720930236,T-shirt
01083 T-Shirt unisex hvid k/æ P/B,Alm.slid uden restværdi,1,1720,18,30155C97D461A7C001CB6EF5,"PLC, Product detaljeret, Aarhus, Nov. 2023.xlsx",0.3185581395348837,T-shirt
01083 T-Shirt unisex hvid k/æ P/B,Alm.slid uden restværdi,1,1706,113,30155C97D461A7C0016E2605,"PLC, Product detaljeret, Aarhus, Nov. 2023.xlsx",2.0162485345838217,T-shirt
01083 T-Shirt unisex hvid k/æ P/B,Alm.slid uden restværdi,1,1699,109,30155C97D461A7C0020A6087,"PLC, Product detaljeret, Aarhus, Nov. 2023.xlsx",1.952889935256033,T-shirt
01083 T-Shirt unisex hvid k/æ P/B,Alm.slid uden restværdi,1,1695,137,30155C97D461A7C0015F853E,"PLC, Product detaljeret, Aarhus, Nov. 2023.xlsx",2.4603421828908556,T-shirt
01083 T-Shirt unisex hvid k/æ P/B,Alm.slid uden restværdi,1,1674,143,30155C97D461A7C001537107,"PLC, Product detaljeret, Aarhus, Nov. 2023.xlsx",2.600310633213859,T-shirt
09385 T-Shirt Hvid B/P M Arla Tryk,Alm.slid uden restværdi,1,1622,69,30155C97D461A6C001932841,"PLC, Product detaljeret, Aarhus, Nov. 2023.xlsx",1.2949198520345253,T-shirt
09385 T-Shirt Hvid B/P M Arla Tryk,Alm.slid uden restværdi,1,1619,81,30155C97D461A7C001CBF060,"PLC, Product detaljeret, Aarhus, Nov. 2023.xlsx",1.5229400864731317,T-shirt
01083 T-Shirt unisex hvid k/æ P/B,Alm.slid uden restværdi,1,1602,21,30155C97D461A7C002169D81,"PLC, Product detaljeret, Aarhus, Nov. 2023.xlsx",0.3990262172284645,T-shirt
09385 T-Shirt Hvid B/P M Arla Tryk,Alm.slid uden restværdi,1,1591,104,30155C97D461A7C00210D775,"PLC, Product detaljeret, Aarhus, Nov. 2023.xlsx",1.9897925832809553,T-shirt
09385 T-Shirt Hvid B/P M Arla Tryk,Alm.slid uden restværdi,1,1586,82,30155C97D461A6C001931AF6,"PLC, Product detaljeret, Aarhus, Nov. 2023.xlsx",1.5738209331651956,T-shirt
09385 T-Shirt Hvid B/P M Arla Tryk,Alm.slid uden restværdi,1,1586,92,30155C97D461A6C001931B43,"PLC, Product detaljeret, Aarhus, Nov. 2023.xlsx",1.765750315258512,T-shirt
09385 T-Shirt Hvid B/P M Arla Tryk,Alm.slid uden restværdi,1,1586,105,30155C97D461A6C0019324C0,"PLC, Product detaljeret, Aarhus, Nov. 2023.xlsx",2.015258511979823,T-shirt
09385 T-Shirt Hvid B/P M Arla Tryk,Alm.slid uden restværdi,1,1583,75,30155C97D461A7C0020B1283,"PLC, Product detaljeret, Aarhus, Nov. 2023.xlsx",1.4421983575489576,T-shirt
01083 T-Shirt unisex hvid k/æ P/B,Alm.slid uden restværdi,1,1579,72,30155C97D461A7C002111A53,"PLC, Product detaljeret, Aarhus, Nov. 2023.xlsx",1.3880177327422418,T-shirt
09385 T-Shirt Hvid B/P M Arla Tryk,Alm.slid uden restværdi,1,1578,66,30155C97D461A6C001931B9D,"PLC, Product detaljeret, Aarhus, Nov. 2023.xlsx",1.2731558935361216,T-shirt
09385 T-Shirt Hvid B/P M Arla Tryk,Alm.slid uden restværdi,1,1577,68,30155C97D461A6C00081E15D,"PLC, Product detaljeret, Aarhus, Nov. 2023.xlsx",1.312568167406468,T-shirt
09385 T-Shirt Hvid B/P M Arla Tryk,Alm.slid uden restværdi,1,1570,84,30155C97D461A6C0019324E8,"PLC, Product detaljeret, Aarhus, Nov. 2023.xlsx",1.6286369426751595,T-shirt
09385 T-Shirt Hvid B/P M Arla Tryk,Alm.slid uden restværdi,1,1558,75,30155C97D461A7C001CBAF45,"PLC, Product detaljeret, Aarhus, Nov. 2023.xlsx",1.4653401797175867,T-shirt
09385 T-Shirt Hvid B/P M Arla Tryk,Alm.slid uden restværdi,1,1545,114,30155C97D461A7C0020408AB,"PLC, Product detaljeret, Aarhus, Nov. 2023.xlsx",2.2460582524271846,T-shirt
01083 T-Shirt unisex hvid k/æ P/B,Alm.slid uden restværdi,1,1525,83,30155C97D461A7C001F6B9F6,"PLC, Product detaljeret, Aarhus, Nov. 2023.xlsx",1.6567344262295083,T-shirt
03850 T-Shirt Hvid Lady K/Æ P/B,Alm.slid uden restværdi,1,1516,71,30155C97D461A7C000E08954,"PLC, Product detaljeret, Aarhus, Nov. 2023.xlsx",1.4256200527704486,T-shirt
09385 T-Shirt Hvid B/P M Arla Tryk,Alm.slid uden restværdi,1,1515,41,00D00AE33659,"PLC, Product detaljeret, Aarhus, Nov. 2023.xlsx",0.8237887788778878,T-shirt
"07859 T-Shirt L/Æ, Hvid p/b",Alm.slid uden restværdi,1,1492,116,30155C97D461A7C00228EF11,"PLC, Product detaljeret, Aarhus, Nov. 2023.xlsx",2.3666487935656835,T-shirt
09385 T-Shirt Hvid B/P M Arla Tryk,Alm.slid uden restværdi,1,1446,96,30155C97D461A6C001931B5F,"PLC, Product detaljeret, Aarhus, Nov. 2023.xlsx",2.0209128630705395,T-shirt
09385 T-Shirt Hvid B/P M Arla Tryk,Alm.slid uden restværdi,1,1446,51,30155C97D461A6C001932FFB,"PLC, Product detaljeret, Aarhus, Nov. 2023.xlsx",1.0736099585062242,T-shirt
01083 T-Shirt unisex hvid k/æ P/B,Alm.slid uden restværdi,1,1445,142,30155C97D461A7C0020E88F9,"PLC, Product detaljeret, Aarhus, Nov. 2023.xlsx",2.991335640138409,T-shirt
03850 T-Shirt Hvid Lady K/Æ P/B,Alm.slid uden restværdi,1,1438,93,30155C97D461A7C001D53E3B,"PLC, Product detaljeret, Aarhus, Nov. 2023.xlsx",1.9686509040333797,T-shirt
01083 T-Shirt unisex hvid k/æ P/B,Alm.slid uden restværdi,1,1435,121,30155C97D461A7C00266DBE6,"PLC, Product detaljeret, Aarhus, Nov. 2023.xlsx",2.566717770034843,T-shirt
01083 T-Shirt unisex hvid k/æ P/B,Alm.slid uden restværdi,1,1394,115,30155C97D461A7C00276EC98,"PLC, Product detaljeret, Aarhus, Nov. 2023.xlsx",2.511190817790531,T-shirt
01083 T-Shirt unisex hvid k/æ P/B,Alm.slid uden restværdi,1,1387,69,30155C97D461A7C00217620B,"PLC, Product detaljeret, Aarhus, Nov. 2023.xlsx",1.5143186733958183,T-shirt
03850 T-Shirt Hvid Lady K/Æ P/B,Alm.slid uden restværdi,1,1386,14,30155C97D461A7C000E09AE4,"PLC, Product detaljeret, Aarhus, Nov. 2023.xlsx",0.3074747474747475,T-shirt
03850 T-Shirt Hvid Lady K/Æ P/B,Alm.slid uden restværdi,1,1385,14,30155C97D461A7C000E09BA2,"PLC, Product detaljeret, Aarhus, Nov. 2023.xlsx",0.30769675090252707,T-shirt
"07859 T-Shirt L/Æ, Hvid p/b",Alm.slid uden restværdi,1,1381,52,30155C97D461A7C00217269D,"PLC, Product detaljeret, Aarhus, Nov. 2023.xlsx",1.146183924692252,T-shirt
01083 T-Shirt unisex hvid k/æ P/B,Alm.slid uden restværdi,1,1379,56,30155C97D461A7C0022A7316,"PLC, Product detaljeret, Aarhus, Nov. 2023.xlsx",1.2361421319796955,T-shirt
01083 T-Shirt unisex hvid k/æ P/B,Alm.slid uden restværdi,1,1377,89,30155C97D461A7C00266E60B,"PLC, Product detaljeret, Aarhus, Nov. 2023.xlsx",1.967436456063907,T-shirt
09385 T-Shirt Hvid B/P M Arla Tryk,Alm.slid uden restværdi,1,1364,80,30155C97D461A6C001932FD2,"PLC, Product detaljeret, Aarhus, Nov. 2023.xlsx",1.7853372434017598,T-shirt
09385 T-Shirt Hvid B/P M Arla Tryk,Alm.slid uden restværdi,1,1358,83,30155C97D461A6C001933059,"PLC, Product detaljeret, Aarhus, Nov. 2023.xlsx",1.8604712812960236,T-shirt
09385 T-Shirt Hvid B/P M Arla Tryk,Alm.slid uden restværdi,1,1355,76,30155C97D461A6C001931BFA,"PLC, Product detaljeret, Aarhus, Nov. 2023.xlsx",1.7073357933579336,T-shirt
09385 T-Shirt Hvid B/P M Arla Tryk,Alm.slid uden restværdi,1,1348,58,30155C97D461A7C001EA8F5F,"PLC, Product detaljeret, Aarhus, Nov. 2023.xlsx",1.30973293768546,T-shirt
09385 T-Shirt Hvid B/P M Arla Tryk,Alm.slid uden restværdi,1,1335,101,30155C97D461A6C00193312E,"PLC, Product detaljeret, Aarhus, Nov. 2023.xlsx",2.3029513108614235,T-shirt
03850 T-Shirt Hvid Lady K/Æ P/B,Alm.slid uden restværdi,1,1268,66,30155C97D461A7C000E07A9F,"PLC, Product detaljeret, Aarhus, Nov. 2023.xlsx",1.584416403785489,T-shirt
03850 T-Shirt Hvid Lady K/Æ P/B,Alm.slid uden restværdi,1,1268,54,30155C97D461A7C000E0A6CD,"PLC, Product detaljeret, Aarhus, Nov. 2023.xlsx",1.2963406940063091,T-shirt
01083 T-Shirt unisex hvid k/æ P/B,Alm.slid uden restværdi,1,1259,99,30155C97D461A7C0023C5A3B,"PLC, Product detaljeret, Aarhus, Nov. 2023.xlsx",2.39361397934869,T-shirt
09385 T-Shirt Hvid B/P M Arla Tryk,Alm.slid uden restværdi,1,1248,72,30155C97D461A7C0023BA4F8,"PLC, Product detaljeret, Aarhus, Nov. 2023.xlsx",1.7561538461538464,T-shirt
09385 T-Shirt Hvid B/P M Arla Tryk,Alm.slid uden restværdi,1,1247,70,30155C97D461A6C001931B7B,"PLC, Product detaljeret, Aarhus, Nov. 2023.xlsx",1.7087409783480354,T-shirt
09385 T-Shirt Hvid B/P M Arla Tryk,Alm.slid uden restværdi,1,1245,52,00D00B2A2F49,"PLC, Product detaljeret, Aarhus, Nov. 2023.xlsx",1.271389558232932,T-shirt
09385 T-Shirt Hvid B/P M Arla Tryk,Alm.slid uden restværdi,1,1244,93,30155C97D461A6C00081E0EA,"PLC, Product detaljeret, Aarhus, Nov. 2023.xlsx",2.2756591639871386,T-shirt
09385 T-Shirt Hvid B/P M Arla Tryk,Alm.slid uden restværdi,1,1244,79,30155C97D461A6C001931B61,"PLC, Product detaljeret, Aarhus, Nov. 2023.xlsx",1.9330868167202575,T-shirt
09385 T-Shirt Hvid B/P M Arla Tryk,Alm.slid uden restværdi,1,1244,93,30155C97D461A6C0019330EC,"PLC, Product detaljeret, Aarhus, Nov. 2023.xlsx",2.2756591639871386,T-shirt
09385 T-Shirt Hvid B/P M Arla Tryk,Alm.slid uden restværdi,1,1243,69,30155C97D461A6C0019324D9,"PLC, Product detaljeret, Aarhus, Nov. 2023.xlsx",1.689750603378922,T-shirt
09385 T-Shirt Hvid B/P M Arla Tryk,Alm.slid uden restværdi,1,1241,62,30155C97D461A6C00081E10B,"PLC, Product detaljeret, Aarhus, Nov. 2023.xlsx",1.5207735697018534,T-shirt
09385 T-Shirt Hvid B/P M Arla Tryk,Alm.slid uden restværdi,1,1240,74,30155C97D461A6C001931B3E,"PLC, Product detaljeret, Aarhus, Nov. 2023.xlsx",1.8165806451612905,T-shirt
09385 T-Shirt Hvid B/P M Arla Tryk,Alm.slid uden restværdi,1,1238,92,30155C97D461A7C00226ED00,"PLC, Product detaljeret, Aarhus, Nov. 2023.xlsx",2.2621001615508884,T-shirt
01083 T-Shirt unisex hvid k/æ P/B,Alm.slid uden restværdi,1,1237,141,30155C97D461A7C00294DB02,"PLC, Product detaljeret, Aarhus, Nov. 2023.xlsx",3.4697170573969283,T-shirt
09385 T-Shirt Hvid B/P M Arla Tryk,Alm.slid uden restværdi,1,1220,125,30155C97D461A7C00268DE56,"PLC, Product detaljeret, Aarhus, Nov. 2023.xlsx",3.1188524590163937,T-shirt
09385 T-Shirt Hvid B/P M Arla Tryk,Alm.slid uden restværdi,1,1210,87,30155C97D461A6C00081E106,"PLC, Product detaljeret, Aarhus, Nov. 2023.xlsx",2.1886611570247934,T-shirt
01083 T-Shirt unisex hvid k/æ P/B,Alm.slid uden restværdi,1,1208,108,30155C97D461A7C00268D3B1,"PLC, Product detaljeret, Aarhus, Nov. 2023.xlsx",2.721456953642384,T-shirt
09385 T-Shirt Hvid B/P M Arla Tryk,Alm.slid uden restværdi,1,1200,94,30155C97D461A6C001931B70,"PLC, Product detaljeret, Aarhus, Nov. 2023.xlsx",2.384466666666667,T-shirt
01083 T-Shirt unisex hvid k/æ P/B,Alm.slid uden restværdi,1,1198,97,30155C97D461A7C0028C478F,"PLC, Product detaljeret, Aarhus, Nov. 2023.xlsx",2.4646744574290484,T-shirt
01083 T-Shirt unisex hvid k/æ P/B,Alm.slid uden restværdi,1,1198,93,30155C97D461A7C0028C480A,"PLC, Product detaljeret, Aarhus, Nov. 2023.xlsx",2.3630383973288813,T-shirt
01083 T-Shirt unisex hvid k/æ P/B,Alm.slid uden restværdi,1,1197,108,30155C97D461A7C00268D3AF,"PLC, Product detaljeret, Aarhus, Nov. 2023.xlsx",2.746466165413534,T-shirt
01083 T-Shirt unisex hvid k/æ P/B,Alm.slid uden restværdi,1,1192,72,30155C97D461A7C00268D380,"PLC, Product detaljeret, Aarhus, Nov. 2023.xlsx",1.8386577181208055,T-shirt
09385 T-Shirt Hvid B/P M Arla Tryk,Alm.slid uden restværdi,1,1192,66,30155C97D461A4C000BE7407,"PLC, Product detaljeret, Aarhus, Nov. 2023.xlsx",1.6854362416107385,T-shirt
09385 T-Shirt Hvid B/P M Arla Tryk,Alm.slid uden restværdi,1,1191,78,30155C97D461A6C001931ADE,"PLC, Product detaljeret, Aarhus, Nov. 2023.xlsx",1.993551637279597,T-shirt
09385 T-Shirt Hvid B/P M Arla Tryk,Alm.slid uden restværdi,1,1189,97,30155C97D461A6C001932FEB,"PLC, Product detaljeret, Aarhus, Nov. 2023.xlsx",2.4833305298570227,T-shirt
09385 T-Shirt Hvid B/P M Arla Tryk,Alm.slid uden restværdi,1,1189,78,30155C97D461A6C00193397B,"PLC, Product detaljeret, Aarhus, Nov. 2023.xlsx",1.99690496215307,T-shirt
01083 T-Shirt unisex hvid k/æ P/B,Alm.slid uden restværdi,1,1188,80,30155C97D461A7C00268D40C,"PLC, Product detaljeret, Aarhus, Nov. 2023.xlsx",2.04983164983165,T-shirt
09385 T-Shirt Hvid B/P M Arla Tryk,Alm.slid uden restværdi,1,1187,80,30155C97D461A6C001931C11,"PLC, Product detaljeret, Aarhus, Nov. 2023.xlsx",2.0515585509688288,T-shirt
09385 T-Shirt Hvid B/P M Arla Tryk,Alm.slid uden restværdi,1,1184,77,30155C97D461A6C00081E2C6,"PLC, Product detaljeret, Aarhus, Nov. 2023.xlsx",1.9796283783783786,T-shirt
01083 T-Shirt unisex hvid k/æ P/B,Alm.slid uden restværdi,1,1183,70,30155C97D461A7C00268D38E,"PLC, Product detaljeret, Aarhus, Nov. 2023.xlsx",1.8011834319526627,T-shirt
01083 T-Shirt unisex hvid k/æ P/B,Alm.slid uden restværdi,1,1183,85,30155C97D461A7C00268D3B4,"PLC, Product detaljeret, Aarhus, Nov. 2023.xlsx",2.1871513102282334,T-shirt
01083 T-Shirt unisex hvid k/æ P/B,Alm.slid uden restværdi,1,1183,96,30155C97D461A7C00268D409,"PLC, Product detaljeret, Aarhus, Nov. 2023.xlsx",2.4701944209636517,T-shirt
01083 T-Shirt unisex hvid k/æ P/B,Alm.slid uden restværdi,1,1183,115,30155C97D461A7C00268D447,"PLC, Product detaljeret, Aarhus, Nov. 2023.xlsx",2.9590870667793747,T-shirt
01083 T-Shirt unisex hvid k/æ P/B,Alm.slid uden restværdi,1,1183,84,30155C97D461A7C00268D469,"PLC, Product detaljeret, Aarhus, Nov. 2023.xlsx",2.1614201183431954,T-shirt
01083 T-Shirt unisex hvid k/æ P/B,Alm.slid uden restværdi,1,1183,82,30155C97D461A7C00268D519,"PLC, Product detaljeret, Aarhus, Nov. 2023.xlsx",2.1099577345731193,T-shirt
09385 T-Shirt Hvid B/P M Arla Tryk,Alm.slid uden restværdi,1,1180,85,30155C97D461A6C001931C05,"PLC, Product detaljeret, Aarhus, Nov. 2023.xlsx",2.19271186440678,T-shirt
09385 T-Shirt Hvid B/P M Arla Tryk,Alm.slid uden restværdi,1,1180,52,30155C97D461A6C0019324D0,"PLC, Product detaljeret, Aarhus, Nov. 2023.xlsx",1.3414237288135593,T-shirt
09385 T-Shirt Hvid B/P M Arla Tryk,Alm.slid uden restværdi,1,1180,80,30155C97D461A6C0019329BF,"PLC, Product detaljeret, Aarhus, Nov. 2023.xlsx",2.063728813559322,T-shirt
09385 T-Shirt Hvid B/P M Arla Tryk,Alm.slid uden restværdi,1,1180,69,30155C97D461A6C00193317C,"PLC, Product detaljeret, Aarhus, Nov. 2023.xlsx",1.7799661016949153,T-shirt
09385 T-Shirt Hvid B/P M Arla Tryk,Alm.slid uden restværdi,1,1179,74,30155C97D461A4C000BE7473,"PLC, Product detaljeret, Aarhus, Nov. 2023.xlsx",1.9105682782018663,T-shirt
09385 T-Shirt Hvid B/P M Arla Tryk,Alm.slid uden restværdi,1,1176,49,30155C97D461A7C0028C56E9,"PLC, Product detaljeret, Aarhus, Nov. 2023.xlsx",1.2683333333333333,T-shirt
09385 T-Shirt Hvid B/P M Arla Tryk,Alm.slid uden restværdi,1,1174,79,30155C97D461A6C00081E275,"PLC, Product detaljeret, Aarhus, Nov. 2023.xlsx",2.0483475298126064,T-shirt
09385 T-Shirt Hvid B/P M Arla Tryk,Alm.slid uden restværdi,1,1172,77,30155C97D461A6C001931B1D,"PLC, Product detaljeret, Aarhus, Nov. 2023.xlsx",1.9998976109215019,T-shirt
09385 T-Shirt Hvid B/P M Arla Tryk,Alm.slid uden restværdi,1,1171,85,30155C97D461A6C001931A5A,"PLC, Product detaljeret, Aarhus, Nov. 2023.xlsx",2.209564474807857,T-shirt
09385 T-Shirt Hvid B/P M Arla Tryk,Alm.slid uden restværdi,1,1171,78,30155C97D461A6C0019327F0,"PLC, Product detaljeret, Aarhus, Nov. 2023.xlsx",2.027600341588386,T-shirt
01083 T-Shirt unisex hvid k/æ P/B,Alm.slid uden restværdi,1,1170,93,30155C97D461A7C000D2CA33,"PLC, Product detaljeret, Aarhus, Nov. 2023.xlsx",2.4195897435897433,T-shirt
09385 T-Shirt Hvid B/P M Arla Tryk,Alm.slid uden restværdi,1,1170,62,30155C97D461A6C001932954,"PLC, Product detaljeret, Aarhus, Nov. 2023.xlsx",1.613059829059829,T-shirt
09385 T-Shirt Hvid B/P M Arla Tryk,Alm.slid uden restværdi,1,1162,66,30155C97D461A6C0019324B1,"PLC, Product detaljeret, Aarhus, Nov. 2023.xlsx",1.72895008605852,T-shirt
01083 T-Shirt unisex hvid k/æ P/B,Alm.slid uden restværdi,1,1161,86,30155C97D461A7C002913B38,"PLC, Product detaljeret, Aarhus, Nov. 2023.xlsx",2.254814814814815,T-shirt
09385 T-Shirt Hvid B/P M Arla Tryk,Alm.slid uden restværdi,1,1161,77,30155C97D461A6C001932477,"PLC, Product detaljeret, Aarhus, Nov. 2023.xlsx",2.0188458225667527,T-shirt
09385 T-Shirt Hvid B/P M Arla Tryk,Alm.slid uden restværdi,1,1151,61,30155C97D461A7C0027CBF83,"PLC, Product detaljeret, Aarhus, Nov. 2023.xlsx",1.6132406602953955,T-shirt
09385 T-Shirt Hvid B/P M Arla Tryk,Alm.slid uden restværdi,1,1147,73,30155C97D461A6C001931B3A,"PLC, Product detaljeret, Aarhus, Nov. 2023.xlsx",1.937332170880558,T-shirt
09385 T-Shirt Hvid B/P M Arla Tryk,Alm.slid uden restværdi,1,1145,56,30155C97D461A7C0028C4479,"PLC, Product detaljeret, Aarhus, Nov. 2023.xlsx",1.488768558951965,T-shirt
09385 T-Shirt Hvid B/P M Arla Tryk,Alm.slid uden restværdi,1,1138,79,30155C97D461A6C00081E230,"PLC, Product detaljeret, Aarhus, Nov. 2023.xlsx",2.113145869947276,T-shirt
01083 T-Shirt unisex hvid k/æ P/B,Alm.slid uden restværdi,1,1119,30,30155C97D461A7C0020EE2F3,"PLC, Product detaljeret, Aarhus, Nov. 2023.xlsx",0.8160857908847186,T-shirt
09385 T-Shirt Hvid B/P M Arla Tryk,Alm.slid uden restværdi,1,1117,85,30155C97D461A6C00081E161,"PLC, Product detaljeret, Aarhus, Nov. 2023.xlsx",2.316383169203223,T-shirt
09385 T-Shirt Hvid B/P M Arla Tryk,Alm.slid uden restværdi,1,1113,42,30155C97D461A6C00013F594,"PLC, Product detaljeret, Aarhus, Nov. 2023.xlsx",1.1486792452830188,T-shirt
09385 T-Shirt Hvid B/P M Arla Tryk,Alm.slid uden restværdi,1,1113,39,30155C97D461A6C00013F5D7,"PLC, Product detaljeret, Aarhus, Nov. 2023.xlsx",1.0666307277628033,T-shirt
09385 T-Shirt Hvid B/P M Arla Tryk,Alm.slid uden restværdi,1,1113,52,30155C97D461A6C00013F700,"PLC, Product detaljeret, Aarhus, Nov. 2023.xlsx",1.4221743036837378,T-shirt
09385 T-Shirt Hvid B/P M Arla Tryk,Alm.slid uden restværdi,1,1100,85,30155C97D461A6C0019327FA,"PLC, Product detaljeret, Aarhus, Nov. 2023.xlsx",2.352181818181818,T-shirt
10981 T-shirt prowear dame hvid pb,Alm.slid uden restværdi,1,1100,95,30155C97D461A7C002913FE9,"PLC, Product detaljeret, Aarhus, Nov. 2023.xlsx",2.628909090909091,T-shirt
"07859 T-Shirt L/Æ, Hvid p/b",Alm.slid uden restværdi,1,1088,38,30155C97D461A7C00294EF55,"PLC, Product detaljeret, Aarhus, Nov. 2023.xlsx",1.0631617647058824,T-shirt
01083 T-Shirt unisex hvid k/æ P/B,Alm.slid uden restværdi,1,1083,94,30155C97D461A6C0001274A8,"PLC, Product detaljeret, Aarhus, Nov. 2023.xlsx",2.6420683287165283,T-shirt
01083 T-Shirt unisex hvid k/æ P/B,Alm.slid uden restværdi,1,1083,112,30155C97D461A7C002913E10,"PLC, Product detaljeret, Aarhus, Nov. 2023.xlsx",3.1479963065558634,T-shirt
09385 T-Shirt Hvid B/P M Arla Tryk,Alm.slid uden restværdi,1,1078,82,30155C97D461A6C00193292E,"PLC, Product detaljeret, Aarhus, Nov. 2023.xlsx",2.315473098330241,T-shirt
09385 T-Shirt Hvid B/P M Arla Tryk,Alm.slid uden restværdi,1,1076,46,30155C97D461A4C001422FC2,"PLC, Product detaljeret, Aarhus, Nov. 2023.xlsx",1.3013382899628252,T-shirt
09385 T-Shirt Hvid B/P M Arla Tryk,Alm.slid uden restværdi,1,1075,69,30155C97D461A6C0019338C7,"PLC, Product detaljeret, Aarhus, Nov. 2023.xlsx",1.9538232558139534,T-shirt
09385 T-Shirt Hvid B/P M Arla Tryk,Alm.slid uden restværdi,1,1071,114,30155C97D461A6C000127654,"PLC, Product detaljeret, Aarhus, Nov. 2023.xlsx",3.240112044817927,T-shirt
03850 T-Shirt Hvid Lady K/Æ P/B,Alm.slid uden restværdi,1,1070,13,30155C97D461A7C000E0794D,"PLC, Product detaljeret, Aarhus, Nov. 2023.xlsx",0.3698317757009346,T-shirt
03850 T-Shirt Hvid Lady K/Æ P/B,Alm.slid uden restværdi,1,1070,32,30155C97D461A7C000E092DB,"PLC, Product detaljeret, Aarhus, Nov. 2023.xlsx",0.910355140186916,T-shirt
09385 T-Shirt Hvid B/P M Arla Tryk,Alm.slid uden restværdi,1,1067,62,30155C97D461A6C001932543,"PLC, Product detaljeret, Aarhus, Nov. 2023.xlsx",1.7687722586691659,T-shirt
09385 T-Shirt Hvid B/P M Arla Tryk,Alm.slid uden restværdi,1,1067,75,30155C97D461A6C00193315B,"PLC, Product detaljeret, Aarhus, Nov. 2023.xlsx",2.139643861293346,T-shirt
09385 T-Shirt Hvid B/P M Arla Tryk,Alm.slid uden restværdi,1,1053,71,30155C97D461A6C001931ACD,"PLC, Product detaljeret, Aarhus, Nov. 2023.xlsx",2.052459639126306,T-shirt
09385 T-Shirt Hvid B/P M Arla Tryk,Alm.slid uden restværdi,1,1050,48,00D00B4E8BC1,"PLC, Product detaljeret, Aarhus, Nov. 2023.xlsx",1.3915428571428572,T-shirt
01083 T-Shirt unisex hvid k/æ P/B,Alm.slid uden restværdi,1,1049,35,30155C97D461A6C0000F99C2,"PLC, Product detaljeret, Aarhus, Nov. 2023.xlsx",1.0156339370829361,T-shirt
09385 T-Shirt Hvid B/P M Arla Tryk,Alm.slid uden restværdi,1,1048,98,30155C97D461A6C001931B12,"PLC, Product detaljeret, Aarhus, Nov. 2023.xlsx",2.846488549618321,T-shirt
09385 T-Shirt Hvid B/P M Arla Tryk,Alm.slid uden restværdi,1,1044,59,30155C97D461A6C0019324F5,"PLC, Product detaljeret, Aarhus, Nov. 2023.xlsx",1.7202681992337165,T-shirt
09385 T-Shirt Hvid B/P M Arla Tryk,Alm.slid uden restværdi,1,1042,47,30155C97D461A6C00193305D,"PLC, Product detaljeret, Aarhus, Nov. 2023.xlsx",1.3730134357005759,T-shirt
09385 T-Shirt Hvid B/P M Arla Tryk,Alm.slid uden restværdi,1,1041,51,30155C97D461A6C0019330B6,"PLC, Product detaljeret, Aarhus, Nov. 2023.xlsx",1.4912968299711815,T-shirt
09385 T-Shirt Hvid B/P M Arla Tryk,Alm.slid uden restværdi,1,1039,65,30155C97D461A6C001931A6F,"PLC, Product detaljeret, Aarhus, Nov. 2023.xlsx",1.9043310875842159,T-shirt
09385 T-Shirt Hvid B/P M Arla Tryk,Alm.slid uden restværdi,1,1034,42,30155C97D461A6C000359B99,"PLC, Product detaljeret, Aarhus, Nov. 2023.xlsx",1.236441005802708,T-shirt
09385 T-Shirt Hvid B/P M Arla Tryk,Alm.slid uden restværdi,1,1025,67,30155C97D461A6C001931B3F,"PLC, Product detaljeret, Aarhus, Nov. 2023.xlsx",1.9897365853658537,T-shirt
01083 T-Shirt unisex hvid k/æ P/B,Alm.slid uden restværdi,1,1018,64,30155C97D461A6C0002F071D,"PLC, Product detaljeret, Aarhus, Nov. 2023.xlsx",1.913713163064833,T-shirt
09385 T-Shirt Hvid B/P M Arla Tryk,Alm.slid uden restværdi,1,1003,50,30155C97D461A6C0019328E2,"PLC, Product detaljeret, Aarhus, Nov. 2023.xlsx",1.5174476570289133,T-shirt
09385 T-Shirt Hvid B/P M Arla Tryk,Alm.slid uden restværdi,1,1001,52,30155C97D461A6C0001412FE,"PLC, Product detaljeret, Aarhus, Nov. 2023.xlsx",1.5812987012987014,T-shirt
01083 T-Shirt unisex hvid k/æ P/B,Alm.slid uden restværdi,1,985,96,30155C97D461A6C000311CE9,"PLC, Product detaljeret, Aarhus, Nov. 2023.xlsx",2.966741116751269,T-shirt
09385 T-Shirt Hvid B/P M Arla Tryk,Alm.slid uden restværdi,1,980,52,30155C97D461A6C001933806,"PLC, Product detaljeret, Aarhus, Nov. 2023.xlsx",1.6151836734693878,T-shirt
09385 T-Shirt Hvid B/P M Arla Tryk,Alm.slid uden restværdi,1,979,95,30155C97D461A6C000170450,"PLC, Product detaljeret, Aarhus, Nov. 2023.xlsx",2.953830439223698,T-shirt
09385 T-Shirt Hvid B/P M Arla Tryk,Alm.slid uden restværdi,1,974,41,00D00B4E7B94,"PLC, Product detaljeret, Aarhus, Nov. 2023.xlsx",1.2813552361396303,T-shirt
09385 T-Shirt Hvid B/P M Arla Tryk,Alm.slid uden restværdi,1,974,70,30155C97D461A6C001931BE4,"PLC, Product detaljeret, Aarhus, Nov. 2023.xlsx",2.1876796714579054,T-shirt
09385 T-Shirt Hvid B/P M Arla Tryk,Alm.slid uden restværdi,1,971,68,30155C97D461A6C0019330C5,"PLC, Product detaljeret, Aarhus, Nov. 2023.xlsx",2.1317404737384145,T-shirt
09385 T-Shirt Hvid B/P M Arla Tryk,Alm.slid uden restværdi,1,964,66,30155C97D461A7C0027CF0D9,"PLC, Product detaljeret, Aarhus, Nov. 2023.xlsx",2.084066390041494,T-shirt
09385 T-Shirt Hvid B/P M Arla Tryk,Alm.slid uden restværdi,1,962,2,00D00B4E71B6,"PLC, Product detaljeret, Aarhus, Nov. 2023.xlsx",0.0632848232848233,T-shirt
09385 T-Shirt Hvid B/P M Arla Tryk,Alm.slid uden restværdi,1,941,61,30155C97D461A6C00081E12E,"PLC, Product detaljeret, Aarhus, Nov. 2023.xlsx",1.9732624867162596,T-shirt
09385 T-Shirt Hvid B/P M Arla Tryk,Alm.slid uden restværdi,1,939,73,30155C97D461A6C001932597,"PLC, Product detaljeret, Aarhus, Nov. 2023.xlsx",2.366474973375932,T-shirt
09385 T-Shirt Hvid B/P M Arla Tryk,Alm.slid uden restværdi,1,907,42,30155C97D461A6C000141833,"PLC, Product detaljeret, Aarhus, Nov. 2023.xlsx",1.4095700110253584,T-shirt
09385 T-Shirt Hvid B/P M Arla Tryk,Alm.slid uden restværdi,1,900,73,30155C97D461A6C001932894,"PLC, Product detaljeret, Aarhus, Nov. 2023.xlsx",2.4690222222222222,T-shirt
01083 T-Shirt unisex hvid k/æ P/B,Alm.slid uden restværdi,1,876,106,30155C97D461A6C000B861C6,"PLC, Product detaljeret, Aarhus, Nov. 2023.xlsx",3.68337899543379,T-shirt
10981 T-shirt prowear dame hvid pb,Alm.slid uden restværdi,1,858,29,30155C97D461A6C000843A71,"PLC, Product detaljeret, Aarhus, Nov. 2023.xlsx",1.0288578088578089,T-shirt
10981 T-shirt prowear dame hvid pb,Alm.slid uden restværdi,1,858,32,30155C97D461A6C000843A96,"PLC, Product detaljeret, Aarhus, Nov. 2023.xlsx",1.1352913752913754,T-shirt
10981 T-shirt prowear dame hvid pb,Alm.slid uden restværdi,1,858,27,30155C97D461A6C000843BA0,"PLC, Product detaljeret, Aarhus, Nov. 2023.xlsx",0.957902097902098,T-shirt
10981 T-shirt prowear dame hvid pb,Alm.slid uden restværdi,1,858,32,30155C97D461A6C000843C45,"PLC, Product detaljeret, Aarhus, Nov. 2023.xlsx",1.1352913752913754,T-shirt
10981 T-shirt prowear dame hvid pb,Alm.slid uden restværdi,1,858,28,30155C97D461A6C000843AA0,"PLC, Product detaljeret, Aarhus, Nov. 2023.xlsx",0.9933799533799533,T-shirt
10981 T-shirt prowear dame hvid pb,Alm.slid uden restværdi,1,858,28,30155C97D461A6C000843AA6,"PLC, Product detaljeret, Aarhus, Nov. 2023.xlsx",0.9933799533799533,T-shirt
10981 T-shirt prowear dame hvid pb,Alm.slid uden restværdi,1,858,32,30155C97D461A6C0008C3C50,"PLC, Product detaljeret, Aarhus, Nov. 2023.xlsx",1.1352913752913754,T-shirt
09385 T-Shirt Hvid B/P M Arla Tryk,Alm.slid uden restværdi,1,857,56,30155C97D461A6C001932810,"PLC, Product detaljeret, Aarhus, Nov. 2023.xlsx",1.9890781796966162,T-shirt
10981 T-shirt prowear dame hvid pb,Alm.slid uden restværdi,1,857,6,30155C97D461A6C00020F771,"PLC, Product detaljeret, Aarhus, Nov. 2023.xlsx",0.21311551925320887,T-shirt
01083 T-Shirt unisex hvid k/æ P/B,Alm.slid uden restværdi,1,856,74,30155C97D461A6C000B01824,"PLC, Product detaljeret, Aarhus, Nov. 2023.xlsx",2.6314953271028036,T-shirt
"07859 T-Shirt L/Æ, Hvid p/b",Alm.slid uden restværdi,1,851,53,30155C97D461A6C000B12C4D,"PLC, Product detaljeret, Aarhus, Nov. 2023.xlsx",1.8957931844888367,T-shirt
03850 T-Shirt Hvid Lady K/Æ P/B,Alm.slid uden restværdi,1,846,15,30155C97D461A7C000E07F94,"PLC, Product detaljeret, Aarhus, Nov. 2023.xlsx",0.5397163120567376,T-shirt
09385 T-Shirt Hvid B/P M Arla Tryk,Alm.slid uden restværdi,1,812,77,30155C97D461A6C0002F8439,"PLC, Product detaljeret, Aarhus, Nov. 2023.xlsx",2.886551724137931,T-shirt
01083 T-Shirt unisex hvid k/æ P/B,Alm.slid uden restværdi,1,803,31,30155C97D461A7C00203CFAC,"PLC, Product detaljeret, Aarhus, Nov. 2023.xlsx",1.1751432129514323,T-shirt
01083 T-Shirt unisex hvid k/æ P/B,Alm.slid uden restværdi,1,797,71,30155C97D461A6C0008D6656,"PLC, Product detaljeret, Aarhus, Nov. 2023.xlsx",2.7117189460476787,T-shirt
09385 T-Shirt Hvid B/P M Arla Tryk,Alm.slid uden restværdi,1,794,85,30155C97D461A6C0002F8ACE,"PLC, Product detaljeret, Aarhus, Nov. 2023.xlsx",3.258690176322418,T-shirt
01083 T-Shirt unisex hvid k/æ P/B,Alm.slid uden restværdi,1,793,45,30155C97D461A6C0008BDF6F,"PLC, Product detaljeret, Aarhus, Nov. 2023.xlsx",1.7273644388398486,T-shirt
01083 T-Shirt unisex hvid k/æ P/B,Alm.slid uden restværdi,1,793,48,30155C97D461A6C0008BDFA9,"PLC, Product detaljeret, Aarhus, Nov. 2023.xlsx",1.8425220680958387,T-shirt
01083 T-Shirt unisex hvid k/æ P/B,Alm.slid uden restværdi,1,793,29,30155C97D461A6C0008BDFB5,"PLC, Product detaljeret, Aarhus, Nov. 2023.xlsx",1.1131904161412358,T-shirt
01083 T-Shirt unisex hvid k/æ P/B,Alm.slid uden restværdi,1,793,44,30155C97D461A6C0008BDFCC,"PLC, Product detaljeret, Aarhus, Nov. 2023.xlsx",1.6889785624211855,T-shirt
01083 T-Shirt unisex hvid k/æ P/B,Alm.slid uden restværdi,1,793,54,30155C97D461A6C0008BE00E,"PLC, Product detaljeret, Aarhus, Nov. 2023.xlsx",2.072837326607819,T-shirt
01083 T-Shirt unisex hvid k/æ P/B,Alm.slid uden restværdi,1,793,49,30155C97D461A6C0008BE013,"PLC, Product detaljeret, Aarhus, Nov. 2023.xlsx",1.880907944514502,T-shirt
01083 T-Shirt unisex hvid k/æ P/B,Alm.slid uden restværdi,1,793,44,30155C97D461A6C0008BE020,"PLC, Product detaljeret, Aarhus, Nov. 2023.xlsx",1.6889785624211855,T-shirt
01083 T-Shirt unisex hvid k/æ P/B,Alm.slid uden restværdi,1,793,56,30155C97D461A6C0008BE0E1,"PLC, Product detaljeret, Aarhus, Nov. 2023.xlsx",2.1496090794451455,T-shirt
01083 T-Shirt unisex hvid k/æ P/B,Alm.slid uden restværdi,1,793,66,30155C97D461A6C0008BE0AA,"PLC, Product detaljeret, Aarhus, Nov. 2023.xlsx",2.533467843631778,T-shirt
01083 T-Shirt unisex hvid k/æ P/B,Alm.slid uden restværdi,1,793,48,30155C97D461A6C0008BE117,"PLC, Product detaljeret, Aarhus, Nov. 2023.xlsx",1.8425220680958387,T-shirt
10981 T-shirt prowear dame hvid pb,Alm.slid uden restværdi,1,789,12,30155C97D461A6C000B072F0,"PLC, Product detaljeret, Aarhus, Nov. 2023.xlsx",0.46296577946768064,T-shirt
09385 T-Shirt Hvid B/P M Arla Tryk,Alm.slid uden restværdi,1,786,34,30155C97D461A6C000310BF2,"PLC, Product detaljeret, Aarhus, Nov. 2023.xlsx",1.3167430025445293,T-shirt
01083 T-Shirt unisex hvid k/æ P/B,Alm.slid uden restværdi,1,778,12,30155C97D461A6C00157C15F,"PLC, Product detaljeret, Aarhus, Nov. 2023.xlsx",0.46951156812339334,T-shirt
03850 T-Shirt Hvid Lady K/Æ P/B,Alm.slid uden restværdi,1,776,15,30155C97D461A7C000E08822,"PLC, Product detaljeret, Aarhus, Nov. 2023.xlsx",0.5884020618556701,T-shirt
10981 T-shirt prowear dame hvid pb,Alm.slid uden restværdi,1,776,15,30155C97D461A6C0003ABFB6,"PLC, Product detaljeret, Aarhus, Nov. 2023.xlsx",0.5884020618556701,T-shirt
01083 T-Shirt unisex hvid k/æ P/B,Alm.slid uden restværdi,1,761,46,30155C97D461A6C00157D469,"PLC, Product detaljeret, Aarhus, Nov. 2023.xlsx",1.84,T-shirt
01083 T-Shirt unisex hvid k/æ P/B,Alm.slid uden restværdi,1,757,45,30155C97D461A6C0008BE390,"PLC, Product detaljeret, Aarhus, Nov. 2023.xlsx",1.8095112285336856,T-shirt
01083 T-Shirt unisex hvid k/æ P/B,Alm.slid uden restværdi,1,752,52,30155C97D461A6C00157D4DC,"PLC, Product detaljeret, Aarhus, Nov. 2023.xlsx",2.104893617021277,T-shirt
10981 T-shirt prowear dame hvid pb,Alm.slid uden restværdi,1,752,48,30155C97D461A6C000B127CE,"PLC, Product detaljeret, Aarhus, Nov. 2023.xlsx",1.9429787234042553,T-shirt
10981 T-shirt prowear dame hvid pb,Alm.slid uden restværdi,1,752,41,30155C97D461A6C000B127E1,"PLC, Product detaljeret, Aarhus, Nov. 2023.xlsx",1.6596276595744681,T-shirt
01083 T-Shirt unisex hvid k/æ P/B,Alm.slid uden restværdi,1,736,71,00D00B2A01D6,"PLC, Product detaljeret, Aarhus, Nov. 2023.xlsx",2.936467391304348,T-shirt
01083 T-Shirt unisex hvid k/æ P/B,Alm.slid uden restværdi,1,735,58,00D00B2A237B,"PLC, Product detaljeret, Aarhus, Nov. 2023.xlsx",2.402068027210884,T-shirt
01083 T-Shirt unisex hvid k/æ P/B,Alm.slid uden restværdi,1,735,43,30155C97D461A6C0012EA0DA,"PLC, Product detaljeret, Aarhus, Nov. 2023.xlsx",1.780843537414966,T-shirt
01083 T-Shirt unisex hvid k/æ P/B,Alm.slid uden restværdi,1,735,5,30155C97D461A6C0015C3072,"PLC, Product detaljeret, Aarhus, Nov. 2023.xlsx",0.2070748299319728,T-shirt
09385 T-Shirt Hvid B/P M Arla Tryk,Alm.slid uden restværdi,1,734,42,30155C97D461A6C001932FFD,"PLC, Product detaljeret, Aarhus, Nov. 2023.xlsx",1.7417983651226159,T-shirt
10981 T-shirt prowear dame hvid pb,Alm.slid uden restværdi,1,732,5,30155C97D461A6C0008BF2FE,"PLC, Product detaljeret, Aarhus, Nov. 2023.xlsx",0.20792349726775958,T-shirt
10981 T-shirt prowear dame hvid pb,Alm.slid uden restværdi,1,732,5,30155C97D461A6C0008BF447,"PLC, Product detaljeret, Aarhus, Nov. 2023.xlsx",0.20792349726775958,T-shirt
09385 T-Shirt Hvid B/P M Arla Tryk,Alm.slid uden restværdi,1,731,30,30155C97D461A6C0003A400A,"PLC, Product detaljeret, Aarhus, Nov. 2023.xlsx",1.249247606019152,T-shirt
01083 T-Shirt unisex hvid k/æ P/B,Alm.slid uden restværdi,1,726,47,30155C97D461A6C000B181CF,"PLC, Product detaljeret, Aarhus, Nov. 2023.xlsx",1.970633608815427,T-shirt
01083 T-Shirt unisex hvid k/æ P/B,Alm.slid uden restværdi,1,722,27,30155C97D461A6C0015BB6A5,"PLC, Product detaljeret, Aarhus, Nov. 2023.xlsx",1.138337950138504,T-shirt
01083 T-Shirt unisex hvid k/æ P/B,Alm.slid uden restværdi,1,721,4,30155C97D461A6C0012E904B,"PLC, Product detaljeret, Aarhus, Nov. 2023.xlsx",0.16887656033287102,T-shirt
01083 T-Shirt unisex hvid k/æ P/B,Alm.slid uden restværdi,1,721,7,30155C97D461A6C0012E90E1,"PLC, Product detaljeret, Aarhus, Nov. 2023.xlsx",0.2955339805825243,T-shirt
01083 T-Shirt unisex hvid k/æ P/B,Alm.slid uden restværdi,1,721,6,30155C97D461A6C0012E90E3,"PLC, Product detaljeret, Aarhus, Nov. 2023.xlsx",0.2533148404993065,T-shirt
01083 T-Shirt unisex hvid k/æ P/B,Alm.slid uden restværdi,1,719,75,30155C97D461A6C0015C2F7A,"PLC, Product detaljeret, Aarhus, Nov. 2023.xlsx",3.175243393602225,T-shirt
01083 T-Shirt unisex hvid k/æ P/B,Alm.slid uden restværdi,1,717,16,30155C97D461A6C0012E8E7D,"PLC, Product detaljeret, Aarhus, Nov. 2023.xlsx",0.6792747559274755,T-shirt
01083 T-Shirt unisex hvid k/æ P/B,Alm.slid uden restværdi,1,713,17,30155C97D461A6C001301529,"PLC, Product detaljeret, Aarhus, Nov. 2023.xlsx",0.7257784011220196,T-shirt
09385 T-Shirt Hvid B/P M Arla Tryk,Alm.slid uden restværdi,1,712,60,30155C97D461A6C001931AF2,"PLC, Product detaljeret, Aarhus, Nov. 2023.xlsx",2.5651685393258425,T-shirt
01083 T-Shirt unisex hvid k/æ P/B,Alm.slid uden restværdi,1,710,18,30155C97D461A6C0012E8EB6,"PLC, Product detaljeret, Aarhus, Nov. 2023.xlsx",0.771718309859155,T-shirt
01083 T-Shirt unisex hvid k/æ P/B,Alm.slid uden restværdi,1,703,23,30155C97D461A6C0012FCED9,"PLC, Product detaljeret, Aarhus, Nov. 2023.xlsx",0.9959032716927454,T-shirt
10981 T-shirt prowear dame hvid pb,Alm.slid uden restværdi,1,702,17,30155C97D461A7C002951F79,"PLC, Product detaljeret, Aarhus, Nov. 2023.xlsx",0.7371509971509971,T-shirt
10981 T-shirt prowear dame hvid pb,Alm.slid uden restværdi,1,702,17,30155C97D461A7C00295204B,"PLC, Product detaljeret, Aarhus, Nov. 2023.xlsx",0.7371509971509971,T-shirt
10981 T-shirt prowear dame hvid pb,Alm.slid uden restværdi,1,694,5,30155C97D461A6C0015B3309,"PLC, Product detaljeret, Aarhus, Nov. 2023.xlsx",0.21930835734870316,T-shirt
01083 T-Shirt unisex hvid k/æ P/B,Alm.slid uden restværdi,1,685,29,30155C97D461A6C0008D5226,"PLC, Product detaljeret, Aarhus, Nov. 2023.xlsx",1.2887007299270075,T-shirt
01083 T-Shirt unisex hvid k/æ P/B,Alm.slid uden restværdi,1,684,42,30155C97D461A6C000E290C6,"PLC, Product detaljeret, Aarhus, Nov. 2023.xlsx",1.8691228070175439,T-shirt
01083 T-Shirt unisex hvid k/æ P/B,Alm.slid uden restværdi,1,684,44,30155C97D461A6C0015BB2F0,"PLC, Product detaljeret, Aarhus, Nov. 2023.xlsx",1.9581286549707602,T-shirt
01083 T-Shirt unisex hvid k/æ P/B,Alm.slid uden restværdi,1,683,77,30155C97D461A6C0012FDACD,"PLC, Product detaljeret, Aarhus, Nov. 2023.xlsx",3.4317423133235727,T-shirt
01083 T-Shirt unisex hvid k/æ P/B,Alm.slid uden restværdi,1,681,37,30155C97D461A6C000E2F724,"PLC, Product detaljeret, Aarhus, Nov. 2023.xlsx",1.653861967694567,T-shirt
09385 T-Shirt Hvid B/P M Arla Tryk,Alm.slid uden restværdi,1,673,24,30155C97D461A6C000359B43,"PLC, Product detaljeret, Aarhus, Nov. 2023.xlsx",1.0855274888558692,T-shirt
10981 T-shirt prowear dame hvid pb,Alm.slid uden restværdi,1,655,20,30155C97D461A6C0015B33A8,"PLC, Product detaljeret, Aarhus, Nov. 2023.xlsx",0.9294656488549619,T-shirt
10981 T-shirt prowear dame hvid pb,Alm.slid uden restværdi,1,655,17,30155C97D461A6C0015B3400,"PLC, Product detaljeret, Aarhus, Nov. 2023.xlsx",0.7900458015267176,T-shirt
01083 T-Shirt unisex hvid k/æ P/B,Alm.slid uden restværdi,1,637,46,30155C97D461A6C000D87C67,"PLC, Product detaljeret, Aarhus, Nov. 2023.xlsx",2.1981789638932496,T-shirt
01083 T-Shirt unisex hvid k/æ P/B,Alm.slid uden restværdi,1,633,53,30155C97D461A6C0006387C2,"PLC, Product detaljeret, Aarhus, Nov. 2023.xlsx",2.5486887835703,T-shirt
09385 T-Shirt Hvid B/P M Arla Tryk,Alm.slid uden restværdi,1,632,32,30155C97D461A6C0015B7B06,"PLC, Product detaljeret, Aarhus, Nov. 2023.xlsx",1.5412658227848102,T-shirt
10981 T-shirt prowear dame hvid pb,Alm.slid uden restværdi,1,612,15,30155C97D461A6C00064718E,"PLC, Product detaljeret, Aarhus, Nov. 2023.xlsx",0.746078431372549,T-shirt
10981 T-shirt prowear dame hvid pb,Alm.slid uden restværdi,1,608,27,30155C97D461A6C0009106C1,"PLC, Product detaljeret, Aarhus, Nov. 2023.xlsx",1.3517763157894738,T-shirt
10981 T-shirt prowear dame hvid pb,Alm.slid uden restværdi,1,592,19,30155C97D461A6C0006388B9,"PLC, Product detaljeret, Aarhus, Nov. 2023.xlsx",0.9769594594594595,T-shirt
10981 T-shirt prowear dame hvid pb,Alm.slid uden restværdi,1,591,31,30155C97D461A6C00073B209,"PLC, Product detaljeret, Aarhus, Nov. 2023.xlsx",1.5966835871404401,T-shirt
10981 T-shirt prowear dame hvid pb,Alm.slid uden restværdi,1,583,21,30155C97D461A6C0008D199A,"PLC, Product detaljeret, Aarhus, Nov. 2023.xlsx",1.096466552315609,T-shirt
01083 T-Shirt unisex hvid k/æ P/B,Alm.slid uden restværdi,1,580,31,30155C97D461A6C0008BE090,"PLC, Product detaljeret, Aarhus, Nov. 2023.xlsx",1.6269655172413795,T-shirt
09385 T-Shirt Hvid B/P M Arla Tryk,Alm.slid uden restværdi,1,574,24,30155C97D461A6C0006346A1,"PLC, Product detaljeret, Aarhus, Nov. 2023.xlsx",1.2727526132404183,T-shirt
10981 T-shirt prowear dame hvid pb,Alm.slid uden restværdi,1,568,20,30155C97D461A6C0008D19D4,"PLC, Product detaljeret, Aarhus, Nov. 2023.xlsx",1.071830985915493,T-shirt
10981 T-shirt prowear dame hvid pb,Alm.slid uden restværdi,1,565,5,30155C97D461A6C0008D253E,"PLC, Product detaljeret, Aarhus, Nov. 2023.xlsx",0.2693805309734513,T-shirt
09385 T-Shirt Hvid B/P M Arla Tryk,Alm.slid uden restværdi,1,563,21,00D00B4E8DCB,"PLC, Product detaljeret, Aarhus, Nov. 2023.xlsx",1.135417406749556,T-shirt
10981 T-shirt prowear dame hvid pb,Alm.slid uden restværdi,1,561,37,30155C97D461A6C000640510,"PLC, Product detaljeret, Aarhus, Nov. 2023.xlsx",2.007629233511586,T-shirt
10981 T-shirt prowear dame hvid pb,Alm.slid uden restværdi,1,559,9,30155C97D461A6C0008D1E55,"PLC, Product detaljeret, Aarhus, Nov. 2023.xlsx",0.4900894454382827,T-shirt
03850 T-Shirt Hvid Lady K/Æ P/B,Alm.slid uden restværdi,1,557,5,00D0098EA559,"PLC, Product detaljeret, Aarhus, Nov. 2023.xlsx",0.2732495511669659,T-shirt
09385 T-Shirt Hvid B/P M Arla Tryk,Alm.slid uden restværdi,1,555,49,30155C97D461A6C001932FF8,"PLC, Product detaljeret, Aarhus, Nov. 2023.xlsx",2.6874954954954955,T-shirt
09385 T-Shirt Hvid B/P M Arla Tryk,Alm.slid uden restværdi,1,550,27,30155C97D461A4C000BE748E,"PLC, Product detaljeret, Aarhus, Nov. 2023.xlsx",1.4943272727272727,T-shirt
09385 T-Shirt Hvid B/P M Arla Tryk,Alm.slid uden restværdi,1,550,40,30155C97D461A6C001933090,"PLC, Product detaljeret, Aarhus, Nov. 2023.xlsx",2.2138181818181817,T-shirt
01083 T-Shirt unisex hvid k/æ P/B,Alm.slid uden restværdi,1,549,57,30155C97D461A6C00105829F,"PLC, Product detaljeret, Aarhus, Nov. 2023.xlsx",3.1604371584699456,T-shirt
09385 T-Shirt Hvid B/P M Arla Tryk,Alm.slid uden restværdi,1,514,37,30155C97D461A6C001932400,"PLC, Product detaljeret, Aarhus, Nov. 2023.xlsx",2.1912062256809337,T-shirt
01083 T-Shirt unisex hvid k/æ P/B,Alm.slid uden restværdi,1,513,15,30155C97D461A4C00064EF1B,"PLC, Product detaljeret, Aarhus, Nov. 2023.xlsx",0.8900584795321638,T-shirt
09385 T-Shirt Hvid B/P M Arla Tryk,Alm.slid uden restværdi,1,512,40,30155C97D461A6C001062C2E,"PLC, Product detaljeret, Aarhus, Nov. 2023.xlsx",2.3781250000000003,T-shirt
01083 T-Shirt unisex hvid k/æ P/B,Alm.slid uden restværdi,1,511,24,30155C97D461A4C00064EFB1,"PLC, Product detaljeret, Aarhus, Nov. 2023.xlsx",1.4296673189823874,T-shirt
01083 T-Shirt unisex hvid k/æ P/B,Alm.slid uden restværdi,1,511,20,30155C97D461A4C00064F03D,"PLC, Product detaljeret, Aarhus, Nov. 2023.xlsx",1.191389432485323,T-shirt
01083 T-Shirt unisex hvid k/æ P/B,Alm.slid uden restværdi,1,511,45,30155C97D461A4C000935805,"PLC, Product detaljeret, Aarhus, Nov. 2023.xlsx",2.6806262230919766,T-shirt
09385 T-Shirt Hvid B/P M Arla Tryk,Alm.slid uden restværdi,1,510,50,30155C97D461A6C001933972,"PLC, Product detaljeret, Aarhus, Nov. 2023.xlsx",2.984313725490196,T-shirt
09385 T-Shirt Hvid B/P M Arla Tryk,Alm.slid uden restværdi,1,508,47,30155C97D461A6C001931B84,"PLC, Product detaljeret, Aarhus, Nov. 2023.xlsx",2.8162992125984254,T-shirt
01083 T-Shirt unisex hvid k/æ P/B,Alm.slid uden restværdi,1,507,23,30155C97D461A6C0010E4729,"PLC, Product detaljeret, Aarhus, Nov. 2023.xlsx",1.380907297830375,T-shirt
01083 T-Shirt unisex hvid k/æ P/B,Alm.slid uden restværdi,1,507,26,30155C97D461A6C0010E47E6,"PLC, Product detaljeret, Aarhus, Nov. 2023.xlsx",1.5610256410256411,T-shirt
01083 T-Shirt unisex hvid k/æ P/B,Alm.slid uden restværdi,1,503,40,30155C97D461A6C0012EA15E,"PLC, Product detaljeret, Aarhus, Nov. 2023.xlsx",2.420675944333996,T-shirt
09385 T-Shirt Hvid B/P M Arla Tryk,Alm.slid uden restværdi,1,502,41,30155C97D461A6C001931BD0,"PLC, Product detaljeret, Aarhus, Nov. 2023.xlsx",2.4861354581673307,T-shirt
09385 T-Shirt Hvid B/P M Arla Tryk,Alm.slid uden restværdi,1,499,44,30155C97D461A6C001931BDA,"PLC, Product detaljeret, Aarhus, Nov. 2023.xlsx",2.684088176352706,T-shirt
09385 T-Shirt Hvid B/P M Arla Tryk,Alm.slid uden restværdi,1,498,37,30155C97D461A6C00193245D,"PLC, Product detaljeret, Aarhus, Nov. 2023.xlsx",2.2616064257028112,T-shirt
09385 T-Shirt Hvid B/P M Arla Tryk,Alm.slid uden restværdi,1,487,22,30155C97D461A6C001062AE6,"PLC, Product detaljeret, Aarhus, Nov. 2023.xlsx",1.3751129363449694,T-shirt
09385 T-Shirt Hvid B/P M Arla Tryk,Alm.slid uden restværdi,1,485,40,30155C97D461A6C00193280A,"PLC, Product detaljeret, Aarhus, Nov. 2023.xlsx",2.510515463917526,T-shirt
09385 T-Shirt Hvid B/P M Arla Tryk,Alm.slid uden restværdi,1,485,50,30155C97D461A6C00193295A,"PLC, Product detaljeret, Aarhus, Nov. 2023.xlsx",3.138144329896907,T-shirt
09385 T-Shirt Hvid B/P M Arla Tryk,Alm.slid uden restværdi,1,485,39,30155C97D461A6C0019330BC,"PLC, Product detaljeret, Aarhus, Nov. 2023.xlsx",2.447752577319588,T-shirt
10981 T-shirt prowear dame hvid pb,Alm.slid uden restværdi,1,483,17,30155C97D461A4C0006538D9,"PLC, Product detaljeret, Aarhus, Nov. 2023.xlsx",1.0713871635610768,T-shirt
10981 T-shirt prowear dame hvid pb,Alm.slid uden restværdi,1,482,13,30155C97D461A6C0010E3116,"PLC, Product detaljeret, Aarhus, Nov. 2023.xlsx",0.8209958506224068,T-shirt
01083 T-Shirt unisex hvid k/æ P/B,Alm.slid uden restværdi,1,478,56,30155C97D461A4C00065389A,"PLC, Product detaljeret, Aarhus, Nov. 2023.xlsx",3.566192468619247,T-shirt
10981 T-shirt prowear dame hvid pb,Alm.slid uden restværdi,1,473,12,30155C97D461A6C0009E902A,"PLC, Product detaljeret, Aarhus, Nov. 2023.xlsx",0.772262156448203,T-shirt
10981 T-shirt prowear dame hvid pb,Alm.slid uden restværdi,1,461,7,30155C97D461A6C000647CBF,"PLC, Product detaljeret, Aarhus, Nov. 2023.xlsx",0.4622125813449024,T-shirt
10981 T-shirt prowear dame hvid pb,Alm.slid uden restværdi,1,456,21,30155C97D461A4C00093975A,"PLC, Product detaljeret, Aarhus, Nov. 2023.xlsx",1.4018421052631578,T-shirt
10981 T-shirt prowear dame hvid pb,Alm.slid uden restværdi,1,456,18,30155C97D461A4C00093979E,"PLC, Product detaljeret, Aarhus, Nov. 2023.xlsx",1.201578947368421,T-shirt
01083 T-Shirt unisex hvid k/æ P/B,Alm.slid uden restværdi,1,436,25,30155C97D461A6C001600A95,"PLC, Product detaljeret, Aarhus, Nov. 2023.xlsx",1.7454128440366974,T-shirt
01083 T-Shirt unisex hvid k/æ P/B,Alm.slid uden restværdi,1,430,24,30155C97D461A6C0010F30F3,"PLC, Product detaljeret, Aarhus, Nov. 2023.xlsx",1.6989767441860466,T-shirt
01083 T-Shirt unisex hvid k/æ P/B,Alm.slid uden restværdi,1,427,34,30155C97D461A6C00133B8B2,"PLC, Product detaljeret, Aarhus, Nov. 2023.xlsx",2.423793911007026,T-shirt
09385 T-Shirt Hvid B/P M Arla Tryk,Alm.slid uden restværdi,1,427,49,30155C97D461A6C0015FD0A4,"PLC, Product detaljeret, Aarhus, Nov. 2023.xlsx",3.493114754098361,T-shirt
01083 T-Shirt unisex hvid k/æ P/B,Alm.slid uden restværdi,1,422,24,30155C97D461A6C0010E3592,"PLC, Product detaljeret, Aarhus, Nov. 2023.xlsx",1.7311848341232228,T-shirt
10981 T-shirt prowear dame hvid pb,Alm.slid uden restværdi,1,422,2,30155C97D461A6C0010E0C14,"PLC, Product detaljeret, Aarhus, Nov. 2023.xlsx",0.14426540284360193,T-shirt
01083 T-Shirt unisex hvid k/æ P/B,Alm.slid uden restværdi,1,420,30,30155C97D461A6C0010E3508,"PLC, Product detaljeret, Aarhus, Nov. 2023.xlsx",2.1742857142857144,T-shirt
09385 T-Shirt Hvid B/P M Arla Tryk,Alm.slid uden restværdi,1,420,37,30155C97D461A6C0012F3051,"PLC, Product detaljeret, Aarhus, Nov. 2023.xlsx",2.681619047619048,T-shirt
01083 T-Shirt unisex hvid k/æ P/B,Alm.slid uden restværdi,1,419,50,30155C97D461A6C001B34103,"PLC, Product detaljeret, Aarhus, Nov. 2023.xlsx",3.632458233890215,T-shirt
09385 T-Shirt Hvid B/P M Arla Tryk,Alm.slid uden restværdi,1,419,36,30155C97D461A6C0012DEE92,"PLC, Product detaljeret, Aarhus, Nov. 2023.xlsx",2.6153699284009546,T-shirt
09385 T-Shirt Hvid B/P M Arla Tryk,Alm.slid uden restværdi,1,418,47,30155C97D461A6C0015FD21F,"PLC, Product detaljeret, Aarhus, Nov. 2023.xlsx",3.422679425837321,T-shirt
09385 T-Shirt Hvid B/P M Arla Tryk,Alm.slid uden restværdi,1,408,41,30155C97D461A4C000921F05,"PLC, Product detaljeret, Aarhus, Nov. 2023.xlsx",3.058921568627451,T-shirt
"07859 T-Shirt L/Æ, Hvid p/b",Alm.slid uden restværdi,1,402,22,30155C97D461A6C00135DBEB,"PLC, Product detaljeret, Aarhus, Nov. 2023.xlsx",1.6658706467661692,T-shirt
01083 T-Shirt unisex hvid k/æ P/B,Alm.slid uden restværdi,1,400,32,30155C97D461A6C0010F1B2D,"PLC, Product detaljeret, Aarhus, Nov. 2023.xlsx",2.4352,T-shirt
09385 T-Shirt Hvid B/P M Arla Tryk,Alm.slid uden restværdi,1,400,16,30155C97D461A6C0015B7A1A,"PLC, Product detaljeret, Aarhus, Nov. 2023.xlsx",1.2176,T-shirt
01083 T-Shirt unisex hvid k/æ P/B,Alm.slid uden restværdi,1,399,31,30155C97D461A6C00133B331,"PLC, Product detaljeret, Aarhus, Nov. 2023.xlsx",2.3650125313283206,T-shirt
10981 T-shirt prowear dame hvid pb,Alm.slid uden restværdi,1,395,21,30155C97D461A6C0010E91F5,"PLC, Product detaljeret, Aarhus, Nov. 2023.xlsx",1.6183291139240508,T-shirt
01083 T-Shirt unisex hvid k/æ P/B,Alm.slid uden restværdi,1,392,29,30155C97D461A6C0010DF6C1,"PLC, Product detaljeret, Aarhus, Nov. 2023.xlsx",2.251938775510204,T-shirt
10981 T-shirt prowear dame hvid pb,Alm.slid uden restværdi,1,388,24,30155C97D461A6C0010E915A,"PLC, Product detaljeret, Aarhus, Nov. 2023.xlsx",1.8828865979381444,T-shirt
01083 T-Shirt unisex hvid k/æ P/B,Alm.slid uden restværdi,1,384,31,30155C97D461A6C0010F4D1F,"PLC, Product detaljeret, Aarhus, Nov. 2023.xlsx",2.4573958333333334,T-shirt
01083 T-Shirt unisex hvid k/æ P/B,Alm.slid uden restværdi,1,381,20,30155C97D461A6C0010E9067,"PLC, Product detaljeret, Aarhus, Nov. 2023.xlsx",1.5979002624671916,T-shirt
09385 T-Shirt Hvid B/P M Arla Tryk,Alm.slid uden restværdi,1,377,31,30155C97D461A6C0015BB3E2,"PLC, Product detaljeret, Aarhus, Nov. 2023.xlsx",2.5030238726790452,T-shirt
10981 T-shirt prowear dame hvid pb,Alm.slid uden restværdi,1,376,14,30155C97D461A6C000E27B25,"PLC, Product detaljeret, Aarhus, Nov. 2023.xlsx",1.133404255319149,T-shirt
01083 T-Shirt unisex hvid k/æ P/B,Alm.slid uden restværdi,1,372,39,30155C97D461A6C0018F977C,"PLC, Product detaljeret, Aarhus, Nov. 2023.xlsx",3.1912903225806453,T-shirt
09385 T-Shirt Hvid B/P M Arla Tryk,Alm.slid uden restværdi,1,370,45,30155C97D461A6C001931A83,"PLC, Product detaljeret, Aarhus, Nov. 2023.xlsx",3.7021621621621623,T-shirt
10981 T-shirt prowear dame hvid pb,Alm.slid uden restværdi,1,363,1,30155C97D461A6C000BA2A5D,"PLC, Product detaljeret, Aarhus, Nov. 2023.xlsx",0.08385674931129478,T-shirt
09385 T-Shirt Hvid B/P M Arla Tryk,Alm.slid uden restværdi,1,356,24,30155C97D461A6C0010DE1B1,"PLC, Product detaljeret, Aarhus, Nov. 2023.xlsx",2.052134831460674,T-shirt
01083 T-Shirt unisex hvid k/æ P/B,Alm.slid uden restværdi,1,349,41,30155C97D461A6C0018F7B6E,"PLC, Product detaljeret, Aarhus, Nov. 2023.xlsx",3.5760458452722066,T-shirt
01083 T-Shirt unisex hvid k/æ P/B,Alm.slid uden restværdi,1,344,36,30155C97D461A6C001A6AD0D,"PLC, Product detaljeret, Aarhus, Nov. 2023.xlsx",3.1855813953488377,T-shirt
09385 T-Shirt Hvid B/P M Arla Tryk,Alm.slid uden restværdi,1,337,24,30155C97D461A6C0015BB505,"PLC, Product detaljeret, Aarhus, Nov. 2023.xlsx",2.1678338278931752,T-shirt
01083 T-Shirt unisex hvid k/æ P/B,Alm.slid uden restværdi,1,322,25,30155C97D461A6C001A67130,"PLC, Product detaljeret, Aarhus, Nov. 2023.xlsx",2.3633540372670807,T-shirt
10981 T-shirt prowear dame hvid pb,Alm.slid uden restværdi,1,306,5,30155C97D461A6C001A5FC81,"PLC, Product detaljeret, Aarhus, Nov. 2023.xlsx",0.49738562091503274,T-shirt
10981 T-shirt prowear dame hvid pb,Alm.slid uden restværdi,1,280,8,30155C97D461A6C0018E9CD2,"PLC, Product detaljeret, Aarhus, Nov. 2023.xlsx",0.8697142857142858,T-shirt
01083 T-Shirt unisex hvid k/æ P/B,Alm.slid uden restværdi,1,278,11,30155C97D461A4C000D6F406,"PLC, Product detaljeret, Aarhus, Nov. 2023.xlsx",1.2044604316546763,T-shirt
01083 T-Shirt unisex hvid k/æ P/B,Alm.slid uden restværdi,1,272,14,30155C97D461A4C000F45385,"PLC, Product detaljeret, Aarhus, Nov. 2023.xlsx",1.5667647058823528,T-shirt
10981 T-shirt prowear dame hvid pb,Alm.slid uden restværdi,1,269,8,30155C97D461A6C001B999CB,"PLC, Product detaljeret, Aarhus, Nov. 2023.xlsx",0.9052788104089219,T-shirt
01083 T-Shirt unisex hvid k/æ P/B,Alm.slid uden restværdi,1,264,15,30155C97D461A4C000F45498,"PLC, Product detaljeret, Aarhus, Nov. 2023.xlsx",1.7295454545454545,T-shirt
09385 T-Shirt Hvid B/P M Arla Tryk,Alm.slid uden restværdi,1,234,14,30155C97D461A6C0012DF118,"PLC, Product detaljeret, Aarhus, Nov. 2023.xlsx",1.8211965811965813,T-shirt
01083 T-Shirt unisex hvid k/æ P/B,Alm.slid uden restværdi,1,221,12,30155C97D461A4C000F43429,"PLC, Product detaljeret, Aarhus, Nov. 2023.xlsx",1.6528506787330317,T-shirt
01083 T-Shirt unisex hvid k/æ P/B,Alm.slid uden restværdi,1,221,12,30155C97D461A4C000F43441,"PLC, Product detaljeret, Aarhus, Nov. 2023.xlsx",1.6528506787330317,T-shirt
01083 T-Shirt unisex hvid k/æ P/B,Alm.slid uden restværdi,1,221,10,30155C97D461A4C000F43491,"PLC, Product detaljeret, Aarhus, Nov. 2023.xlsx",1.3773755656108597,T-shirt
01083 T-Shirt unisex hvid k/æ P/B,Alm.slid uden restværdi,1,221,8,30155C97D461A4C000F43498,"PLC, Product detaljeret, Aarhus, Nov. 2023.xlsx",1.101900452488688,T-shirt
01083 T-Shirt unisex hvid k/æ P/B,Alm.slid uden restværdi,1,221,11,30155C97D461A4C000F4B977,"PLC, Product detaljeret, Aarhus, Nov. 2023.xlsx",1.5151131221719456,T-shirt
01083 T-Shirt unisex hvid k/æ P/B,Alm.slid uden restværdi,1,221,12,30155C97D461A4C000F4B9DB,"PLC, Product detaljeret, Aarhus, Nov. 2023.xlsx",1.6528506787330317,T-shirt
01083 T-Shirt unisex hvid k/æ P/B,Alm.slid uden restværdi,1,221,11,30155C97D461A4C000F4B9DE,"PLC, Product detaljeret, Aarhus, Nov. 2023.xlsx",1.5151131221719456,T-shirt
01083 T-Shirt unisex hvid k/æ P/B,Alm.slid uden restværdi,1,221,10,30155C97D461A4C000F4B9AA,"PLC, Product detaljeret, Aarhus, Nov. 2023.xlsx",1.3773755656108597,T-shirt
01083 T-Shirt unisex hvid k/æ P/B,Alm.slid uden restværdi,1,221,12,30155C97D461A4C000F4BA80,"PLC, Product detaljeret, Aarhus, Nov. 2023.xlsx",1.6528506787330317,T-shirt
01083 T-Shirt unisex hvid k/æ P/B,Alm.slid uden restværdi,1,221,11,30155C97D461A4C000F4BAE8,"PLC, Product detaljeret, Aarhus, Nov. 2023.xlsx",1.5151131221719456,T-shirt
01083 T-Shirt unisex hvid k/æ P/B,Alm.slid uden restværdi,1,201,26,30155C97D461A4C000C2BF76,"PLC, Product detaljeret, Aarhus, Nov. 2023.xlsx",3.937512437810945,T-shirt
01083 T-Shirt unisex hvid k/æ P/B,Alm.slid uden restværdi,1,201,9,30155C97D461A4C0010C1E19,"PLC, Product detaljeret, Aarhus, Nov. 2023.xlsx",1.3629850746268657,T-shirt
09385 T-Shirt Hvid B/P M Arla Tryk,Alm.slid uden restværdi,1,194,7,30155C97D461A4C0010BDF16,"PLC, Product detaljeret, Aarhus, Nov. 2023.xlsx",1.0983505154639175,T-shirt
01083 T-Shirt unisex hvid k/æ P/B,Alm.slid uden restværdi,1,191,3,30155C97D461A4C000C0697B,"PLC, Product detaljeret, Aarhus, Nov. 2023.xlsx",0.47811518324607327,T-shirt
10981 T-shirt prowear dame hvid pb,Alm.slid uden restværdi,1,190,4,30155C97D461A6C0010E0CDF,"PLC, Product detaljeret, Aarhus, Nov. 2023.xlsx",0.6408421052631579,T-shirt
09385 T-Shirt Hvid B/P M Arla Tryk,Alm.slid uden restværdi,1,189,17,30155C97D461A4C0010C3E94,"PLC, Product detaljeret, Aarhus, Nov. 2023.xlsx",2.737989417989418,T-shirt
01083 T-Shirt unisex hvid k/æ P/B,Alm.slid uden restværdi,1,184,4,30155C97D461A4C000C28F22,"PLC, Product detaljeret, Aarhus, Nov. 2023.xlsx",0.6617391304347826,T-shirt
09385 T-Shirt Hvid B/P M Arla Tryk,Alm.slid uden restværdi,1,183,7,30155C97D461A4C000C293B7,"PLC, Product detaljeret, Aarhus, Nov. 2023.xlsx",1.1643715846994536,T-shirt
09385 T-Shirt Hvid B/P M Arla Tryk,Alm.slid uden restværdi,1,183,6,30155C97D461A4C000F44535,"PLC, Product detaljeret, Aarhus, Nov. 2023.xlsx",0.998032786885246,T-shirt
01083 T-Shirt unisex hvid k/æ P/B,Alm.slid uden restværdi,1,179,6,30155C97D461A6C0010E30EB,"PLC, Product detaljeret, Aarhus, Nov. 2023.xlsx",1.0203351955307263,T-shirt
09385 T-Shirt Hvid B/P M Arla Tryk,Alm.slid uden restværdi,1,177,14,30155C97D461A4C000C293CA,"PLC, Product detaljeret, Aarhus, Nov. 2023.xlsx",2.4076836158192094,T-shirt
09385 T-Shirt Hvid B/P M Arla Tryk,Alm.slid uden restværdi,1,175,7,30155C97D461A4C000C2A2E9,"PLC, Product detaljeret, Aarhus, Nov. 2023.xlsx",1.2176,T-shirt
09385 T-Shirt Hvid B/P M Arla Tryk,Alm.slid uden restværdi,1,167,8,30155C97D461A4C000F4207E,"PLC, Product detaljeret, Aarhus, Nov. 2023.xlsx",1.4582035928143715,T-shirt
09385 T-Shirt Hvid B/P M Arla Tryk,Alm.slid uden restværdi,1,165,8,30155C97D461A4C001103179,"PLC, Product detaljeret, Aarhus, Nov. 2023.xlsx",1.475878787878788,T-shirt
09385 T-Shirt Hvid B/P M Arla Tryk,Alm.slid uden restværdi,1,163,9,30155C97D461A4C0014238B1,"PLC, Product detaljeret, Aarhus, Nov. 2023.xlsx",1.6807361963190184,T-shirt
10981 T-shirt prowear dame hvid pb,Alm.slid uden restværdi,1,157,12,30155C97D461A4C000C28C61,"PLC, Product detaljeret, Aarhus, Nov. 2023.xlsx",2.3266242038216562,T-shirt
01083 T-Shirt unisex hvid k/æ P/B,Alm.slid uden restværdi,1,154,16,30155C97D461A4C000C08DBE,"PLC, Product detaljeret, Aarhus, Nov. 2023.xlsx",3.162597402597403,T-shirt
10981 T-shirt prowear dame hvid pb,Alm.slid uden restværdi,1,147,5,30155C97D461A4C000C0B028,"PLC, Product detaljeret, Aarhus, Nov. 2023.xlsx",1.035374149659864,T-shirt
01083 T-Shirt unisex hvid k/æ P/B,Alm.slid uden restværdi,1,142,5,30155C97D461A4C000C07C65,"PLC, Product detaljeret, Aarhus, Nov. 2023.xlsx",1.071830985915493,T-shirt
10981 T-shirt prowear dame hvid pb,Alm.slid uden restværdi,1,139,7,30155C97D461A4C0010E5784,"PLC, Product detaljeret, Aarhus, Nov. 2023.xlsx",1.5329496402877698,T-shirt
10981 T-shirt prowear dame hvid pb,Alm.slid uden restværdi,1,138,3,30155C97D461A4C001100AE4,"PLC, Product detaljeret, Aarhus, Nov. 2023.xlsx",0.6617391304347826,T-shirt
01083 T-Shirt unisex hvid k/æ P/B,Alm.slid uden restværdi,1,132,13,30155C97D461A4C000D95FD3,"PLC, Product detaljeret, Aarhus, Nov. 2023.xlsx",2.997878787878788,T-shirt
01083 T-Shirt unisex hvid k/æ P/B,Alm.slid uden restværdi,1,127,3,30155C97D461A4C000D78247,"PLC, Product detaljeret, Aarhus, Nov. 2023.xlsx",0.7190551181102363,T-shirt
01083 T-Shirt unisex hvid k/æ P/B,Alm.slid uden restværdi,1,127,4,30155C97D461A4C000D782A5,"PLC, Product detaljeret, Aarhus, Nov. 2023.xlsx",0.9587401574803149,T-shirt
01083 T-Shirt unisex hvid k/æ P/B,Alm.slid uden restværdi,1,127,6,30155C97D461A4C000D78374,"PLC, Product detaljeret, Aarhus, Nov. 2023.xlsx",1.4381102362204725,T-shirt
01083 T-Shirt unisex hvid k/æ P/B,Alm.slid uden restværdi,1,127,6,30155C97D461A4C000D78377,"PLC, Product detaljeret, Aarhus, Nov. 2023.xlsx",1.4381102362204725,T-shirt
01083 T-Shirt unisex hvid k/æ P/B,Alm.slid uden restværdi,1,127,4,30155C97D461A4C000D7839A,"PLC, Product detaljeret, Aarhus, Nov. 2023.xlsx",0.9587401574803149,T-shirt
08421 T-shirt unisex hvid k/æ bom,Alm.slid uden restværdi,1,127,5,30155C97D461A4C000D94C2D,"PLC, Product detaljeret, Aarhus, Nov. 2023.xlsx",1.1984251968503938,T-shirt
08421 T-shirt unisex hvid k/æ bom,Alm.slid uden restværdi,1,127,4,30155C97D461A4C000D94CA3,"PLC, Product detaljeret, Aarhus, Nov. 2023.xlsx",0.9587401574803149,T-shirt
08421 T-shirt unisex hvid k/æ bom,Alm.slid uden restværdi,1,127,5,30155C97D461A4C000D94CD0,"PLC, Product detaljeret, Aarhus, Nov. 2023.xlsx",1.1984251968503938,T-shirt
01083 T-Shirt unisex hvid k/æ P/B,Alm.slid uden restværdi,1,125,6,30155C97D461A4C000C08655,"PLC, Product detaljeret, Aarhus, Nov. 2023.xlsx",1.4611200000000002,T-shirt
08421 T-shirt unisex hvid k/æ bom,Alm.slid uden restværdi,1,123,4,30155C97D461A4C000D94B57,"PLC, Product detaljeret, Aarhus, Nov. 2023.xlsx",0.989918699186992,T-shirt
01083 T-Shirt unisex hvid k/æ P/B,Alm.slid uden restværdi,1,120,9,30155C97D461A4C000D7821F,"PLC, Product detaljeret, Aarhus, Nov. 2023.xlsx",2.283,T-shirt
01083 T-Shirt unisex hvid k/æ P/B,Alm.slid uden restværdi,1,120,5,30155C97D461A4C000D7829A,"PLC, Product detaljeret, Aarhus, Nov. 2023.xlsx",1.2683333333333333,T-shirt
09385 T-Shirt Hvid B/P M Arla Tryk,Alm.slid uden restværdi,1,120,17,30155C97D461A4C000C246C3,"PLC, Product detaljeret, Aarhus, Nov. 2023.xlsx",4.312333333333333,T-shirt
01083 T-Shirt unisex hvid k/æ P/B,Alm.slid uden restværdi,1,118,6,30155C97D461A4C000D781B8,"PLC, Product detaljeret, Aarhus, Nov. 2023.xlsx",1.5477966101694918,T-shirt
01083 T-Shirt unisex hvid k/æ P/B,Alm.slid uden restværdi,1,112,6,30155C97D461A4C000C25821,"PLC, Product detaljeret, Aarhus, Nov. 2023.xlsx",1.6307142857142858,T-shirt
01083 T-Shirt unisex hvid k/æ P/B,Alm.slid uden restværdi,1,97,3,30155C97D461A4C000D7CFD5,"PLC, Product detaljeret, Aarhus, Nov. 2023.xlsx",0.9414432989690722,T-shirt
01083 T-Shirt unisex hvid k/æ P/B,Alm.slid uden restværdi,1,95,1,00D00B655A15,"PLC, Product detaljeret, Aarhus, Nov. 2023.xlsx",0.32042105263157894,T-shirt
09385 T-Shirt Hvid B/P M Arla Tryk,Alm.slid uden restværdi,1,94,5,30155C97D461A4C00142292A,"PLC, Product detaljeret, Aarhus, Nov. 2023.xlsx",1.619148936170213,T-shirt
01083 T-Shirt unisex hvid k/æ P/B,Alm.slid uden restværdi,1,93,5,30155C97D461A4C0014BF306,"PLC, Product detaljeret, Aarhus, Nov. 2023.xlsx",1.6365591397849464,T-shirt
01083 T-Shirt unisex hvid k/æ P/B,Alm.slid uden restværdi,1,93,6,30155C97D461A4C0014BF38F,"PLC, Product detaljeret, Aarhus, Nov. 2023.xlsx",1.9638709677419355,T-shirt
01083 T-Shirt unisex hvid k/æ P/B,Alm.slid uden restværdi,1,93,7,30155C97D461A4C0014BF3A9,"PLC, Product detaljeret, Aarhus, Nov. 2023.xlsx",2.291182795698925,T-shirt
01083 T-Shirt unisex hvid k/æ P/B,Alm.slid uden restværdi,1,89,6,30155C97D461A4C000D7C3A3,"PLC, Product detaljeret, Aarhus, Nov. 2023.xlsx",2.052134831460674,T-shirt
01083 T-Shirt unisex hvid k/æ P/B,Alm.slid uden restværdi,1,85,8,30155C97D461A4C001645C49,"PLC, Product detaljeret, Aarhus, Nov. 2023.xlsx",2.8649411764705883,T-shirt
01083 T-Shirt unisex hvid k/æ P/B,Alm.slid uden restværdi,1,85,8,30155C97D461A4C001645CFB,"PLC, Product detaljeret, Aarhus, Nov. 2023.xlsx",2.8649411764705883,T-shirt
01083 T-Shirt unisex hvid k/æ P/B,Alm.slid uden restværdi,1,82,10,30155C97D461A4C00164F9EA,"PLC, Product detaljeret, Aarhus, Nov. 2023.xlsx",3.7121951219512197,T-shirt
01083 T-Shirt unisex hvid k/æ P/B,Alm.slid uden restværdi,1,74,2,30155C97D461A4C00164141D,"PLC, Product detaljeret, Aarhus, Nov. 2023.xlsx",0.8227027027027027,T-shirt
01083 T-Shirt unisex hvid k/æ P/B,Alm.slid uden restværdi,1,70,3,30155C97D461A4C0018A3143,"PLC, Product detaljeret, Aarhus, Nov. 2023.xlsx",1.3045714285714287,T-shirt
01083 T-Shirt unisex hvid k/æ P/B,Alm.slid uden restværdi,1,65,4,30155C97D461A6C001A6ACEE,"PLC, Product detaljeret, Aarhus, Nov. 2023.xlsx",1.8732307692307695,T-shirt
01083 T-Shirt unisex hvid k/æ P/B,Alm.slid uden restværdi,1,56,6,30155C97D461A4C000D7C4B1,"PLC, Product detaljeret, Aarhus, Nov. 2023.xlsx",3.2614285714285716,T-shirt
01083 T-Shirt unisex hvid k/æ P/B,Alm.slid uden restværdi,1,56,7,30155C97D461A4C0018A30A5,"PLC, Product detaljeret, Aarhus, Nov. 2023.xlsx",3.805,T-shirt
01083 T-Shirt unisex hvid k/æ P/B,Alm.slid uden restværdi,1,52,2,30155C97D461A4C00120400B,"PLC, Product detaljeret, Aarhus, Nov. 2023.xlsx",1.1707692307692308,T-shirt
09385 T-Shirt Hvid B/P M Arla Tryk,Alm.slid uden restværdi,1,41,1,30155C97D461A4C000C07213,"PLC, Product detaljeret, Aarhus, Nov. 2023.xlsx",0.742439024390244,T-shirt
01083 T-Shirt unisex hvid k/æ P/B,Alm.slid uden restværdi,1,39,0,30155C97D461A4C0018A24B9,"PLC, Product detaljeret, Aarhus, Nov. 2023.xlsx",0.0,T-shirt
10981 T-shirt prowear dame hvid pb,Alm.slid uden restværdi,1,31,1,30155C97D461A6C001A692CE,"PLC, Product detaljeret, Aarhus, Nov. 2023.xlsx",0.9819354838709677,T-shirt
09385 T-Shirt Hvid B/P M Arla Tryk,Alm.slid uden restværdi,1,27,0,30155C97D461A4C00163D492,"PLC, Product detaljeret, Aarhus, Nov. 2023.xlsx",0.0,T-shirt
01083 T-Shirt unisex hvid k/æ P/B,Alm.slid uden restværdi,1,24,1,30155C97D461A4C00163C792,"PLC, Product detaljeret, Aarhus, Nov. 2023.xlsx",1.2683333333333333,T-shirt
01083 T-Shirt unisex hvid k/æ P/B,Alm.slid uden restværdi,1,24,2,30155C97D461A4C00163C86E,"PLC, Product detaljeret, Aarhus, Nov. 2023.xlsx",2.5366666666666666,T-shirt
01083 T-Shirt unisex hvid k/æ P/B,Alm.slid uden restværdi,1,2,0,30155C97D461A6C000EAAE32,"PLC, Product detaljeret, Aarhus, Nov. 2023.xlsx",0.0,T-shirt
09385 T-Shirt Hvid B/P M Arla Tryk,Alm.slid uden restværdi,1,2909,118,00D00931CD16,"PLC, Product detaljeret, Aarhus, Okt. 2023.xlsx",1.2347610862839464,T-shirt
03850 T-Shirt Hvid Lady K/Æ P/B,Alm.slid uden restværdi,1,2883,119,00D00952E1D9,"PLC, Product detaljeret, Aarhus, Okt. 2023.xlsx",1.2564550815123137,T-shirt
01083 T-Shirt unisex hvid k/æ P/B,Alm.slid uden restværdi,1,2758,105,00D0095A44BE,"PLC, Product detaljeret, Aarhus, Okt. 2023.xlsx",1.1588832487309646,T-shirt
01083 T-Shirt unisex hvid k/æ P/B,Alm.slid uden restværdi,1,2742,101,00D009705D83,"PLC, Product detaljeret, Aarhus, Okt. 2023.xlsx",1.1212399708242158,T-shirt
09385 T-Shirt Hvid B/P M Arla Tryk,Alm.slid uden restværdi,1,2668,92,00D0097105F5,"PLC, Product detaljeret, Aarhus, Okt. 2023.xlsx",1.049655172413793,T-shirt
09385 T-Shirt Hvid B/P M Arla Tryk,Alm.slid uden restværdi,1,2666,73,00D00952B834,"PLC, Product detaljeret, Aarhus, Okt. 2023.xlsx",0.833503375843961,T-shirt
01083 T-Shirt unisex hvid k/æ P/B,Alm.slid uden restværdi,1,2663,146,00D00972D517,"PLC, Product detaljeret, Aarhus, Okt. 2023.xlsx",1.6688847164851672,T-shirt
01083 T-Shirt unisex hvid k/æ P/B,Alm.slid uden restværdi,1,2663,108,00D0097425D0,"PLC, Product detaljeret, Aarhus, Okt. 2023.xlsx",1.2345174615095758,T-shirt
09385 T-Shirt Hvid B/P M Arla Tryk,Alm.slid uden restværdi,1,2663,102,00D00925EABD,"PLC, Product detaljeret, Aarhus, Okt. 2023.xlsx",1.165933158092377,T-shirt
01083 T-Shirt unisex hvid k/æ P/B,Alm.slid uden restværdi,1,2658,128,00D00971C344,"PLC, Product detaljeret, Aarhus, Okt. 2023.xlsx",1.4658841234010533,T-shirt
01083 T-Shirt unisex hvid k/æ P/B,Alm.slid uden restværdi,1,2644,120,00D00971A66B,"PLC, Product detaljeret, Aarhus, Okt. 2023.xlsx",1.3815431164901664,T-shirt
01083 T-Shirt unisex hvid k/æ P/B,Alm.slid uden restværdi,1,2633,115,00D0092744A4,"PLC, Product detaljeret, Aarhus, Okt. 2023.xlsx",1.3295100645651348,T-shirt
09385 T-Shirt Hvid B/P M Arla Tryk,Alm.slid uden restværdi,1,2603,79,00D0097090CF,"PLC, Product detaljeret, Aarhus, Okt. 2023.xlsx",0.9238417210910488,T-shirt
01083 T-Shirt unisex hvid k/æ P/B,Alm.slid uden restværdi,1,2592,78,00D00973CF49,"PLC, Product detaljeret, Aarhus, Okt. 2023.xlsx",0.9160185185185185,T-shirt
09385 T-Shirt Hvid B/P M Arla Tryk,Alm.slid uden restværdi,1,2571,108,00D00970C601,"PLC, Product detaljeret, Aarhus, Okt. 2023.xlsx",1.2786931155192534,T-shirt
09385 T-Shirt Hvid B/P M Arla Tryk,Alm.slid uden restværdi,1,2571,112,00D009720DAC,"PLC, Product detaljeret, Aarhus, Okt. 2023.xlsx",1.3260521197977442,T-shirt
01083 T-Shirt unisex hvid k/æ P/B,Alm.slid uden restværdi,1,2555,142,00D009979436,"PLC, Product detaljeret, Aarhus, Okt. 2023.xlsx",1.6917729941291586,T-shirt
09385 T-Shirt Hvid B/P M Arla Tryk,Alm.slid uden restværdi,1,2555,101,00D0098E25A8,"PLC, Product detaljeret, Aarhus, Okt. 2023.xlsx",1.203303326810176,T-shirt
09385 T-Shirt Hvid B/P M Arla Tryk,Alm.slid uden restværdi,1,2552,132,00D0098B87F6,"PLC, Product detaljeret, Aarhus, Okt. 2023.xlsx",1.5744827586206898,T-shirt
01083 T-Shirt unisex hvid k/æ P/B,Alm.slid uden restværdi,1,2541,125,00D00997F706,"PLC, Product detaljeret, Aarhus, Okt. 2023.xlsx",1.4974419519874067,T-shirt
09385 T-Shirt Hvid B/P M Arla Tryk,Alm.slid uden restværdi,1,2533,107,00D009730C5B,"PLC, Product detaljeret, Aarhus, Okt. 2023.xlsx",1.2858586656138966,T-shirt
01083 T-Shirt unisex hvid k/æ P/B,Alm.slid uden restværdi,1,2504,86,00D0097874BA,"PLC, Product detaljeret, Aarhus, Okt. 2023.xlsx",1.0454632587859427,T-shirt
09385 T-Shirt Hvid B/P M Arla Tryk,Alm.slid uden restværdi,1,2485,108,00D009782403,"PLC, Product detaljeret, Aarhus, Okt. 2023.xlsx",1.3229456740442658,T-shirt
09385 T-Shirt Hvid B/P M Arla Tryk,Alm.slid uden restværdi,1,2463,70,00D009980FBC,"PLC, Product detaljeret, Aarhus, Okt. 2023.xlsx",0.86512383272432,T-shirt
09385 T-Shirt Hvid B/P M Arla Tryk,Alm.slid uden restværdi,1,2456,90,00D009704E32,"PLC, Product detaljeret, Aarhus, Okt. 2023.xlsx",1.1154723127035833,T-shirt
09385 T-Shirt Hvid B/P M Arla Tryk,Alm.slid uden restværdi,1,2452,88,00D0096FAB09,"PLC, Product detaljeret, Aarhus, Okt. 2023.xlsx",1.092463295269168,T-shirt
09385 T-Shirt Hvid B/P M Arla Tryk,Alm.slid uden restværdi,1,2442,107,00D00950F916,"PLC, Product detaljeret, Aarhus, Okt. 2023.xlsx",1.333775593775594,T-shirt
09385 T-Shirt Hvid B/P M Arla Tryk,Alm.slid uden restværdi,1,2408,94,00D00951D698,"PLC, Product detaljeret, Aarhus, Okt. 2023.xlsx",1.1882724252491694,T-shirt
09385 T-Shirt Hvid B/P M Arla Tryk,Alm.slid uden restværdi,1,2407,120,30155C97D461A4C0012210D6,"PLC, Product detaljeret, Aarhus, Okt. 2023.xlsx",1.5175737432488576,T-shirt
09385 T-Shirt Hvid B/P M Arla Tryk,Alm.slid uden restværdi,1,2401,89,00D009701043,"PLC, Product detaljeret, Aarhus, Okt. 2023.xlsx",1.1283465222823825,T-shirt
09385 T-Shirt Hvid B/P M Arla Tryk,Alm.slid uden restværdi,1,2399,104,00D00998B050,"PLC, Product detaljeret, Aarhus, Okt. 2023.xlsx",1.3196165068778658,T-shirt
09385 T-Shirt Hvid B/P M Arla Tryk,Alm.slid uden restværdi,1,2398,118,30155C97D461A4C00122112A,"PLC, Product detaljeret, Aarhus, Okt. 2023.xlsx",1.497881567973311,T-shirt
09385 T-Shirt Hvid B/P M Arla Tryk,Alm.slid uden restværdi,1,2394,95,00D0096FC9A8,"PLC, Product detaljeret, Aarhus, Okt. 2023.xlsx",1.2079365079365079,T-shirt
09385 T-Shirt Hvid B/P M Arla Tryk,Alm.slid uden restværdi,1,2393,81,00D00970587B,"PLC, Product detaljeret, Aarhus, Okt. 2023.xlsx",1.0303552026744671,T-shirt
09385 T-Shirt Hvid B/P M Arla Tryk,Alm.slid uden restværdi,1,2385,87,00D009268D7E,"PLC, Product detaljeret, Aarhus, Okt. 2023.xlsx",1.1103899371069184,T-shirt
09385 T-Shirt Hvid B/P M Arla Tryk,Alm.slid uden restværdi,1,2360,86,30155C97D461A4C001423178,"PLC, Product detaljeret, Aarhus, Okt. 2023.xlsx",1.1092542372881358,T-shirt
09385 T-Shirt Hvid B/P M Arla Tryk,Alm.slid uden restværdi,1,2359,75,30155C97D461A4C0014238B8,"PLC, Product detaljeret, Aarhus, Okt. 2023.xlsx",0.9677829588808818,T-shirt
09385 T-Shirt Hvid B/P M Arla Tryk,Alm.slid uden restværdi,1,2352,77,30155C97D461A7C0006857DD,"PLC, Product detaljeret, Aarhus, Okt. 2023.xlsx",0.9965476190476191,T-shirt
09385 T-Shirt Hvid B/P M Arla Tryk,Alm.slid uden restværdi,1,2349,118,30155C97D461A7C000B633CC,"PLC, Product detaljeret, Aarhus, Okt. 2023.xlsx",1.529127288207748,T-shirt
09385 T-Shirt Hvid B/P M Arla Tryk,Alm.slid uden restværdi,1,2349,97,30155C97D461A7C000B63419,"PLC, Product detaljeret, Aarhus, Okt. 2023.xlsx",1.256994465730098,T-shirt
09385 T-Shirt Hvid B/P M Arla Tryk,Alm.slid uden restværdi,1,2347,79,30155C97D461A4C0012212AB,"PLC, Product detaljeret, Aarhus, Okt. 2023.xlsx",1.0246101406050276,T-shirt
09385 T-Shirt Hvid B/P M Arla Tryk,Alm.slid uden restværdi,1,2345,105,00D0097933B1,"PLC, Product detaljeret, Aarhus, Okt. 2023.xlsx",1.3629850746268657,T-shirt
09385 T-Shirt Hvid B/P M Arla Tryk,Alm.slid uden restværdi,1,2345,92,30155C97D461A7C0007D2169,"PLC, Product detaljeret, Aarhus, Okt. 2023.xlsx",1.1942345415778253,T-shirt
09385 T-Shirt Hvid B/P M Arla Tryk,Alm.slid uden restværdi,1,2344,94,00D00998BFCB,"PLC, Product detaljeret, Aarhus, Okt. 2023.xlsx",1.220716723549488,T-shirt
09385 T-Shirt Hvid B/P M Arla Tryk,Alm.slid uden restværdi,1,2343,86,30155C97D461A7C00092EAC7,"PLC, Product detaljeret, Aarhus, Okt. 2023.xlsx",1.1173026034997866,T-shirt
09385 T-Shirt Hvid B/P M Arla Tryk,Alm.slid uden restværdi,1,2342,103,00D0099734C0,"PLC, Product detaljeret, Aarhus, Okt. 2023.xlsx",1.338736122971819,T-shirt
09385 T-Shirt Hvid B/P M Arla Tryk,Alm.slid uden restværdi,1,2336,101,00D0099938EF,"PLC, Product detaljeret, Aarhus, Okt. 2023.xlsx",1.31611301369863,T-shirt
09385 T-Shirt Hvid B/P M Arla Tryk,Alm.slid uden restværdi,1,2332,100,00D009AD1EE5,"PLC, Product detaljeret, Aarhus, Okt. 2023.xlsx",1.3053173241852487,T-shirt
09385 T-Shirt Hvid B/P M Arla Tryk,Alm.slid uden restværdi,1,2326,87,00D00A574D0E,"PLC, Product detaljeret, Aarhus, Okt. 2023.xlsx",1.138555460017197,T-shirt
09385 T-Shirt Hvid B/P M Arla Tryk,Alm.slid uden restværdi,1,2320,100,00D009801C3D,"PLC, Product detaljeret, Aarhus, Okt. 2023.xlsx",1.3120689655172415,T-shirt
09385 T-Shirt Hvid B/P M Arla Tryk,Alm.slid uden restværdi,1,2319,108,30155C97D461A7C0007D293A,"PLC, Product detaljeret, Aarhus, Okt. 2023.xlsx",1.4176455368693404,T-shirt
09385 T-Shirt Hvid B/P M Arla Tryk,Alm.slid uden restværdi,1,2316,108,00D00A574452,"PLC, Product detaljeret, Aarhus, Okt. 2023.xlsx",1.419481865284974,T-shirt
09385 T-Shirt Hvid B/P M Arla Tryk,Alm.slid uden restværdi,1,2312,64,30155C97D461A4C0012210FF,"PLC, Product detaljeret, Aarhus, Okt. 2023.xlsx",0.8426297577854672,T-shirt
09385 T-Shirt Hvid B/P M Arla Tryk,Alm.slid uden restværdi,1,2309,100,30155C97D461A7C000B5F6F8,"PLC, Product detaljeret, Aarhus, Okt. 2023.xlsx",1.3183196188826332,T-shirt
09385 T-Shirt Hvid B/P M Arla Tryk,Alm.slid uden restværdi,1,2303,115,00D00970046E,"PLC, Product detaljeret, Aarhus, Okt. 2023.xlsx",1.5200173686495875,T-shirt
09385 T-Shirt Hvid B/P M Arla Tryk,Alm.slid uden restværdi,1,2301,109,30155C97D461A7C000B5F717,"PLC, Product detaljeret, Aarhus, Okt. 2023.xlsx",1.4419643633202957,T-shirt
01083 T-Shirt unisex hvid k/æ P/B,Alm.slid uden restværdi,1,2300,98,30155C97D461A7C000BBB795,"PLC, Product detaljeret, Aarhus, Okt. 2023.xlsx",1.297008695652174,T-shirt
01083 T-Shirt unisex hvid k/æ P/B,Alm.slid uden restværdi,1,2288,99,30155C97D461A7C000BA4ED1,"PLC, Product detaljeret, Aarhus, Okt. 2023.xlsx",1.3171153846153847,T-shirt
01083 T-Shirt unisex hvid k/æ P/B,Alm.slid uden restværdi,1,2288,98,30155C97D461A7C000BA4F81,"PLC, Product detaljeret, Aarhus, Okt. 2023.xlsx",1.303811188811189,T-shirt
09385 T-Shirt Hvid B/P M Arla Tryk,Alm.slid uden restværdi,1,2287,87,00D00972D953,"PLC, Product detaljeret, Aarhus, Okt. 2023.xlsx",1.1579711412330564,T-shirt
01083 T-Shirt unisex hvid k/æ P/B,Alm.slid uden restværdi,1,2280,125,30155C97D461A7C000BBA9A4,"PLC, Product detaljeret, Aarhus, Okt. 2023.xlsx",1.668859649122807,T-shirt
09385 T-Shirt Hvid B/P M Arla Tryk,Alm.slid uden restværdi,1,2277,99,30155C97D461A4C001422870,"PLC, Product detaljeret, Aarhus, Okt. 2023.xlsx",1.3234782608695652,T-shirt
09385 T-Shirt Hvid B/P M Arla Tryk,Alm.slid uden restværdi,1,2259,57,30155C97D461A7C000B5F764,"PLC, Product detaljeret, Aarhus, Okt. 2023.xlsx",0.768074369189907,T-shirt
09385 T-Shirt Hvid B/P M Arla Tryk,Alm.slid uden restværdi,1,2252,79,30155C97D461A7C000B99297,"PLC, Product detaljeret, Aarhus, Okt. 2023.xlsx",1.0678330373001776,T-shirt
09385 T-Shirt Hvid B/P M Arla Tryk,Alm.slid uden restværdi,1,2250,87,30155C97D461A7C000857BCE,"PLC, Product detaljeret, Aarhus, Okt. 2023.xlsx",1.1770133333333335,T-shirt
09385 T-Shirt Hvid B/P M Arla Tryk,Alm.slid uden restværdi,1,2246,99,30155C97D461A7C000B99054,"PLC, Product detaljeret, Aarhus, Okt. 2023.xlsx",1.3417453250222617,T-shirt
09385 T-Shirt Hvid B/P M Arla Tryk,Alm.slid uden restværdi,1,2231,108,30155C97D461A7C000B119EB,"PLC, Product detaljeret, Aarhus, Okt. 2023.xlsx",1.4735634244733304,T-shirt
01083 T-Shirt unisex hvid k/æ P/B,Alm.slid uden restværdi,1,2229,110,30155C97D461A7C000A1344A,"PLC, Product detaljeret, Aarhus, Okt. 2023.xlsx",1.502198295199641,T-shirt
09385 T-Shirt Hvid B/P M Arla Tryk,Alm.slid uden restværdi,1,2226,115,30155C97D461A7C000B112E1,"PLC, Product detaljeret, Aarhus, Okt. 2023.xlsx",1.572596585804133,T-shirt
09385 T-Shirt Hvid B/P M Arla Tryk,Alm.slid uden restværdi,1,2219,99,00D00A63A852,"PLC, Product detaljeret, Aarhus, Okt. 2023.xlsx",1.3580712032447049,T-shirt
09385 T-Shirt Hvid B/P M Arla Tryk,Alm.slid uden restværdi,1,2219,95,30155C97D461A7C000B120BD,"PLC, Product detaljeret, Aarhus, Okt. 2023.xlsx",1.303199639477242,T-shirt
09385 T-Shirt Hvid B/P M Arla Tryk,Alm.slid uden restværdi,1,2207,97,00D00A63BA9C,"PLC, Product detaljeret, Aarhus, Okt. 2023.xlsx",1.3378704123244225,T-shirt
01083 T-Shirt unisex hvid k/æ P/B,Alm.slid uden restværdi,1,2196,88,30155C97D461A7C000B0A401,"PLC, Product detaljeret, Aarhus, Okt. 2023.xlsx",1.2198178506375228,T-shirt
09385 T-Shirt Hvid B/P M Arla Tryk,Alm.slid uden restværdi,1,2191,80,30155C97D461A4C001422853,"PLC, Product detaljeret, Aarhus, Okt. 2023.xlsx",1.1114559561843909,T-shirt
09385 T-Shirt Hvid B/P M Arla Tryk,Alm.slid uden restværdi,1,2190,95,30155C97D461A7C000BCFD16,"PLC, Product detaljeret, Aarhus, Okt. 2023.xlsx",1.3204566210045663,T-shirt
09385 T-Shirt Hvid B/P M Arla Tryk,Alm.slid uden restværdi,1,2176,109,00D00A639E27,"PLC, Product detaljeret, Aarhus, Okt. 2023.xlsx",1.5247977941176472,T-shirt
09385 T-Shirt Hvid B/P M Arla Tryk,Alm.slid uden restværdi,1,2170,104,30155C97D461A7C000B13078,"PLC, Product detaljeret, Aarhus, Okt. 2023.xlsx",1.4588755760368666,T-shirt
09385 T-Shirt Hvid B/P M Arla Tryk,Alm.slid uden restværdi,1,2167,82,00D00A6417BA,"PLC, Product detaljeret, Aarhus, Okt. 2023.xlsx",1.1518597138901707,T-shirt
01083 T-Shirt unisex hvid k/æ P/B,Alm.slid uden restværdi,1,2145,141,30155C97D461A7C000F00A4F,"PLC, Product detaljeret, Aarhus, Okt. 2023.xlsx",2.000951048951049,T-shirt
01083 T-Shirt unisex hvid k/æ P/B,Alm.slid uden restværdi,1,2142,132,30155C97D461A7C00117AC3D,"PLC, Product detaljeret, Aarhus, Okt. 2023.xlsx",1.8758543417366949,T-shirt
09385 T-Shirt Hvid B/P M Arla Tryk,Alm.slid uden restværdi,1,2138,113,30155C97D461A7C000F0C981,"PLC, Product detaljeret, Aarhus, Okt. 2023.xlsx",1.6088493919550984,T-shirt
01083 T-Shirt unisex hvid k/æ P/B,Alm.slid uden restværdi,1,2137,94,30155C97D461A7C000F0143F,"PLC, Product detaljeret, Aarhus, Okt. 2023.xlsx",1.3389611605053815,T-shirt
01083 T-Shirt unisex hvid k/æ P/B,Alm.slid uden restværdi,1,2137,94,30155C97D461A7C000F016D0,"PLC, Product detaljeret, Aarhus, Okt. 2023.xlsx",1.3389611605053815,T-shirt
01083 T-Shirt unisex hvid k/æ P/B,Alm.slid uden restværdi,1,2137,82,30155C97D461A7C000F01780,"PLC, Product detaljeret, Aarhus, Okt. 2023.xlsx",1.168029948525971,T-shirt
09385 T-Shirt Hvid B/P M Arla Tryk,Alm.slid uden restværdi,1,2136,94,00D00A57469D,"PLC, Product detaljeret, Aarhus, Okt. 2023.xlsx",1.3395880149812736,T-shirt
09385 T-Shirt Hvid B/P M Arla Tryk,Alm.slid uden restværdi,1,2123,105,00D009AB6F6A,"PLC, Product detaljeret, Aarhus, Okt. 2023.xlsx",1.5055110692416394,T-shirt
09385 T-Shirt Hvid B/P M Arla Tryk,Alm.slid uden restværdi,1,2118,97,30155C97D461A7C0011793A9,"PLC, Product detaljeret, Aarhus, Okt. 2023.xlsx",1.3940887629839471,T-shirt
09385 T-Shirt Hvid B/P M Arla Tryk,Alm.slid uden restværdi,1,2083,88,30155C97D461A7C000F0846B,"PLC, Product detaljeret, Aarhus, Okt. 2023.xlsx",1.2859913586173788,T-shirt
09385 T-Shirt Hvid B/P M Arla Tryk,Alm.slid uden restværdi,1,2072,86,30155C97D461A7C000F0C9BD,"PLC, Product detaljeret, Aarhus, Okt. 2023.xlsx",1.2634362934362935,T-shirt
09385 T-Shirt Hvid B/P M Arla Tryk,Alm.slid uden restværdi,1,2066,80,00D00AD5848B,"PLC, Product detaljeret, Aarhus, Okt. 2023.xlsx",1.178702807357212,T-shirt
09385 T-Shirt Hvid B/P M Arla Tryk,Alm.slid uden restværdi,1,2065,108,30155C97D461A7C000F0C88F,"PLC, Product detaljeret, Aarhus, Okt. 2023.xlsx",1.5920193704600485,T-shirt
09385 T-Shirt Hvid B/P M Arla Tryk,Alm.slid uden restværdi,1,2051,89,30155C97D461A7C001179705,"PLC, Product detaljeret, Aarhus, Okt. 2023.xlsx",1.3208971233544613,T-shirt
09385 T-Shirt Hvid B/P M Arla Tryk,Alm.slid uden restværdi,1,2049,97,30155C97D461A7C00122A3EC,"PLC, Product detaljeret, Aarhus, Okt. 2023.xlsx",1.4410346510492924,T-shirt
03850 T-Shirt Hvid Lady K/Æ P/B,Alm.slid uden restværdi,1,2037,40,30155C97D461A7C000E9059E,"PLC, Product detaljeret, Aarhus, Okt. 2023.xlsx",0.5977417771232204,T-shirt
09385 T-Shirt Hvid B/P M Arla Tryk,Alm.slid uden restværdi,1,2037,86,30155C97D461A7C001179232,"PLC, Product detaljeret, Aarhus, Okt. 2023.xlsx",1.285144820814924,T-shirt
01083 T-Shirt unisex hvid k/æ P/B,Alm.slid uden restværdi,1,2023,121,30155C97D461A7C001121DB7,"PLC, Product detaljeret, Aarhus, Okt. 2023.xlsx",1.8206821552150274,T-shirt
03850 T-Shirt Hvid Lady K/Æ P/B,Alm.slid uden restværdi,1,2017,10,30155C97D461A7C00103650E,"PLC, Product detaljeret, Aarhus, Okt. 2023.xlsx",0.15091720376797224,T-shirt
03850 T-Shirt Hvid Lady K/Æ P/B,Alm.slid uden restværdi,1,2013,58,30155C97D461A7C0010359F9,"PLC, Product detaljeret, Aarhus, Okt. 2023.xlsx",0.8770591157476404,T-shirt
03850 T-Shirt Hvid Lady K/Æ P/B,Alm.slid uden restværdi,1,2011,30,30155C97D461A7C001035E97,"PLC, Product detaljeret, Aarhus, Okt. 2023.xlsx",0.45410243659870714,T-shirt
03850 T-Shirt Hvid Lady K/Æ P/B,Alm.slid uden restværdi,1,2003,22,30155C97D461A7C0012247F2,"PLC, Product detaljeret, Aarhus, Okt. 2023.xlsx",0.3343384922616076,T-shirt
01083 T-Shirt unisex hvid k/æ P/B,Alm.slid uden restværdi,1,2000,119,30155C97D461A7C0010D108A,"PLC, Product detaljeret, Aarhus, Okt. 2023.xlsx",1.81118,T-shirt
03850 T-Shirt Hvid Lady K/Æ P/B,Alm.slid uden restværdi,1,1995,91,30155C97D461A7C001035A95,"PLC, Product detaljeret, Aarhus, Okt. 2023.xlsx",1.3884912280701756,T-shirt
03850 T-Shirt Hvid Lady K/Æ P/B,Alm.slid uden restværdi,1,1993,65,30155C97D461A7C0012248DC,"PLC, Product detaljeret, Aarhus, Okt. 2023.xlsx",0.9927747114902157,T-shirt
09385 T-Shirt Hvid B/P M Arla Tryk,Alm.slid uden restværdi,1,1983,83,00D00ADB8A0B,"PLC, Product detaljeret, Aarhus, Okt. 2023.xlsx",1.2740897629853758,T-shirt
09385 T-Shirt Hvid B/P M Arla Tryk,Alm.slid uden restværdi,1,1971,82,30155C97D461A7C000F0C8C3,"PLC, Product detaljeret, Aarhus, Okt. 2023.xlsx",1.2664028411973618,T-shirt
03850 T-Shirt Hvid Lady K/Æ P/B,Alm.slid uden restværdi,1,1952,25,30155C97D461A7C001224421,"PLC, Product detaljeret, Aarhus, Okt. 2023.xlsx",0.3898565573770492,T-shirt
01083 T-Shirt unisex hvid k/æ P/B,Alm.slid uden restværdi,1,1949,85,30155C97D461A7C00137030B,"PLC, Product detaljeret, Aarhus, Okt. 2023.xlsx",1.327552591072345,T-shirt
03850 T-Shirt Hvid Lady K/Æ P/B,Alm.slid uden restværdi,1,1949,55,30155C97D461A7C000CA7E1C,"PLC, Product detaljeret, Aarhus, Okt. 2023.xlsx",0.8590046177526937,T-shirt
03850 T-Shirt Hvid Lady K/Æ P/B,Alm.slid uden restværdi,1,1936,56,30155C97D461A7C000E8F93D,"PLC, Product detaljeret, Aarhus, Okt. 2023.xlsx",0.8804958677685951,T-shirt
00946 T-Shirt Hvid Bomuld L/Æ Game,Alm.slid uden restværdi,1,1932,40,30155C97D461A7C0015E97A2,"PLC, Product detaljeret, Aarhus, Okt. 2023.xlsx",0.6302277432712216,T-shirt
09385 T-Shirt Hvid B/P M Arla Tryk,Alm.slid uden restværdi,1,1924,98,00D00ADB7CBC,"PLC, Product detaljeret, Aarhus, Okt. 2023.xlsx",1.5504781704781707,T-shirt
03850 T-Shirt Hvid Lady K/Æ P/B,Alm.slid uden restværdi,1,1921,20,30155C97D461A7C001035B0B,"PLC, Product detaljeret, Aarhus, Okt. 2023.xlsx",0.31691827173347215,T-shirt
01083 T-Shirt unisex hvid k/æ P/B,Alm.slid uden restværdi,1,1917,84,30155C97D461A7C000684DB3,"PLC, Product detaljeret, Aarhus, Okt. 2023.xlsx",1.3338341158059468,T-shirt
01083 T-Shirt unisex hvid k/æ P/B,Alm.slid uden restværdi,1,1899,93,30155C97D461A7C001305B59,"PLC, Product detaljeret, Aarhus, Okt. 2023.xlsx",1.490742496050553,T-shirt
01083 T-Shirt unisex hvid k/æ P/B,Alm.slid uden restværdi,1,1893,102,30155C97D461A7C00156F4A4,"PLC, Product detaljeret, Aarhus, Okt. 2023.xlsx",1.640190174326466,T-shirt
09385 T-Shirt Hvid B/P M Arla Tryk,Alm.slid uden restværdi,1,1883,93,00D00AE31088,"PLC, Product detaljeret, Aarhus, Okt. 2023.xlsx",1.503409453000531,T-shirt
01083 T-Shirt unisex hvid k/æ P/B,Alm.slid uden restværdi,1,1869,95,30155C97D461A7C0015EC8C4,"PLC, Product detaljeret, Aarhus, Okt. 2023.xlsx",1.5472445157838417,T-shirt
01083 T-Shirt unisex hvid k/æ P/B,Alm.slid uden restværdi,1,1867,144,30155C97D461A7C00153458E,"PLC, Product detaljeret, Aarhus, Okt. 2023.xlsx",2.3478093197643277,T-shirt
09385 T-Shirt Hvid B/P M Arla Tryk,Alm.slid uden restværdi,1,1863,80,30155C97D461A7C001130EB1,"PLC, Product detaljeret, Aarhus, Okt. 2023.xlsx",1.3071390230810522,T-shirt
01083 T-Shirt unisex hvid k/æ P/B,Alm.slid uden restværdi,1,1862,98,30155C97D461A7C0013C8301,"PLC, Product detaljeret, Aarhus, Okt. 2023.xlsx",1.6021052631578947,T-shirt
09385 T-Shirt Hvid B/P M Arla Tryk,Alm.slid uden restværdi,1,1856,97,30155C97D461A7C001132120,"PLC, Product detaljeret, Aarhus, Okt. 2023.xlsx",1.590883620689655,T-shirt
01083 T-Shirt unisex hvid k/æ P/B,Alm.slid uden restværdi,1,1846,133,30155C97D461A7C001534651,"PLC, Product detaljeret, Aarhus, Okt. 2023.xlsx",2.193131094257855,T-shirt
00946 T-Shirt Hvid Bomuld L/Æ Game,Alm.slid uden restværdi,1,1841,14,30155C97D461A7C00167F8D6,"PLC, Product detaljeret, Aarhus, Okt. 2023.xlsx",0.23148288973384032,T-shirt
09385 T-Shirt Hvid B/P M Arla Tryk,Alm.slid uden restværdi,1,1841,78,30155C97D461A7C001177F60,"PLC, Product detaljeret, Aarhus, Okt. 2023.xlsx",1.2896903856599675,T-shirt
09385 T-Shirt Hvid B/P M Arla Tryk,Alm.slid uden restværdi,1,1839,51,00D00AE321BC,"PLC, Product detaljeret, Aarhus, Okt. 2023.xlsx",0.8441761827079935,T-shirt
01083 T-Shirt unisex hvid k/æ P/B,Alm.slid uden restværdi,1,1838,129,30155C97D461A7C001668FD4,"PLC, Product detaljeret, Aarhus, Okt. 2023.xlsx",2.136430903155604,T-shirt
01083 T-Shirt unisex hvid k/æ P/B,Alm.slid uden restværdi,1,1824,144,30155C97D461A7C001513020,"PLC, Product detaljeret, Aarhus, Okt. 2023.xlsx",2.403157894736842,T-shirt
01083 T-Shirt unisex hvid k/æ P/B,Alm.slid uden restværdi,1,1823,149,30155C97D461A7C001512F96,"PLC, Product detaljeret, Aarhus, Okt. 2023.xlsx",2.4879648930334612,T-shirt
03850 T-Shirt Hvid Lady K/Æ P/B,Alm.slid uden restværdi,1,1820,84,30155C97D461A7C0012247DE,"PLC, Product detaljeret, Aarhus, Okt. 2023.xlsx",1.4049230769230772,T-shirt
01083 T-Shirt unisex hvid k/æ P/B,Alm.slid uden restværdi,1,1817,117,30155C97D461A7C001668563,"PLC, Product detaljeret, Aarhus, Okt. 2023.xlsx",1.9600880572372041,T-shirt
01083 T-Shirt unisex hvid k/æ P/B,Alm.slid uden restværdi,1,1809,119,30155C97D461A7C0013C4586,"PLC, Product detaljeret, Aarhus, Okt. 2023.xlsx",2.0024101713653955,T-shirt
00946 T-Shirt Hvid Bomuld L/Æ Game,Alm.slid uden restværdi,1,1807,10,30155C97D461A7C0013FF272,"PLC, Product detaljeret, Aarhus, Okt. 2023.xlsx",0.16845600442722744,T-shirt
00946 T-Shirt Hvid Bomuld L/Æ Game,Alm.slid uden restværdi,1,1807,10,30155C97D461A7C0013FF2C1,"PLC, Product detaljeret, Aarhus, Okt. 2023.xlsx",0.16845600442722744,T-shirt
00946 T-Shirt Hvid Bomuld L/Æ Game,Alm.slid uden restværdi,1,1807,5,30155C97D461A7C0013FF318,"PLC, Product detaljeret, Aarhus, Okt. 2023.xlsx",0.08422800221361372,T-shirt
01083 T-Shirt unisex hvid k/æ P/B,Alm.slid uden restværdi,1,1805,76,30155C97D461A7C0015142A1,"PLC, Product detaljeret, Aarhus, Okt. 2023.xlsx",1.2816842105263158,T-shirt
01083 T-Shirt unisex hvid k/æ P/B,Alm.slid uden restværdi,1,1803,111,30155C97D461A7C001568216,"PLC, Product detaljeret, Aarhus, Okt. 2023.xlsx",1.874009983361065,T-shirt
01083 T-Shirt unisex hvid k/æ P/B,Alm.slid uden restværdi,1,1803,123,30155C97D461A7C0015682BF,"PLC, Product detaljeret, Aarhus, Okt. 2023.xlsx",2.0766056572379368,T-shirt
01083 T-Shirt unisex hvid k/æ P/B,Alm.slid uden restværdi,1,1802,140,30155C97D461A7C001512D0B,"PLC, Product detaljeret, Aarhus, Okt. 2023.xlsx",2.364927857935627,T-shirt
01083 T-Shirt unisex hvid k/æ P/B,Alm.slid uden restværdi,1,1802,144,30155C97D461A7C0015149FA,"PLC, Product detaljeret, Aarhus, Okt. 2023.xlsx",2.432497225305217,T-shirt
01083 T-Shirt unisex hvid k/æ P/B,Alm.slid uden restværdi,1,1802,145,30155C97D461A7C0015F84F0,"PLC, Product detaljeret, Aarhus, Okt. 2023.xlsx",2.449389567147614,T-shirt
01083 T-Shirt unisex hvid k/æ P/B,Alm.slid uden restværdi,1,1796,147,30155C97D461A7C0016684AF,"PLC, Product detaljeret, Aarhus, Okt. 2023.xlsx",2.4914699331848555,T-shirt
01083 T-Shirt unisex hvid k/æ P/B,Alm.slid uden restværdi,1,1791,43,30155C97D461A7C00151389D,"PLC, Product detaljeret, Aarhus, Okt. 2023.xlsx",0.7308319374651033,T-shirt
01083 T-Shirt unisex hvid k/æ P/B,Alm.slid uden restværdi,1,1790,145,30155C97D461A7C0015185DA,"PLC, Product detaljeret, Aarhus, Okt. 2023.xlsx",2.465810055865922,T-shirt
09385 T-Shirt Hvid B/P M Arla Tryk,Alm.slid uden restværdi,1,1776,95,30155C97D461A7C00110CE39,"PLC, Product detaljeret, Aarhus, Okt. 2023.xlsx",1.628265765765766,T-shirt
01083 T-Shirt unisex hvid k/æ P/B,Alm.slid uden restværdi,1,1774,131,30155C97D461A7C00140ABB4,"PLC, Product detaljeret, Aarhus, Okt. 2023.xlsx",2.2478241262683203,T-shirt
01083 T-Shirt unisex hvid k/æ P/B,Alm.slid uden restværdi,1,1774,141,30155C97D461A7C00140AC5C,"PLC, Product detaljeret, Aarhus, Okt. 2023.xlsx",2.419413754227734,T-shirt
01083 T-Shirt unisex hvid k/æ P/B,Alm.slid uden restværdi,1,1768,131,30155C97D461A7C00140AB79,"PLC, Product detaljeret, Aarhus, Okt. 2023.xlsx",2.2554524886877827,T-shirt
09385 T-Shirt Hvid B/P M Arla Tryk,Alm.slid uden restværdi,1,1748,59,30155C97D461A7C00156B3D2,"PLC, Product detaljeret, Aarhus, Okt. 2023.xlsx",1.0274370709382152,T-shirt
01083 T-Shirt unisex hvid k/æ P/B,Alm.slid uden restværdi,1,1746,68,30155C97D461A7C0015148B8,"PLC, Product detaljeret, Aarhus, Okt. 2023.xlsx",1.1855211912943873,T-shirt
09385 T-Shirt Hvid B/P M Arla Tryk,Alm.slid uden restværdi,1,1739,70,30155C97D461A7C0013C736B,"PLC, Product detaljeret, Aarhus, Okt. 2023.xlsx",1.2253018976423231,T-shirt
01083 T-Shirt unisex hvid k/æ P/B,Alm.slid uden restværdi,1,1708,129,30155C97D461A7C001D4345B,"PLC, Product detaljeret, Aarhus, Okt. 2023.xlsx",2.2990398126463703,T-shirt
01083 T-Shirt unisex hvid k/æ P/B,Alm.slid uden restværdi,1,1701,145,30155C97D461A7C001CB6EA7,"PLC, Product detaljeret, Aarhus, Okt. 2023.xlsx",2.5948265726043505,T-shirt
01083 T-Shirt unisex hvid k/æ P/B,Alm.slid uden restværdi,1,1691,118,30155C97D461A7C001566836,"PLC, Product detaljeret, Aarhus, Okt. 2023.xlsx",2.124139562389119,T-shirt
09385 T-Shirt Hvid B/P M Arla Tryk,Alm.slid uden restværdi,1,1674,108,30155C97D461A6C001931ACE,"PLC, Product detaljeret, Aarhus, Okt. 2023.xlsx",1.9638709677419355,T-shirt
01083 T-Shirt unisex hvid k/æ P/B,Alm.slid uden restværdi,1,1657,134,30155C97D461A7C0020A60E4,"PLC, Product detaljeret, Aarhus, Okt. 2023.xlsx",2.4616535908267956,T-shirt
01083 T-Shirt unisex hvid k/æ P/B,Alm.slid uden restværdi,1,1654,93,30155C97D461A7C001CC4F7D,"PLC, Product detaljeret, Aarhus, Okt. 2023.xlsx",1.711559854897219,T-shirt
09385 T-Shirt Hvid B/P M Arla Tryk,Alm.slid uden restværdi,1,1651,97,30155C97D461A7C001CBB459,"PLC, Product detaljeret, Aarhus, Okt. 2023.xlsx",1.788419139915203,T-shirt
09385 T-Shirt Hvid B/P M Arla Tryk,Alm.slid uden restværdi,1,1645,117,30155C97D461A6C001931B80,"PLC, Product detaljeret, Aarhus, Okt. 2023.xlsx",2.1650334346504563,T-shirt
09667 T-Shirt V-Hals Hvid K.Æ.,Alm.slid uden restværdi,1,1642,53,30155C97D461A7C001D4D26E,"PLC, Product detaljeret, Aarhus, Okt. 2023.xlsx",0.9825334957369062,T-shirt
09667 T-Shirt V-Hals Hvid K.Æ.,Alm.slid uden restværdi,1,1642,58,30155C97D461A7C001D4D29B,"PLC, Product detaljeret, Aarhus, Okt. 2023.xlsx",1.075225334957369,T-shirt
09385 T-Shirt Hvid B/P M Arla Tryk,Alm.slid uden restværdi,1,1633,69,30155C97D461A7C001CBB5F3,"PLC, Product detaljeret, Aarhus, Okt. 2023.xlsx",1.2861971830985917,T-shirt
09385 T-Shirt Hvid B/P M Arla Tryk,Alm.slid uden restværdi,1,1633,65,30155C97D461A7C001CBB61D,"PLC, Product detaljeret, Aarhus, Okt. 2023.xlsx",1.2116350275566443,T-shirt
01083 T-Shirt unisex hvid k/æ P/B,Alm.slid uden restværdi,1,1630,133,30155C97D461A7C001CC15BE,"PLC, Product detaljeret, Aarhus, Okt. 2023.xlsx",2.483754601226994,T-shirt
01083 T-Shirt unisex hvid k/æ P/B,Alm.slid uden restværdi,1,1613,125,30155C97D461A7C001CC0A14,"PLC, Product detaljeret, Aarhus, Okt. 2023.xlsx",2.3589584624922506,T-shirt
03850 T-Shirt Hvid Lady K/Æ P/B,Alm.slid uden restværdi,1,1609,27,30155C97D461A7C000CA7E41,"PLC, Product detaljeret, Aarhus, Okt. 2023.xlsx",0.5108017402113114,T-shirt
01083 T-Shirt unisex hvid k/æ P/B,Alm.slid uden restværdi,1,1597,99,30155C97D461A7C002120101,"PLC, Product detaljeret, Aarhus, Okt. 2023.xlsx",1.8870131496556044,T-shirt
09385 T-Shirt Hvid B/P M Arla Tryk,Alm.slid uden restværdi,1,1574,101,30155C97D461A6C001932834,"PLC, Product detaljeret, Aarhus, Okt. 2023.xlsx",1.9532655654383735,T-shirt
01083 T-Shirt unisex hvid k/æ P/B,Alm.slid uden restværdi,1,1566,91,30155C97D461A7C001EAB6DE,"PLC, Product detaljeret, Aarhus, Okt. 2023.xlsx",1.7688633461047256,T-shirt
09385 T-Shirt Hvid B/P M Arla Tryk,Alm.slid uden restværdi,1,1560,69,30155C97D461A7C002122639,"PLC, Product detaljeret, Aarhus, Okt. 2023.xlsx",1.3463846153846155,T-shirt
09385 T-Shirt Hvid B/P M Arla Tryk,Alm.slid uden restværdi,1,1556,101,30155C97D461A6C001931A33,"PLC, Product detaljeret, Aarhus, Okt. 2023.xlsx",1.9758611825192804,T-shirt
01083 T-Shirt unisex hvid k/æ P/B,Alm.slid uden restværdi,1,1554,138,30155C97D461A7C001EAB408,"PLC, Product detaljeret, Aarhus, Okt. 2023.xlsx",2.7031660231660233,T-shirt
09385 T-Shirt Hvid B/P M Arla Tryk,Alm.slid uden restværdi,1,1553,55,30155C97D461A7C001132DB2,"PLC, Product detaljeret, Aarhus, Okt. 2023.xlsx",1.0780424983902126,T-shirt
09385 T-Shirt Hvid B/P M Arla Tryk,Alm.slid uden restværdi,1,1553,54,30155C97D461A7C001132EE8,"PLC, Product detaljeret, Aarhus, Okt. 2023.xlsx",1.0584417256922087,T-shirt
09385 T-Shirt Hvid B/P M Arla Tryk,Alm.slid uden restværdi,1,1551,74,30155C97D461A7C0020B1313,"PLC, Product detaljeret, Aarhus, Okt. 2023.xlsx",1.452327530625403,T-shirt
09385 T-Shirt Hvid B/P M Arla Tryk,Alm.slid uden restværdi,1,1551,60,30155C97D461A7C0020B140E,"PLC, Product detaljeret, Aarhus, Okt. 2023.xlsx",1.1775628626692458,T-shirt
09385 T-Shirt Hvid B/P M Arla Tryk,Alm.slid uden restværdi,1,1546,102,30155C97D461A6C00081E0EE,"PLC, Product detaljeret, Aarhus, Okt. 2023.xlsx",2.0083311772315655,T-shirt
09385 T-Shirt Hvid B/P M Arla Tryk,Alm.slid uden restværdi,1,1539,51,30155C97D461A7C000684CAD,"PLC, Product detaljeret, Aarhus, Okt. 2023.xlsx",1.0087329434697856,T-shirt
09385 T-Shirt Hvid B/P M Arla Tryk,Alm.slid uden restværdi,1,1539,54,30155C97D461A7C0007D21B2,"PLC, Product detaljeret, Aarhus, Okt. 2023.xlsx",1.0680701754385964,T-shirt
09385 T-Shirt Hvid B/P M Arla Tryk,Alm.slid uden restværdi,1,1539,71,30155C97D461A7C001CBB736,"PLC, Product detaljeret, Aarhus, Okt. 2023.xlsx",1.404314489928525,T-shirt
09385 T-Shirt Hvid B/P M Arla Tryk,Alm.slid uden restværdi,1,1538,69,30155C97D461A7C00210F071,"PLC, Product detaljeret, Aarhus, Okt. 2023.xlsx",1.3656436931079325,T-shirt
01083 T-Shirt unisex hvid k/æ P/B,Alm.slid uden restværdi,1,1511,107,30155C97D461A7C001F6CB35,"PLC, Product detaljeret, Aarhus, Okt. 2023.xlsx",2.1555790866975513,T-shirt
09385 T-Shirt Hvid B/P M Arla Tryk,Alm.slid uden restværdi,1,1508,50,30155C97D461A7C0020F21DD,"PLC, Product detaljeret, Aarhus, Okt. 2023.xlsx",1.0092838196286473,T-shirt
09385 T-Shirt Hvid B/P M Arla Tryk,Alm.slid uden restværdi,1,1504,64,30155C97D461A7C002122412,"PLC, Product detaljeret, Aarhus, Okt. 2023.xlsx",1.2953191489361702,T-shirt
01083 T-Shirt unisex hvid k/æ P/B,Alm.slid uden restværdi,1,1496,8,30155C97D461A7C0020E8906,"PLC, Product detaljeret, Aarhus, Okt. 2023.xlsx",0.1627807486631016,T-shirt
03850 T-Shirt Hvid Lady K/Æ P/B,Alm.slid uden restværdi,1,1494,37,30155C97D461A7C000E090C5,"PLC, Product detaljeret, Aarhus, Okt. 2023.xlsx",0.7538688085676037,T-shirt
09385 T-Shirt Hvid B/P M Arla Tryk,Alm.slid uden restværdi,1,1485,50,00D00AE3B83A,"PLC, Product detaljeret, Aarhus, Okt. 2023.xlsx",1.024915824915825,T-shirt
09385 T-Shirt Hvid B/P M Arla Tryk,Alm.slid uden restværdi,1,1474,54,30155C97D461A7C002114547,"PLC, Product detaljeret, Aarhus, Okt. 2023.xlsx",1.1151696065128902,T-shirt
03850 T-Shirt Hvid Lady K/Æ P/B,Alm.slid uden restværdi,1,1468,34,30155C97D461A7C000E07B81,"PLC, Product detaljeret, Aarhus, Okt. 2023.xlsx",0.7050136239782017,T-shirt
03850 T-Shirt Hvid Lady K/Æ P/B,Alm.slid uden restværdi,1,1468,54,30155C97D461A7C000E09AAA,"PLC, Product detaljeret, Aarhus, Okt. 2023.xlsx",1.1197275204359673,T-shirt
03850 T-Shirt Hvid Lady K/Æ P/B,Alm.slid uden restværdi,1,1468,24,30155C97D461A7C000E0B56E,"PLC, Product detaljeret, Aarhus, Okt. 2023.xlsx",0.49765667574931877,T-shirt
01083 T-Shirt unisex hvid k/æ P/B,Alm.slid uden restværdi,1,1464,119,30155C97D461A7C00228E24D,"PLC, Product detaljeret, Aarhus, Okt. 2023.xlsx",2.4742896174863387,T-shirt
09385 T-Shirt Hvid B/P M Arla Tryk,Alm.slid uden restværdi,1,1453,72,30155C97D461A7C0021223D2,"PLC, Product detaljeret, Aarhus, Okt. 2023.xlsx",1.5083826565726086,T-shirt
01083 T-Shirt unisex hvid k/æ P/B,Alm.slid uden restværdi,1,1410,147,30155C97D461A7C0022849EA,"PLC, Product detaljeret, Aarhus, Okt. 2023.xlsx",3.173531914893617,T-shirt
09385 T-Shirt Hvid B/P M Arla Tryk,Alm.slid uden restværdi,1,1406,36,00D00B1D4D2A,"PLC, Product detaljeret, Aarhus, Okt. 2023.xlsx",0.7794025604551921,T-shirt
01083 T-Shirt unisex hvid k/æ P/B,Alm.slid uden restværdi,1,1380,59,30155C97D461A7C0020EE23D,"PLC, Product detaljeret, Aarhus, Okt. 2023.xlsx",1.3014202898550724,T-shirt
09385 T-Shirt Hvid B/P M Arla Tryk,Alm.slid uden restværdi,1,1369,65,30155C97D461A7C002122415,"PLC, Product detaljeret, Aarhus, Okt. 2023.xlsx",1.4452885317750184,T-shirt
01083 T-Shirt unisex hvid k/æ P/B,Alm.slid uden restværdi,1,1356,54,30155C97D461A7C00276FEEE,"PLC, Product detaljeret, Aarhus, Okt. 2023.xlsx",1.212212389380531,T-shirt
09385 T-Shirt Hvid B/P M Arla Tryk,Alm.slid uden restværdi,1,1341,67,30155C97D461A7C00167FDA1,"PLC, Product detaljeret, Aarhus, Okt. 2023.xlsx",1.5208650260999255,T-shirt
01083 T-Shirt unisex hvid k/æ P/B,Alm.slid uden restværdi,1,1328,115,30155C97D461A7C00276C053,"PLC, Product detaljeret, Aarhus, Okt. 2023.xlsx",2.6359939759036144,T-shirt
09385 T-Shirt Hvid B/P M Arla Tryk,Alm.slid uden restværdi,1,1326,85,30155C97D461A7C00203E057,"PLC, Product detaljeret, Aarhus, Okt. 2023.xlsx",1.9512820512820512,T-shirt
09385 T-Shirt Hvid B/P M Arla Tryk,Alm.slid uden restværdi,1,1319,61,30155C97D461A7C00203DF6D,"PLC, Product detaljeret, Aarhus, Okt. 2023.xlsx",1.4077634571645186,T-shirt
09385 T-Shirt Hvid B/P M Arla Tryk,Alm.slid uden restværdi,1,1319,59,30155C97D461A7C0020EE39F,"PLC, Product detaljeret, Aarhus, Okt. 2023.xlsx",1.3616072782410917,T-shirt
09385 T-Shirt Hvid B/P M Arla Tryk,Alm.slid uden restværdi,1,1305,71,00D00B1C9A84,"PLC, Product detaljeret, Aarhus, Okt. 2023.xlsx",1.6561226053639846,T-shirt
01083 T-Shirt unisex hvid k/æ P/B,Alm.slid uden restværdi,1,1278,132,30155C97D461A7C0023B91BF,"PLC, Product detaljeret, Aarhus, Okt. 2023.xlsx",3.1440375586854463,T-shirt
09385 T-Shirt Hvid B/P M Arla Tryk,Alm.slid uden restværdi,1,1277,67,30155C97D461A7C00229AF77,"PLC, Product detaljeret, Aarhus, Okt. 2023.xlsx",1.5970869224745496,T-shirt
01083 T-Shirt unisex hvid k/æ P/B,Alm.slid uden restværdi,1,1259,33,30155C97D461A7C0023CB6C2,"PLC, Product detaljeret, Aarhus, Okt. 2023.xlsx",0.7978713264495632,T-shirt
09385 T-Shirt Hvid B/P M Arla Tryk,Alm.slid uden restværdi,1,1247,3,30155C97D461A7C00226869F,"PLC, Product detaljeret, Aarhus, Okt. 2023.xlsx",0.0732317562149158,T-shirt
03850 T-Shirt Hvid Lady K/Æ P/B,Alm.slid uden restværdi,1,1234,11,30155C97D461A7C001D53EC2,"PLC, Product detaljeret, Aarhus, Okt. 2023.xlsx",0.2713452188006483,T-shirt
01083 T-Shirt unisex hvid k/æ P/B,Alm.slid uden restværdi,1,1230,75,30155C97D461A7C0023C6142,"PLC, Product detaljeret, Aarhus, Okt. 2023.xlsx",1.8560975609756099,T-shirt
09385 T-Shirt Hvid B/P M Arla Tryk,Alm.slid uden restværdi,1,1229,50,30155C97D461A7C00229BFE2,"PLC, Product detaljeret, Aarhus, Okt. 2023.xlsx",1.2384052074857608,T-shirt
01083 T-Shirt unisex hvid k/æ P/B,Alm.slid uden restværdi,1,1223,131,30155C97D461A7C00294DAFF,"PLC, Product detaljeret, Aarhus, Okt. 2023.xlsx",3.260539656582175,T-shirt
09385 T-Shirt Hvid B/P M Arla Tryk,Alm.slid uden restværdi,1,1223,104,30155C97D461A7C0020F3CD6,"PLC, Product detaljeret, Aarhus, Okt. 2023.xlsx",2.5885200327064597,T-shirt
01083 T-Shirt unisex hvid k/æ P/B,Alm.slid uden restværdi,1,1201,116,30155C97D461A7C00294DAA7,"PLC, Product detaljeret, Aarhus, Okt. 2023.xlsx",2.940083263946711,T-shirt
"07859 T-Shirt L/Æ, Hvid p/b",Alm.slid uden restværdi,1,1201,69,30155C97D461A7C0024431F1,"PLC, Product detaljeret, Aarhus, Okt. 2023.xlsx",1.7488426311407161,T-shirt
03850 T-Shirt Hvid Lady K/Æ P/B,Alm.slid uden restværdi,1,1198,8,30155C97D461A7C001442CE1,"PLC, Product detaljeret, Aarhus, Okt. 2023.xlsx",0.20327212020033392,T-shirt
01083 T-Shirt unisex hvid k/æ P/B,Alm.slid uden restværdi,1,1196,136,30155C97D461A7C00268DBD8,"PLC, Product detaljeret, Aarhus, Okt. 2023.xlsx",3.4614046822742472,T-shirt
09385 T-Shirt Hvid B/P M Arla Tryk,Alm.slid uden restværdi,1,1192,78,30155C97D461A7C002284B8E,"PLC, Product detaljeret, Aarhus, Okt. 2023.xlsx",1.9918791946308727,T-shirt
09385 T-Shirt Hvid B/P M Arla Tryk,Alm.slid uden restværdi,1,1186,51,00D00B2A21A1,"PLC, Product detaljeret, Aarhus, Okt. 2023.xlsx",1.3089713322091063,T-shirt
09385 T-Shirt Hvid B/P M Arla Tryk,Alm.slid uden restværdi,1,1137,43,30155C97D461A7C001F3F743,"PLC, Product detaljeret, Aarhus, Okt. 2023.xlsx",1.1512049252418646,T-shirt
01083 T-Shirt unisex hvid k/æ P/B,Alm.slid uden restværdi,1,1127,83,30155C97D461A7C0027CAE96,"PLC, Product detaljeret, Aarhus, Okt. 2023.xlsx",2.241810115350488,T-shirt
09385 T-Shirt Hvid B/P M Arla Tryk,Alm.slid uden restværdi,1,1127,27,30155C97D461A7C002753200,"PLC, Product detaljeret, Aarhus, Okt. 2023.xlsx",0.7292635314995564,T-shirt
09385 T-Shirt Hvid B/P M Arla Tryk,Alm.slid uden restværdi,1,1127,84,30155C97D461A7C0027CBF6D,"PLC, Product detaljeret, Aarhus, Okt. 2023.xlsx",2.2688198757763978,T-shirt
01083 T-Shirt unisex hvid k/æ P/B,Alm.slid uden restværdi,1,1126,62,30155C97D461A7C0029151B9,"PLC, Product detaljeret, Aarhus, Okt. 2023.xlsx",1.6760923623445827,T-shirt
01083 T-Shirt unisex hvid k/æ P/B,Alm.slid uden restværdi,1,1123,23,30155C97D461A7C002918A01,"PLC, Product detaljeret, Aarhus, Okt. 2023.xlsx",0.6234372217275156,T-shirt
01083 T-Shirt unisex hvid k/æ P/B,Alm.slid uden restværdi,1,1120,132,30155C97D461A6C0000E907A,"PLC, Product detaljeret, Aarhus, Okt. 2023.xlsx",3.5875714285714286,T-shirt
01083 T-Shirt unisex hvid k/æ P/B,Alm.slid uden restværdi,1,1120,79,30155C97D461A7C0029151E4,"PLC, Product detaljeret, Aarhus, Okt. 2023.xlsx",2.147107142857143,T-shirt
10981 T-shirt prowear dame hvid pb,Alm.slid uden restværdi,1,1119,30,30155C97D461A7C002951ECF,"PLC, Product detaljeret, Aarhus, Okt. 2023.xlsx",0.8160857908847186,T-shirt
09385 T-Shirt Hvid B/P M Arla Tryk,Alm.slid uden restværdi,1,1114,115,30155C97D461A7C0027CB972,"PLC, Product detaljeret, Aarhus, Okt. 2023.xlsx",3.1423698384201075,T-shirt
09385 T-Shirt Hvid B/P M Arla Tryk,Alm.slid uden restværdi,1,1112,65,00D00AE24794,"PLC, Product detaljeret, Aarhus, Okt. 2023.xlsx",1.77931654676259,T-shirt
09385 T-Shirt Hvid B/P M Arla Tryk,Alm.slid uden restværdi,1,1097,111,30155C97D461A7C002911DF7,"PLC, Product detaljeret, Aarhus, Okt. 2023.xlsx",3.0800729261622606,T-shirt
01083 T-Shirt unisex hvid k/æ P/B,Alm.slid uden restværdi,1,1091,17,30155C97D461A6C000356FD9,"PLC, Product detaljeret, Aarhus, Okt. 2023.xlsx",0.47431714023831345,T-shirt
01083 T-Shirt unisex hvid k/æ P/B,Alm.slid uden restværdi,1,1085,56,30155C97D461A6C0000F137A,"PLC, Product detaljeret, Aarhus, Okt. 2023.xlsx",1.5710967741935484,T-shirt
01083 T-Shirt unisex hvid k/æ P/B,Alm.slid uden restværdi,1,1085,88,30155C97D461A7C0029151EB,"PLC, Product detaljeret, Aarhus, Okt. 2023.xlsx",2.468866359447005,T-shirt
01083 T-Shirt unisex hvid k/æ P/B,Alm.slid uden restværdi,1,1070,78,30155C97D461A6C00014560B,"PLC, Product detaljeret, Aarhus, Okt. 2023.xlsx",2.2189906542056077,T-shirt
10981 T-shirt prowear dame hvid pb,Alm.slid uden restværdi,1,1065,21,30155C97D461A7C0029527C8,"PLC, Product detaljeret, Aarhus, Okt. 2023.xlsx",0.6002253521126761,T-shirt
09385 T-Shirt Hvid B/P M Arla Tryk,Alm.slid uden restværdi,1,1058,52,30155C97D461A7C0027CEB80,"PLC, Product detaljeret, Aarhus, Okt. 2023.xlsx",1.4961058601134216,T-shirt
09385 T-Shirt Hvid B/P M Arla Tryk,Alm.slid uden restværdi,1,1053,38,00D00B4E8502,"PLC, Product detaljeret, Aarhus, Okt. 2023.xlsx",1.0984995251661918,T-shirt
09385 T-Shirt Hvid B/P M Arla Tryk,Alm.slid uden restværdi,1,1051,42,30155C97D461A4C001423935,"PLC, Product detaljeret, Aarhus, Okt. 2023.xlsx",1.2164414843006661,T-shirt
01083 T-Shirt unisex hvid k/æ P/B,Alm.slid uden restværdi,1,1047,31,30155C97D461A7C0022FB28A,"PLC, Product detaljeret, Aarhus, Okt. 2023.xlsx",0.9012798471824259,T-shirt
10981 T-shirt prowear dame hvid pb,Alm.slid uden restværdi,1,1042,39,30155C97D461A7C0028C4872,"PLC, Product detaljeret, Aarhus, Okt. 2023.xlsx",1.1393090211132437,T-shirt
10981 T-shirt prowear dame hvid pb,Alm.slid uden restværdi,1,1042,30,30155C97D461A7C0028C4873,"PLC, Product detaljeret, Aarhus, Okt. 2023.xlsx",0.8763915547024953,T-shirt
09385 T-Shirt Hvid B/P M Arla Tryk,Alm.slid uden restværdi,1,1040,20,00D00B4F4A9C,"PLC, Product detaljeret, Aarhus, Okt. 2023.xlsx",0.5853846153846154,T-shirt
09385 T-Shirt Hvid B/P M Arla Tryk,Alm.slid uden restværdi,1,1037,87,30155C97D461A7C00268ABB4,"PLC, Product detaljeret, Aarhus, Okt. 2023.xlsx",2.5537897782063648,T-shirt
09385 T-Shirt Hvid B/P M Arla Tryk,Alm.slid uden restværdi,1,1035,37,00D00B1C2C99,"PLC, Product detaljeret, Aarhus, Okt. 2023.xlsx",1.088193236714976,T-shirt
09385 T-Shirt Hvid B/P M Arla Tryk,Alm.slid uden restværdi,1,1034,100,30155C97D461A6C000171784,"PLC, Product detaljeret, Aarhus, Okt. 2023.xlsx",2.943907156673114,T-shirt
03850 T-Shirt Hvid Lady K/Æ P/B,Alm.slid uden restværdi,1,1033,22,30155C97D461A7C000E0B3BB,"PLC, Product detaljeret, Aarhus, Okt. 2023.xlsx",0.6482865440464666,T-shirt
09385 T-Shirt Hvid B/P M Arla Tryk,Alm.slid uden restværdi,1,1033,35,00D00B1C6F5C,"PLC, Product detaljeret, Aarhus, Okt. 2023.xlsx",1.0313649564375604,T-shirt
09385 T-Shirt Hvid B/P M Arla Tryk,Alm.slid uden restværdi,1,1025,23,00D00B1C73B3,"PLC, Product detaljeret, Aarhus, Okt. 2023.xlsx",0.6830439024390244,T-shirt
09385 T-Shirt Hvid B/P M Arla Tryk,Alm.slid uden restværdi,1,1020,36,00D00B4E83F1,"PLC, Product detaljeret, Aarhus, Okt. 2023.xlsx",1.0743529411764705,T-shirt
09385 T-Shirt Hvid B/P M Arla Tryk,Alm.slid uden restværdi,1,1020,37,00D00B4E926F,"PLC, Product detaljeret, Aarhus, Okt. 2023.xlsx",1.1041960784313727,T-shirt
09385 T-Shirt Hvid B/P M Arla Tryk,Alm.slid uden restværdi,1,1018,102,30155C97D461A6C00012CF78,"PLC, Product detaljeret, Aarhus, Okt. 2023.xlsx",3.0499803536345778,T-shirt
01083 T-Shirt unisex hvid k/æ P/B,Alm.slid uden restværdi,1,1016,21,30155C97D461A6C0000FAE7B,"PLC, Product detaljeret, Aarhus, Okt. 2023.xlsx",0.6291732283464567,T-shirt
09385 T-Shirt Hvid B/P M Arla Tryk,Alm.slid uden restværdi,1,1016,39,00D00B1C5BE4,"PLC, Product detaljeret, Aarhus, Okt. 2023.xlsx",1.168464566929134,T-shirt
09385 T-Shirt Hvid B/P M Arla Tryk,Alm.slid uden restværdi,1,1014,41,00D00B4E8A43,"PLC, Product detaljeret, Aarhus, Okt. 2023.xlsx",1.2308086785009862,T-shirt
09385 T-Shirt Hvid B/P M Arla Tryk,Alm.slid uden restværdi,1,1013,41,30155C97D461A6C0001717A7,"PLC, Product detaljeret, Aarhus, Okt. 2023.xlsx",1.2320236920039487,T-shirt
03850 T-Shirt Hvid Lady K/Æ P/B,Alm.slid uden restværdi,1,1009,34,30155C97D461A7C000E07B96,"PLC, Product detaljeret, Aarhus, Okt. 2023.xlsx",1.0257284440039642,T-shirt
03850 T-Shirt Hvid Lady K/Æ P/B,Alm.slid uden restværdi,1,1009,31,30155C97D461A7C000E0A6E4,"PLC, Product detaljeret, Aarhus, Okt. 2023.xlsx",0.9352229930624381,T-shirt
09385 T-Shirt Hvid B/P M Arla Tryk,Alm.slid uden restværdi,1,1008,30,30155C97D461A4C001422953,"PLC, Product detaljeret, Aarhus, Okt. 2023.xlsx",0.905952380952381,T-shirt
01083 T-Shirt unisex hvid k/æ P/B,Alm.slid uden restværdi,1,1001,127,30155C97D461A6C0000F7B79,"PLC, Product detaljeret, Aarhus, Okt. 2023.xlsx",3.8620179820179823,T-shirt
09385 T-Shirt Hvid B/P M Arla Tryk,Alm.slid uden restværdi,1,999,24,30155C97D461A6C000171767,"PLC, Product detaljeret, Aarhus, Okt. 2023.xlsx",0.7312912912912913,T-shirt
01083 T-Shirt unisex hvid k/æ P/B,Alm.slid uden restværdi,1,995,53,30155C97D461A6C0002F0752,"PLC, Product detaljeret, Aarhus, Okt. 2023.xlsx",1.621427135678392,T-shirt
09385 T-Shirt Hvid B/P M Arla Tryk,Alm.slid uden restværdi,1,992,45,30155C97D461A7C00291205F,"PLC, Product detaljeret, Aarhus, Okt. 2023.xlsx",1.3808467741935484,T-shirt
01083 T-Shirt unisex hvid k/æ P/B,Alm.slid uden restværdi,1,984,90,30155C97D461A6C0000F7BCE,"PLC, Product detaljeret, Aarhus, Okt. 2023.xlsx",2.7841463414634147,T-shirt
09385 T-Shirt Hvid B/P M Arla Tryk,Alm.slid uden restværdi,1,981,44,30155C97D461A7C0027CB9E0,"PLC, Product detaljeret, Aarhus, Okt. 2023.xlsx",1.3653007135575943,T-shirt
09385 T-Shirt Hvid B/P M Arla Tryk,Alm.slid uden restværdi,1,980,47,00D00B4E8097,"PLC, Product detaljeret, Aarhus, Okt. 2023.xlsx",1.4598775510204083,T-shirt
09385 T-Shirt Hvid B/P M Arla Tryk,Alm.slid uden restværdi,1,980,113,30155C97D461A6C000359B54,"PLC, Product detaljeret, Aarhus, Okt. 2023.xlsx",3.509918367346939,T-shirt
01083 T-Shirt unisex hvid k/æ P/B,Alm.slid uden restværdi,1,965,112,30155C97D461A6C00020FAEE,"PLC, Product detaljeret, Aarhus, Okt. 2023.xlsx",3.532932642487047,T-shirt
"07859 T-Shirt L/Æ, Hvid p/b",Alm.slid uden restværdi,1,963,51,30155C97D461A6C0002F2928,"PLC, Product detaljeret, Aarhus, Okt. 2023.xlsx",1.6120872274143303,T-shirt
10981 T-shirt prowear dame hvid pb,Alm.slid uden restværdi,1,963,32,30155C97D461A6C0001B3525,"PLC, Product detaljeret, Aarhus, Okt. 2023.xlsx",1.0115057113187955,T-shirt
10981 T-shirt prowear dame hvid pb,Alm.slid uden restværdi,1,960,57,30155C97D461A6C000307EBE,"PLC, Product detaljeret, Aarhus, Okt. 2023.xlsx",1.807375,T-shirt
10981 T-shirt prowear dame hvid pb,Alm.slid uden restværdi,1,958,56,30155C97D461A6C00030D5B4,"PLC, Product detaljeret, Aarhus, Okt. 2023.xlsx",1.7793736951983299,T-shirt
09385 T-Shirt Hvid B/P M Arla Tryk,Alm.slid uden restværdi,1,956,37,30155C97D461A6C0001423E0,"PLC, Product detaljeret, Aarhus, Okt. 2023.xlsx",1.1781171548117155,T-shirt
09385 T-Shirt Hvid B/P M Arla Tryk,Alm.slid uden restværdi,1,955,48,30155C97D461A6C00012D0BF,"PLC, Product detaljeret, Aarhus, Okt. 2023.xlsx",1.5299685863874346,T-shirt
10981 T-shirt prowear dame hvid pb,Alm.slid uden restværdi,1,945,12,30155C97D461A6C0003A6B09,"PLC, Product detaljeret, Aarhus, Okt. 2023.xlsx",0.38653968253968257,T-shirt
10981 T-shirt prowear dame hvid pb,Alm.slid uden restværdi,1,944,17,30155C97D461A6C0001B88CC,"PLC, Product detaljeret, Aarhus, Okt. 2023.xlsx",0.548177966101695,T-shirt
09385 T-Shirt Hvid B/P M Arla Tryk,Alm.slid uden restværdi,1,938,75,30155C97D461A6C00012D1EF,"PLC, Product detaljeret, Aarhus, Okt. 2023.xlsx",2.433901918976546,T-shirt
09385 T-Shirt Hvid B/P M Arla Tryk,Alm.slid uden restværdi,1,928,45,00D00B4E90E2,"PLC, Product detaljeret, Aarhus, Okt. 2023.xlsx",1.4760775862068967,T-shirt
09385 T-Shirt Hvid B/P M Arla Tryk,Alm.slid uden restværdi,1,927,87,30155C97D461A6C000141FDB,"PLC, Product detaljeret, Aarhus, Okt. 2023.xlsx",2.856828478964401,T-shirt
01083 T-Shirt unisex hvid k/æ P/B,Alm.slid uden restværdi,1,924,104,30155C97D461A6C0002FC9F9,"PLC, Product detaljeret, Aarhus, Okt. 2023.xlsx",3.4261471861471864,T-shirt
01083 T-Shirt unisex hvid k/æ P/B,Alm.slid uden restværdi,1,912,53,30155C97D461A6C000818ABD,"PLC, Product detaljeret, Aarhus, Okt. 2023.xlsx",1.7689912280701756,T-shirt
01083 T-Shirt unisex hvid k/æ P/B,Alm.slid uden restværdi,1,910,48,30155C97D461A6C0002FC921,"PLC, Product detaljeret, Aarhus, Okt. 2023.xlsx",1.6056263736263736,T-shirt
01083 T-Shirt unisex hvid k/æ P/B,Alm.slid uden restværdi,1,910,46,30155C97D461A6C0002FC931,"PLC, Product detaljeret, Aarhus, Okt. 2023.xlsx",1.5387252747252749,T-shirt
01083 T-Shirt unisex hvid k/æ P/B,Alm.slid uden restværdi,1,910,57,30155C97D461A6C0002FC996,"PLC, Product detaljeret, Aarhus, Okt. 2023.xlsx",1.9066813186813187,T-shirt
01083 T-Shirt unisex hvid k/æ P/B,Alm.slid uden restværdi,1,910,49,30155C97D461A6C0002FC9A8,"PLC, Product detaljeret, Aarhus, Okt. 2023.xlsx",1.6390769230769233,T-shirt
01083 T-Shirt unisex hvid k/æ P/B,Alm.slid uden restværdi,1,910,47,30155C97D461A6C0002FC9B6,"PLC, Product detaljeret, Aarhus, Okt. 2023.xlsx",1.5721758241758241,T-shirt
01083 T-Shirt unisex hvid k/æ P/B,Alm.slid uden restværdi,1,910,45,30155C97D461A6C0002FCA11,"PLC, Product detaljeret, Aarhus, Okt. 2023.xlsx",1.5052747252747252,T-shirt
01083 T-Shirt unisex hvid k/æ P/B,Alm.slid uden restværdi,1,909,76,30155C97D461A6C00039E7EE,"PLC, Product detaljeret, Aarhus, Okt. 2023.xlsx",2.5450385038503853,T-shirt
10981 T-shirt prowear dame hvid pb,Alm.slid uden restværdi,1,897,22,30155C97D461A6C00020F6F5,"PLC, Product detaljeret, Aarhus, Okt. 2023.xlsx",0.746577480490524,T-shirt
10981 T-shirt prowear dame hvid pb,Alm.slid uden restværdi,1,897,23,30155C97D461A6C00020F790,"PLC, Product detaljeret, Aarhus, Okt. 2023.xlsx",0.7805128205128206,T-shirt
10981 T-shirt prowear dame hvid pb,Alm.slid uden restværdi,1,897,19,30155C97D461A6C00020F7AE,"PLC, Product detaljeret, Aarhus, Okt. 2023.xlsx",0.6447714604236344,T-shirt
01083 T-Shirt unisex hvid k/æ P/B,Alm.slid uden restværdi,1,885,121,30155C97D461A6C000B01729,"PLC, Product detaljeret, Aarhus, Okt. 2023.xlsx",4.1618531073446325,T-shirt
09385 T-Shirt Hvid B/P M Arla Tryk,Alm.slid uden restværdi,1,885,36,00D00B4EB006,"PLC, Product detaljeret, Aarhus, Okt. 2023.xlsx",1.2382372881355932,T-shirt
01083 T-Shirt unisex hvid k/æ P/B,Alm.slid uden restværdi,1,880,46,30155C97D461A6C0001B38E7,"PLC, Product detaljeret, Aarhus, Okt. 2023.xlsx",1.5911818181818183,T-shirt
09385 T-Shirt Hvid B/P M Arla Tryk,Alm.slid uden restværdi,1,879,35,30155C97D461A6C00014237C,"PLC, Product detaljeret, Aarhus, Okt. 2023.xlsx",1.2120591581342435,T-shirt
01083 T-Shirt unisex hvid k/æ P/B,Alm.slid uden restværdi,1,873,91,30155C97D461A6C00081A426,"PLC, Product detaljeret, Aarhus, Okt. 2023.xlsx",3.1730126002290953,T-shirt
01083 T-Shirt unisex hvid k/æ P/B,Alm.slid uden restværdi,1,871,35,30155C97D461A6C000304C8E,"PLC, Product detaljeret, Aarhus, Okt. 2023.xlsx",1.223191733639495,T-shirt
01083 T-Shirt unisex hvid k/æ P/B,Alm.slid uden restværdi,1,871,98,30155C97D461A6C000B00065,"PLC, Product detaljeret, Aarhus, Okt. 2023.xlsx",3.424936854190586,T-shirt
01083 T-Shirt unisex hvid k/æ P/B,Alm.slid uden restværdi,1,865,106,30155C97D461A6C000B86209,"PLC, Product detaljeret, Aarhus, Okt. 2023.xlsx",3.7302196531791907,T-shirt
09385 T-Shirt Hvid B/P M Arla Tryk,Alm.slid uden restværdi,1,865,36,30155C97D461A6C00012B0AA,"PLC, Product detaljeret, Aarhus, Okt. 2023.xlsx",1.2668670520231213,T-shirt
01083 T-Shirt unisex hvid k/æ P/B,Alm.slid uden restværdi,1,856,59,30155C97D461A6C0008E0BAE,"PLC, Product detaljeret, Aarhus, Okt. 2023.xlsx",2.0980841121495324,T-shirt
01083 T-Shirt unisex hvid k/æ P/B,Alm.slid uden restværdi,1,856,56,30155C97D461A6C0008E0BE3,"PLC, Product detaljeret, Aarhus, Okt. 2023.xlsx",1.9914018691588784,T-shirt
01083 T-Shirt unisex hvid k/æ P/B,Alm.slid uden restværdi,1,851,63,30155C97D461A7C0022A2BE4,"PLC, Product detaljeret, Aarhus, Okt. 2023.xlsx",2.2534900117508814,T-shirt
09385 T-Shirt Hvid B/P M Arla Tryk,Alm.slid uden restværdi,1,848,31,30155C97D461A6C0001703FD,"PLC, Product detaljeret, Aarhus, Okt. 2023.xlsx",1.1127830188679246,T-shirt
01083 T-Shirt unisex hvid k/æ P/B,Alm.slid uden restværdi,1,847,57,30155C97D461A6C0008E0BC9,"PLC, Product detaljeret, Aarhus, Okt. 2023.xlsx",2.0485005903187723,T-shirt
01083 T-Shirt unisex hvid k/æ P/B,Alm.slid uden restværdi,1,845,49,30155C97D461A6C0008C1CA3,"PLC, Product detaljeret, Aarhus, Okt. 2023.xlsx",1.7651597633136096,T-shirt
01083 T-Shirt unisex hvid k/æ P/B,Alm.slid uden restværdi,1,845,55,30155C97D461A6C0008E0BCE,"PLC, Product detaljeret, Aarhus, Okt. 2023.xlsx",1.9813017751479292,T-shirt
01083 T-Shirt unisex hvid k/æ P/B,Alm.slid uden restværdi,1,845,61,30155C97D461A6C0008E0BE0,"PLC, Product detaljeret, Aarhus, Okt. 2023.xlsx",2.197443786982249,T-shirt
01083 T-Shirt unisex hvid k/æ P/B,Alm.slid uden restværdi,1,845,47,30155C97D461A6C0008E0BE1,"PLC, Product detaljeret, Aarhus, Okt. 2023.xlsx",1.693112426035503,T-shirt
01083 T-Shirt unisex hvid k/æ P/B,Alm.slid uden restværdi,1,845,59,30155C97D461A6C0008E0C02,"PLC, Product detaljeret, Aarhus, Okt. 2023.xlsx",2.125396449704142,T-shirt
01083 T-Shirt unisex hvid k/æ P/B,Alm.slid uden restværdi,1,845,58,30155C97D461A6C0008E0D0A,"PLC, Product detaljeret, Aarhus, Okt. 2023.xlsx",2.0893727810650886,T-shirt
01083 T-Shirt unisex hvid k/æ P/B,Alm.slid uden restværdi,1,845,57,30155C97D461A6C0008E0D45,"PLC, Product detaljeret, Aarhus, Okt. 2023.xlsx",2.053349112426036,T-shirt
09385 T-Shirt Hvid B/P M Arla Tryk,Alm.slid uden restværdi,1,845,35,30155C97D461A4C001422906,"PLC, Product detaljeret, Aarhus, Okt. 2023.xlsx",1.260828402366864,T-shirt
"07859 T-Shirt L/Æ, Hvid p/b",Alm.slid uden restværdi,1,840,4,30155C97D461A6C000B0739C,"PLC, Product detaljeret, Aarhus, Okt. 2023.xlsx",0.14495238095238097,T-shirt
09385 T-Shirt Hvid B/P M Arla Tryk,Alm.slid uden restværdi,1,837,42,00D00B4E8A9C,"PLC, Product detaljeret, Aarhus, Okt. 2023.xlsx",1.5274551971326167,T-shirt
01083 T-Shirt unisex hvid k/æ P/B,Alm.slid uden restværdi,1,836,22,30155C97D461A6C0008C3842,"PLC, Product detaljeret, Aarhus, Okt. 2023.xlsx",0.8010526315789473,T-shirt
01083 T-Shirt unisex hvid k/æ P/B,Alm.slid uden restværdi,1,830,16,30155C97D461A6C0001B39C1,"PLC, Product detaljeret, Aarhus, Okt. 2023.xlsx",0.5867951807228916,T-shirt
09385 T-Shirt Hvid B/P M Arla Tryk,Alm.slid uden restværdi,1,830,31,30155C97D461A7C0020F2101,"PLC, Product detaljeret, Aarhus, Okt. 2023.xlsx",1.1369156626506025,T-shirt
09385 T-Shirt Hvid B/P M Arla Tryk,Alm.slid uden restværdi,1,824,52,30155C97D461A6C00012CFCC,"PLC, Product detaljeret, Aarhus, Okt. 2023.xlsx",1.9209708737864077,T-shirt
01083 T-Shirt unisex hvid k/æ P/B,Alm.slid uden restværdi,1,811,45,30155C97D461A6C00083C4E7,"PLC, Product detaljeret, Aarhus, Okt. 2023.xlsx",1.6890258939580765,T-shirt
01083 T-Shirt unisex hvid k/æ P/B,Alm.slid uden restværdi,1,811,53,30155C97D461A6C00083C503,"PLC, Product detaljeret, Aarhus, Okt. 2023.xlsx",1.9892971639950678,T-shirt
01083 T-Shirt unisex hvid k/æ P/B,Alm.slid uden restværdi,1,811,50,30155C97D461A6C00083C529,"PLC, Product detaljeret, Aarhus, Okt. 2023.xlsx",1.8766954377311962,T-shirt
01083 T-Shirt unisex hvid k/æ P/B,Alm.slid uden restværdi,1,811,44,30155C97D461A6C00083C538,"PLC, Product detaljeret, Aarhus, Okt. 2023.xlsx",1.6514919852034524,T-shirt
01083 T-Shirt unisex hvid k/æ P/B,Alm.slid uden restværdi,1,811,27,30155C97D461A6C00083C554,"PLC, Product detaljeret, Aarhus, Okt. 2023.xlsx",1.013415536374846,T-shirt
01083 T-Shirt unisex hvid k/æ P/B,Alm.slid uden restværdi,1,811,38,30155C97D461A6C00083C61E,"PLC, Product detaljeret, Aarhus, Okt. 2023.xlsx",1.426288532675709,T-shirt
01083 T-Shirt unisex hvid k/æ P/B,Alm.slid uden restværdi,1,807,52,30155C97D461A6C0008D5212,"PLC, Product detaljeret, Aarhus, Okt. 2023.xlsx",1.961437422552664,T-shirt
01083 T-Shirt unisex hvid k/æ P/B,Alm.slid uden restværdi,1,807,49,30155C97D461A6C0008D5228,"PLC, Product detaljeret, Aarhus, Okt. 2023.xlsx",1.848277571251549,T-shirt
01083 T-Shirt unisex hvid k/æ P/B,Alm.slid uden restværdi,1,807,55,30155C97D461A6C0008D5315,"PLC, Product detaljeret, Aarhus, Okt. 2023.xlsx",2.07459727385378,T-shirt
01083 T-Shirt unisex hvid k/æ P/B,Alm.slid uden restværdi,1,802,40,30155C97D461A6C000B12F2E,"PLC, Product detaljeret, Aarhus, Okt. 2023.xlsx",1.518204488778055,T-shirt
01083 T-Shirt unisex hvid k/æ P/B,Alm.slid uden restværdi,1,791,81,30155C97D461A6C000B9F078,"PLC, Product detaljeret, Aarhus, Okt. 2023.xlsx",3.117117572692794,T-shirt
09385 T-Shirt Hvid B/P M Arla Tryk,Alm.slid uden restværdi,1,784,34,00D00B4E7DD2,"PLC, Product detaljeret, Aarhus, Okt. 2023.xlsx",1.3201020408163266,T-shirt
01083 T-Shirt unisex hvid k/æ P/B,Alm.slid uden restværdi,1,783,51,30155C97D461A6C000B1929F,"PLC, Product detaljeret, Aarhus, Okt. 2023.xlsx",1.9826819923371646,T-shirt
10981 T-shirt prowear dame hvid pb,Alm.slid uden restværdi,1,783,34,30155C97D461A6C000BA4106,"PLC, Product detaljeret, Aarhus, Okt. 2023.xlsx",1.3217879948914433,T-shirt
10981 T-shirt prowear dame hvid pb,Alm.slid uden restværdi,1,783,30,30155C97D461A6C000BA410D,"PLC, Product detaljeret, Aarhus, Okt. 2023.xlsx",1.1662835249042145,T-shirt
01083 T-Shirt unisex hvid k/æ P/B,Alm.slid uden restværdi,1,782,61,30155C97D461A6C000B9F4F1,"PLC, Product detaljeret, Aarhus, Okt. 2023.xlsx",2.374475703324808,T-shirt
01083 T-Shirt unisex hvid k/æ P/B,Alm.slid uden restværdi,1,777,23,30155C97D461A6C0008BF241,"PLC, Product detaljeret, Aarhus, Okt. 2023.xlsx",0.9010553410553411,T-shirt
01083 T-Shirt unisex hvid k/æ P/B,Alm.slid uden restværdi,1,777,8,30155C97D461A6C0008BF2AB,"PLC, Product detaljeret, Aarhus, Okt. 2023.xlsx",0.3134105534105534,T-shirt
10981 T-shirt prowear dame hvid pb,Alm.slid uden restværdi,1,767,4,30155C97D461A6C000BA2EFD,"PLC, Product detaljeret, Aarhus, Okt. 2023.xlsx",0.15874837027379401,T-shirt
01083 T-Shirt unisex hvid k/æ P/B,Alm.slid uden restværdi,1,763,19,30155C97D461A6C0008BF20B,"PLC, Product detaljeret, Aarhus, Okt. 2023.xlsx",0.7580078636959371,T-shirt
01083 T-Shirt unisex hvid k/æ P/B,Alm.slid uden restværdi,1,763,21,30155C97D461A6C0008BF234,"PLC, Product detaljeret, Aarhus, Okt. 2023.xlsx",0.8377981651376147,T-shirt
01083 T-Shirt unisex hvid k/æ P/B,Alm.slid uden restværdi,1,763,18,30155C97D461A6C0008BF245,"PLC, Product detaljeret, Aarhus, Okt. 2023.xlsx",0.7181127129750983,T-shirt
01083 T-Shirt unisex hvid k/æ P/B,Alm.slid uden restværdi,1,763,16,30155C97D461A6C0008BF257,"PLC, Product detaljeret, Aarhus, Okt. 2023.xlsx",0.6383224115334207,T-shirt
01083 T-Shirt unisex hvid k/æ P/B,Alm.slid uden restværdi,1,763,32,30155C97D461A6C0008BF280,"PLC, Product detaljeret, Aarhus, Okt. 2023.xlsx",1.2766448230668415,T-shirt
01083 T-Shirt unisex hvid k/æ P/B,Alm.slid uden restværdi,1,762,62,30155C97D461A6C000BA4085,"PLC, Product detaljeret, Aarhus, Okt. 2023.xlsx",2.476745406824147,T-shirt
01083 T-Shirt unisex hvid k/æ P/B,Alm.slid uden restværdi,1,758,10,30155C97D461A6C000B9F49D,"PLC, Product detaljeret, Aarhus, Okt. 2023.xlsx",0.4015831134564644,T-shirt
01083 T-Shirt unisex hvid k/æ P/B,Alm.slid uden restværdi,1,756,57,30155C97D461A6C000BA4126,"PLC, Product detaljeret, Aarhus, Okt. 2023.xlsx",2.295079365079365,T-shirt
03850 T-Shirt Hvid Lady K/Æ P/B,Alm.slid uden restværdi,1,756,26,30155C97D461A7C000E08849,"PLC, Product detaljeret, Aarhus, Okt. 2023.xlsx",1.046878306878307,T-shirt
01083 T-Shirt unisex hvid k/æ P/B,Alm.slid uden restværdi,1,749,53,30155C97D461A6C0009E6B8F,"PLC, Product detaljeret, Aarhus, Okt. 2023.xlsx",2.1539652870493993,T-shirt
10981 T-shirt prowear dame hvid pb,Alm.slid uden restværdi,1,748,14,30155C97D461A6C00157E505,"PLC, Product detaljeret, Aarhus, Okt. 2023.xlsx",0.5697326203208556,T-shirt
10981 T-shirt prowear dame hvid pb,Alm.slid uden restværdi,1,748,17,30155C97D461A6C00157E543,"PLC, Product detaljeret, Aarhus, Okt. 2023.xlsx",0.6918181818181819,T-shirt
01083 T-Shirt unisex hvid k/æ P/B,Alm.slid uden restværdi,1,742,66,30155C97D461A6C000BA412B,"PLC, Product detaljeret, Aarhus, Okt. 2023.xlsx",2.707601078167116,T-shirt
01083 T-Shirt unisex hvid k/æ P/B,Alm.slid uden restværdi,1,742,56,30155C97D461A6C000BA41FB,"PLC, Product detaljeret, Aarhus, Okt. 2023.xlsx",2.2973584905660376,T-shirt
01083 T-Shirt unisex hvid k/æ P/B,Alm.slid uden restværdi,1,742,65,30155C97D461A6C000BA4255,"PLC, Product detaljeret, Aarhus, Okt. 2023.xlsx",2.666576819407008,T-shirt
01083 T-Shirt unisex hvid k/æ P/B,Alm.slid uden restværdi,1,740,11,30155C97D461A6C0012B7441,"PLC, Product detaljeret, Aarhus, Okt. 2023.xlsx",0.45248648648648654,T-shirt
01083 T-Shirt unisex hvid k/æ P/B,Alm.slid uden restværdi,1,738,53,30155C97D461A6C0009E6BB3,"PLC, Product detaljeret, Aarhus, Okt. 2023.xlsx",2.1860704607046073,T-shirt
01083 T-Shirt unisex hvid k/æ P/B,Alm.slid uden restværdi,1,736,80,30155C97D461A6C0015B9828,"PLC, Product detaljeret, Aarhus, Okt. 2023.xlsx",3.3086956521739133,T-shirt
09385 T-Shirt Hvid B/P M Arla Tryk,Alm.slid uden restværdi,1,735,34,30155C97D461A6C000B0CDDD,"PLC, Product detaljeret, Aarhus, Okt. 2023.xlsx",1.408108843537415,T-shirt
01083 T-Shirt unisex hvid k/æ P/B,Alm.slid uden restværdi,1,734,92,00D00B29F3DF,"PLC, Product detaljeret, Aarhus, Okt. 2023.xlsx",3.815367847411444,T-shirt
01083 T-Shirt unisex hvid k/æ P/B,Alm.slid uden restværdi,1,734,71,00D00B29FFB6,"PLC, Product detaljeret, Aarhus, Okt. 2023.xlsx",2.9444686648501364,T-shirt
10981 T-shirt prowear dame hvid pb,Alm.slid uden restværdi,1,728,35,30155C97D461A6C0008BF1D8,"PLC, Product detaljeret, Aarhus, Okt. 2023.xlsx",1.4634615384615386,T-shirt
10981 T-shirt prowear dame hvid pb,Alm.slid uden restværdi,1,722,29,30155C97D461A6C00072083D,"PLC, Product detaljeret, Aarhus, Okt. 2023.xlsx",1.2226592797783933,T-shirt
10981 T-shirt prowear dame hvid pb,Alm.slid uden restværdi,1,722,29,30155C97D461A6C000720BBD,"PLC, Product detaljeret, Aarhus, Okt. 2023.xlsx",1.2226592797783933,T-shirt
09385 T-Shirt Hvid B/P M Arla Tryk,Alm.slid uden restværdi,1,719,38,00D00B4E724C,"PLC, Product detaljeret, Aarhus, Okt. 2023.xlsx",1.6087899860917942,T-shirt
09385 T-Shirt Hvid B/P M Arla Tryk,Alm.slid uden restværdi,1,715,25,30155C97D461A6C00080B71B,"PLC, Product detaljeret, Aarhus, Okt. 2023.xlsx",1.0643356643356645,T-shirt
01083 T-Shirt unisex hvid k/æ P/B,Alm.slid uden restværdi,1,710,49,30155C97D461A6C0015B8BD9,"PLC, Product detaljeret, Aarhus, Okt. 2023.xlsx",2.1007887323943666,T-shirt
01083 T-Shirt unisex hvid k/æ P/B,Alm.slid uden restværdi,1,705,15,30155C97D461A6C0008BF80D,"PLC, Product detaljeret, Aarhus, Okt. 2023.xlsx",0.6476595744680851,T-shirt
01083 T-Shirt unisex hvid k/æ P/B,Alm.slid uden restværdi,1,702,80,30155C97D461A6C0012E9FCA,"PLC, Product detaljeret, Aarhus, Okt. 2023.xlsx",3.468945868945869,T-shirt
09385 T-Shirt Hvid B/P M Arla Tryk,Alm.slid uden restværdi,1,698,26,30155C97D461A6C000E2078E,"PLC, Product detaljeret, Aarhus, Okt. 2023.xlsx",1.133868194842407,T-shirt
01083 T-Shirt unisex hvid k/æ P/B,Alm.slid uden restværdi,1,697,36,30155C97D461A6C00130140A,"PLC, Product detaljeret, Aarhus, Okt. 2023.xlsx",1.5722238163558107,T-shirt
09385 T-Shirt Hvid B/P M Arla Tryk,Alm.slid uden restværdi,1,688,57,30155C97D461A6C001932411,"PLC, Product detaljeret, Aarhus, Okt. 2023.xlsx",2.521918604651163,T-shirt
01083 T-Shirt unisex hvid k/æ P/B,Alm.slid uden restværdi,1,687,20,30155C97D461A6C0012FCF41,"PLC, Product detaljeret, Aarhus, Okt. 2023.xlsx",0.8861717612809316,T-shirt
10981 T-shirt prowear dame hvid pb,Alm.slid uden restværdi,1,685,32,30155C97D461A6C0015B3429,"PLC, Product detaljeret, Aarhus, Okt. 2023.xlsx",1.422014598540146,T-shirt
01083 T-Shirt unisex hvid k/æ P/B,Alm.slid uden restværdi,1,680,72,30155C97D461A6C000BACF6D,"PLC, Product detaljeret, Aarhus, Okt. 2023.xlsx",3.2230588235294118,T-shirt
01083 T-Shirt unisex hvid k/æ P/B,Alm.slid uden restværdi,1,671,51,30155C97D461A6C00105D5C3,"PLC, Product detaljeret, Aarhus, Okt. 2023.xlsx",2.3136214605067065,T-shirt
10981 T-shirt prowear dame hvid pb,Alm.slid uden restværdi,1,664,28,30155C97D461A6C0012FB7CB,"PLC, Product detaljeret, Aarhus, Okt. 2023.xlsx",1.2836144578313253,T-shirt
01083 T-Shirt unisex hvid k/æ P/B,Alm.slid uden restværdi,1,654,22,30155C97D461A6C0015C32BD,"PLC, Product detaljeret, Aarhus, Okt. 2023.xlsx",1.0239755351681956,T-shirt
01083 T-Shirt unisex hvid k/æ P/B,Alm.slid uden restværdi,1,649,29,30155C97D461A6C0015C32D7,"PLC, Product detaljeret, Aarhus, Okt. 2023.xlsx",1.3601848998459167,T-shirt
09385 T-Shirt Hvid B/P M Arla Tryk,Alm.slid uden restværdi,1,644,8,30155C97D461A6C000BA5115,"PLC, Product detaljeret, Aarhus, Okt. 2023.xlsx",0.3781366459627329,T-shirt
01083 T-Shirt unisex hvid k/æ P/B,Alm.slid uden restværdi,1,641,46,30155C97D461A6C00091051C,"PLC, Product detaljeret, Aarhus, Okt. 2023.xlsx",2.184461778471139,T-shirt
01083 T-Shirt unisex hvid k/æ P/B,Alm.slid uden restværdi,1,641,54,30155C97D461A6C00091052E,"PLC, Product detaljeret, Aarhus, Okt. 2023.xlsx",2.5643681747269893,T-shirt
01083 T-Shirt unisex hvid k/æ P/B,Alm.slid uden restværdi,1,639,25,30155C97D461A6C0012FCDD8,"PLC, Product detaljeret, Aarhus, Okt. 2023.xlsx",1.1909233176838812,T-shirt
01083 T-Shirt unisex hvid k/æ P/B,Alm.slid uden restværdi,1,639,38,30155C97D461A6C0012FCE6B,"PLC, Product detaljeret, Aarhus, Okt. 2023.xlsx",1.8102034428794993,T-shirt
01083 T-Shirt unisex hvid k/æ P/B,Alm.slid uden restværdi,1,639,29,30155C97D461A6C0012FCEB5,"PLC, Product detaljeret, Aarhus, Okt. 2023.xlsx",1.3814710485133022,T-shirt
10981 T-shirt prowear dame hvid pb,Alm.slid uden restværdi,1,639,25,30155C97D461A6C00105D602,"PLC, Product detaljeret, Aarhus, Okt. 2023.xlsx",1.1909233176838812,T-shirt
01083 T-Shirt unisex hvid k/æ P/B,Alm.slid uden restværdi,1,636,21,30155C97D461A6C0012FCEBE,"PLC, Product detaljeret, Aarhus, Okt. 2023.xlsx",1.0050943396226415,T-shirt
10981 T-shirt prowear dame hvid pb,Alm.slid uden restværdi,1,636,16,30155C97D461A6C00105D2F2,"PLC, Product detaljeret, Aarhus, Okt. 2023.xlsx",0.7657861635220127,T-shirt
10981 T-shirt prowear dame hvid pb,Alm.slid uden restværdi,1,636,30,30155C97D461A6C00105D42A,"PLC, Product detaljeret, Aarhus, Okt. 2023.xlsx",1.4358490566037738,T-shirt
01083 T-Shirt unisex hvid k/æ P/B,Alm.slid uden restværdi,1,635,61,30155C97D461A6C0012DD500,"PLC, Product detaljeret, Aarhus, Okt. 2023.xlsx",2.924157480314961,T-shirt
10981 T-shirt prowear dame hvid pb,Alm.slid uden restværdi,1,633,24,30155C97D461A6C0012FB7C8,"PLC, Product detaljeret, Aarhus, Okt. 2023.xlsx",1.1541232227488154,T-shirt
"07859 T-Shirt L/Æ, Hvid p/b",Alm.slid uden restværdi,1,632,34,30155C97D461A6C0009105A9,"PLC, Product detaljeret, Aarhus, Okt. 2023.xlsx",1.637594936708861,T-shirt
10981 T-shirt prowear dame hvid pb,Alm.slid uden restværdi,1,628,29,30155C97D461A6C00105D2D1,"PLC, Product detaljeret, Aarhus, Okt. 2023.xlsx",1.405668789808917,T-shirt
09385 T-Shirt Hvid B/P M Arla Tryk,Alm.slid uden restværdi,1,625,14,00D00B4E731A,"PLC, Product detaljeret, Aarhus, Okt. 2023.xlsx",0.681856,T-shirt
09385 T-Shirt Hvid B/P M Arla Tryk,Alm.slid uden restværdi,1,623,22,00D00B4E7D91,"PLC, Product detaljeret, Aarhus, Okt. 2023.xlsx",1.0749277688603531,T-shirt
10981 T-shirt prowear dame hvid pb,Alm.slid uden restværdi,1,617,7,30155C97D461A6C0015B3457,"PLC, Product detaljeret, Aarhus, Okt. 2023.xlsx",0.3453484602917342,T-shirt
09385 T-Shirt Hvid B/P M Arla Tryk,Alm.slid uden restværdi,1,616,30,30155C97D461A6C0012F874B,"PLC, Product detaljeret, Aarhus, Okt. 2023.xlsx",1.4824675324675327,T-shirt
01083 T-Shirt unisex hvid k/æ P/B,Alm.slid uden restværdi,1,613,37,30155C97D461A6C000E2E7CA,"PLC, Product detaljeret, Aarhus, Okt. 2023.xlsx",1.8373246329526918,T-shirt
10981 T-shirt prowear dame hvid pb,Alm.slid uden restværdi,1,602,23,30155C97D461A6C00105D2EF,"PLC, Product detaljeret, Aarhus, Okt. 2023.xlsx",1.1629900332225915,T-shirt
01083 T-Shirt unisex hvid k/æ P/B,Alm.slid uden restværdi,1,601,31,30155C97D461A6C0012DD698,"PLC, Product detaljeret, Aarhus, Okt. 2023.xlsx",1.5701164725457573,T-shirt
01083 T-Shirt unisex hvid k/æ P/B,Alm.slid uden restværdi,1,601,36,30155C97D461A6C0012DD6DE,"PLC, Product detaljeret, Aarhus, Okt. 2023.xlsx",1.823361064891847,T-shirt
01083 T-Shirt unisex hvid k/æ P/B,Alm.slid uden restværdi,1,601,44,30155C97D461A6C0012DD7AC,"PLC, Product detaljeret, Aarhus, Okt. 2023.xlsx",2.228552412645591,T-shirt
01083 T-Shirt unisex hvid k/æ P/B,Alm.slid uden restværdi,1,595,54,30155C97D461A6C0012FF5BE,"PLC, Product detaljeret, Aarhus, Okt. 2023.xlsx",2.762621848739496,T-shirt
10981 T-shirt prowear dame hvid pb,Alm.slid uden restværdi,1,576,33,30155C97D461A6C00090FB7E,"PLC, Product detaljeret, Aarhus, Okt. 2023.xlsx",1.7439583333333333,T-shirt
10981 T-shirt prowear dame hvid pb,Alm.slid uden restværdi,1,576,27,30155C97D461A6C000910715,"PLC, Product detaljeret, Aarhus, Okt. 2023.xlsx",1.4268750000000001,T-shirt
10981 T-shirt prowear dame hvid pb,Alm.slid uden restværdi,1,565,32,30155C97D461A6C0006388AF,"PLC, Product detaljeret, Aarhus, Okt. 2023.xlsx",1.7240353982300884,T-shirt
10981 T-shirt prowear dame hvid pb,Alm.slid uden restværdi,1,561,24,30155C97D461A6C0008D2446,"PLC, Product detaljeret, Aarhus, Okt. 2023.xlsx",1.3022459893048128,T-shirt
10981 T-shirt prowear dame hvid pb,Alm.slid uden restværdi,1,558,28,30155C97D461A6C000638821,"PLC, Product detaljeret, Aarhus, Okt. 2023.xlsx",1.5274551971326167,T-shirt
10981 T-shirt prowear dame hvid pb,Alm.slid uden restværdi,1,554,12,30155C97D461A6C0006387D6,"PLC, Product detaljeret, Aarhus, Okt. 2023.xlsx",0.6593501805054152,T-shirt
10981 T-shirt prowear dame hvid pb,Alm.slid uden restværdi,1,553,2,30155C97D461A6C0008D2476,"PLC, Product detaljeret, Aarhus, Okt. 2023.xlsx",0.11009041591320072,T-shirt
10981 T-shirt prowear dame hvid pb,Alm.slid uden restværdi,1,553,2,30155C97D461A6C0008D24CF,"PLC, Product detaljeret, Aarhus, Okt. 2023.xlsx",0.11009041591320072,T-shirt
09385 T-Shirt Hvid B/P M Arla Tryk,Alm.slid uden restværdi,1,550,22,30155C97D461A6C0012EB59D,"PLC, Product detaljeret, Aarhus, Okt. 2023.xlsx",1.2176,T-shirt
10981 T-shirt prowear dame hvid pb,Alm.slid uden restværdi,1,550,2,30155C97D461A6C00090B42A,"PLC, Product detaljeret, Aarhus, Okt. 2023.xlsx",0.11069090909090909,T-shirt
01083 T-Shirt unisex hvid k/æ P/B,Alm.slid uden restværdi,1,547,22,30155C97D461A6C000BA13E3,"PLC, Product detaljeret, Aarhus, Okt. 2023.xlsx",1.224277879341865,T-shirt
10981 T-shirt prowear dame hvid pb,Alm.slid uden restværdi,1,546,3,30155C97D461A6C00090B3A0,"PLC, Product detaljeret, Aarhus, Okt. 2023.xlsx",0.16725274725274727,T-shirt
10981 T-shirt prowear dame hvid pb,Alm.slid uden restværdi,1,542,26,30155C97D461A6C0008D18A1,"PLC, Product detaljeret, Aarhus, Okt. 2023.xlsx",1.4602214022140223,T-shirt
09385 T-Shirt Hvid B/P M Arla Tryk,Alm.slid uden restværdi,1,541,47,30155C97D461A6C00081E2AF,"PLC, Product detaljeret, Aarhus, Okt. 2023.xlsx",2.6445101663585953,T-shirt
10981 T-shirt prowear dame hvid pb,Alm.slid uden restværdi,1,541,2,30155C97D461A6C00090B3B7,"PLC, Product detaljeret, Aarhus, Okt. 2023.xlsx",0.11253234750462107,T-shirt
10981 T-shirt prowear dame hvid pb,Alm.slid uden restværdi,1,541,3,30155C97D461A6C00090B404,"PLC, Product detaljeret, Aarhus, Okt. 2023.xlsx",0.16879852125693162,T-shirt
10981 T-shirt prowear dame hvid pb,Alm.slid uden restværdi,1,539,3,30155C97D461A6C00090B3A8,"PLC, Product detaljeret, Aarhus, Okt. 2023.xlsx",0.16942486085343228,T-shirt
01083 T-Shirt unisex hvid k/æ P/B,Alm.slid uden restværdi,1,538,27,30155C97D461A6C0008D19F5,"PLC, Product detaljeret, Aarhus, Okt. 2023.xlsx",1.527657992565056,T-shirt
01083 T-Shirt unisex hvid k/æ P/B,Alm.slid uden restværdi,1,530,43,30155C97D461A6C0015B5EC0,"PLC, Product detaljeret, Aarhus, Okt. 2023.xlsx",2.4696603773584904,T-shirt
10981 T-shirt prowear dame hvid pb,Alm.slid uden restværdi,1,530,19,30155C97D461A6C000640540,"PLC, Product detaljeret, Aarhus, Okt. 2023.xlsx",1.091245283018868,T-shirt
01083 T-Shirt unisex hvid k/æ P/B,Alm.slid uden restværdi,1,529,33,30155C97D461A6C00090A8CD,"PLC, Product detaljeret, Aarhus, Okt. 2023.xlsx",1.8989035916824197,T-shirt
09385 T-Shirt Hvid B/P M Arla Tryk,Alm.slid uden restværdi,1,525,28,30155C97D461A6C000B05E5E,"PLC, Product detaljeret, Aarhus, Okt. 2023.xlsx",1.6234666666666668,T-shirt
01083 T-Shirt unisex hvid k/æ P/B,Alm.slid uden restværdi,1,524,41,30155C97D461A6C000CD5548,"PLC, Product detaljeret, Aarhus, Okt. 2023.xlsx",2.38175572519084,T-shirt
10981 T-shirt prowear dame hvid pb,Alm.slid uden restværdi,1,523,18,30155C97D461A6C00090A8FF,"PLC, Product detaljeret, Aarhus, Okt. 2023.xlsx",1.0476481835564053,T-shirt
01083 T-Shirt unisex hvid k/æ P/B,Alm.slid uden restværdi,1,518,40,30155C97D461A6C00063FE2E,"PLC, Product detaljeret, Aarhus, Okt. 2023.xlsx",2.3505791505791507,T-shirt
01083 T-Shirt unisex hvid k/æ P/B,Alm.slid uden restværdi,1,517,30,30155C97D461A4C000653884,"PLC, Product detaljeret, Aarhus, Okt. 2023.xlsx",1.7663442940038685,T-shirt
10981 T-shirt prowear dame hvid pb,Alm.slid uden restværdi,1,514,4,30155C97D461A6C000B1BE7D,"PLC, Product detaljeret, Aarhus, Okt. 2023.xlsx",0.23688715953307393,T-shirt
10981 T-shirt prowear dame hvid pb,Alm.slid uden restværdi,1,504,4,30155C97D461A4C0009397BB,"PLC, Product detaljeret, Aarhus, Okt. 2023.xlsx",0.24158730158730157,T-shirt
01083 T-Shirt unisex hvid k/æ P/B,Alm.slid uden restværdi,1,497,2,30155C97D461A6C0015B5F11,"PLC, Product detaljeret, Aarhus, Okt. 2023.xlsx",0.1224949698189135,T-shirt
10981 T-shirt prowear dame hvid pb,Alm.slid uden restværdi,1,492,4,30155C97D461A4C0009398E9,"PLC, Product detaljeret, Aarhus, Okt. 2023.xlsx",0.247479674796748,T-shirt
01083 T-Shirt unisex hvid k/æ P/B,Alm.slid uden restværdi,1,491,20,30155C97D461A6C001624A63,"PLC, Product detaljeret, Aarhus, Okt. 2023.xlsx",1.2399185336048881,T-shirt
01083 T-Shirt unisex hvid k/æ P/B,Alm.slid uden restværdi,1,491,20,30155C97D461A6C001624AB9,"PLC, Product detaljeret, Aarhus, Okt. 2023.xlsx",1.2399185336048881,T-shirt
01083 T-Shirt unisex hvid k/æ P/B,Alm.slid uden restværdi,1,491,20,30155C97D461A6C001624B3A,"PLC, Product detaljeret, Aarhus, Okt. 2023.xlsx",1.2399185336048881,T-shirt
01083 T-Shirt unisex hvid k/æ P/B,Alm.slid uden restværdi,1,491,20,30155C97D461A6C001624BC5,"PLC, Product detaljeret, Aarhus, Okt. 2023.xlsx",1.2399185336048881,T-shirt
10981 T-shirt prowear dame hvid pb,Alm.slid uden restværdi,1,486,3,30155C97D461A4C00092DA3F,"PLC, Product detaljeret, Aarhus, Okt. 2023.xlsx",0.18790123456790123,T-shirt
10981 T-shirt prowear dame hvid pb,Alm.slid uden restværdi,1,482,24,30155C97D461A6C000BA14A7,"PLC, Product detaljeret, Aarhus, Okt. 2023.xlsx",1.5156846473029044,T-shirt
01083 T-Shirt unisex hvid k/æ P/B,Alm.slid uden restværdi,1,476,43,30155C97D461A6C0010E46D2,"PLC, Product detaljeret, Aarhus, Okt. 2023.xlsx",2.7498319327731093,T-shirt
10981 T-shirt prowear dame hvid pb,Alm.slid uden restværdi,1,474,14,30155C97D461A6C0008D23C4,"PLC, Product detaljeret, Aarhus, Okt. 2023.xlsx",0.8990717299578059,T-shirt
10981 T-shirt prowear dame hvid pb,Alm.slid uden restværdi,1,473,15,30155C97D461A6C000BA13B6,"PLC, Product detaljeret, Aarhus, Okt. 2023.xlsx",0.9653276955602537,T-shirt
01083 T-Shirt unisex hvid k/æ P/B,Alm.slid uden restværdi,1,467,46,30155C97D461A6C000906540,"PLC, Product detaljeret, Aarhus, Okt. 2023.xlsx",2.998372591006424,T-shirt
10981 T-shirt prowear dame hvid pb,Alm.slid uden restværdi,1,464,14,30155C97D461A6C0008D1DB3,"PLC, Product detaljeret, Aarhus, Okt. 2023.xlsx",0.918448275862069,T-shirt
10981 T-shirt prowear dame hvid pb,Alm.slid uden restværdi,1,460,17,30155C97D461A4C000939808,"PLC, Product detaljeret, Aarhus, Okt. 2023.xlsx",1.1249565217391306,T-shirt
10981 T-shirt prowear dame hvid pb,Alm.slid uden restværdi,1,460,17,30155C97D461A4C000939844,"PLC, Product detaljeret, Aarhus, Okt. 2023.xlsx",1.1249565217391306,T-shirt
10981 T-shirt prowear dame hvid pb,Alm.slid uden restværdi,1,457,22,30155C97D461A6C000BA1487,"PLC, Product detaljeret, Aarhus, Okt. 2023.xlsx",1.465382932166302,T-shirt
10981 T-shirt prowear dame hvid pb,Alm.slid uden restværdi,1,457,16,30155C97D461A6C000BA1502,"PLC, Product detaljeret, Aarhus, Okt. 2023.xlsx",1.0657330415754924,T-shirt
01083 T-Shirt unisex hvid k/æ P/B,Alm.slid uden restværdi,1,452,38,30155C97D461A6C001624AE6,"PLC, Product detaljeret, Aarhus, Okt. 2023.xlsx",2.559115044247788,T-shirt
01083 T-Shirt unisex hvid k/æ P/B,Alm.slid uden restværdi,1,448,34,30155C97D461A6C0015B6444,"PLC, Product detaljeret, Aarhus, Okt. 2023.xlsx",2.310178571428571,T-shirt
10981 T-shirt prowear dame hvid pb,Alm.slid uden restværdi,1,446,18,30155C97D461A6C0008BC360,"PLC, Product detaljeret, Aarhus, Okt. 2023.xlsx",1.2285201793721974,T-shirt
10981 T-shirt prowear dame hvid pb,Alm.slid uden restværdi,1,445,21,30155C97D461A6C000BA1551,"PLC, Product detaljeret, Aarhus, Okt. 2023.xlsx",1.436494382022472,T-shirt
01083 T-Shirt unisex hvid k/æ P/B,Alm.slid uden restværdi,1,444,53,30155C97D461A6C000EAB89A,"PLC, Product detaljeret, Aarhus, Okt. 2023.xlsx",3.633603603603604,T-shirt
01083 T-Shirt unisex hvid k/æ P/B,Alm.slid uden restværdi,1,444,11,30155C97D461A6C0010EA2B9,"PLC, Product detaljeret, Aarhus, Okt. 2023.xlsx",0.7541441441441442,T-shirt
10981 T-shirt prowear dame hvid pb,Alm.slid uden restværdi,1,436,2,30155C97D461A6C000B86134,"PLC, Product detaljeret, Aarhus, Okt. 2023.xlsx",0.1396330275229358,T-shirt
10981 T-shirt prowear dame hvid pb,Alm.slid uden restværdi,1,432,9,30155C97D461A6C0010F1AA0,"PLC, Product detaljeret, Aarhus, Okt. 2023.xlsx",0.6341666666666667,T-shirt
10981 T-shirt prowear dame hvid pb,Alm.slid uden restværdi,1,421,10,30155C97D461A6C000647DD3,"PLC, Product detaljeret, Aarhus, Okt. 2023.xlsx",0.7230403800475059,T-shirt
01083 T-Shirt unisex hvid k/æ P/B,Alm.slid uden restværdi,1,408,29,30155C97D461A6C001600A52,"PLC, Product detaljeret, Aarhus, Okt. 2023.xlsx",2.163627450980392,T-shirt
01083 T-Shirt unisex hvid k/æ P/B,Alm.slid uden restværdi,1,404,3,30155C97D461A6C0019CFB68,"PLC, Product detaljeret, Aarhus, Okt. 2023.xlsx",0.22603960396039605,T-shirt
09385 T-Shirt Hvid B/P M Arla Tryk,Alm.slid uden restværdi,1,403,17,30155C97D461A6C0010DF0A4,"PLC, Product detaljeret, Aarhus, Okt. 2023.xlsx",1.2840694789081888,T-shirt
10981 T-shirt prowear dame hvid pb,Alm.slid uden restværdi,1,403,12,30155C97D461A4C000939826,"PLC, Product detaljeret, Aarhus, Okt. 2023.xlsx",0.9064019851116626,T-shirt
01083 T-Shirt unisex hvid k/æ P/B,Alm.slid uden restværdi,1,394,30,30155C97D461A6C0010D8861,"PLC, Product detaljeret, Aarhus, Okt. 2023.xlsx",2.317766497461929,T-shirt
01083 T-Shirt unisex hvid k/æ P/B,Alm.slid uden restværdi,1,394,34,30155C97D461A6C001861A52,"PLC, Product detaljeret, Aarhus, Okt. 2023.xlsx",2.6268020304568527,T-shirt
01083 T-Shirt unisex hvid k/æ P/B,Alm.slid uden restværdi,1,393,33,30155C97D461A4C00064F9DD,"PLC, Product detaljeret, Aarhus, Okt. 2023.xlsx",2.5560305343511454,T-shirt
"07859 T-Shirt L/Æ, Hvid p/b",Alm.slid uden restværdi,1,385,24,30155C97D461A6C00135DA69,"PLC, Product detaljeret, Aarhus, Okt. 2023.xlsx",1.8975584415584417,T-shirt
01083 T-Shirt unisex hvid k/æ P/B,Alm.slid uden restværdi,1,379,21,30155C97D461A6C0010F255F,"PLC, Product detaljeret, Aarhus, Okt. 2023.xlsx",1.6866490765171505,T-shirt
01083 T-Shirt unisex hvid k/æ P/B,Alm.slid uden restværdi,1,378,24,30155C97D461A6C0010D4B6F,"PLC, Product detaljeret, Aarhus, Okt. 2023.xlsx",1.9326984126984126,T-shirt
01083 T-Shirt unisex hvid k/æ P/B,Alm.slid uden restværdi,1,378,29,30155C97D461A6C0010E3550,"PLC, Product detaljeret, Aarhus, Okt. 2023.xlsx",2.3353439153439153,T-shirt
01083 T-Shirt unisex hvid k/æ P/B,Alm.slid uden restværdi,1,378,37,30155C97D461A6C0010E3CE4,"PLC, Product detaljeret, Aarhus, Okt. 2023.xlsx",2.9795767195767193,T-shirt
01083 T-Shirt unisex hvid k/æ P/B,Alm.slid uden restværdi,1,376,18,30155C97D461A6C0016031B6,"PLC, Product detaljeret, Aarhus, Okt. 2023.xlsx",1.4572340425531916,T-shirt
01083 T-Shirt unisex hvid k/æ P/B,Alm.slid uden restværdi,1,365,27,30155C97D461A6C001A5D1AC,"PLC, Product detaljeret, Aarhus, Okt. 2023.xlsx",2.2517260273972606,T-shirt
01083 T-Shirt unisex hvid k/æ P/B,Alm.slid uden restværdi,1,358,32,30155C97D461A6C001B33EED,"PLC, Product detaljeret, Aarhus, Okt. 2023.xlsx",2.7208938547486037,T-shirt
01083 T-Shirt unisex hvid k/æ P/B,Alm.slid uden restværdi,1,351,23,30155C97D461A6C0018FB59D,"PLC, Product detaljeret, Aarhus, Okt. 2023.xlsx",1.9946438746438746,T-shirt
01083 T-Shirt unisex hvid k/æ P/B,Alm.slid uden restværdi,1,350,31,30155C97D461A6C0018FB5DC,"PLC, Product detaljeret, Aarhus, Okt. 2023.xlsx",2.6961142857142857,T-shirt
01083 T-Shirt unisex hvid k/æ P/B,Alm.slid uden restværdi,1,344,26,30155C97D461A6C001A5D25C,"PLC, Product detaljeret, Aarhus, Okt. 2023.xlsx",2.3006976744186045,T-shirt
01083 T-Shirt unisex hvid k/æ P/B,Alm.slid uden restværdi,1,341,41,30155C97D461A6C0010E8F52,"PLC, Product detaljeret, Aarhus, Okt. 2023.xlsx",3.6599413489736072,T-shirt
10981 T-shirt prowear dame hvid pb,Alm.slid uden restværdi,1,339,16,30155C97D461A4C0009351B7,"PLC, Product detaljeret, Aarhus, Okt. 2023.xlsx",1.4366961651917405,T-shirt
01083 T-Shirt unisex hvid k/æ P/B,Alm.slid uden restværdi,1,336,25,30155C97D461A6C0018F9A0C,"PLC, Product detaljeret, Aarhus, Okt. 2023.xlsx",2.2648809523809526,T-shirt
01083 T-Shirt unisex hvid k/æ P/B,Alm.slid uden restværdi,1,328,25,30155C97D461A6C001A6BD55,"PLC, Product detaljeret, Aarhus, Okt. 2023.xlsx",2.3201219512195124,T-shirt
01083 T-Shirt unisex hvid k/æ P/B,Alm.slid uden restværdi,1,327,36,30155C97D461A6C000EB0EEA,"PLC, Product detaljeret, Aarhus, Okt. 2023.xlsx",3.351192660550459,T-shirt
01083 T-Shirt unisex hvid k/æ P/B,Alm.slid uden restværdi,1,327,41,30155C97D461A6C0010E9040,"PLC, Product detaljeret, Aarhus, Okt. 2023.xlsx",3.8166360856269113,T-shirt
01083 T-Shirt unisex hvid k/æ P/B,Alm.slid uden restværdi,1,316,39,30155C97D461A6C0018F501D,"PLC, Product detaljeret, Aarhus, Okt. 2023.xlsx",3.756835443037975,T-shirt
01083 T-Shirt unisex hvid k/æ P/B,Alm.slid uden restværdi,1,316,8,30155C97D461A6C001A6BC6C,"PLC, Product detaljeret, Aarhus, Okt. 2023.xlsx",0.7706329113924051,T-shirt
01083 T-Shirt unisex hvid k/æ P/B,Alm.slid uden restværdi,1,316,26,30155C97D461A6C001A6BCA6,"PLC, Product detaljeret, Aarhus, Okt. 2023.xlsx",2.5045569620253163,T-shirt
01083 T-Shirt unisex hvid k/æ P/B,Alm.slid uden restværdi,1,315,28,30155C97D461A6C0018F9C75,"PLC, Product detaljeret, Aarhus, Okt. 2023.xlsx",2.705777777777778,T-shirt
01083 T-Shirt unisex hvid k/æ P/B,Alm.slid uden restværdi,1,314,23,30155C97D461A6C001A5B568,"PLC, Product detaljeret, Aarhus, Okt. 2023.xlsx",2.2296815286624203,T-shirt
01083 T-Shirt unisex hvid k/æ P/B,Alm.slid uden restværdi,1,311,8,30155C97D461A6C0018EB600,"PLC, Product detaljeret, Aarhus, Okt. 2023.xlsx",0.7830225080385852,T-shirt
01083 T-Shirt unisex hvid k/æ P/B,Alm.slid uden restværdi,1,311,40,30155C97D461A6C001A6AD8E,"PLC, Product detaljeret, Aarhus, Okt. 2023.xlsx",3.915112540192926,T-shirt
01083 T-Shirt unisex hvid k/æ P/B,Alm.slid uden restværdi,1,308,29,30155C97D461A6C0018F9C2D,"PLC, Product detaljeret, Aarhus, Okt. 2023.xlsx",2.8661038961038963,T-shirt
10981 T-shirt prowear dame hvid pb,Alm.slid uden restværdi,1,302,7,30155C97D461A6C001B999BF,"PLC, Product detaljeret, Aarhus, Okt. 2023.xlsx",0.7055629139072848,T-shirt
09385 T-Shirt Hvid B/P M Arla Tryk,Alm.slid uden restværdi,1,301,6,30155C97D461A6C001062C4D,"PLC, Product detaljeret, Aarhus, Okt. 2023.xlsx",0.6067774086378738,T-shirt
10981 T-shirt prowear dame hvid pb,Alm.slid uden restværdi,1,297,7,30155C97D461A6C0008BC21D,"PLC, Product detaljeret, Aarhus, Okt. 2023.xlsx",0.7174410774410774,T-shirt
10981 T-shirt prowear dame hvid pb,Alm.slid uden restværdi,1,280,11,30155C97D461A4C00092DB24,"PLC, Product detaljeret, Aarhus, Okt. 2023.xlsx",1.195857142857143,T-shirt
01083 T-Shirt unisex hvid k/æ P/B,Alm.slid uden restværdi,1,277,5,30155C97D461A6C0010D4B7F,"PLC, Product detaljeret, Aarhus, Okt. 2023.xlsx",0.5494584837545127,T-shirt
10981 T-shirt prowear dame hvid pb,Alm.slid uden restværdi,1,261,4,30155C97D461A6C0018ED4F4,"PLC, Product detaljeret, Aarhus, Okt. 2023.xlsx",0.46651340996168583,T-shirt
10981 T-shirt prowear dame hvid pb,Alm.slid uden restværdi,1,260,15,30155C97D461A4C000D72446,"PLC, Product detaljeret, Aarhus, Okt. 2023.xlsx",1.7561538461538464,T-shirt
01083 T-Shirt unisex hvid k/æ P/B,Alm.slid uden restværdi,1,253,8,30155C97D461A4C0010BDCEC,"PLC, Product detaljeret, Aarhus, Okt. 2023.xlsx",0.9625296442687746,T-shirt
01083 T-Shirt unisex hvid k/æ P/B,Alm.slid uden restværdi,1,253,4,30155C97D461A4C0010BDE26,"PLC, Product detaljeret, Aarhus, Okt. 2023.xlsx",0.4812648221343873,T-shirt
10981 T-shirt prowear dame hvid pb,Alm.slid uden restværdi,1,253,11,30155C97D461A4C000D708C7,"PLC, Product detaljeret, Aarhus, Okt. 2023.xlsx",1.3234782608695652,T-shirt
10981 T-shirt prowear dame hvid pb,Alm.slid uden restværdi,1,253,10,30155C97D461A4C000D7092C,"PLC, Product detaljeret, Aarhus, Okt. 2023.xlsx",1.2031620553359685,T-shirt
10981 T-shirt prowear dame hvid pb,Alm.slid uden restværdi,1,253,17,30155C97D461A4C000D70A15,"PLC, Product detaljeret, Aarhus, Okt. 2023.xlsx",2.045375494071146,T-shirt
10981 T-shirt prowear dame hvid pb,Alm.slid uden restværdi,1,253,12,30155C97D461A4C000D72494,"PLC, Product detaljeret, Aarhus, Okt. 2023.xlsx",1.4437944664031621,T-shirt
10981 T-shirt prowear dame hvid pb,Alm.slid uden restværdi,1,252,16,30155C97D461A6C0008CCBD5,"PLC, Product detaljeret, Aarhus, Okt. 2023.xlsx",1.9326984126984126,T-shirt
01083 T-Shirt unisex hvid k/æ P/B,Alm.slid uden restværdi,1,251,12,30155C97D461A6C0010E35A5,"PLC, Product detaljeret, Aarhus, Okt. 2023.xlsx",1.4552988047808766,T-shirt
01083 T-Shirt unisex hvid k/æ P/B,Alm.slid uden restværdi,1,250,10,30155C97D461A4C0010BDE2B,"PLC, Product detaljeret, Aarhus, Okt. 2023.xlsx",1.2176,T-shirt
10981 T-shirt prowear dame hvid pb,Alm.slid uden restværdi,1,247,1,30155C97D461A6C0018E7ECB,"PLC, Product detaljeret, Aarhus, Okt. 2023.xlsx",0.12323886639676114,T-shirt
10981 T-shirt prowear dame hvid pb,Alm.slid uden restværdi,1,245,6,30155C97D461A6C0018F329B,"PLC, Product detaljeret, Aarhus, Okt. 2023.xlsx",0.7454693877551021,T-shirt
10981 T-shirt prowear dame hvid pb,Alm.slid uden restværdi,1,244,11,30155C97D461A4C000D7088D,"PLC, Product detaljeret, Aarhus, Okt. 2023.xlsx",1.3722950819672133,T-shirt
01083 T-Shirt unisex hvid k/æ P/B,Alm.slid uden restværdi,1,243,9,30155C97D461A4C0010BDD3E,"PLC, Product detaljeret, Aarhus, Okt. 2023.xlsx",1.1274074074074074,T-shirt
10981 T-shirt prowear dame hvid pb,Alm.slid uden restværdi,1,242,9,30155C97D461A4C000D70931,"PLC, Product detaljeret, Aarhus, Okt. 2023.xlsx",1.1320661157024794,T-shirt
10981 T-shirt prowear dame hvid pb,Alm.slid uden restværdi,1,242,15,30155C97D461A4C000D70979,"PLC, Product detaljeret, Aarhus, Okt. 2023.xlsx",1.8867768595041323,T-shirt
01083 T-Shirt unisex hvid k/æ P/B,Alm.slid uden restværdi,1,235,15,30155C97D461A4C000F45ADB,"PLC, Product detaljeret, Aarhus, Okt. 2023.xlsx",1.9429787234042553,T-shirt
01083 T-Shirt unisex hvid k/æ P/B,Alm.slid uden restværdi,1,224,1,30155C97D461A4C000F4C7E9,"PLC, Product detaljeret, Aarhus, Okt. 2023.xlsx",0.13589285714285715,T-shirt
01083 T-Shirt unisex hvid k/æ P/B,Alm.slid uden restværdi,1,223,19,30155C97D461A4C000F45B5E,"PLC, Product detaljeret, Aarhus, Okt. 2023.xlsx",2.593542600896861,T-shirt
01083 T-Shirt unisex hvid k/æ P/B,Alm.slid uden restværdi,1,222,13,30155C97D461A4C000F45B8C,"PLC, Product detaljeret, Aarhus, Okt. 2023.xlsx",1.7825225225225225,T-shirt
01083 T-Shirt unisex hvid k/æ P/B,Alm.slid uden restværdi,1,222,14,30155C97D461A4C000F45BBA,"PLC, Product detaljeret, Aarhus, Okt. 2023.xlsx",1.9196396396396396,T-shirt
01083 T-Shirt unisex hvid k/æ P/B,Alm.slid uden restværdi,1,222,18,30155C97D461A4C000F45BD3,"PLC, Product detaljeret, Aarhus, Okt. 2023.xlsx",2.468108108108108,T-shirt
01083 T-Shirt unisex hvid k/æ P/B,Alm.slid uden restværdi,1,222,10,30155C97D461A4C000F45BDC,"PLC, Product detaljeret, Aarhus, Okt. 2023.xlsx",1.3711711711711712,T-shirt
01083 T-Shirt unisex hvid k/æ P/B,Alm.slid uden restværdi,1,222,15,30155C97D461A4C000F45C30,"PLC, Product detaljeret, Aarhus, Okt. 2023.xlsx",2.056756756756757,T-shirt
01083 T-Shirt unisex hvid k/æ P/B,Alm.slid uden restværdi,1,221,16,30155C97D461A4C000F45B3A,"PLC, Product detaljeret, Aarhus, Okt. 2023.xlsx",2.203800904977376,T-shirt
01083 T-Shirt unisex hvid k/æ P/B,Alm.slid uden restværdi,1,221,18,30155C97D461A4C000F45B42,"PLC, Product detaljeret, Aarhus, Okt. 2023.xlsx",2.4792760180995477,T-shirt
01083 T-Shirt unisex hvid k/æ P/B,Alm.slid uden restværdi,1,221,14,30155C97D461A4C000F45BA2,"PLC, Product detaljeret, Aarhus, Okt. 2023.xlsx",1.9283257918552037,T-shirt
01083 T-Shirt unisex hvid k/æ P/B,Alm.slid uden restværdi,1,216,6,30155C97D461A4C000D71B95,"PLC, Product detaljeret, Aarhus, Okt. 2023.xlsx",0.8455555555555555,T-shirt
01083 T-Shirt unisex hvid k/æ P/B,Alm.slid uden restværdi,1,216,8,30155C97D461A4C000F465E4,"PLC, Product detaljeret, Aarhus, Okt. 2023.xlsx",1.1274074074074074,T-shirt
01083 T-Shirt unisex hvid k/æ P/B,Alm.slid uden restværdi,1,215,20,30155C97D461A4C0010BE7DE,"PLC, Product detaljeret, Aarhus, Okt. 2023.xlsx",2.831627906976744,T-shirt
01083 T-Shirt unisex hvid k/æ P/B,Alm.slid uden restværdi,1,208,20,30155C97D461A4C000F464BD,"PLC, Product detaljeret, Aarhus, Okt. 2023.xlsx",2.926923076923077,T-shirt
10981 T-shirt prowear dame hvid pb,Alm.slid uden restværdi,1,202,5,30155C97D461A4C0010C543D,"PLC, Product detaljeret, Aarhus, Okt. 2023.xlsx",0.7534653465346536,T-shirt
10981 T-shirt prowear dame hvid pb,Alm.slid uden restværdi,1,202,5,30155C97D461A4C0010C5548,"PLC, Product detaljeret, Aarhus, Okt. 2023.xlsx",0.7534653465346536,T-shirt
10981 T-shirt prowear dame hvid pb,Alm.slid uden restværdi,1,202,4,30155C97D461A4C0010C5588,"PLC, Product detaljeret, Aarhus, Okt. 2023.xlsx",0.6027722772277228,T-shirt
09385 T-Shirt Hvid B/P M Arla Tryk,Alm.slid uden restværdi,1,189,8,30155C97D461A4C000F468ED,"PLC, Product detaljeret, Aarhus, Okt. 2023.xlsx",1.2884656084656085,T-shirt
"07859 T-Shirt L/Æ, Hvid p/b",Alm.slid uden restværdi,1,182,6,30155C97D461A4C0010BB3B8,"PLC, Product detaljeret, Aarhus, Okt. 2023.xlsx",1.0035164835164836,T-shirt
10981 T-shirt prowear dame hvid pb,Alm.slid uden restværdi,1,182,7,30155C97D461A6C0018F5469,"PLC, Product detaljeret, Aarhus, Okt. 2023.xlsx",1.1707692307692308,T-shirt
09385 T-Shirt Hvid B/P M Arla Tryk,Alm.slid uden restværdi,1,177,7,00D00B6550A7,"PLC, Product detaljeret, Aarhus, Okt. 2023.xlsx",1.2038418079096047,T-shirt
09385 T-Shirt Hvid B/P M Arla Tryk,Alm.slid uden restværdi,1,173,7,30155C97D461A6C001933BD0,"PLC, Product detaljeret, Aarhus, Okt. 2023.xlsx",1.2316763005780347,T-shirt
01083 T-Shirt unisex hvid k/æ P/B,Alm.slid uden restværdi,1,171,3,30155C97D461A4C000C0695B,"PLC, Product detaljeret, Aarhus, Okt. 2023.xlsx",0.5340350877192982,T-shirt
09385 T-Shirt Hvid B/P M Arla Tryk,Alm.slid uden restværdi,1,166,8,00D00B655C63,"PLC, Product detaljeret, Aarhus, Okt. 2023.xlsx",1.466987951807229,T-shirt
01083 T-Shirt unisex hvid k/æ P/B,Alm.slid uden restværdi,1,165,5,30155C97D461A4C000C28EF9,"PLC, Product detaljeret, Aarhus, Okt. 2023.xlsx",0.9224242424242425,T-shirt
01083 T-Shirt unisex hvid k/æ P/B,Alm.slid uden restværdi,1,160,16,30155C97D461A4C000F450D4,"PLC, Product detaljeret, Aarhus, Okt. 2023.xlsx",3.0440000000000005,T-shirt
08421 T-shirt unisex hvid k/æ bom,Alm.slid uden restværdi,1,159,3,30155C97D461A6C0005CE875,"PLC, Product detaljeret, Aarhus, Okt. 2023.xlsx",0.5743396226415094,T-shirt
09385 T-Shirt Hvid B/P M Arla Tryk,Alm.slid uden restværdi,1,158,21,30155C97D461A4C000F44505,"PLC, Product detaljeret, Aarhus, Okt. 2023.xlsx",4.0458227848101265,T-shirt
10981 T-shirt prowear dame hvid pb,Alm.slid uden restværdi,1,153,5,30155C97D461A4C000C26895,"PLC, Product detaljeret, Aarhus, Okt. 2023.xlsx",0.9947712418300655,T-shirt
09385 T-Shirt Hvid B/P M Arla Tryk,Alm.slid uden restværdi,1,146,7,30155C97D461A4C000F4156F,"PLC, Product detaljeret, Aarhus, Okt. 2023.xlsx",1.4594520547945204,T-shirt
09385 T-Shirt Hvid B/P M Arla Tryk,Alm.slid uden restværdi,1,145,10,30155C97D461A4C0014227C7,"PLC, Product detaljeret, Aarhus, Okt. 2023.xlsx",2.099310344827586,T-shirt
10981 T-shirt prowear dame hvid pb,Alm.slid uden restværdi,1,140,3,30155C97D461A4C000C2B7D1,"PLC, Product detaljeret, Aarhus, Okt. 2023.xlsx",0.6522857142857144,T-shirt
10981 T-shirt prowear dame hvid pb,Alm.slid uden restværdi,1,135,7,30155C97D461A4C000C28BE8,"PLC, Product detaljeret, Aarhus, Okt. 2023.xlsx",1.5783703703703704,T-shirt
09385 T-Shirt Hvid B/P M Arla Tryk,Alm.slid uden restværdi,1,132,5,00D00BAC3723,"PLC, Product detaljeret, Aarhus, Okt. 2023.xlsx",1.153030303030303,T-shirt
10981 T-shirt prowear dame hvid pb,Alm.slid uden restværdi,1,129,6,30155C97D461A4C0010E5861,"PLC, Product detaljeret, Aarhus, Okt. 2023.xlsx",1.415813953488372,T-shirt
10981 T-shirt prowear dame hvid pb,Alm.slid uden restværdi,1,128,9,30155C97D461A4C0010E580F,"PLC, Product detaljeret, Aarhus, Okt. 2023.xlsx",2.1403125000000003,T-shirt
01083 T-Shirt unisex hvid k/æ P/B,Alm.slid uden restværdi,1,125,9,30155C97D461A4C0010FE9CB,"PLC, Product detaljeret, Aarhus, Okt. 2023.xlsx",2.19168,T-shirt
10981 T-shirt prowear dame hvid pb,Alm.slid uden restværdi,1,119,7,30155C97D461A6C0008D25FE,"PLC, Product detaljeret, Aarhus, Okt. 2023.xlsx",1.7905882352941176,T-shirt
10981 T-shirt prowear dame hvid pb,Alm.slid uden restværdi,1,115,1,30155C97D461A4C0010E5860,"PLC, Product detaljeret, Aarhus, Okt. 2023.xlsx",0.26469565217391305,T-shirt
10981 T-shirt prowear dame hvid pb,Alm.slid uden restværdi,1,113,4,30155C97D461A4C000F6A897,"PLC, Product detaljeret, Aarhus, Okt. 2023.xlsx",1.0775221238938053,T-shirt
10981 T-shirt prowear dame hvid pb,Alm.slid uden restværdi,1,112,7,30155C97D461A4C0010E5870,"PLC, Product detaljeret, Aarhus, Okt. 2023.xlsx",1.9025,T-shirt
10981 T-shirt prowear dame hvid pb,Alm.slid uden restværdi,1,111,4,30155C97D461A4C0010E581C,"PLC, Product detaljeret, Aarhus, Okt. 2023.xlsx",1.096936936936937,T-shirt
08421 T-shirt unisex hvid k/æ bom,Alm.slid uden restværdi,1,109,3,30155C97D461A4C000C07B0A,"PLC, Product detaljeret, Aarhus, Okt. 2023.xlsx",0.8377981651376147,T-shirt
08421 T-shirt unisex hvid k/æ bom,Alm.slid uden restværdi,1,109,0,30155C97D461A4C000C07C1F,"PLC, Product detaljeret, Aarhus, Okt. 2023.xlsx",0.0,T-shirt
01083 T-Shirt unisex hvid k/æ P/B,Alm.slid uden restværdi,1,102,8,30155C97D461A4C000F853D6,"PLC, Product detaljeret, Aarhus, Okt. 2023.xlsx",2.387450980392157,T-shirt
09385 T-Shirt Hvid B/P M Arla Tryk,Alm.slid uden restværdi,1,100,2,00D00A0A5B73,"PLC, Product detaljeret, Aarhus, Okt. 2023.xlsx",0.6088,T-shirt
01083 T-Shirt unisex hvid k/æ P/B,Alm.slid uden restværdi,1,99,9,30155C97D461A4C000C06DDE,"PLC, Product detaljeret, Aarhus, Okt. 2023.xlsx",2.7672727272727276,T-shirt
09385 T-Shirt Hvid B/P M Arla Tryk,Alm.slid uden restværdi,1,98,3,30155C97D461A4C000C24667,"PLC, Product detaljeret, Aarhus, Okt. 2023.xlsx",0.9318367346938776,T-shirt
09385 T-Shirt Hvid B/P M Arla Tryk,Alm.slid uden restværdi,1,93,6,30155C97D461A4C000C24684,"PLC, Product detaljeret, Aarhus, Okt. 2023.xlsx",1.9638709677419355,T-shirt
01083 T-Shirt unisex hvid k/æ P/B,Alm.slid uden restværdi,1,80,9,00D00B65508F,"PLC, Product detaljeret, Aarhus, Okt. 2023.xlsx",3.4245,T-shirt
01083 T-Shirt unisex hvid k/æ P/B,Alm.slid uden restværdi,1,80,10,00D00B6550AD,"PLC, Product detaljeret, Aarhus, Okt. 2023.xlsx",3.805,T-shirt
09385 T-Shirt Hvid B/P M Arla Tryk,Alm.slid uden restværdi,1,74,4,30155C97D461A4C000BFF99B,"PLC, Product detaljeret, Aarhus, Okt. 2023.xlsx",1.6454054054054055,T-shirt
09385 T-Shirt Hvid B/P M Arla Tryk,Alm.slid uden restværdi,1,74,3,30155C97D461A4C000F85D6C,"PLC, Product detaljeret, Aarhus, Okt. 2023.xlsx",1.234054054054054,T-shirt
01083 T-Shirt unisex hvid k/æ P/B,Alm.slid uden restværdi,1,68,4,30155C97D461A4C00164FABA,"PLC, Product detaljeret, Aarhus, Okt. 2023.xlsx",1.7905882352941176,T-shirt
01083 T-Shirt unisex hvid k/æ P/B,Alm.slid uden restværdi,1,67,6,30155C97D461A4C000D7C419,"PLC, Product detaljeret, Aarhus, Okt. 2023.xlsx",2.7259701492537314,T-shirt
01083 T-Shirt unisex hvid k/æ P/B,Alm.slid uden restværdi,1,53,1,30155C97D461A4C0016414A5,"PLC, Product detaljeret, Aarhus, Okt. 2023.xlsx",0.5743396226415094,T-shirt
01083 T-Shirt unisex hvid k/æ P/B,Alm.slid uden restværdi,1,41,5,30155C97D461A4C0018A24A1,"PLC, Product detaljeret, Aarhus, Okt. 2023.xlsx",3.7121951219512197,T-shirt
09385 T-Shirt Hvid B/P M Arla Tryk,Alm.slid uden restværdi,1,34,2,30155C97D461A4C000D7D0E1,"PLC, Product detaljeret, Aarhus, Okt. 2023.xlsx",1.7905882352941176,T-shirt
01083 T-Shirt unisex hvid k/æ P/B,Alm.slid uden restværdi,1,28,1,30155C97D461A4C001644F08,"PLC, Product detaljeret, Aarhus, Okt. 2023.xlsx",1.0871428571428572,T-shirt
10981 T-shirt prowear dame hvid pb,Alm.slid uden restværdi,1,27,2,30155C97D461A4C0018A61FF,"PLC, Product detaljeret, Aarhus, Okt. 2023.xlsx",2.254814814814815,T-shirt
01083 T-Shirt unisex hvid k/æ P/B,Alm.slid uden restværdi,1,26,1,30155C97D461A4C001644D95,"PLC, Product detaljeret, Aarhus, Okt. 2023.xlsx",1.1707692307692308,T-shirt
01083 T-Shirt unisex hvid k/æ P/B,Alm.slid uden restværdi,1,26,1,30155C97D461A4C001644E5A,"PLC, Product detaljeret, Aarhus, Okt. 2023.xlsx",1.1707692307692308,T-shirt
01083 T-Shirt unisex hvid k/æ P/B,Alm.slid uden restværdi,1,26,1,30155C97D461A4C001644EB4,"PLC, Product detaljeret, Aarhus, Okt. 2023.xlsx",1.1707692307692308,T-shirt
01083 T-Shirt unisex hvid k/æ P/B,Alm.slid uden restværdi,1,26,1,30155C97D461A4C001644F30,"PLC, Product detaljeret, Aarhus, Okt. 2023.xlsx",1.1707692307692308,T-shirt
01083 T-Shirt unisex hvid k/æ P/B,Alm.slid uden restværdi,1,23,1,30155C97D461A4C00189AC51,"PLC, Product detaljeret, Aarhus, Okt. 2023.xlsx",1.3234782608695652,T-shirt
26666 T-shirt dame 1/2 ærme hvid,Alm.slid uden restværdi,1,8,0,30155C97D461A4C0010E8D58,"PLC, Product detaljeret, Aarhus, Okt. 2023.xlsx",0.0,T-shirt
01083 T-Shirt unisex hvid k/æ P/B,Alm.slid uden restværdi,1,2666,74,00D00972D0FC,"PLC, Product detaljeret, Aarhus, Sep. 2023.xlsx",0.8449212303075769,T-shirt
09385 T-Shirt Hvid B/P M Arla Tryk,Alm.slid uden restværdi,1,2648,70,00D007BFFE96,"PLC, Product detaljeret, Aarhus, Sep. 2023.xlsx",0.8046827794561934,T-shirt
09385 T-Shirt Hvid B/P M Arla Tryk,Alm.slid uden restværdi,1,2592,111,00D00941A16E,"PLC, Product detaljeret, Aarhus, Sep. 2023.xlsx",1.303564814814815,T-shirt
09385 T-Shirt Hvid B/P M Arla Tryk,Alm.slid uden restværdi,1,2503,94,00D0098EA87D,"PLC, Product detaljeret, Aarhus, Sep. 2023.xlsx",1.1431721933679586,T-shirt
09385 T-Shirt Hvid B/P M Arla Tryk,Alm.slid uden restværdi,1,2496,99,00D00951BCFC,"PLC, Product detaljeret, Aarhus, Sep. 2023.xlsx",1.2073557692307693,T-shirt
09385 T-Shirt Hvid B/P M Arla Tryk,Alm.slid uden restværdi,1,2496,113,00D00971C69D,"PLC, Product detaljeret, Aarhus, Sep. 2023.xlsx",1.3780929487179487,T-shirt
09385 T-Shirt Hvid B/P M Arla Tryk,Alm.slid uden restværdi,1,2455,114,00D0098B758D,"PLC, Product detaljeret, Aarhus, Sep. 2023.xlsx",1.4135071283095724,T-shirt
09385 T-Shirt Hvid B/P M Arla Tryk,Alm.slid uden restværdi,1,2435,77,00D009705EE2,"PLC, Product detaljeret, Aarhus, Sep. 2023.xlsx",0.9625790554414785,T-shirt
09385 T-Shirt Hvid B/P M Arla Tryk,Alm.slid uden restværdi,1,2394,93,00D00970A2EE,"PLC, Product detaljeret, Aarhus, Sep. 2023.xlsx",1.1825062656641603,T-shirt
09385 T-Shirt Hvid B/P M Arla Tryk,Alm.slid uden restværdi,1,2388,94,00D009981C6C,"PLC, Product detaljeret, Aarhus, Sep. 2023.xlsx",1.1982244556113903,T-shirt
09385 T-Shirt Hvid B/P M Arla Tryk,Alm.slid uden restværdi,1,2387,80,30155C97D461A4C00142378E,"PLC, Product detaljeret, Aarhus, Sep. 2023.xlsx",1.0201927105152913,T-shirt
09385 T-Shirt Hvid B/P M Arla Tryk,Alm.slid uden restværdi,1,2381,108,00D00998ECA6,"PLC, Product detaljeret, Aarhus, Sep. 2023.xlsx",1.3807307853842925,T-shirt
09385 T-Shirt Hvid B/P M Arla Tryk,Alm.slid uden restværdi,1,2370,104,00D0093F56CD,"PLC, Product detaljeret, Aarhus, Sep. 2023.xlsx",1.335763713080169,T-shirt
09385 T-Shirt Hvid B/P M Arla Tryk,Alm.slid uden restværdi,1,2370,122,00D0093FE103,"PLC, Product detaljeret, Aarhus, Sep. 2023.xlsx",1.5669535864978903,T-shirt
09385 T-Shirt Hvid B/P M Arla Tryk,Alm.slid uden restværdi,1,2370,101,00D0098EAB00,"PLC, Product detaljeret, Aarhus, Sep. 2023.xlsx",1.2972320675105486,T-shirt
09385 T-Shirt Hvid B/P M Arla Tryk,Alm.slid uden restværdi,1,2370,97,00D0098EB62F,"PLC, Product detaljeret, Aarhus, Sep. 2023.xlsx",1.2458565400843882,T-shirt
09385 T-Shirt Hvid B/P M Arla Tryk,Alm.slid uden restværdi,1,2360,42,00D0098EA0F1,"PLC, Product detaljeret, Aarhus, Sep. 2023.xlsx",0.5417288135593221,T-shirt
09385 T-Shirt Hvid B/P M Arla Tryk,Alm.slid uden restværdi,1,2333,106,00D009AD8128,"PLC, Product detaljeret, Aarhus, Sep. 2023.xlsx",1.3830432918988427,T-shirt
09385 T-Shirt Hvid B/P M Arla Tryk,Alm.slid uden restværdi,1,2331,114,30155C97D461A7C000933A57,"PLC, Product detaljeret, Aarhus, Sep. 2023.xlsx",1.4887001287001287,T-shirt
09385 T-Shirt Hvid B/P M Arla Tryk,Alm.slid uden restværdi,1,2319,137,30155C97D461A6C00193311C,"PLC, Product detaljeret, Aarhus, Sep. 2023.xlsx",1.7983096162138854,T-shirt
09385 T-Shirt Hvid B/P M Arla Tryk,Alm.slid uden restværdi,1,2318,106,00D0097941CA,"PLC, Product detaljeret, Aarhus, Sep. 2023.xlsx",1.3919930974978432,T-shirt
09385 T-Shirt Hvid B/P M Arla Tryk,Alm.slid uden restværdi,1,2316,50,00D00970D46B,"PLC, Product detaljeret, Aarhus, Sep. 2023.xlsx",0.657167530224525,T-shirt
09385 T-Shirt Hvid B/P M Arla Tryk,Alm.slid uden restværdi,1,2315,111,00D009991862,"PLC, Product detaljeret, Aarhus, Sep. 2023.xlsx",1.4595421166306695,T-shirt
09385 T-Shirt Hvid B/P M Arla Tryk,Alm.slid uden restværdi,1,2309,77,00D0095B2E31,"PLC, Product detaljeret, Aarhus, Sep. 2023.xlsx",1.0151061065396276,T-shirt
09385 T-Shirt Hvid B/P M Arla Tryk,Alm.slid uden restværdi,1,2309,93,00D0097A2C88,"PLC, Product detaljeret, Aarhus, Sep. 2023.xlsx",1.2260372455608488,T-shirt
09385 T-Shirt Hvid B/P M Arla Tryk,Alm.slid uden restværdi,1,2306,107,00D00980010F,"PLC, Product detaljeret, Aarhus, Sep. 2023.xlsx",1.4124371205550739,T-shirt
09385 T-Shirt Hvid B/P M Arla Tryk,Alm.slid uden restværdi,1,2294,95,30155C97D461A7C0008579FA,"PLC, Product detaljeret, Aarhus, Sep. 2023.xlsx",1.2605928509154316,T-shirt
09385 T-Shirt Hvid B/P M Arla Tryk,Alm.slid uden restværdi,1,2288,115,00D00A5760A9,"PLC, Product detaljeret, Aarhus, Sep. 2023.xlsx",1.5299825174825175,T-shirt
09385 T-Shirt Hvid B/P M Arla Tryk,Alm.slid uden restværdi,1,2281,62,00D00A57491F,"PLC, Product detaljeret, Aarhus, Sep. 2023.xlsx",0.8273914949583516,T-shirt
09385 T-Shirt Hvid B/P M Arla Tryk,Alm.slid uden restværdi,1,2281,113,00D00A575AD2,"PLC, Product detaljeret, Aarhus, Sep. 2023.xlsx",1.507987724682157,T-shirt
09385 T-Shirt Hvid B/P M Arla Tryk,Alm.slid uden restværdi,1,2281,121,30155C97D461A4C00142394E,"PLC, Product detaljeret, Aarhus, Sep. 2023.xlsx",1.6147479175800088,T-shirt
09385 T-Shirt Hvid B/P M Arla Tryk,Alm.slid uden restværdi,1,2279,93,00D00A57423A,"PLC, Product detaljeret, Aarhus, Sep. 2023.xlsx",1.2421763931548926,T-shirt
09385 T-Shirt Hvid B/P M Arla Tryk,Alm.slid uden restværdi,1,2275,77,00D00972E332,"PLC, Product detaljeret, Aarhus, Sep. 2023.xlsx",1.030276923076923,T-shirt
09385 T-Shirt Hvid B/P M Arla Tryk,Alm.slid uden restværdi,1,2275,107,00D00998D97D,"PLC, Product detaljeret, Aarhus, Sep. 2023.xlsx",1.4316835164835167,T-shirt
09385 T-Shirt Hvid B/P M Arla Tryk,Alm.slid uden restværdi,1,2275,89,00D009E11D53,"PLC, Product detaljeret, Aarhus, Sep. 2023.xlsx",1.1908395604395605,T-shirt
09385 T-Shirt Hvid B/P M Arla Tryk,Alm.slid uden restværdi,1,2275,102,30155C97D461A7C000A119F7,"PLC, Product detaljeret, Aarhus, Sep. 2023.xlsx",1.3647824175824177,T-shirt
01083 T-Shirt unisex hvid k/æ P/B,Alm.slid uden restværdi,1,2271,85,30155C97D461A7C000BA4E44,"PLC, Product detaljeret, Aarhus, Sep. 2023.xlsx",1.1393218846323205,T-shirt
01083 T-Shirt unisex hvid k/æ P/B,Alm.slid uden restværdi,1,2271,109,30155C97D461A7C000BA4E8F,"PLC, Product detaljeret, Aarhus, Sep. 2023.xlsx",1.461012769704976,T-shirt
09385 T-Shirt Hvid B/P M Arla Tryk,Alm.slid uden restværdi,1,2246,90,00D00A5821F6,"PLC, Product detaljeret, Aarhus, Sep. 2023.xlsx",1.2197684772929653,T-shirt
09385 T-Shirt Hvid B/P M Arla Tryk,Alm.slid uden restværdi,1,2236,126,00D00A572111,"PLC, Product detaljeret, Aarhus, Sep. 2023.xlsx",1.7153130590339893,T-shirt
09385 T-Shirt Hvid B/P M Arla Tryk,Alm.slid uden restværdi,1,2213,108,30155C97D461A7C000B11214,"PLC, Product detaljeret, Aarhus, Sep. 2023.xlsx",1.485549028468143,T-shirt
09385 T-Shirt Hvid B/P M Arla Tryk,Alm.slid uden restværdi,1,2184,87,00D00A63A809,"PLC, Product detaljeret, Aarhus, Sep. 2023.xlsx",1.2125824175824176,T-shirt
09385 T-Shirt Hvid B/P M Arla Tryk,Alm.slid uden restværdi,1,2176,106,30155C97D461A7C000B99115,"PLC, Product detaljeret, Aarhus, Sep. 2023.xlsx",1.4828308823529412,T-shirt
09385 T-Shirt Hvid B/P M Arla Tryk,Alm.slid uden restværdi,1,2175,120,00D00A63B053,"PLC, Product detaljeret, Aarhus, Sep. 2023.xlsx",1.679448275862069,T-shirt
09385 T-Shirt Hvid B/P M Arla Tryk,Alm.slid uden restværdi,1,2168,97,00D00A641995,"PLC, Product detaljeret, Aarhus, Sep. 2023.xlsx",1.3619372693726937,T-shirt
09385 T-Shirt Hvid B/P M Arla Tryk,Alm.slid uden restværdi,1,2166,115,00D00A643272,"PLC, Product detaljeret, Aarhus, Sep. 2023.xlsx",1.6161588180978763,T-shirt
09385 T-Shirt Hvid B/P M Arla Tryk,Alm.slid uden restværdi,1,2166,82,30155C97D461A4C001422FFA,"PLC, Product detaljeret, Aarhus, Sep. 2023.xlsx",1.1523915050784856,T-shirt
09385 T-Shirt Hvid B/P M Arla Tryk,Alm.slid uden restværdi,1,2165,63,30155C97D461A7C00092E62F,"PLC, Product detaljeret, Aarhus, Sep. 2023.xlsx",0.885782909930716,T-shirt
09385 T-Shirt Hvid B/P M Arla Tryk,Alm.slid uden restværdi,1,2163,105,00D00A639D24,"PLC, Product detaljeret, Aarhus, Sep. 2023.xlsx",1.4776699029126215,T-shirt
09385 T-Shirt Hvid B/P M Arla Tryk,Alm.slid uden restværdi,1,2159,65,00D00A642A6E,"PLC, Product detaljeret, Aarhus, Sep. 2023.xlsx",0.9164427975914775,T-shirt
09385 T-Shirt Hvid B/P M Arla Tryk,Alm.slid uden restværdi,1,2152,91,00D00A6421BE,"PLC, Product detaljeret, Aarhus, Sep. 2023.xlsx",1.2871933085501859,T-shirt
09385 T-Shirt Hvid B/P M Arla Tryk,Alm.slid uden restværdi,1,2148,83,00D00A63BC89,"PLC, Product detaljeret, Aarhus, Sep. 2023.xlsx",1.176219739292365,T-shirt
09385 T-Shirt Hvid B/P M Arla Tryk,Alm.slid uden restværdi,1,2141,95,00D00A63B2F0,"PLC, Product detaljeret, Aarhus, Sep. 2023.xlsx",1.350677253619804,T-shirt
09385 T-Shirt Hvid B/P M Arla Tryk,Alm.slid uden restværdi,1,2141,66,30155C97D461A7C000D74B61,"PLC, Product detaljeret, Aarhus, Sep. 2023.xlsx",0.9383652498832322,T-shirt
09385 T-Shirt Hvid B/P M Arla Tryk,Alm.slid uden restværdi,1,2135,101,30155C97D461A7C000BCF68F,"PLC, Product detaljeret, Aarhus, Sep. 2023.xlsx",1.4400187353629978,T-shirt
09385 T-Shirt Hvid B/P M Arla Tryk,Alm.slid uden restværdi,1,2132,83,00D00A63A80A,"PLC, Product detaljeret, Aarhus, Sep. 2023.xlsx",1.185046904315197,T-shirt
09385 T-Shirt Hvid B/P M Arla Tryk,Alm.slid uden restværdi,1,2130,135,30155C97D461A6C00081E1E6,"PLC, Product detaljeret, Aarhus, Sep. 2023.xlsx",1.9292957746478874,T-shirt
09385 T-Shirt Hvid B/P M Arla Tryk,Alm.slid uden restværdi,1,2122,77,00D00A63ACB3,"PLC, Product detaljeret, Aarhus, Sep. 2023.xlsx",1.1045617342130067,T-shirt
01083 T-Shirt unisex hvid k/æ P/B,Alm.slid uden restværdi,1,2107,82,30155C97D461A7C000F01686,"PLC, Product detaljeret, Aarhus, Sep. 2023.xlsx",1.1846606549596583,T-shirt
01083 T-Shirt unisex hvid k/æ P/B,Alm.slid uden restværdi,1,2107,84,30155C97D461A7C000F016C8,"PLC, Product detaljeret, Aarhus, Sep. 2023.xlsx",1.2135548172757475,T-shirt
01083 T-Shirt unisex hvid k/æ P/B,Alm.slid uden restværdi,1,2107,89,30155C97D461A7C000F017BE,"PLC, Product detaljeret, Aarhus, Sep. 2023.xlsx",1.2857902230659706,T-shirt
01083 T-Shirt unisex hvid k/æ P/B,Alm.slid uden restværdi,1,2096,77,30155C97D461A7C000F0168B,"PLC, Product detaljeret, Aarhus, Sep. 2023.xlsx",1.118263358778626,T-shirt
09385 T-Shirt Hvid B/P M Arla Tryk,Alm.slid uden restværdi,1,2083,79,00D00A574902,"PLC, Product detaljeret, Aarhus, Sep. 2023.xlsx",1.1544695151224196,T-shirt
09385 T-Shirt Hvid B/P M Arla Tryk,Alm.slid uden restværdi,1,2083,90,00D00A57548D,"PLC, Product detaljeret, Aarhus, Sep. 2023.xlsx",1.3152184349495921,T-shirt
09385 T-Shirt Hvid B/P M Arla Tryk,Alm.slid uden restværdi,1,2066,69,30155C97D461A7C000D74DA0,"PLC, Product detaljeret, Aarhus, Sep. 2023.xlsx",1.0166311713455953,T-shirt
09385 T-Shirt Hvid B/P M Arla Tryk,Alm.slid uden restværdi,1,2060,56,00D00A641A62,"PLC, Product detaljeret, Aarhus, Sep. 2023.xlsx",0.827495145631068,T-shirt
09385 T-Shirt Hvid B/P M Arla Tryk,Alm.slid uden restværdi,1,2059,146,30155C97D461A6C00193312F,"PLC, Product detaljeret, Aarhus, Sep. 2023.xlsx",2.1584458474987858,T-shirt
09385 T-Shirt Hvid B/P M Arla Tryk,Alm.slid uden restværdi,1,2042,105,00D00ADB9AF5,"PLC, Product detaljeret, Aarhus, Sep. 2023.xlsx",1.565230166503428,T-shirt
09385 T-Shirt Hvid B/P M Arla Tryk,Alm.slid uden restværdi,1,2042,77,00D00AE38477,"PLC, Product detaljeret, Aarhus, Sep. 2023.xlsx",1.1478354554358472,T-shirt
09385 T-Shirt Hvid B/P M Arla Tryk,Alm.slid uden restværdi,1,2030,108,30155C97D461A7C001174C00,"PLC, Product detaljeret, Aarhus, Sep. 2023.xlsx",1.6194679802955665,T-shirt
09385 T-Shirt Hvid B/P M Arla Tryk,Alm.slid uden restværdi,1,2028,73,00D00AD49139,"PLC, Product detaljeret, Aarhus, Sep. 2023.xlsx",1.0957199211045365,T-shirt
09385 T-Shirt Hvid B/P M Arla Tryk,Alm.slid uden restværdi,1,2027,90,00D00AD585D8,"PLC, Product detaljeret, Aarhus, Sep. 2023.xlsx",1.3515540207202763,T-shirt
09385 T-Shirt Hvid B/P M Arla Tryk,Alm.slid uden restværdi,1,2026,53,00D00ADB78C0,"PLC, Product detaljeret, Aarhus, Sep. 2023.xlsx",0.7963079960513327,T-shirt
01083 T-Shirt unisex hvid k/æ P/B,Alm.slid uden restværdi,1,2024,84,30155C97D461A7C00122F669,"PLC, Product detaljeret, Aarhus, Sep. 2023.xlsx",1.2633201581027669,T-shirt
09385 T-Shirt Hvid B/P M Arla Tryk,Alm.slid uden restværdi,1,2019,87,00D00ADBA4D5,"PLC, Product detaljeret, Aarhus, Sep. 2023.xlsx",1.3116790490341754,T-shirt
09385 T-Shirt Hvid B/P M Arla Tryk,Alm.slid uden restværdi,1,2014,96,00D00ADB7914,"PLC, Product detaljeret, Aarhus, Sep. 2023.xlsx",1.450963257199603,T-shirt
09385 T-Shirt Hvid B/P M Arla Tryk,Alm.slid uden restværdi,1,2008,100,30155C97D461A7C001175B57,"PLC, Product detaljeret, Aarhus, Sep. 2023.xlsx",1.5159362549800797,T-shirt
09385 T-Shirt Hvid B/P M Arla Tryk,Alm.slid uden restværdi,1,2003,92,30155C97D461A7C001175B0C,"PLC, Product detaljeret, Aarhus, Sep. 2023.xlsx",1.3981427858212683,T-shirt
09385 T-Shirt Hvid B/P M Arla Tryk,Alm.slid uden restværdi,1,2001,51,30155C97D461A7C001242016,"PLC, Product detaljeret, Aarhus, Sep. 2023.xlsx",0.7758320839580211,T-shirt
01083 T-Shirt unisex hvid k/æ P/B,Alm.slid uden restværdi,1,1999,106,30155C97D461A7C001238BCD,"PLC, Product detaljeret, Aarhus, Sep. 2023.xlsx",1.614127063531766,T-shirt
03850 T-Shirt Hvid Lady K/Æ P/B,Alm.slid uden restværdi,1,1991,29,30155C97D461A7C000E8F851,"PLC, Product detaljeret, Aarhus, Sep. 2023.xlsx",0.44337518834756406,T-shirt
03850 T-Shirt Hvid Lady K/Æ P/B,Alm.slid uden restværdi,1,1977,19,30155C97D461A7C0012247A3,"PLC, Product detaljeret, Aarhus, Sep. 2023.xlsx",0.29254425897824987,T-shirt
03850 T-Shirt Hvid Lady K/Æ P/B,Alm.slid uden restværdi,1,1976,2,30155C97D461A7C000C1AA13,"PLC, Product detaljeret, Aarhus, Sep. 2023.xlsx",0.030809716599190285,T-shirt
03850 T-Shirt Hvid Lady K/Æ P/B,Alm.slid uden restværdi,1,1967,123,30155C97D461A7C000E904E1,"PLC, Product detaljeret, Aarhus, Sep. 2023.xlsx",1.9034672089476359,T-shirt
03850 T-Shirt Hvid Lady K/Æ P/B,Alm.slid uden restværdi,1,1954,111,30155C97D461A7C000E87C9C,"PLC, Product detaljeret, Aarhus, Sep. 2023.xlsx",1.7291914022517911,T-shirt
09385 T-Shirt Hvid B/P M Arla Tryk,Alm.slid uden restværdi,1,1952,116,30155C97D461A7C001175B5D,"PLC, Product detaljeret, Aarhus, Sep. 2023.xlsx",1.8089344262295082,T-shirt
01083 T-Shirt unisex hvid k/æ P/B,Alm.slid uden restværdi,1,1936,44,00D009510FAE,"PLC, Product detaljeret, Aarhus, Sep. 2023.xlsx",0.6918181818181819,T-shirt
09385 T-Shirt Hvid B/P M Arla Tryk,Alm.slid uden restværdi,1,1925,90,00D00AE24147,"PLC, Product detaljeret, Aarhus, Sep. 2023.xlsx",1.4231688311688313,T-shirt
01083 T-Shirt unisex hvid k/æ P/B,Alm.slid uden restværdi,1,1924,103,30155C97D461A7C0013445AC,"PLC, Product detaljeret, Aarhus, Sep. 2023.xlsx",1.6295841995841998,T-shirt
03850 T-Shirt Hvid Lady K/Æ P/B,Alm.slid uden restværdi,1,1913,23,30155C97D461A7C001035F50,"PLC, Product detaljeret, Aarhus, Sep. 2023.xlsx",0.3659801359121798,T-shirt
00946 T-Shirt Hvid Bomuld L/Æ Game,Alm.slid uden restværdi,1,1905,10,30155C97D461A7C001534796,"PLC, Product detaljeret, Aarhus, Sep. 2023.xlsx",0.15979002624671917,T-shirt
00946 T-Shirt Hvid Bomuld L/Æ Game,Alm.slid uden restværdi,1,1905,10,30155C97D461A7C0015347E0,"PLC, Product detaljeret, Aarhus, Sep. 2023.xlsx",0.15979002624671917,T-shirt
09239 T-Shirt K/Æ Da Hvid Bom,Alm.slid uden restværdi,1,1905,6,30155C97D461A7C00153487F,"PLC, Product detaljeret, Aarhus, Sep. 2023.xlsx",0.0958740157480315,T-shirt
00946 T-Shirt Hvid Bomuld L/Æ Game,Alm.slid uden restværdi,1,1904,14,30155C97D461A7C0015347AB,"PLC, Product detaljeret, Aarhus, Sep. 2023.xlsx",0.2238235294117647,T-shirt
00946 T-Shirt Hvid Bomuld L/Æ Game,Alm.slid uden restværdi,1,1904,13,30155C97D461A7C0015347ED,"PLC, Product detaljeret, Aarhus, Sep. 2023.xlsx",0.20783613445378152,T-shirt
00946 T-Shirt Hvid Bomuld L/Æ Game,Alm.slid uden restværdi,1,1904,10,30155C97D461A7C001534810,"PLC, Product detaljeret, Aarhus, Sep. 2023.xlsx",0.15987394957983195,T-shirt
00946 T-Shirt Hvid Bomuld L/Æ Game,Alm.slid uden restværdi,1,1904,12,30155C97D461A7C001534812,"PLC, Product detaljeret, Aarhus, Sep. 2023.xlsx",0.19184873949579834,T-shirt
00946 T-Shirt Hvid Bomuld L/Æ Game,Alm.slid uden restværdi,1,1904,15,30155C97D461A7C001534826,"PLC, Product detaljeret, Aarhus, Sep. 2023.xlsx",0.2398109243697479,T-shirt
00946 T-Shirt Hvid Bomuld L/Æ Game,Alm.slid uden restværdi,1,1904,11,30155C97D461A7C001534851,"PLC, Product detaljeret, Aarhus, Sep. 2023.xlsx",0.17586134453781513,T-shirt
09239 T-Shirt K/Æ Da Hvid Bom,Alm.slid uden restværdi,1,1904,6,30155C97D461A7C00153479A,"PLC, Product detaljeret, Aarhus, Sep. 2023.xlsx",0.09592436974789917,T-shirt
09385 T-Shirt Hvid B/P M Arla Tryk,Alm.slid uden restværdi,1,1903,61,00D00A641D67,"PLC, Product detaljeret, Aarhus, Sep. 2023.xlsx",0.9757435627955859,T-shirt
03850 T-Shirt Hvid Lady K/Æ P/B,Alm.slid uden restværdi,1,1894,121,30155C97D461A7C000E873B5,"PLC, Product detaljeret, Aarhus, Sep. 2023.xlsx",1.9446884899683212,T-shirt
03850 T-Shirt Hvid Lady K/Æ P/B,Alm.slid uden restværdi,1,1878,104,30155C97D461A7C000E8F8F9,"PLC, Product detaljeret, Aarhus, Sep. 2023.xlsx",1.6857082002129926,T-shirt
01083 T-Shirt unisex hvid k/æ P/B,Alm.slid uden restværdi,1,1868,136,30155C97D461A7C000932C15,"PLC, Product detaljeret, Aarhus, Sep. 2023.xlsx",2.216188436830835,T-shirt
01083 T-Shirt unisex hvid k/æ P/B,Alm.slid uden restværdi,1,1841,107,30155C97D461A7C00156DA6D,"PLC, Product detaljeret, Aarhus, Sep. 2023.xlsx",1.769190657251494,T-shirt
09385 T-Shirt Hvid B/P M Arla Tryk,Alm.slid uden restværdi,1,1839,93,30155C97D461A6C00193319C,"PLC, Product detaljeret, Aarhus, Sep. 2023.xlsx",1.5393800978792822,T-shirt
03850 T-Shirt Hvid Lady K/Æ P/B,Alm.slid uden restværdi,1,1827,11,30155C97D461A7C000E87CBD,"PLC, Product detaljeret, Aarhus, Sep. 2023.xlsx",0.18327312534209086,T-shirt
03850 T-Shirt Hvid Lady K/Æ P/B,Alm.slid uden restværdi,1,1825,45,30155C97D461A7C001035EFC,"PLC, Product detaljeret, Aarhus, Sep. 2023.xlsx",0.7505753424657534,T-shirt
09385 T-Shirt Hvid B/P M Arla Tryk,Alm.slid uden restværdi,1,1825,90,00D00AE30814,"PLC, Product detaljeret, Aarhus, Sep. 2023.xlsx",1.5011506849315068,T-shirt
03850 T-Shirt Hvid Lady K/Æ P/B,Alm.slid uden restværdi,1,1821,32,30155C97D461A7C000E07B41,"PLC, Product detaljeret, Aarhus, Sep. 2023.xlsx",0.5349148819330038,T-shirt
03850 T-Shirt Hvid Lady K/Æ P/B,Alm.slid uden restværdi,1,1821,112,30155C97D461A7C000E0917F,"PLC, Product detaljeret, Aarhus, Sep. 2023.xlsx",1.8722020867655136,T-shirt
09385 T-Shirt Hvid B/P M Arla Tryk,Alm.slid uden restværdi,1,1804,66,00D00AE2EFB9,"PLC, Product detaljeret, Aarhus, Sep. 2023.xlsx",1.1136585365853657,T-shirt
09385 T-Shirt Hvid B/P M Arla Tryk,Alm.slid uden restværdi,1,1795,75,00D00AE201A6,"PLC, Product detaljeret, Aarhus, Sep. 2023.xlsx",1.271866295264624,T-shirt
09385 T-Shirt Hvid B/P M Arla Tryk,Alm.slid uden restværdi,1,1793,72,30155C97D461A7C001132145,"PLC, Product detaljeret, Aarhus, Sep. 2023.xlsx",1.2223535973229225,T-shirt
09385 T-Shirt Hvid B/P M Arla Tryk,Alm.slid uden restværdi,1,1780,51,30155C97D461A7C001535187,"PLC, Product detaljeret, Aarhus, Sep. 2023.xlsx",0.8721573033707866,T-shirt
09385 T-Shirt Hvid B/P M Arla Tryk,Alm.slid uden restværdi,1,1771,85,30155C97D461A7C0010DEF9F,"PLC, Product detaljeret, Aarhus, Sep. 2023.xlsx",1.4609824957651045,T-shirt
09385 T-Shirt Hvid B/P M Arla Tryk,Alm.slid uden restværdi,1,1771,82,30155C97D461A7C0010DF10D,"PLC, Product detaljeret, Aarhus, Sep. 2023.xlsx",1.4094184076792773,T-shirt
01083 T-Shirt unisex hvid k/æ P/B,Alm.slid uden restværdi,1,1757,90,30155C97D461A7C00140ABAA,"PLC, Product detaljeret, Aarhus, Sep. 2023.xlsx",1.559248719408082,T-shirt
01083 T-Shirt unisex hvid k/æ P/B,Alm.slid uden restværdi,1,1748,85,30155C97D461A7C00140AB1A,"PLC, Product detaljeret, Aarhus, Sep. 2023.xlsx",1.4802059496567508,T-shirt
01083 T-Shirt unisex hvid k/æ P/B,Alm.slid uden restværdi,1,1748,84,30155C97D461A7C00140ABA5,"PLC, Product detaljeret, Aarhus, Sep. 2023.xlsx",1.46279176201373,T-shirt
01083 T-Shirt unisex hvid k/æ P/B,Alm.slid uden restværdi,1,1748,79,30155C97D461A7C00140ABF5,"PLC, Product detaljeret, Aarhus, Sep. 2023.xlsx",1.3757208237986271,T-shirt
01083 T-Shirt unisex hvid k/æ P/B,Alm.slid uden restværdi,1,1748,84,30155C97D461A7C00140AC08,"PLC, Product detaljeret, Aarhus, Sep. 2023.xlsx",1.46279176201373,T-shirt
01083 T-Shirt unisex hvid k/æ P/B,Alm.slid uden restværdi,1,1745,72,30155C97D461A7C00140AB2B,"PLC, Product detaljeret, Aarhus, Sep. 2023.xlsx",1.2559770773638967,T-shirt
01083 T-Shirt unisex hvid k/æ P/B,Alm.slid uden restværdi,1,1745,81,30155C97D461A7C00140AB60,"PLC, Product detaljeret, Aarhus, Sep. 2023.xlsx",1.412974212034384,T-shirt
09385 T-Shirt Hvid B/P M Arla Tryk,Alm.slid uden restværdi,1,1735,73,00D00AE3874F,"PLC, Product detaljeret, Aarhus, Sep. 2023.xlsx",1.2807608069164267,T-shirt
03850 T-Shirt Hvid Lady K/Æ P/B,Alm.slid uden restværdi,1,1696,8,30155C97D461A7C000E08C2D,"PLC, Product detaljeret, Aarhus, Sep. 2023.xlsx",0.14358490566037735,T-shirt
00946 T-Shirt Hvid Bomuld L/Æ Game,Alm.slid uden restværdi,1,1689,2,30155C97D461A7C00110CA3E,"PLC, Product detaljeret, Aarhus, Sep. 2023.xlsx",0.036044997039668444,T-shirt
09385 T-Shirt Hvid B/P M Arla Tryk,Alm.slid uden restværdi,1,1681,84,00D00AE1112B,"PLC, Product detaljeret, Aarhus, Sep. 2023.xlsx",1.5210945865556218,T-shirt
01083 T-Shirt unisex hvid k/æ P/B,Alm.slid uden restværdi,1,1674,122,30155C97D461A7C001CB6C03,"PLC, Product detaljeret, Aarhus, Sep. 2023.xlsx",2.218446833930705,T-shirt
01083 T-Shirt unisex hvid k/æ P/B,Alm.slid uden restværdi,1,1674,127,30155C97D461A7C001CB6C6C,"PLC, Product detaljeret, Aarhus, Sep. 2023.xlsx",2.3093667861409797,T-shirt
01083 T-Shirt unisex hvid k/æ P/B,Alm.slid uden restværdi,1,1669,103,30155C97D461A7C0016708BB,"PLC, Product detaljeret, Aarhus, Sep. 2023.xlsx",1.878562013181546,T-shirt
01083 T-Shirt unisex hvid k/æ P/B,Alm.slid uden restværdi,1,1669,127,30155C97D461A7C0016708E2,"PLC, Product detaljeret, Aarhus, Sep. 2023.xlsx",2.3162852007189936,T-shirt
01083 T-Shirt unisex hvid k/æ P/B,Alm.slid uden restværdi,1,1669,128,30155C97D461A7C001CB667A,"PLC, Product detaljeret, Aarhus, Sep. 2023.xlsx",2.3345236668663873,T-shirt
01083 T-Shirt unisex hvid k/æ P/B,Alm.slid uden restværdi,1,1669,118,30155C97D461A7C001CB66E5,"PLC, Product detaljeret, Aarhus, Sep. 2023.xlsx",2.152139005392451,T-shirt
03850 T-Shirt Hvid Lady K/Æ P/B,Alm.slid uden restværdi,1,1669,75,30155C97D461A7C001035DF5,"PLC, Product detaljeret, Aarhus, Sep. 2023.xlsx",1.3678849610545238,T-shirt
01083 T-Shirt unisex hvid k/æ P/B,Alm.slid uden restværdi,1,1668,129,30155C97D461A7C001CB6771,"PLC, Product detaljeret, Aarhus, Sep. 2023.xlsx",2.354172661870504,T-shirt
01083 T-Shirt unisex hvid k/æ P/B,Alm.slid uden restværdi,1,1661,125,30155C97D461A7C001CB678F,"PLC, Product detaljeret, Aarhus, Sep. 2023.xlsx",2.2907886815171583,T-shirt
01083 T-Shirt unisex hvid k/æ P/B,Alm.slid uden restværdi,1,1661,122,30155C97D461A7C001CB67A9,"PLC, Product detaljeret, Aarhus, Sep. 2023.xlsx",2.235809753160747,T-shirt
01083 T-Shirt unisex hvid k/æ P/B,Alm.slid uden restværdi,1,1661,125,30155C97D461A7C001CB6CD9,"PLC, Product detaljeret, Aarhus, Sep. 2023.xlsx",2.2907886815171583,T-shirt
01083 T-Shirt unisex hvid k/æ P/B,Alm.slid uden restværdi,1,1661,138,30155C97D461A7C001CB6CEE,"PLC, Product detaljeret, Aarhus, Sep. 2023.xlsx",2.529030704394943,T-shirt
01083 T-Shirt unisex hvid k/æ P/B,Alm.slid uden restværdi,1,1596,136,30155C97D461A7C001CC14D7,"PLC, Product detaljeret, Aarhus, Sep. 2023.xlsx",2.593884711779449,T-shirt
01083 T-Shirt unisex hvid k/æ P/B,Alm.slid uden restværdi,1,1596,144,30155C97D461A7C001CC1546,"PLC, Product detaljeret, Aarhus, Sep. 2023.xlsx",2.746466165413534,T-shirt
01083 T-Shirt unisex hvid k/æ P/B,Alm.slid uden restværdi,1,1596,144,30155C97D461A7C001CC15F7,"PLC, Product detaljeret, Aarhus, Sep. 2023.xlsx",2.746466165413534,T-shirt
01083 T-Shirt unisex hvid k/æ P/B,Alm.slid uden restværdi,1,1583,135,30155C97D461A7C001CC148C,"PLC, Product detaljeret, Aarhus, Sep. 2023.xlsx",2.5959570435881236,T-shirt
01083 T-Shirt unisex hvid k/æ P/B,Alm.slid uden restværdi,1,1583,147,30155C97D461A7C001CC1553,"PLC, Product detaljeret, Aarhus, Sep. 2023.xlsx",2.826708780795957,T-shirt
01083 T-Shirt unisex hvid k/æ P/B,Alm.slid uden restværdi,1,1583,142,30155C97D461A7C001CC15EC,"PLC, Product detaljeret, Aarhus, Sep. 2023.xlsx",2.7305622236260265,T-shirt
"07859 T-Shirt L/Æ, Hvid p/b",Alm.slid uden restværdi,1,1566,85,30155C97D461A7C00203DD02,"PLC, Product detaljeret, Aarhus, Sep. 2023.xlsx",1.652234993614304,T-shirt
01083 T-Shirt unisex hvid k/æ P/B,Alm.slid uden restværdi,1,1562,65,30155C97D461A7C002120111,"PLC, Product detaljeret, Aarhus, Sep. 2023.xlsx",1.266709346991037,T-shirt
09385 T-Shirt Hvid B/P M Arla Tryk,Alm.slid uden restværdi,1,1541,64,00D00AE0F8A1,"PLC, Product detaljeret, Aarhus, Sep. 2023.xlsx",1.2642180402336145,T-shirt
01083 T-Shirt unisex hvid k/æ P/B,Alm.slid uden restværdi,1,1536,125,30155C97D461A7C002169D12,"PLC, Product detaljeret, Aarhus, Sep. 2023.xlsx",2.4772135416666665,T-shirt
03850 T-Shirt Hvid Lady K/Æ P/B,Alm.slid uden restværdi,1,1521,13,00D0086B7567,"PLC, Product detaljeret, Aarhus, Sep. 2023.xlsx",0.2601709401709402,T-shirt
01083 T-Shirt unisex hvid k/æ P/B,Alm.slid uden restværdi,1,1509,80,30155C97D461A7C002110C5C,"PLC, Product detaljeret, Aarhus, Sep. 2023.xlsx",1.6137839628893307,T-shirt
01083 T-Shirt unisex hvid k/æ P/B,Alm.slid uden restværdi,1,1506,90,30155C97D461A7C002110BAB,"PLC, Product detaljeret, Aarhus, Sep. 2023.xlsx",1.8191235059760957,T-shirt
03850 T-Shirt Hvid Lady K/Æ P/B,Alm.slid uden restværdi,1,1501,8,30155C97D461A7C0012251AB,"PLC, Product detaljeret, Aarhus, Sep. 2023.xlsx",0.16223850766155898,T-shirt
09385 T-Shirt Hvid B/P M Arla Tryk,Alm.slid uden restværdi,1,1496,30,30155C97D461A7C0020B1D77,"PLC, Product detaljeret, Aarhus, Sep. 2023.xlsx",0.6104278074866311,T-shirt
09239 T-Shirt K/Æ Da Hvid Bom,Alm.slid uden restværdi,1,1495,2,30155C97D461A7C002115964,"PLC, Product detaljeret, Aarhus, Sep. 2023.xlsx",0.04072240802675585,T-shirt
09385 T-Shirt Hvid B/P M Arla Tryk,Alm.slid uden restværdi,1,1495,49,30155C97D461A7C001CBB005,"PLC, Product detaljeret, Aarhus, Sep. 2023.xlsx",0.9976989966555183,T-shirt
09385 T-Shirt Hvid B/P M Arla Tryk,Alm.slid uden restværdi,1,1470,48,00D00AE32F51,"PLC, Product detaljeret, Aarhus, Sep. 2023.xlsx",0.9939591836734695,T-shirt
01083 T-Shirt unisex hvid k/æ P/B,Alm.slid uden restværdi,1,1469,94,30155C97D461A7C0020E9388,"PLC, Product detaljeret, Aarhus, Sep. 2023.xlsx",1.9478284547311098,T-shirt
01083 T-Shirt unisex hvid k/æ P/B,Alm.slid uden restværdi,1,1466,132,30155C97D461A7C002110BF0,"PLC, Product detaljeret, Aarhus, Sep. 2023.xlsx",2.7408458390177355,T-shirt
09385 T-Shirt Hvid B/P M Arla Tryk,Alm.slid uden restværdi,1,1463,61,30155C97D461A7C002120B63,"PLC, Product detaljeret, Aarhus, Sep. 2023.xlsx",1.2692002734107999,T-shirt
01083 T-Shirt unisex hvid k/æ P/B,Alm.slid uden restværdi,1,1460,80,30155C97D461A7C0020E8907,"PLC, Product detaljeret, Aarhus, Sep. 2023.xlsx",1.6679452054794521,T-shirt
03850 T-Shirt Hvid Lady K/Æ P/B,Alm.slid uden restværdi,1,1446,11,30155C97D461A7C000E07FC1,"PLC, Product detaljeret, Aarhus, Sep. 2023.xlsx",0.23156293222683264,T-shirt
03850 T-Shirt Hvid Lady K/Æ P/B,Alm.slid uden restværdi,1,1446,10,30155C97D461A7C000E0B385,"PLC, Product detaljeret, Aarhus, Sep. 2023.xlsx",0.21051175656984786,T-shirt
09385 T-Shirt Hvid B/P M Arla Tryk,Alm.slid uden restværdi,1,1426,35,30155C97D461A7C002123CE9,"PLC, Product detaljeret, Aarhus, Sep. 2023.xlsx",0.747124824684432,T-shirt
"07859 T-Shirt L/Æ, Hvid p/b",Alm.slid uden restværdi,1,1413,1,30155C97D461A7C00229843E,"PLC, Product detaljeret, Aarhus, Sep. 2023.xlsx",0.021542816702052374,T-shirt
01083 T-Shirt unisex hvid k/æ P/B,Alm.slid uden restværdi,1,1344,52,30155C97D461A7C00276FE21,"PLC, Product detaljeret, Aarhus, Sep. 2023.xlsx",1.1777380952380954,T-shirt
01083 T-Shirt unisex hvid k/æ P/B,Alm.slid uden restværdi,1,1344,48,30155C97D461A7C002770145,"PLC, Product detaljeret, Aarhus, Sep. 2023.xlsx",1.0871428571428572,T-shirt
01083 T-Shirt unisex hvid k/æ P/B,Alm.slid uden restværdi,1,1331,79,30155C97D461A7C00276C0FD,"PLC, Product detaljeret, Aarhus, Sep. 2023.xlsx",1.8067317806160783,T-shirt
"07859 T-Shirt L/Æ, Hvid p/b",Alm.slid uden restværdi,1,1330,25,30155C97D461A7C00276832A,"PLC, Product detaljeret, Aarhus, Sep. 2023.xlsx",0.5721804511278196,T-shirt
09385 T-Shirt Hvid B/P M Arla Tryk,Alm.slid uden restværdi,1,1314,51,00D00AE10431,"PLC, Product detaljeret, Aarhus, Sep. 2023.xlsx",1.181461187214612,T-shirt
09385 T-Shirt Hvid B/P M Arla Tryk,Alm.slid uden restværdi,1,1305,84,30155C97D461A6C00193383B,"PLC, Product detaljeret, Aarhus, Sep. 2023.xlsx",1.9593563218390806,T-shirt
09385 T-Shirt Hvid B/P M Arla Tryk,Alm.slid uden restværdi,1,1278,67,30155C97D461A7C00212136B,"PLC, Product detaljeret, Aarhus, Sep. 2023.xlsx",1.5958372456964007,T-shirt
03850 T-Shirt Hvid Lady K/Æ P/B,Alm.slid uden restværdi,1,1245,122,30155C97D461A7C000E08A71,"PLC, Product detaljeret, Aarhus, Sep. 2023.xlsx",2.982875502008032,T-shirt
09385 T-Shirt Hvid B/P M Arla Tryk,Alm.slid uden restværdi,1,1245,52,30155C97D461A7C0022A8A5D,"PLC, Product detaljeret, Aarhus, Sep. 2023.xlsx",1.271389558232932,T-shirt
09385 T-Shirt Hvid B/P M Arla Tryk,Alm.slid uden restværdi,1,1245,54,30155C97D461A7C0022A8AC3,"PLC, Product detaljeret, Aarhus, Sep. 2023.xlsx",1.320289156626506,T-shirt
09385 T-Shirt Hvid B/P M Arla Tryk,Alm.slid uden restværdi,1,1243,41,30155C97D461A7C0022A89FB,"PLC, Product detaljeret, Aarhus, Sep. 2023.xlsx",1.0040547063555914,T-shirt
03850 T-Shirt Hvid Lady K/Æ P/B,Alm.slid uden restværdi,1,1241,112,30155C97D461A7C000E0863F,"PLC, Product detaljeret, Aarhus, Sep. 2023.xlsx",2.7472038678485093,T-shirt
09385 T-Shirt Hvid B/P M Arla Tryk,Alm.slid uden restværdi,1,1239,45,30155C97D461A4C0014230A3,"PLC, Product detaljeret, Aarhus, Sep. 2023.xlsx",1.1055690072639224,T-shirt
09385 T-Shirt Hvid B/P M Arla Tryk,Alm.slid uden restværdi,1,1237,63,30155C97D461A7C00229B0BB,"PLC, Product detaljeret, Aarhus, Sep. 2023.xlsx",1.5502991107518191,T-shirt
09385 T-Shirt Hvid B/P M Arla Tryk,Alm.slid uden restværdi,1,1218,43,30155C97D461A7C00229BF3A,"PLC, Product detaljeret, Aarhus, Sep. 2023.xlsx",1.0746469622331691,T-shirt
09385 T-Shirt Hvid B/P M Arla Tryk,Alm.slid uden restværdi,1,1204,40,30155C97D461A7C002269122,"PLC, Product detaljeret, Aarhus, Sep. 2023.xlsx",1.011295681063123,T-shirt
08610 T-Shirt Lady Hvid Bomuld,Alm.slid uden restværdi,1,1196,34,00D009828B42,"PLC, Product detaljeret, Aarhus, Sep. 2023.xlsx",0.8653511705685618,T-shirt
09385 T-Shirt Hvid B/P M Arla Tryk,Alm.slid uden restværdi,1,1194,50,00D00B1C5018,"PLC, Product detaljeret, Aarhus, Sep. 2023.xlsx",1.274706867671692,T-shirt
09385 T-Shirt Hvid B/P M Arla Tryk,Alm.slid uden restværdi,1,1192,82,30155C97D461A6C00081E2C0,"PLC, Product detaljeret, Aarhus, Sep. 2023.xlsx",2.094026845637584,T-shirt
09385 T-Shirt Hvid B/P M Arla Tryk,Alm.slid uden restværdi,1,1187,63,00D00B1C6A7D,"PLC, Product detaljeret, Aarhus, Sep. 2023.xlsx",1.615602358887953,T-shirt
09385 T-Shirt Hvid B/P M Arla Tryk,Alm.slid uden restværdi,1,1139,70,30155C97D461A6C00081E259,"PLC, Product detaljeret, Aarhus, Sep. 2023.xlsx",1.8707638279192274,T-shirt
09385 T-Shirt Hvid B/P M Arla Tryk,Alm.slid uden restværdi,1,1139,71,30155C97D461A6C0019338BD,"PLC, Product detaljeret, Aarhus, Sep. 2023.xlsx",1.8974890254609307,T-shirt
09385 T-Shirt Hvid B/P M Arla Tryk,Alm.slid uden restværdi,1,1137,69,30155C97D461A6C001931BC6,"PLC, Product detaljeret, Aarhus, Sep. 2023.xlsx",1.8472823218997363,T-shirt
09385 T-Shirt Hvid B/P M Arla Tryk,Alm.slid uden restværdi,1,1137,53,30155C97D461A6C001931BF4,"PLC, Product detaljeret, Aarhus, Sep. 2023.xlsx",1.4189270008795074,T-shirt
09385 T-Shirt Hvid B/P M Arla Tryk,Alm.slid uden restværdi,1,1135,77,30155C97D461A6C00081E1E7,"PLC, Product detaljeret, Aarhus, Sep. 2023.xlsx",2.0650925110132157,T-shirt
09385 T-Shirt Hvid B/P M Arla Tryk,Alm.slid uden restværdi,1,1134,57,30155C97D461A7C0028C5837,"PLC, Product detaljeret, Aarhus, Sep. 2023.xlsx",1.53005291005291,T-shirt
09385 T-Shirt Hvid B/P M Arla Tryk,Alm.slid uden restværdi,1,1126,60,30155C97D461A6C00081E0F5,"PLC, Product detaljeret, Aarhus, Sep. 2023.xlsx",1.6220248667850798,T-shirt
09385 T-Shirt Hvid B/P M Arla Tryk,Alm.slid uden restværdi,1,1126,60,30155C97D461A6C001933138,"PLC, Product detaljeret, Aarhus, Sep. 2023.xlsx",1.6220248667850798,T-shirt
01083 T-Shirt unisex hvid k/æ P/B,Alm.slid uden restværdi,1,1123,53,30155C97D461A7C002913BA6,"PLC, Product detaljeret, Aarhus, Sep. 2023.xlsx",1.4366162065894923,T-shirt
09385 T-Shirt Hvid B/P M Arla Tryk,Alm.slid uden restværdi,1,1116,53,30155C97D461A7C001F3F780,"PLC, Product detaljeret, Aarhus, Sep. 2023.xlsx",1.4456272401433692,T-shirt
09385 T-Shirt Hvid B/P M Arla Tryk,Alm.slid uden restværdi,1,1116,43,30155C97D461A7C0023BC3B0,"PLC, Product detaljeret, Aarhus, Sep. 2023.xlsx",1.172867383512545,T-shirt
01083 T-Shirt unisex hvid k/æ P/B,Alm.slid uden restværdi,1,1114,88,30155C97D461A7C002915223,"PLC, Product detaljeret, Aarhus, Sep. 2023.xlsx",2.4045960502693,T-shirt
01083 T-Shirt unisex hvid k/æ P/B,Alm.slid uden restværdi,1,1114,79,30155C97D461A7C002915292,"PLC, Product detaljeret, Aarhus, Sep. 2023.xlsx",2.1586714542190304,T-shirt
01083 T-Shirt unisex hvid k/æ P/B,Alm.slid uden restværdi,1,1114,80,30155C97D461A7C00291531B,"PLC, Product detaljeret, Aarhus, Sep. 2023.xlsx",2.1859964093357274,T-shirt
09385 T-Shirt Hvid B/P M Arla Tryk,Alm.slid uden restværdi,1,1112,53,30155C97D461A7C00268DD6E,"PLC, Product detaljeret, Aarhus, Sep. 2023.xlsx",1.4508273381294965,T-shirt
09385 T-Shirt Hvid B/P M Arla Tryk,Alm.slid uden restværdi,1,1112,52,30155C97D461A7C00268DE36,"PLC, Product detaljeret, Aarhus, Sep. 2023.xlsx",1.4234532374100721,T-shirt
10981 T-shirt prowear dame hvid pb,Alm.slid uden restværdi,1,1108,21,30155C97D461A7C00291D251,"PLC, Product detaljeret, Aarhus, Sep. 2023.xlsx",0.5769314079422383,T-shirt
10981 T-shirt prowear dame hvid pb,Alm.slid uden restværdi,1,1108,37,30155C97D461A7C00291D2B5,"PLC, Product detaljeret, Aarhus, Sep. 2023.xlsx",1.0164981949458485,T-shirt
10981 T-shirt prowear dame hvid pb,Alm.slid uden restværdi,1,1108,27,30155C97D461A7C00291D2D5,"PLC, Product detaljeret, Aarhus, Sep. 2023.xlsx",0.741768953068592,T-shirt
10981 T-shirt prowear dame hvid pb,Alm.slid uden restværdi,1,1108,24,30155C97D461A7C00291D2F5,"PLC, Product detaljeret, Aarhus, Sep. 2023.xlsx",0.6593501805054152,T-shirt
10981 T-shirt prowear dame hvid pb,Alm.slid uden restværdi,1,1108,41,30155C97D461A7C00291D396,"PLC, Product detaljeret, Aarhus, Sep. 2023.xlsx",1.126389891696751,T-shirt
09385 T-Shirt Hvid B/P M Arla Tryk,Alm.slid uden restværdi,1,1107,51,30155C97D461A7C0028C5745,"PLC, Product detaljeret, Aarhus, Sep. 2023.xlsx",1.4023848238482386,T-shirt
09385 T-Shirt Hvid B/P M Arla Tryk,Alm.slid uden restværdi,1,1107,50,30155C97D461A7C0028C579B,"PLC, Product detaljeret, Aarhus, Sep. 2023.xlsx",1.3748870822041555,T-shirt
10981 T-shirt prowear dame hvid pb,Alm.slid uden restværdi,1,1107,32,30155C97D461A7C00291D263,"PLC, Product detaljeret, Aarhus, Sep. 2023.xlsx",0.8799277326106595,T-shirt
10981 T-shirt prowear dame hvid pb,Alm.slid uden restværdi,1,1107,53,30155C97D461A7C00291D288,"PLC, Product detaljeret, Aarhus, Sep. 2023.xlsx",1.4573803071364049,T-shirt
10981 T-shirt prowear dame hvid pb,Alm.slid uden restværdi,1,1107,37,30155C97D461A7C00291D2B2,"PLC, Product detaljeret, Aarhus, Sep. 2023.xlsx",1.0174164408310749,T-shirt
10981 T-shirt prowear dame hvid pb,Alm.slid uden restværdi,1,1107,59,30155C97D461A7C00291D31A,"PLC, Product detaljeret, Aarhus, Sep. 2023.xlsx",1.6223667570009035,T-shirt
10981 T-shirt prowear dame hvid pb,Alm.slid uden restværdi,1,1107,30,30155C97D461A7C00291D40C,"PLC, Product detaljeret, Aarhus, Sep. 2023.xlsx",0.8249322493224933,T-shirt
10981 T-shirt prowear dame hvid pb,Alm.slid uden restværdi,1,1107,52,30155C97D461A7C00291D428,"PLC, Product detaljeret, Aarhus, Sep. 2023.xlsx",1.4298825654923217,T-shirt
09385 T-Shirt Hvid B/P M Arla Tryk,Alm.slid uden restværdi,1,1106,69,30155C97D461A6C00193286B,"PLC, Product detaljeret, Aarhus, Sep. 2023.xlsx",1.8990596745027124,T-shirt
09239 T-Shirt K/Æ Da Hvid Bom,Alm.slid uden restværdi,1,1099,1,30155C97D461A7C0027CE451,"PLC, Product detaljeret, Aarhus, Sep. 2023.xlsx",0.02769790718835305,T-shirt
03850 T-Shirt Hvid Lady K/Æ P/B,Alm.slid uden restværdi,1,1096,22,30155C97D461A7C001442C99,"PLC, Product detaljeret, Aarhus, Sep. 2023.xlsx",0.611021897810219,T-shirt
09385 T-Shirt Hvid B/P M Arla Tryk,Alm.slid uden restværdi,1,1096,32,30155C97D461A7C0028C4369,"PLC, Product detaljeret, Aarhus, Sep. 2023.xlsx",0.8887591240875913,T-shirt
09385 T-Shirt Hvid B/P M Arla Tryk,Alm.slid uden restværdi,1,1090,53,00D00B1C67D5,"PLC, Product detaljeret, Aarhus, Sep. 2023.xlsx",1.4801100917431194,T-shirt
01083 T-Shirt unisex hvid k/æ P/B,Alm.slid uden restværdi,1,1086,21,30155C97D461A7C002913AF0,"PLC, Product detaljeret, Aarhus, Sep. 2023.xlsx",0.5886187845303867,T-shirt
01083 T-Shirt unisex hvid k/æ P/B,Alm.slid uden restværdi,1,1085,67,30155C97D461A7C002913B77,"PLC, Product detaljeret, Aarhus, Sep. 2023.xlsx",1.879705069124424,T-shirt
09385 T-Shirt Hvid B/P M Arla Tryk,Alm.slid uden restværdi,1,1083,52,30155C97D461A7C0027530E2,"PLC, Product detaljeret, Aarhus, Sep. 2023.xlsx",1.4615697137580794,T-shirt
09385 T-Shirt Hvid B/P M Arla Tryk,Alm.slid uden restværdi,1,1070,44,30155C97D461A6C00193294D,"PLC, Product detaljeret, Aarhus, Sep. 2023.xlsx",1.2517383177570094,T-shirt
09385 T-Shirt Hvid B/P M Arla Tryk,Alm.slid uden restværdi,1,1057,53,30155C97D461A7C002918867,"PLC, Product detaljeret, Aarhus, Sep. 2023.xlsx",1.5263197729422895,T-shirt
09385 T-Shirt Hvid B/P M Arla Tryk,Alm.slid uden restværdi,1,1051,50,30155C97D461A6C00013F61F,"PLC, Product detaljeret, Aarhus, Sep. 2023.xlsx",1.4481446241674596,T-shirt
09385 T-Shirt Hvid B/P M Arla Tryk,Alm.slid uden restværdi,1,1051,46,30155C97D461A6C00013F701,"PLC, Product detaljeret, Aarhus, Sep. 2023.xlsx",1.332293054234063,T-shirt
09385 T-Shirt Hvid B/P M Arla Tryk,Alm.slid uden restværdi,1,1051,43,30155C97D461A6C00013F734,"PLC, Product detaljeret, Aarhus, Sep. 2023.xlsx",1.2454043767840153,T-shirt
09385 T-Shirt Hvid B/P M Arla Tryk,Alm.slid uden restværdi,1,1051,42,30155C97D461A6C00013F753,"PLC, Product detaljeret, Aarhus, Sep. 2023.xlsx",1.2164414843006661,T-shirt
01083 T-Shirt unisex hvid k/æ P/B,Alm.slid uden restværdi,1,1037,73,30155C97D461A6C00016F340,"PLC, Product detaljeret, Aarhus, Sep. 2023.xlsx",2.142835101253616,T-shirt
09385 T-Shirt Hvid B/P M Arla Tryk,Alm.slid uden restværdi,1,1036,36,30155C97D461A4C001423831,"PLC, Product detaljeret, Aarhus, Sep. 2023.xlsx",1.0577606177606178,T-shirt
09385 T-Shirt Hvid B/P M Arla Tryk,Alm.slid uden restværdi,1,1027,55,00D00B4E8744,"PLC, Product detaljeret, Aarhus, Sep. 2023.xlsx",1.6301850048685491,T-shirt
09385 T-Shirt Hvid B/P M Arla Tryk,Alm.slid uden restværdi,1,1022,71,30155C97D461A6C00193281D,"PLC, Product detaljeret, Aarhus, Sep. 2023.xlsx",2.1147162426614483,T-shirt
09385 T-Shirt Hvid B/P M Arla Tryk,Alm.slid uden restværdi,1,1019,46,30155C97D461A7C0027CF137,"PLC, Product detaljeret, Aarhus, Sep. 2023.xlsx",1.3741315014720314,T-shirt
09385 T-Shirt Hvid B/P M Arla Tryk,Alm.slid uden restværdi,1,1015,43,30155C97D461A7C00229C066,"PLC, Product detaljeret, Aarhus, Sep. 2023.xlsx",1.2895763546798031,T-shirt
09385 T-Shirt Hvid B/P M Arla Tryk,Alm.slid uden restværdi,1,1007,48,30155C97D461A6C00035A6EA,"PLC, Product detaljeret, Aarhus, Sep. 2023.xlsx",1.450963257199603,T-shirt
09385 T-Shirt Hvid B/P M Arla Tryk,Alm.slid uden restværdi,1,1007,41,30155C97D461A6C00035A864,"PLC, Product detaljeret, Aarhus, Sep. 2023.xlsx",1.239364448857994,T-shirt
09385 T-Shirt Hvid B/P M Arla Tryk,Alm.slid uden restværdi,1,1002,45,30155C97D461A6C000127479,"PLC, Product detaljeret, Aarhus, Sep. 2023.xlsx",1.367065868263473,T-shirt
09385 T-Shirt Hvid B/P M Arla Tryk,Alm.slid uden restværdi,1,995,23,30155C97D461A4C0014237FC,"PLC, Product detaljeret, Aarhus, Sep. 2023.xlsx",0.7036381909547739,T-shirt
03850 T-Shirt Hvid Lady K/Æ P/B,Alm.slid uden restværdi,1,992,52,30155C97D461A7C000E08237,"PLC, Product detaljeret, Aarhus, Sep. 2023.xlsx",1.5956451612903226,T-shirt
09385 T-Shirt Hvid B/P M Arla Tryk,Alm.slid uden restværdi,1,986,54,00D00B4EF65A,"PLC, Product detaljeret, Aarhus, Sep. 2023.xlsx",1.6670993914807302,T-shirt
03850 T-Shirt Hvid Lady K/Æ P/B,Alm.slid uden restværdi,1,981,16,30155C97D461A7C001D53E27,"PLC, Product detaljeret, Aarhus, Sep. 2023.xlsx",0.49647298674821616,T-shirt
09385 T-Shirt Hvid B/P M Arla Tryk,Alm.slid uden restværdi,1,981,47,30155C97D461A6C00017172C,"PLC, Product detaljeret, Aarhus, Sep. 2023.xlsx",1.4583893985728849,T-shirt
09385 T-Shirt Hvid B/P M Arla Tryk,Alm.slid uden restværdi,1,978,52,30155C97D461A6C00013F8EA,"PLC, Product detaljeret, Aarhus, Sep. 2023.xlsx",1.6184867075664622,T-shirt
10981 T-shirt prowear dame hvid pb,Alm.slid uden restværdi,1,955,55,30155C97D461A6C00030D59E,"PLC, Product detaljeret, Aarhus, Sep. 2023.xlsx",1.753089005235602,T-shirt
09385 T-Shirt Hvid B/P M Arla Tryk,Alm.slid uden restværdi,1,944,41,30155C97D461A6C00035A700,"PLC, Product detaljeret, Aarhus, Sep. 2023.xlsx",1.3220762711864409,T-shirt
09385 T-Shirt Hvid B/P M Arla Tryk,Alm.slid uden restværdi,1,936,36,30155C97D461A6C00035A7D3,"PLC, Product detaljeret, Aarhus, Sep. 2023.xlsx",1.1707692307692308,T-shirt
09385 T-Shirt Hvid B/P M Arla Tryk,Alm.slid uden restværdi,1,932,37,30155C97D461A6C0001413B9,"PLC, Product detaljeret, Aarhus, Sep. 2023.xlsx",1.2084549356223175,T-shirt
09385 T-Shirt Hvid B/P M Arla Tryk,Alm.slid uden restværdi,1,928,63,30155C97D461A6C00081E13F,"PLC, Product detaljeret, Aarhus, Sep. 2023.xlsx",2.0665086206896555,T-shirt
09385 T-Shirt Hvid B/P M Arla Tryk,Alm.slid uden restværdi,1,921,71,30155C97D461A6C00013F790,"PLC, Product detaljeret, Aarhus, Sep. 2023.xlsx",2.346623235613464,T-shirt
09385 T-Shirt Hvid B/P M Arla Tryk,Alm.slid uden restværdi,1,919,54,30155C97D461A6C0019331A7,"PLC, Product detaljeret, Aarhus, Sep. 2023.xlsx",1.788639825897715,T-shirt
09385 T-Shirt Hvid B/P M Arla Tryk,Alm.slid uden restværdi,1,915,38,30155C97D461A6C000142425,"PLC, Product detaljeret, Aarhus, Sep. 2023.xlsx",1.2641748633879784,T-shirt
01083 T-Shirt unisex hvid k/æ P/B,Alm.slid uden restværdi,1,906,24,30155C97D461A6C0003102F3,"PLC, Product detaljeret, Aarhus, Sep. 2023.xlsx",0.8063576158940398,T-shirt
01083 T-Shirt unisex hvid k/æ P/B,Alm.slid uden restværdi,1,905,112,30155C97D461A6C000304D26,"PLC, Product detaljeret, Aarhus, Sep. 2023.xlsx",3.7671602209944757,T-shirt
09385 T-Shirt Hvid B/P M Arla Tryk,Alm.slid uden restværdi,1,899,36,00D00B4E93C9,"PLC, Product detaljeret, Aarhus, Sep. 2023.xlsx",1.2189543937708567,T-shirt
09385 T-Shirt Hvid B/P M Arla Tryk,Alm.slid uden restværdi,1,894,68,30155C97D461A6C001931B13,"PLC, Product detaljeret, Aarhus, Sep. 2023.xlsx",2.3153467561521253,T-shirt
09385 T-Shirt Hvid B/P M Arla Tryk,Alm.slid uden restværdi,1,876,35,30155C97D461A6C000142395,"PLC, Product detaljeret, Aarhus, Sep. 2023.xlsx",1.2162100456621003,T-shirt
01083 T-Shirt unisex hvid k/æ P/B,Alm.slid uden restværdi,1,872,34,30155C97D461A6C000818B55,"PLC, Product detaljeret, Aarhus, Sep. 2023.xlsx",1.1868807339449543,T-shirt
01083 T-Shirt unisex hvid k/æ P/B,Alm.slid uden restværdi,1,868,50,30155C97D461A6C0001B3914,"PLC, Product detaljeret, Aarhus, Sep. 2023.xlsx",1.7534562211981568,T-shirt
26666 T-shirt dame 1/2 ærme hvid,Alm.slid uden restværdi,1,868,11,30155C97D461A6C000306B3C,"PLC, Product detaljeret, Aarhus, Sep. 2023.xlsx",0.38576036866359453,T-shirt
26666 T-shirt dame 1/2 ærme hvid,Alm.slid uden restværdi,1,868,6,30155C97D461A6C000306B52,"PLC, Product detaljeret, Aarhus, Sep. 2023.xlsx",0.2104147465437788,T-shirt
01083 T-Shirt unisex hvid k/æ P/B,Alm.slid uden restværdi,1,859,33,30155C97D461A6C000304C4E,"PLC, Product detaljeret, Aarhus, Sep. 2023.xlsx",1.1694062863795112,T-shirt
09385 T-Shirt Hvid B/P M Arla Tryk,Alm.slid uden restværdi,1,859,32,30155C97D461A6C00012B0BF,"PLC, Product detaljeret, Aarhus, Sep. 2023.xlsx",1.1339697322467985,T-shirt
09385 T-Shirt Hvid B/P M Arla Tryk,Alm.slid uden restværdi,1,852,47,30155C97D461A6C000141443,"PLC, Product detaljeret, Aarhus, Sep. 2023.xlsx",1.6792018779342723,T-shirt
09385 T-Shirt Hvid B/P M Arla Tryk,Alm.slid uden restværdi,1,852,30,30155C97D461A6C0003125A0,"PLC, Product detaljeret, Aarhus, Sep. 2023.xlsx",1.071830985915493,T-shirt
01083 T-Shirt unisex hvid k/æ P/B,Alm.slid uden restværdi,1,851,75,30155C97D461A6C0003A6B41,"PLC, Product detaljeret, Aarhus, Sep. 2023.xlsx",2.6827262044653346,T-shirt
09385 T-Shirt Hvid B/P M Arla Tryk,Alm.slid uden restværdi,1,845,45,30155C97D461A6C00012D02D,"PLC, Product detaljeret, Aarhus, Sep. 2023.xlsx",1.6210650887573965,T-shirt
09385 T-Shirt Hvid B/P M Arla Tryk,Alm.slid uden restværdi,1,845,42,30155C97D461A6C0001423C8,"PLC, Product detaljeret, Aarhus, Sep. 2023.xlsx",1.5129940828402366,T-shirt
01083 T-Shirt unisex hvid k/æ P/B,Alm.slid uden restværdi,1,840,63,30155C97D461A6C0001B3A1D,"PLC, Product detaljeret, Aarhus, Sep. 2023.xlsx",2.283,T-shirt
01083 T-Shirt unisex hvid k/æ P/B,Alm.slid uden restværdi,1,838,25,30155C97D461A6C00080C03D,"PLC, Product detaljeret, Aarhus, Sep. 2023.xlsx",0.9081145584725537,T-shirt
09385 T-Shirt Hvid B/P M Arla Tryk,Alm.slid uden restværdi,1,836,30,30155C97D461A6C00012A441,"PLC, Product detaljeret, Aarhus, Sep. 2023.xlsx",1.0923444976076555,T-shirt
01083 T-Shirt unisex hvid k/æ P/B,Alm.slid uden restværdi,1,828,57,30155C97D461A6C0008E0B79,"PLC, Product detaljeret, Aarhus, Sep. 2023.xlsx",2.095507246376812,T-shirt
01083 T-Shirt unisex hvid k/æ P/B,Alm.slid uden restværdi,1,825,31,30155C97D461A6C0008C1CE0,"PLC, Product detaljeret, Aarhus, Sep. 2023.xlsx",1.1438060606060607,T-shirt
09385 T-Shirt Hvid B/P M Arla Tryk,Alm.slid uden restværdi,1,825,22,30155C97D461A6C000142328,"PLC, Product detaljeret, Aarhus, Sep. 2023.xlsx",0.8117333333333334,T-shirt
01083 T-Shirt unisex hvid k/æ P/B,Alm.slid uden restværdi,1,819,35,30155C97D461A6C0008C1CAB,"PLC, Product detaljeret, Aarhus, Sep. 2023.xlsx",1.300854700854701,T-shirt
01083 T-Shirt unisex hvid k/æ P/B,Alm.slid uden restværdi,1,819,37,30155C97D461A6C0008C1D23,"PLC, Product detaljeret, Aarhus, Sep. 2023.xlsx",1.3751892551892553,T-shirt
01083 T-Shirt unisex hvid k/æ P/B,Alm.slid uden restværdi,1,818,30,30155C97D461A6C0008C1DC5,"PLC, Product detaljeret, Aarhus, Sep. 2023.xlsx",1.1163814180929097,T-shirt
10981 T-shirt prowear dame hvid pb,Alm.slid uden restværdi,1,814,41,30155C97D461A6C000B861A4,"PLC, Product detaljeret, Aarhus, Sep. 2023.xlsx",1.5332186732186732,T-shirt
10981 T-shirt prowear dame hvid pb,Alm.slid uden restværdi,1,814,32,30155C97D461A6C000B86243,"PLC, Product detaljeret, Aarhus, Sep. 2023.xlsx",1.1966584766584767,T-shirt
10981 T-shirt prowear dame hvid pb,Alm.slid uden restværdi,1,814,35,30155C97D461A6C000B862D5,"PLC, Product detaljeret, Aarhus, Sep. 2023.xlsx",1.308845208845209,T-shirt
10981 T-shirt prowear dame hvid pb,Alm.slid uden restværdi,1,814,41,30155C97D461A6C000B86AC8,"PLC, Product detaljeret, Aarhus, Sep. 2023.xlsx",1.5332186732186732,T-shirt
01083 T-Shirt unisex hvid k/æ P/B,Alm.slid uden restværdi,1,806,60,30155C97D461A6C00020F1FE,"PLC, Product detaljeret, Aarhus, Sep. 2023.xlsx",2.266004962779156,T-shirt
03850 T-Shirt Hvid Lady K/Æ P/B,Alm.slid uden restværdi,1,801,9,30155C97D461A7C001D53D0E,"PLC, Product detaljeret, Aarhus, Sep. 2023.xlsx",0.34202247191011237,T-shirt
09385 T-Shirt Hvid B/P M Arla Tryk,Alm.slid uden restværdi,1,791,49,30155C97D461A6C000171736,"PLC, Product detaljeret, Aarhus, Sep. 2023.xlsx",1.8856637168141595,T-shirt
01083 T-Shirt unisex hvid k/æ P/B,Alm.slid uden restværdi,1,781,48,30155C97D461A6C000B1C55E,"PLC, Product detaljeret, Aarhus, Sep. 2023.xlsx",1.8708322663252241,T-shirt
09385 T-Shirt Hvid B/P M Arla Tryk,Alm.slid uden restværdi,1,777,31,30155C97D461A6C00012B0A6,"PLC, Product detaljeret, Aarhus, Sep. 2023.xlsx",1.2144658944658946,T-shirt
09385 T-Shirt Hvid B/P M Arla Tryk,Alm.slid uden restværdi,1,760,40,30155C97D461A6C00012D012,"PLC, Product detaljeret, Aarhus, Sep. 2023.xlsx",1.6021052631578947,T-shirt
01083 T-Shirt unisex hvid k/æ P/B,Alm.slid uden restværdi,1,758,35,30155C97D461A6C000B0C3D8,"PLC, Product detaljeret, Aarhus, Sep. 2023.xlsx",1.4055408970976253,T-shirt
01083 T-Shirt unisex hvid k/æ P/B,Alm.slid uden restværdi,1,758,32,30155C97D461A6C000B0C3E5,"PLC, Product detaljeret, Aarhus, Sep. 2023.xlsx",1.285065963060686,T-shirt
01083 T-Shirt unisex hvid k/æ P/B,Alm.slid uden restværdi,1,748,35,30155C97D461A6C000B9F1D3,"PLC, Product detaljeret, Aarhus, Sep. 2023.xlsx",1.424331550802139,T-shirt
09385 T-Shirt Hvid B/P M Arla Tryk,Alm.slid uden restværdi,1,712,39,30155C97D461A6C00081E1F7,"PLC, Product detaljeret, Aarhus, Sep. 2023.xlsx",1.667359550561798,T-shirt
01083 T-Shirt unisex hvid k/æ P/B,Alm.slid uden restværdi,1,695,15,30155C97D461A6C000B06033,"PLC, Product detaljeret, Aarhus, Sep. 2023.xlsx",0.6569784172661871,T-shirt
09385 T-Shirt Hvid B/P M Arla Tryk,Alm.slid uden restværdi,1,674,30,30155C97D461A6C00080B6BC,"PLC, Product detaljeret, Aarhus, Sep. 2023.xlsx",1.3548961424332346,T-shirt
10981 T-shirt prowear dame hvid pb,Alm.slid uden restværdi,1,671,14,30155C97D461A6C00071FEA1,"PLC, Product detaljeret, Aarhus, Sep. 2023.xlsx",0.6351117734724293,T-shirt
10981 T-shirt prowear dame hvid pb,Alm.slid uden restværdi,1,668,11,30155C97D461A6C0015B949B,"PLC, Product detaljeret, Aarhus, Sep. 2023.xlsx",0.5012574850299402,T-shirt
10981 T-shirt prowear dame hvid pb,Alm.slid uden restværdi,1,667,9,30155C97D461A6C0015B341D,"PLC, Product detaljeret, Aarhus, Sep. 2023.xlsx",0.41073463268365823,T-shirt
01083 T-Shirt unisex hvid k/æ P/B,Alm.slid uden restværdi,1,665,28,30155C97D461A6C0015B3D12,"PLC, Product detaljeret, Aarhus, Sep. 2023.xlsx",1.2816842105263158,T-shirt
01083 T-Shirt unisex hvid k/æ P/B,Alm.slid uden restværdi,1,664,47,30155C97D461A6C00105D531,"PLC, Product detaljeret, Aarhus, Sep. 2023.xlsx",2.154638554216868,T-shirt
01083 T-Shirt unisex hvid k/æ P/B,Alm.slid uden restværdi,1,664,59,30155C97D461A6C00105D538,"PLC, Product detaljeret, Aarhus, Sep. 2023.xlsx",2.704759036144578,T-shirt
01083 T-Shirt unisex hvid k/æ P/B,Alm.slid uden restværdi,1,664,57,30155C97D461A6C00105D558,"PLC, Product detaljeret, Aarhus, Sep. 2023.xlsx",2.6130722891566265,T-shirt
01083 T-Shirt unisex hvid k/æ P/B,Alm.slid uden restværdi,1,664,51,30155C97D461A6C00105D568,"PLC, Product detaljeret, Aarhus, Sep. 2023.xlsx",2.338012048192771,T-shirt
01083 T-Shirt unisex hvid k/æ P/B,Alm.slid uden restværdi,1,664,50,30155C97D461A6C00105D5D3,"PLC, Product detaljeret, Aarhus, Sep. 2023.xlsx",2.2921686746987953,T-shirt
01083 T-Shirt unisex hvid k/æ P/B,Alm.slid uden restværdi,1,662,32,30155C97D461A6C000BACFCB,"PLC, Product detaljeret, Aarhus, Sep. 2023.xlsx",1.4714199395770393,T-shirt
"07859 T-Shirt L/Æ, Hvid p/b",Alm.slid uden restværdi,1,660,24,30155C97D461A6C000BAB7B0,"PLC, Product detaljeret, Aarhus, Sep. 2023.xlsx",1.1069090909090908,T-shirt
10981 T-shirt prowear dame hvid pb,Alm.slid uden restværdi,1,660,15,30155C97D461A6C00020F79B,"PLC, Product detaljeret, Aarhus, Sep. 2023.xlsx",0.6918181818181819,T-shirt
01083 T-Shirt unisex hvid k/æ P/B,Alm.slid uden restværdi,1,659,47,30155C97D461A6C00105D579,"PLC, Product detaljeret, Aarhus, Sep. 2023.xlsx",2.1709863429438547,T-shirt
01083 T-Shirt unisex hvid k/æ P/B,Alm.slid uden restværdi,1,659,57,30155C97D461A6C00105D5AF,"PLC, Product detaljeret, Aarhus, Sep. 2023.xlsx",2.632898330804249,T-shirt
01083 T-Shirt unisex hvid k/æ P/B,Alm.slid uden restværdi,1,659,43,30155C97D461A6C0012F3C86,"PLC, Product detaljeret, Aarhus, Sep. 2023.xlsx",1.9862215477996965,T-shirt
01083 T-Shirt unisex hvid k/æ P/B,Alm.slid uden restværdi,1,659,57,30155C97D461A6C0015B954B,"PLC, Product detaljeret, Aarhus, Sep. 2023.xlsx",2.632898330804249,T-shirt
01083 T-Shirt unisex hvid k/æ P/B,Alm.slid uden restværdi,1,659,68,30155C97D461A6C0015B959F,"PLC, Product detaljeret, Aarhus, Sep. 2023.xlsx",3.141001517450683,T-shirt
01083 T-Shirt unisex hvid k/æ P/B,Alm.slid uden restværdi,1,659,67,30155C97D461A6C0015B95A9,"PLC, Product detaljeret, Aarhus, Sep. 2023.xlsx",3.0948103186646434,T-shirt
01083 T-Shirt unisex hvid k/æ P/B,Alm.slid uden restværdi,1,659,54,30155C97D461A6C0015B95B2,"PLC, Product detaljeret, Aarhus, Sep. 2023.xlsx",2.494324734446131,T-shirt
01083 T-Shirt unisex hvid k/æ P/B,Alm.slid uden restværdi,1,659,55,30155C97D461A6C0015C3481,"PLC, Product detaljeret, Aarhus, Sep. 2023.xlsx",2.5405159332321703,T-shirt
01083 T-Shirt unisex hvid k/æ P/B,Alm.slid uden restværdi,1,658,48,30155C97D461A6C00105D5D0,"PLC, Product detaljeret, Aarhus, Sep. 2023.xlsx",2.220547112462006,T-shirt
01083 T-Shirt unisex hvid k/æ P/B,Alm.slid uden restværdi,1,658,48,30155C97D461A6C00105D623,"PLC, Product detaljeret, Aarhus, Sep. 2023.xlsx",2.220547112462006,T-shirt
01083 T-Shirt unisex hvid k/æ P/B,Alm.slid uden restværdi,1,658,25,30155C97D461A6C0015B8794,"PLC, Product detaljeret, Aarhus, Sep. 2023.xlsx",1.156534954407295,T-shirt
01083 T-Shirt unisex hvid k/æ P/B,Alm.slid uden restværdi,1,655,49,30155C97D461A6C0008C4DDE,"PLC, Product detaljeret, Aarhus, Sep. 2023.xlsx",2.2771908396946565,T-shirt
01083 T-Shirt unisex hvid k/æ P/B,Alm.slid uden restværdi,1,652,62,30155C97D461A6C0015B9542,"PLC, Product detaljeret, Aarhus, Sep. 2023.xlsx",2.8946012269938652,T-shirt
01083 T-Shirt unisex hvid k/æ P/B,Alm.slid uden restværdi,1,652,56,30155C97D461A6C0015B9547,"PLC, Product detaljeret, Aarhus, Sep. 2023.xlsx",2.6144785276073623,T-shirt
01083 T-Shirt unisex hvid k/æ P/B,Alm.slid uden restværdi,1,652,70,30155C97D461A6C0015B9549,"PLC, Product detaljeret, Aarhus, Sep. 2023.xlsx",3.268098159509203,T-shirt
01083 T-Shirt unisex hvid k/æ P/B,Alm.slid uden restværdi,1,652,67,30155C97D461A6C0015B9584,"PLC, Product detaljeret, Aarhus, Sep. 2023.xlsx",3.128036809815951,T-shirt
01083 T-Shirt unisex hvid k/æ P/B,Alm.slid uden restværdi,1,652,65,30155C97D461A6C0015B95CB,"PLC, Product detaljeret, Aarhus, Sep. 2023.xlsx",3.0346625766871167,T-shirt
01083 T-Shirt unisex hvid k/æ P/B,Alm.slid uden restværdi,1,647,36,30155C97D461A6C0012F2A45,"PLC, Product detaljeret, Aarhus, Sep. 2023.xlsx",1.693724884080371,T-shirt
09385 T-Shirt Hvid B/P M Arla Tryk,Alm.slid uden restværdi,1,644,29,00D00B66148A,"PLC, Product detaljeret, Aarhus, Sep. 2023.xlsx",1.370745341614907,T-shirt
01083 T-Shirt unisex hvid k/æ P/B,Alm.slid uden restværdi,1,643,29,30155C97D461A6C001058D20,"PLC, Product detaljeret, Aarhus, Sep. 2023.xlsx",1.3728771384136857,T-shirt
01083 T-Shirt unisex hvid k/æ P/B,Alm.slid uden restværdi,1,640,26,30155C97D461A6C00105C3E6,"PLC, Product detaljeret, Aarhus, Sep. 2023.xlsx",1.236625,T-shirt
10981 T-shirt prowear dame hvid pb,Alm.slid uden restværdi,1,638,10,30155C97D461A6C0015B3456,"PLC, Product detaljeret, Aarhus, Sep. 2023.xlsx",0.477115987460815,T-shirt
01083 T-Shirt unisex hvid k/æ P/B,Alm.slid uden restværdi,1,633,18,30155C97D461A6C0012ED900,"PLC, Product detaljeret, Aarhus, Sep. 2023.xlsx",0.8655924170616114,T-shirt
10981 T-shirt prowear dame hvid pb,Alm.slid uden restværdi,1,632,12,30155C97D461A6C0015B32D4,"PLC, Product detaljeret, Aarhus, Sep. 2023.xlsx",0.5779746835443038,T-shirt
10981 T-shirt prowear dame hvid pb,Alm.slid uden restværdi,1,632,10,30155C97D461A6C0015B3492,"PLC, Product detaljeret, Aarhus, Sep. 2023.xlsx",0.48164556962025323,T-shirt
03850 T-Shirt Hvid Lady K/Æ P/B,Alm.slid uden restværdi,1,614,7,30155C97D461A7C000E09B0D,"PLC, Product detaljeret, Aarhus, Sep. 2023.xlsx",0.34703583061889254,T-shirt
03850 T-Shirt Hvid Lady K/Æ P/B,Alm.slid uden restværdi,1,614,11,30155C97D461A7C000E09B78,"PLC, Product detaljeret, Aarhus, Sep. 2023.xlsx",0.545342019543974,T-shirt
10981 T-shirt prowear dame hvid pb,Alm.slid uden restværdi,1,611,33,30155C97D461A6C0015853E5,"PLC, Product detaljeret, Aarhus, Sep. 2023.xlsx",1.6440589198036006,T-shirt
01083 T-Shirt unisex hvid k/æ P/B,Alm.slid uden restværdi,1,610,53,30155C97D461A6C0012DD591,"PLC, Product detaljeret, Aarhus, Sep. 2023.xlsx",2.6447868852459018,T-shirt
01083 T-Shirt unisex hvid k/æ P/B,Alm.slid uden restværdi,1,610,40,30155C97D461A6C00157C1E0,"PLC, Product detaljeret, Aarhus, Sep. 2023.xlsx",1.996065573770492,T-shirt
01083 T-Shirt unisex hvid k/æ P/B,Alm.slid uden restværdi,1,589,32,30155C97D461A6C0012DD66C,"PLC, Product detaljeret, Aarhus, Sep. 2023.xlsx",1.6537860780984721,T-shirt
01083 T-Shirt unisex hvid k/æ P/B,Alm.slid uden restværdi,1,589,33,30155C97D461A6C0012DD67E,"PLC, Product detaljeret, Aarhus, Sep. 2023.xlsx",1.7054668930390493,T-shirt
10981 T-shirt prowear dame hvid pb,Alm.slid uden restværdi,1,587,10,30155C97D461A6C00064481C,"PLC, Product detaljeret, Aarhus, Sep. 2023.xlsx",0.5185689948892674,T-shirt
01083 T-Shirt unisex hvid k/æ P/B,Alm.slid uden restværdi,1,583,43,30155C97D461A6C0012FF546,"PLC, Product detaljeret, Aarhus, Sep. 2023.xlsx",2.2451457975986275,T-shirt
01083 T-Shirt unisex hvid k/æ P/B,Alm.slid uden restværdi,1,565,44,30155C97D461A6C0009E96E0,"PLC, Product detaljeret, Aarhus, Sep. 2023.xlsx",2.370548672566372,T-shirt
01083 T-Shirt unisex hvid k/æ P/B,Alm.slid uden restværdi,1,556,42,30155C97D461A6C0012FF667,"PLC, Product detaljeret, Aarhus, Sep. 2023.xlsx",2.2994244604316547,T-shirt
09385 T-Shirt Hvid B/P M Arla Tryk,Alm.slid uden restværdi,1,556,22,30155C97D461A6C00012D0C9,"PLC, Product detaljeret, Aarhus, Sep. 2023.xlsx",1.2044604316546763,T-shirt
10981 T-shirt prowear dame hvid pb,Alm.slid uden restværdi,1,555,29,30155C97D461A6C000638783,"PLC, Product detaljeret, Aarhus, Sep. 2023.xlsx",1.5905585585585587,T-shirt
01083 T-Shirt unisex hvid k/æ P/B,Alm.slid uden restværdi,1,553,28,30155C97D461A6C0007232A8,"PLC, Product detaljeret, Aarhus, Sep. 2023.xlsx",1.5412658227848102,T-shirt
01083 T-Shirt unisex hvid k/æ P/B,Alm.slid uden restværdi,1,553,32,30155C97D461A6C0012FB70B,"PLC, Product detaljeret, Aarhus, Sep. 2023.xlsx",1.7614466546112115,T-shirt
10981 T-shirt prowear dame hvid pb,Alm.slid uden restværdi,1,551,31,30155C97D461A6C0006387A6,"PLC, Product detaljeret, Aarhus, Sep. 2023.xlsx",1.7125952813067151,T-shirt
10981 T-shirt prowear dame hvid pb,Alm.slid uden restværdi,1,550,34,30155C97D461A6C000638837,"PLC, Product detaljeret, Aarhus, Sep. 2023.xlsx",1.8817454545454546,T-shirt
10981 T-shirt prowear dame hvid pb,Alm.slid uden restværdi,1,537,25,30155C97D461A6C0008D1933,"PLC, Product detaljeret, Aarhus, Sep. 2023.xlsx",1.4171322160148976,T-shirt
01083 T-Shirt unisex hvid k/æ P/B,Alm.slid uden restværdi,1,534,42,30155C97D461A6C000BA1548,"PLC, Product detaljeret, Aarhus, Sep. 2023.xlsx",2.3941573033707866,T-shirt
10981 T-shirt prowear dame hvid pb,Alm.slid uden restværdi,1,532,1,30155C97D461A6C00090B346,"PLC, Product detaljeret, Aarhus, Sep. 2023.xlsx",0.05721804511278195,T-shirt
10981 T-shirt prowear dame hvid pb,Alm.slid uden restværdi,1,532,1,30155C97D461A6C00090B3F1,"PLC, Product detaljeret, Aarhus, Sep. 2023.xlsx",0.05721804511278195,T-shirt
10981 T-shirt prowear dame hvid pb,Alm.slid uden restværdi,1,531,4,30155C97D461A6C00090B3D5,"PLC, Product detaljeret, Aarhus, Sep. 2023.xlsx",0.22930320150659134,T-shirt
09385 T-Shirt Hvid B/P M Arla Tryk,Alm.slid uden restværdi,1,522,21,30155C97D461A6C001062B6F,"PLC, Product detaljeret, Aarhus, Sep. 2023.xlsx",1.2245977011494253,T-shirt
09385 T-Shirt Hvid B/P M Arla Tryk,Alm.slid uden restværdi,1,522,20,30155C97D461A6C001062C7C,"PLC, Product detaljeret, Aarhus, Sep. 2023.xlsx",1.1662835249042145,T-shirt
09385 T-Shirt Hvid B/P M Arla Tryk,Alm.slid uden restværdi,1,522,19,30155C97D461A6C0012DD55F,"PLC, Product detaljeret, Aarhus, Sep. 2023.xlsx",1.1079693486590039,T-shirt
09385 T-Shirt Hvid B/P M Arla Tryk,Alm.slid uden restværdi,1,522,17,30155C97D461A6C0012DE025,"PLC, Product detaljeret, Aarhus, Sep. 2023.xlsx",0.9913409961685823,T-shirt
09385 T-Shirt Hvid B/P M Arla Tryk,Alm.slid uden restværdi,1,522,20,30155C97D461A6C0012DF069,"PLC, Product detaljeret, Aarhus, Sep. 2023.xlsx",1.1662835249042145,T-shirt
01083 T-Shirt unisex hvid k/æ P/B,Alm.slid uden restværdi,1,521,33,30155C97D461A6C000BA13F2,"PLC, Product detaljeret, Aarhus, Sep. 2023.xlsx",1.9280614203454893,T-shirt
10981 T-shirt prowear dame hvid pb,Alm.slid uden restværdi,1,518,15,30155C97D461A6C00090A8E4,"PLC, Product detaljeret, Aarhus, Sep. 2023.xlsx",0.8814671814671815,T-shirt
03850 T-Shirt Hvid Lady K/Æ P/B,Alm.slid uden restværdi,1,515,6,30155C97D461A7C001223FF1,"PLC, Product detaljeret, Aarhus, Sep. 2023.xlsx",0.35464077669902916,T-shirt
01083 T-Shirt unisex hvid k/æ P/B,Alm.slid uden restværdi,1,481,44,30155C97D461A4C00092B5EE,"PLC, Product detaljeret, Aarhus, Sep. 2023.xlsx",2.784532224532225,T-shirt
10981 T-shirt prowear dame hvid pb,Alm.slid uden restværdi,1,477,7,30155C97D461A6C0008D25B4,"PLC, Product detaljeret, Aarhus, Sep. 2023.xlsx",0.4467085953878407,T-shirt
01083 T-Shirt unisex hvid k/æ P/B,Alm.slid uden restværdi,1,475,50,30155C97D461A4C0006492BB,"PLC, Product detaljeret, Aarhus, Sep. 2023.xlsx",3.2042105263157894,T-shirt
01083 T-Shirt unisex hvid k/æ P/B,Alm.slid uden restværdi,1,470,44,30155C97D461A4C0006492ED,"PLC, Product detaljeret, Aarhus, Sep. 2023.xlsx",2.8497021276595746,T-shirt
09385 T-Shirt Hvid B/P M Arla Tryk,Alm.slid uden restværdi,1,457,39,30155C97D461A6C001932FC5,"PLC, Product detaljeret, Aarhus, Sep. 2023.xlsx",2.5977242888402627,T-shirt
09385 T-Shirt Hvid B/P M Arla Tryk,Alm.slid uden restværdi,1,454,37,30155C97D461A6C001931A3F,"PLC, Product detaljeret, Aarhus, Sep. 2023.xlsx",2.4807929515418503,T-shirt
10981 T-shirt prowear dame hvid pb,Alm.slid uden restværdi,1,437,1,30155C97D461A6C000B861F6,"PLC, Product detaljeret, Aarhus, Sep. 2023.xlsx",0.06965675057208238,T-shirt
09385 T-Shirt Hvid B/P M Arla Tryk,Alm.slid uden restværdi,1,435,23,30155C97D461A6C001932422,"PLC, Product detaljeret, Aarhus, Sep. 2023.xlsx",1.6094712643678162,T-shirt
01083 T-Shirt unisex hvid k/æ P/B,Alm.slid uden restværdi,1,387,27,30155C97D461A6C0019CFCA3,"PLC, Product detaljeret, Aarhus, Sep. 2023.xlsx",2.123720930232558,T-shirt
01083 T-Shirt unisex hvid k/æ P/B,Alm.slid uden restværdi,1,386,26,30155C97D461A6C001600930,"PLC, Product detaljeret, Aarhus, Sep. 2023.xlsx",2.050362694300518,T-shirt
10981 T-shirt prowear dame hvid pb,Alm.slid uden restværdi,1,377,11,30155C97D461A4C0006538E7,"PLC, Product detaljeret, Aarhus, Sep. 2023.xlsx",0.8881697612732096,T-shirt
01083 T-Shirt unisex hvid k/æ P/B,Alm.slid uden restværdi,1,375,8,30155C97D461A6C001860B3D,"PLC, Product detaljeret, Aarhus, Sep. 2023.xlsx",0.6493866666666667,T-shirt
09385 T-Shirt Hvid B/P M Arla Tryk,Alm.slid uden restværdi,1,375,38,30155C97D461A6C0012DEDAA,"PLC, Product detaljeret, Aarhus, Sep. 2023.xlsx",3.0845866666666666,T-shirt
09385 T-Shirt Hvid B/P M Arla Tryk,Alm.slid uden restværdi,1,373,41,30155C97D461A6C0012DED97,"PLC, Product detaljeret, Aarhus, Sep. 2023.xlsx",3.345951742627346,T-shirt
10981 T-shirt prowear dame hvid pb,Alm.slid uden restværdi,1,371,20,30155C97D461A6C00136074A,"PLC, Product detaljeret, Aarhus, Sep. 2023.xlsx",1.6409703504043127,T-shirt
10981 T-shirt prowear dame hvid pb,Alm.slid uden restværdi,1,371,16,30155C97D461A6C001360913,"PLC, Product detaljeret, Aarhus, Sep. 2023.xlsx",1.3127762803234502,T-shirt
09385 T-Shirt Hvid B/P M Arla Tryk,Alm.slid uden restværdi,1,369,45,30155C97D461A6C0010F1E92,"PLC, Product detaljeret, Aarhus, Sep. 2023.xlsx",3.7121951219512197,T-shirt
09385 T-Shirt Hvid B/P M Arla Tryk,Alm.slid uden restværdi,1,369,29,30155C97D461A6C0012DEECD,"PLC, Product detaljeret, Aarhus, Sep. 2023.xlsx",2.3923035230352303,T-shirt
09385 T-Shirt Hvid B/P M Arla Tryk,Alm.slid uden restværdi,1,367,40,30155C97D461A6C0012DEFDA,"PLC, Product detaljeret, Aarhus, Sep. 2023.xlsx",3.3177111716621255,T-shirt
09385 T-Shirt Hvid B/P M Arla Tryk,Alm.slid uden restværdi,1,367,40,30155C97D461A6C0012DF12D,"PLC, Product detaljeret, Aarhus, Sep. 2023.xlsx",3.3177111716621255,T-shirt
09385 T-Shirt Hvid B/P M Arla Tryk,Alm.slid uden restværdi,1,364,34,30155C97D461A4C0009385A2,"PLC, Product detaljeret, Aarhus, Sep. 2023.xlsx",2.8432967032967036,T-shirt
10981 T-shirt prowear dame hvid pb,Alm.slid uden restværdi,1,363,17,30155C97D461A6C0013607EF,"PLC, Product detaljeret, Aarhus, Sep. 2023.xlsx",1.4255647382920111,T-shirt
10981 T-shirt prowear dame hvid pb,Alm.slid uden restværdi,1,361,20,30155C97D461A6C0010E821B,"PLC, Product detaljeret, Aarhus, Sep. 2023.xlsx",1.686426592797784,T-shirt
09385 T-Shirt Hvid B/P M Arla Tryk,Alm.slid uden restværdi,1,359,37,30155C97D461A4C00093842F,"PLC, Product detaljeret, Aarhus, Sep. 2023.xlsx",3.1372701949860726,T-shirt
09385 T-Shirt Hvid B/P M Arla Tryk,Alm.slid uden restværdi,1,359,31,30155C97D461A4C0009384F1,"PLC, Product detaljeret, Aarhus, Sep. 2023.xlsx",2.628523676880223,T-shirt
10981 T-shirt prowear dame hvid pb,Alm.slid uden restværdi,1,344,10,30155C97D461A6C0015B3396,"PLC, Product detaljeret, Aarhus, Sep. 2023.xlsx",0.8848837209302326,T-shirt
01083 T-Shirt unisex hvid k/æ P/B,Alm.slid uden restværdi,1,342,35,30155C97D461A6C0010F48A3,"PLC, Product detaljeret, Aarhus, Sep. 2023.xlsx",3.115204678362573,T-shirt
01083 T-Shirt unisex hvid k/æ P/B,Alm.slid uden restværdi,1,337,25,30155C97D461A6C001A5D339,"PLC, Product detaljeret, Aarhus, Sep. 2023.xlsx",2.258160237388724,T-shirt
01083 T-Shirt unisex hvid k/æ P/B,Alm.slid uden restværdi,1,333,30,30155C97D461A6C0010E8F29,"PLC, Product detaljeret, Aarhus, Sep. 2023.xlsx",2.7423423423423423,T-shirt
01083 T-Shirt unisex hvid k/æ P/B,Alm.slid uden restværdi,1,333,32,30155C97D461A6C0010E900B,"PLC, Product detaljeret, Aarhus, Sep. 2023.xlsx",2.9251651651651653,T-shirt
01083 T-Shirt unisex hvid k/æ P/B,Alm.slid uden restværdi,1,333,28,30155C97D461A6C0010E900E,"PLC, Product detaljeret, Aarhus, Sep. 2023.xlsx",2.5595195195195197,T-shirt
01083 T-Shirt unisex hvid k/æ P/B,Alm.slid uden restværdi,1,325,26,30155C97D461A6C001A5E583,"PLC, Product detaljeret, Aarhus, Sep. 2023.xlsx",2.4352,T-shirt
01083 T-Shirt unisex hvid k/æ P/B,Alm.slid uden restværdi,1,323,23,30155C97D461A6C001A5E56D,"PLC, Product detaljeret, Aarhus, Sep. 2023.xlsx",2.167554179566564,T-shirt
01083 T-Shirt unisex hvid k/æ P/B,Alm.slid uden restværdi,1,322,22,30155C97D461A6C001A5E5CA,"PLC, Product detaljeret, Aarhus, Sep. 2023.xlsx",2.0797515527950314,T-shirt
01083 T-Shirt unisex hvid k/æ P/B,Alm.slid uden restværdi,1,316,8,30155C97D461A6C0018F9C24,"PLC, Product detaljeret, Aarhus, Sep. 2023.xlsx",0.7706329113924051,T-shirt
10981 T-shirt prowear dame hvid pb,Alm.slid uden restværdi,1,306,5,30155C97D461A6C001A5B8B1,"PLC, Product detaljeret, Aarhus, Sep. 2023.xlsx",0.49738562091503274,T-shirt
10981 T-shirt prowear dame hvid pb,Alm.slid uden restværdi,1,306,4,30155C97D461A6C001A5B97C,"PLC, Product detaljeret, Aarhus, Sep. 2023.xlsx",0.39790849673202616,T-shirt
10981 T-shirt prowear dame hvid pb,Alm.slid uden restværdi,1,300,4,30155C97D461A6C001A5B881,"PLC, Product detaljeret, Aarhus, Sep. 2023.xlsx",0.4058666666666667,T-shirt
01083 T-Shirt unisex hvid k/æ P/B,Alm.slid uden restværdi,1,298,17,30155C97D461A6C0010DF47A,"PLC, Product detaljeret, Aarhus, Sep. 2023.xlsx",1.736510067114094,T-shirt
01083 T-Shirt unisex hvid k/æ P/B,Alm.slid uden restværdi,1,298,16,30155C97D461A6C0010DF5EF,"PLC, Product detaljeret, Aarhus, Sep. 2023.xlsx",1.6343624161073826,T-shirt
01083 T-Shirt unisex hvid k/æ P/B,Alm.slid uden restværdi,1,298,19,30155C97D461A6C0010DF630,"PLC, Product detaljeret, Aarhus, Sep. 2023.xlsx",1.940805369127517,T-shirt
09385 T-Shirt Hvid B/P M Arla Tryk,Alm.slid uden restværdi,1,293,15,30155C97D461A6C0010EF3D8,"PLC, Product detaljeret, Aarhus, Sep. 2023.xlsx",1.5583617747440273,T-shirt
01083 T-Shirt unisex hvid k/æ P/B,Alm.slid uden restværdi,1,289,14,30155C97D461A6C0018F7B22,"PLC, Product detaljeret, Aarhus, Sep. 2023.xlsx",1.4746020761245675,T-shirt
01083 T-Shirt unisex hvid k/æ P/B,Alm.slid uden restværdi,1,287,16,30155C97D461A6C0010DF6BF,"PLC, Product detaljeret, Aarhus, Sep. 2023.xlsx",1.6970034843205575,T-shirt
01083 T-Shirt unisex hvid k/æ P/B,Alm.slid uden restværdi,1,282,23,30155C97D461A6C001A66CA6,"PLC, Product detaljeret, Aarhus, Sep. 2023.xlsx",2.4826950354609933,T-shirt
01083 T-Shirt unisex hvid k/æ P/B,Alm.slid uden restværdi,1,282,24,30155C97D461A6C001A67A1B,"PLC, Product detaljeret, Aarhus, Sep. 2023.xlsx",2.5906382978723403,T-shirt
01083 T-Shirt unisex hvid k/æ P/B,Alm.slid uden restværdi,1,277,23,30155C97D461A6C0018F70ED,"PLC, Product detaljeret, Aarhus, Sep. 2023.xlsx",2.527509025270758,T-shirt
01083 T-Shirt unisex hvid k/æ P/B,Alm.slid uden restværdi,1,277,23,30155C97D461A6C0018F7256,"PLC, Product detaljeret, Aarhus, Sep. 2023.xlsx",2.527509025270758,T-shirt
01083 T-Shirt unisex hvid k/æ P/B,Alm.slid uden restværdi,1,268,14,30155C97D461A6C001A66CAC,"PLC, Product detaljeret, Aarhus, Sep. 2023.xlsx",1.5901492537313433,T-shirt
01083 T-Shirt unisex hvid k/æ P/B,Alm.slid uden restværdi,1,268,14,30155C97D461A6C001A66CD3,"PLC, Product detaljeret, Aarhus, Sep. 2023.xlsx",1.5901492537313433,T-shirt
01083 T-Shirt unisex hvid k/æ P/B,Alm.slid uden restværdi,1,268,11,30155C97D461A6C001A66D71,"PLC, Product detaljeret, Aarhus, Sep. 2023.xlsx",1.2494029850746269,T-shirt
01083 T-Shirt unisex hvid k/æ P/B,Alm.slid uden restværdi,1,267,22,30155C97D461A6C001A67146,"PLC, Product detaljeret, Aarhus, Sep. 2023.xlsx",2.5081647940074907,T-shirt
01083 T-Shirt unisex hvid k/æ P/B,Alm.slid uden restværdi,1,264,14,30155C97D461A6C001A66C3A,"PLC, Product detaljeret, Aarhus, Sep. 2023.xlsx",1.6142424242424243,T-shirt
01083 T-Shirt unisex hvid k/æ P/B,Alm.slid uden restværdi,1,261,28,30155C97D461A6C001A670DE,"PLC, Product detaljeret, Aarhus, Sep. 2023.xlsx",3.265593869731801,T-shirt
01083 T-Shirt unisex hvid k/æ P/B,Alm.slid uden restværdi,1,259,22,30155C97D461A6C001A6702D,"PLC, Product detaljeret, Aarhus, Sep. 2023.xlsx",2.5856370656370657,T-shirt
01083 T-Shirt unisex hvid k/æ P/B,Alm.slid uden restværdi,1,259,24,30155C97D461A6C001A6718F,"PLC, Product detaljeret, Aarhus, Sep. 2023.xlsx",2.820694980694981,T-shirt
01083 T-Shirt unisex hvid k/æ P/B,Alm.slid uden restværdi,1,259,14,30155C97D461A6C001A6E32F,"PLC, Product detaljeret, Aarhus, Sep. 2023.xlsx",1.6454054054054055,T-shirt
01083 T-Shirt unisex hvid k/æ P/B,Alm.slid uden restværdi,1,256,14,30155C97D461A6C001A6E367,"PLC, Product detaljeret, Aarhus, Sep. 2023.xlsx",1.6646875,T-shirt
01083 T-Shirt unisex hvid k/æ P/B,Alm.slid uden restværdi,1,255,15,30155C97D461A6C001A6E4B2,"PLC, Product detaljeret, Aarhus, Sep. 2023.xlsx",1.7905882352941176,T-shirt
01083 T-Shirt unisex hvid k/æ P/B,Alm.slid uden restværdi,1,254,26,30155C97D461A6C001A6CC82,"PLC, Product detaljeret, Aarhus, Sep. 2023.xlsx",3.115905511811024,T-shirt
01083 T-Shirt unisex hvid k/æ P/B,Alm.slid uden restværdi,1,233,4,30155C97D461A6C0010E35E6,"PLC, Product detaljeret, Aarhus, Sep. 2023.xlsx",0.5225751072961373,T-shirt
01083 T-Shirt unisex hvid k/æ P/B,Alm.slid uden restværdi,1,233,5,30155C97D461A6C0010E360F,"PLC, Product detaljeret, Aarhus, Sep. 2023.xlsx",0.6532188841201717,T-shirt
01083 T-Shirt unisex hvid k/æ P/B,Alm.slid uden restværdi,1,233,23,30155C97D461A6C001A67068,"PLC, Product detaljeret, Aarhus, Sep. 2023.xlsx",3.00480686695279,T-shirt
01083 T-Shirt unisex hvid k/æ P/B,Alm.slid uden restværdi,1,228,17,30155C97D461A6C001A6E485,"PLC, Product detaljeret, Aarhus, Sep. 2023.xlsx",2.2696491228070177,T-shirt
09385 T-Shirt Hvid B/P M Arla Tryk,Alm.slid uden restværdi,1,224,12,30155C97D461A6C0012DD471,"PLC, Product detaljeret, Aarhus, Sep. 2023.xlsx",1.6307142857142858,T-shirt
01083 T-Shirt unisex hvid k/æ P/B,Alm.slid uden restværdi,1,218,1,30155C97D461A6C001A6B05E,"PLC, Product detaljeret, Aarhus, Sep. 2023.xlsx",0.1396330275229358,T-shirt
01083 T-Shirt unisex hvid k/æ P/B,Alm.slid uden restværdi,1,218,2,30155C97D461A6C001A6BC1D,"PLC, Product detaljeret, Aarhus, Sep. 2023.xlsx",0.2792660550458716,T-shirt
09385 T-Shirt Hvid B/P M Arla Tryk,Alm.slid uden restværdi,1,217,5,30155C97D461A6C0012DD4DD,"PLC, Product detaljeret, Aarhus, Sep. 2023.xlsx",0.7013824884792628,T-shirt
01083 T-Shirt unisex hvid k/æ P/B,Alm.slid uden restværdi,1,204,1,30155C97D461A4C000C05BB7,"PLC, Product detaljeret, Aarhus, Sep. 2023.xlsx",0.14921568627450982,T-shirt
01083 T-Shirt unisex hvid k/æ P/B,Alm.slid uden restværdi,1,204,3,30155C97D461A4C000C05C87,"PLC, Product detaljeret, Aarhus, Sep. 2023.xlsx",0.4476470588235294,T-shirt
01083 T-Shirt unisex hvid k/æ P/B,Alm.slid uden restværdi,1,191,10,30155C97D461A4C000F4542D,"PLC, Product detaljeret, Aarhus, Sep. 2023.xlsx",1.593717277486911,T-shirt
01083 T-Shirt unisex hvid k/æ P/B,Alm.slid uden restværdi,1,191,9,30155C97D461A4C000F454E5,"PLC, Product detaljeret, Aarhus, Sep. 2023.xlsx",1.43434554973822,T-shirt
09385 T-Shirt Hvid B/P M Arla Tryk,Alm.slid uden restværdi,1,190,25,30155C97D461A4C000C06384,"PLC, Product detaljeret, Aarhus, Sep. 2023.xlsx",4.005263157894737,T-shirt
10981 T-shirt prowear dame hvid pb,Alm.slid uden restværdi,1,189,3,30155C97D461A4C000F48E7B,"PLC, Product detaljeret, Aarhus, Sep. 2023.xlsx",0.48317460317460315,T-shirt
09385 T-Shirt Hvid B/P M Arla Tryk,Alm.slid uden restværdi,1,188,21,30155C97D461A4C000C0633C,"PLC, Product detaljeret, Aarhus, Sep. 2023.xlsx",3.4002127659574466,T-shirt
10981 T-shirt prowear dame hvid pb,Alm.slid uden restværdi,1,177,7,30155C97D461A4C0010C55D7,"PLC, Product detaljeret, Aarhus, Sep. 2023.xlsx",1.2038418079096047,T-shirt
09385 T-Shirt Hvid B/P M Arla Tryk,Alm.slid uden restværdi,1,171,16,30155C97D461A6C001A5E9B4,"PLC, Product detaljeret, Aarhus, Sep. 2023.xlsx",2.848187134502924,T-shirt
09385 T-Shirt Hvid B/P M Arla Tryk,Alm.slid uden restværdi,1,170,5,30155C97D461A4C000C06A91,"PLC, Product detaljeret, Aarhus, Sep. 2023.xlsx",0.8952941176470588,T-shirt
01083 T-Shirt unisex hvid k/æ P/B,Alm.slid uden restværdi,1,167,8,30155C97D461A4C000F4531C,"PLC, Product detaljeret, Aarhus, Sep. 2023.xlsx",1.4582035928143715,T-shirt
01083 T-Shirt unisex hvid k/æ P/B,Alm.slid uden restværdi,1,155,9,30155C97D461A6C001B9B489,"PLC, Product detaljeret, Aarhus, Sep. 2023.xlsx",1.767483870967742,T-shirt
09385 T-Shirt Hvid B/P M Arla Tryk,Alm.slid uden restværdi,1,152,3,30155C97D461A4C0010BDE59,"PLC, Product detaljeret, Aarhus, Sep. 2023.xlsx",0.6007894736842105,T-shirt
09385 T-Shirt Hvid B/P M Arla Tryk,Alm.slid uden restværdi,1,152,3,30155C97D461A4C0010BDF04,"PLC, Product detaljeret, Aarhus, Sep. 2023.xlsx",0.6007894736842105,T-shirt
09385 T-Shirt Hvid B/P M Arla Tryk,Alm.slid uden restværdi,1,152,5,30155C97D461A4C0010BDF3E,"PLC, Product detaljeret, Aarhus, Sep. 2023.xlsx",1.0013157894736842,T-shirt
09385 T-Shirt Hvid B/P M Arla Tryk,Alm.slid uden restværdi,1,152,4,30155C97D461A4C0010BDF70,"PLC, Product detaljeret, Aarhus, Sep. 2023.xlsx",0.8010526315789473,T-shirt
09385 T-Shirt Hvid B/P M Arla Tryk,Alm.slid uden restværdi,1,152,4,30155C97D461A4C0010BDFFC,"PLC, Product detaljeret, Aarhus, Sep. 2023.xlsx",0.8010526315789473,T-shirt
09385 T-Shirt Hvid B/P M Arla Tryk,Alm.slid uden restværdi,1,152,4,30155C97D461A4C0010BE03E,"PLC, Product detaljeret, Aarhus, Sep. 2023.xlsx",0.8010526315789473,T-shirt
01083 T-Shirt unisex hvid k/æ P/B,Alm.slid uden restværdi,1,150,10,30155C97D461A4C000C069BB,"PLC, Product detaljeret, Aarhus, Sep. 2023.xlsx",2.029333333333333,T-shirt
01083 T-Shirt unisex hvid k/æ P/B,Alm.slid uden restværdi,1,149,7,30155C97D461A4C0010C4543,"PLC, Product detaljeret, Aarhus, Sep. 2023.xlsx",1.4300671140939598,T-shirt
01083 T-Shirt unisex hvid k/æ P/B,Alm.slid uden restværdi,1,144,8,30155C97D461A4C0010C44C4,"PLC, Product detaljeret, Aarhus, Sep. 2023.xlsx",1.691111111111111,T-shirt
09385 T-Shirt Hvid B/P M Arla Tryk,Alm.slid uden restværdi,1,138,8,30155C97D461A4C001422FE1,"PLC, Product detaljeret, Aarhus, Sep. 2023.xlsx",1.7646376811594204,T-shirt
09385 T-Shirt Hvid B/P M Arla Tryk,Alm.slid uden restværdi,1,134,4,30155C97D461A4C000F49F2A,"PLC, Product detaljeret, Aarhus, Sep. 2023.xlsx",0.9086567164179105,T-shirt
01083 T-Shirt unisex hvid k/æ P/B,Alm.slid uden restværdi,1,128,11,30155C97D461A4C000C29002,"PLC, Product detaljeret, Aarhus, Sep. 2023.xlsx",2.6159375000000002,T-shirt
09385 T-Shirt Hvid B/P M Arla Tryk,Alm.slid uden restværdi,1,127,15,30155C97D461A4C000C2C261,"PLC, Product detaljeret, Aarhus, Sep. 2023.xlsx",3.5952755905511813,T-shirt
09385 T-Shirt Hvid B/P M Arla Tryk,Alm.slid uden restværdi,1,127,3,30155C97D461A4C000F42083,"PLC, Product detaljeret, Aarhus, Sep. 2023.xlsx",0.7190551181102363,T-shirt
09385 T-Shirt Hvid B/P M Arla Tryk,Alm.slid uden restværdi,1,127,3,30155C97D461A4C0010C3EAA,"PLC, Product detaljeret, Aarhus, Sep. 2023.xlsx",0.7190551181102363,T-shirt
09385 T-Shirt Hvid B/P M Arla Tryk,Alm.slid uden restværdi,1,127,4,30155C97D461A4C0010C3FC9,"PLC, Product detaljeret, Aarhus, Sep. 2023.xlsx",0.9587401574803149,T-shirt
09385 T-Shirt Hvid B/P M Arla Tryk,Alm.slid uden restværdi,1,125,15,30155C97D461A4C0010C38D3,"PLC, Product detaljeret, Aarhus, Sep. 2023.xlsx",3.6528,T-shirt
09385 T-Shirt Hvid B/P M Arla Tryk,Alm.slid uden restværdi,1,125,14,30155C97D461A4C0010C3995,"PLC, Product detaljeret, Aarhus, Sep. 2023.xlsx",3.4092800000000003,T-shirt
09385 T-Shirt Hvid B/P M Arla Tryk,Alm.slid uden restværdi,1,124,6,30155C97D461A4C000C2942D,"PLC, Product detaljeret, Aarhus, Sep. 2023.xlsx",1.4729032258064516,T-shirt
01083 T-Shirt unisex hvid k/æ P/B,Alm.slid uden restværdi,1,119,2,30155C97D461A4C000F450B0,"PLC, Product detaljeret, Aarhus, Sep. 2023.xlsx",0.5115966386554622,T-shirt
09385 T-Shirt Hvid B/P M Arla Tryk,Alm.slid uden restværdi,1,112,6,30155C97D461A4C000F475D9,"PLC, Product detaljeret, Aarhus, Sep. 2023.xlsx",1.6307142857142858,T-shirt
01083 T-Shirt unisex hvid k/æ P/B,Alm.slid uden restværdi,1,110,9,30155C97D461A4C000C271D9,"PLC, Product detaljeret, Aarhus, Sep. 2023.xlsx",2.4905454545454546,T-shirt
01083 T-Shirt unisex hvid k/æ P/B,Alm.slid uden restværdi,1,106,9,30155C97D461A4C001102B3B,"PLC, Product detaljeret, Aarhus, Sep. 2023.xlsx",2.5845283018867926,T-shirt
01083 T-Shirt unisex hvid k/æ P/B,Alm.slid uden restværdi,1,105,4,30155C97D461A4C000C27184,"PLC, Product detaljeret, Aarhus, Sep. 2023.xlsx",1.1596190476190478,T-shirt
09385 T-Shirt Hvid B/P M Arla Tryk,Alm.slid uden restværdi,1,105,6,30155C97D461A4C000F41596,"PLC, Product detaljeret, Aarhus, Sep. 2023.xlsx",1.7394285714285715,T-shirt
09385 T-Shirt Hvid B/P M Arla Tryk,Alm.slid uden restværdi,1,105,4,30155C97D461A4C001101DFA,"PLC, Product detaljeret, Aarhus, Sep. 2023.xlsx",1.1596190476190478,T-shirt
09385 T-Shirt Hvid B/P M Arla Tryk,Alm.slid uden restværdi,1,105,3,30155C97D461A4C001101E60,"PLC, Product detaljeret, Aarhus, Sep. 2023.xlsx",0.8697142857142858,T-shirt
09385 T-Shirt Hvid B/P M Arla Tryk,Alm.slid uden restværdi,1,103,4,30155C97D461A4C00110323C,"PLC, Product detaljeret, Aarhus, Sep. 2023.xlsx",1.1821359223300971,T-shirt
09385 T-Shirt Hvid B/P M Arla Tryk,Alm.slid uden restværdi,1,96,0,30155C97D461A4C000C2C24D,"PLC, Product detaljeret, Aarhus, Sep. 2023.xlsx",0.0,T-shirt
01083 T-Shirt unisex hvid k/æ P/B,Alm.slid uden restværdi,1,77,0,30155C97D461A4C000C07F24,"PLC, Product detaljeret, Aarhus, Sep. 2023.xlsx",0.0,T-shirt
01083 T-Shirt unisex hvid k/æ P/B,Alm.slid uden restværdi,1,65,6,30155C97D461A4C000C07C2A,"PLC, Product detaljeret, Aarhus, Sep. 2023.xlsx",2.8098461538461543,T-shirt
09385 T-Shirt Hvid B/P M Arla Tryk,Alm.slid uden restværdi,1,65,3,30155C97D461A4C001423147,"PLC, Product detaljeret, Aarhus, Sep. 2023.xlsx",1.4049230769230772,T-shirt
26666 T-shirt dame 1/2 ærme hvid,Alm.slid uden restværdi,1,64,1,30155C97D461A6C0000FD3EE,"PLC, Product detaljeret, Aarhus, Sep. 2023.xlsx",0.475625,T-shirt
26666 T-shirt dame 1/2 ærme hvid,Alm.slid uden restværdi,1,64,1,30155C97D461A6C0000FD48E,"PLC, Product detaljeret, Aarhus, Sep. 2023.xlsx",0.475625,T-shirt
26666 T-shirt dame 1/2 ærme hvid,Alm.slid uden restværdi,1,64,1,30155C97D461A6C0000FD4A9,"PLC, Product detaljeret, Aarhus, Sep. 2023.xlsx",0.475625,T-shirt
26666 T-shirt dame 1/2 ærme hvid,Alm.slid uden restværdi,1,64,1,30155C97D461A6C0000FD4E6,"PLC, Product detaljeret, Aarhus, Sep. 2023.xlsx",0.475625,T-shirt
26666 T-shirt dame 1/2 ærme hvid,Alm.slid uden restværdi,1,64,1,30155C97D461A6C0000FD518,"PLC, Product detaljeret, Aarhus, Sep. 2023.xlsx",0.475625,T-shirt
01083 T-Shirt unisex hvid k/æ P/B,Alm.slid uden restværdi,1,63,3,30155C97D461A4C000C07E58,"PLC, Product detaljeret, Aarhus, Sep. 2023.xlsx",1.4495238095238094,T-shirt
01083 T-Shirt unisex hvid k/æ P/B,Alm.slid uden restværdi,1,63,4,30155C97D461A4C000C07ED0,"PLC, Product detaljeret, Aarhus, Sep. 2023.xlsx",1.9326984126984126,T-shirt
01083 T-Shirt unisex hvid k/æ P/B,Alm.slid uden restværdi,1,63,3,30155C97D461A4C000C07FC8,"PLC, Product detaljeret, Aarhus, Sep. 2023.xlsx",1.4495238095238094,T-shirt
01083 T-Shirt unisex hvid k/æ P/B,Alm.slid uden restværdi,1,63,4,30155C97D461A4C000C07FF1,"PLC, Product detaljeret, Aarhus, Sep. 2023.xlsx",1.9326984126984126,T-shirt
01083 T-Shirt unisex hvid k/æ P/B,Alm.slid uden restværdi,1,63,4,30155C97D461A4C000C07FAA,"PLC, Product detaljeret, Aarhus, Sep. 2023.xlsx",1.9326984126984126,T-shirt
10981 T-shirt prowear dame hvid pb,Alm.slid uden restværdi,1,63,1,30155C97D461A4C000C0C772,"PLC, Product detaljeret, Aarhus, Sep. 2023.xlsx",0.48317460317460315,T-shirt
08610 T-Shirt Lady Hvid Bomuld,Alm.slid uden restværdi,1,62,1,30155C97D461A7C000B9D495,"PLC, Product detaljeret, Aarhus, Sep. 2023.xlsx",0.49096774193548387,T-shirt
01083 T-Shirt unisex hvid k/æ P/B,Alm.slid uden restværdi,1,53,4,30155C97D461A4C000C0863F,"PLC, Product detaljeret, Aarhus, Sep. 2023.xlsx",2.2973584905660376,T-shirt
09385 T-Shirt Hvid B/P M Arla Tryk,Alm.slid uden restværdi,1,49,1,30155C97D461A4C000D7A792,"PLC, Product detaljeret, Aarhus, Sep. 2023.xlsx",0.6212244897959184,T-shirt
09239 T-Shirt K/Æ Da Hvid Bom,Alm.slid uden restværdi,1,46,0,30155C97D461A6C0008BF38D,"PLC, Product detaljeret, Aarhus, Sep. 2023.xlsx",0.0,T-shirt
09385 T-Shirt Hvid B/P M Arla Tryk,Alm.slid uden restværdi,1,39,1,30155C97D461A4C000F85E68,"PLC, Product detaljeret, Aarhus, Sep. 2023.xlsx",0.7805128205128206,T-shirt
09385 T-Shirt Hvid B/P M Arla Tryk,Alm.slid uden restværdi,1,36,2,30155C97D461A4C000C06D9E,"PLC, Product detaljeret, Aarhus, Sep. 2023.xlsx",1.691111111111111,T-shirt
01083 T-Shirt unisex hvid k/æ P/B,Alm.slid uden restværdi,1,31,1,30155C97D461A4C00164F9FC,"PLC, Product detaljeret, Aarhus, Sep. 2023.xlsx",0.9819354838709677,T-shirt
09385 T-Shirt Hvid B/P M Arla Tryk,Alm.slid uden restværdi,1,30,0,30155C97D461A4C000F85E32,"PLC, Product detaljeret, Aarhus, Sep. 2023.xlsx",0.0,T-shirt
09385 T-Shirt Hvid B/P M Arla Tryk,Alm.slid uden restværdi,1,30,0,30155C97D461A4C000F869E1,"PLC, Product detaljeret, Aarhus, Sep. 2023.xlsx",0.0,T-shirt
10981 T-shirt prowear dame hvid pb,Alm.slid uden restværdi,1,30,1,30155C97D461A6C001A691BC,"PLC, Product detaljeret, Aarhus, Sep. 2023.xlsx",1.0146666666666666,T-shirt
09385 T-Shirt Hvid B/P M Arla Tryk,Alm.slid uden restværdi,1,29,0,30155C97D461A4C00142384C,"PLC, Product detaljeret, Aarhus, Sep. 2023.xlsx",0.0,T-shirt
01083 T-Shirt unisex hvid k/æ P/B,Alm.slid uden restværdi,1,25,1,30155C97D461A4C000C11E41,"PLC, Product detaljeret, Aarhus, Sep. 2023.xlsx",1.2176,T-shirt
05910 T-shirt undertrøje hvid,Alm.slid uden restværdi,1,824,11,30155C97D461A6C000306030,Maj,0.40635922330097085,undertrøje
05910 T-shirt undertrøje hvid,Alm.slid uden restværdi,1,817,14,30155C97D461A6C000306017,Maj,0.5216156670746633,undertrøje
05910 T-shirt undertrøje hvid,Alm.slid uden restværdi,1,748,25,30155C97D461A6C000816FFE,Maj,1.0173796791443852,undertrøje
05910 T-shirt undertrøje hvid,Alm.slid uden restværdi,1,344,4,300ED89F335000ACCD058B0C,Maj,0.353953488372093,undertrøje
05910 T-shirt undertrøje hvid,Alm.slid uden restværdi,1,344,7,30155C97D461A4C00065395C,Maj,0.6194186046511628,undertrøje
05910 T-shirt undertrøje hvid,Alm.slid uden restværdi,1,344,4,30155C97D461A4C0006539BF,Maj,0.353953488372093,undertrøje
05910 T-shirt undertrøje hvid,Alm.slid uden restværdi,1,344,8,30155C97D461A4C0006539DA,Maj,0.707906976744186,undertrøje
05910 T-shirt undertrøje hvid,Alm.slid uden restværdi,1,344,4,30155C97D461A4C000653A45,Maj,0.353953488372093,undertrøje
05910 T-shirt undertrøje hvid,Alm.slid uden restværdi,1,344,7,30155C97D461A4C000653A4D,Maj,0.6194186046511628,undertrøje
