Produkt - Produkt,Kassationsårsag (ui),Stk. tøj per kassationsdato,Dage i cirkulation,Total antal vask,Unik Kode (ui),Måned,Vask per måned,Kategori
11606 Polo t-shirt dame lysblå pro,Alm.slid uden restværdi,1,1626,43,30155C97D461A7C00166E847,"PLC, Product detaljeret, Aarhus, Apr. 2023.xlsx",0.8049938499384994,Polo
10597 Poloshirt pique da m.blå bom,Alm.slid uden restværdi,1,1270,57,30155C97D461A7C001EAC318,"PLC, Product detaljeret, Aarhus, Apr. 2023.xlsx",1.3662047244094488,Polo
10597 Poloshirt pique da m.blå bom,Alm.slid uden restværdi,1,1270,84,30155C97D461A7C0020F1BA8,"PLC, Product detaljeret, Aarhus, Apr. 2023.xlsx",2.0133543307086614,Polo
10596 Poloshirt pique uni m.blå b,Alm.slid uden restværdi,1,1259,38,30155C97D461A7C0020F1B77,"PLC, Product detaljeret, Aarhus, Apr. 2023.xlsx",0.9187609213661637,Polo
10596 Poloshirt pique uni m.blå b,Alm.slid uden restværdi,1,1259,19,30155C97D461A7C0020F1C33,"PLC, Product detaljeret, Aarhus, Apr. 2023.xlsx",0.45938046068308186,Polo
10596 Poloshirt pique uni m.blå b,Alm.slid uden restværdi,1,1259,31,30155C97D461A7C002118EFD,"PLC, Product detaljeret, Aarhus, Apr. 2023.xlsx",0.7495154884829229,Polo
10596 Poloshirt pique uni m.blå b,Alm.slid uden restværdi,1,1259,29,30155C97D461A7C002118F18,"PLC, Product detaljeret, Aarhus, Apr. 2023.xlsx",0.7011596505162827,Polo
10596 Poloshirt pique uni m.blå b,Alm.slid uden restværdi,1,1259,18,30155C97D461A7C002118F60,"PLC, Product detaljeret, Aarhus, Apr. 2023.xlsx",0.43520254169976175,Polo
11606 Polo t-shirt dame lysblå pro,Alm.slid uden restværdi,1,1055,94,30155C97D461A7C0023C4E03,"PLC, Product detaljeret, Aarhus, Apr. 2023.xlsx",2.7121895734597157,Polo
11606 Polo t-shirt dame lysblå pro,Alm.slid uden restværdi,1,727,67,30155C97D461A6C0008176AA,"PLC, Product detaljeret, Aarhus, Apr. 2023.xlsx",2.805337001375516,Polo
11606 Polo t-shirt dame lysblå pro,Alm.slid uden restværdi,1,668,47,30155C97D461A6C000B04D7D,"PLC, Product detaljeret, Aarhus, Apr. 2023.xlsx",2.141736526946108,Polo
11606 Polo t-shirt dame lysblå pro,Alm.slid uden restværdi,1,500,23,30155C97D461A6C00105C5CC,"PLC, Product detaljeret, Aarhus, Apr. 2023.xlsx",1.40024,Polo
11606 Polo t-shirt dame lysblå pro,Alm.slid uden restværdi,1,500,24,30155C97D461A6C00105C5E6,"PLC, Product detaljeret, Aarhus, Apr. 2023.xlsx",1.4611200000000002,Polo
10597 Poloshirt pique da m.blå bom,Alm.slid uden restværdi,1,398,15,30155C97D461A6C0015B5461,"PLC, Product detaljeret, Aarhus, Apr. 2023.xlsx",1.1472361809045226,Polo
10597 Poloshirt pique da m.blå bom,Alm.slid uden restværdi,1,70,1,30155C97D461A6C0018ED4C6,"PLC, Product detaljeret, Aarhus, Apr. 2023.xlsx",0.4348571428571429,Polo
10597 Poloshirt pique da m.blå bom,Alm.slid uden restværdi,1,1379,23,30155C97D461A7C001EAB776,"PLC, Product detaljeret, Aarhus, Aug. 2023.xlsx",0.5077012327773749,Polo
10597 Poloshirt pique da m.blå bom,Alm.slid uden restværdi,1,1379,24,30155C97D461A7C001EAB7BB,"PLC, Product detaljeret, Aarhus, Aug. 2023.xlsx",0.5297751994198695,Polo
10597 Poloshirt pique da m.blå bom,Alm.slid uden restværdi,1,1379,45,30155C97D461A7C0020F1A91,"PLC, Product detaljeret, Aarhus, Aug. 2023.xlsx",0.9933284989122552,Polo
10597 Poloshirt pique da m.blå bom,Alm.slid uden restværdi,1,1378,70,30155C97D461A7C001EAC391,"PLC, Product detaljeret, Aarhus, Aug. 2023.xlsx",1.5462989840348331,Polo
10596 Poloshirt pique uni m.blå b,Alm.slid uden restværdi,1,1369,130,30155C97D461A7C00211480D,"PLC, Product detaljeret, Aarhus, Aug. 2023.xlsx",2.8905770635500367,Polo
10596 Poloshirt pique uni m.blå b,Alm.slid uden restværdi,1,1369,116,30155C97D461A7C00211487B,"PLC, Product detaljeret, Aarhus, Aug. 2023.xlsx",2.579284149013879,Polo
10596 Poloshirt pique uni m.blå b,Alm.slid uden restværdi,1,1369,104,30155C97D461A7C0021148CC,"PLC, Product detaljeret, Aarhus, Aug. 2023.xlsx",2.3124616508400293,Polo
10596 Poloshirt pique uni m.blå b,Alm.slid uden restværdi,1,1369,119,30155C97D461A7C0021148DB,"PLC, Product detaljeret, Aarhus, Aug. 2023.xlsx",2.645989773557341,Polo
10596 Poloshirt pique uni m.blå b,Alm.slid uden restværdi,1,1369,110,30155C97D461A7C002114970,"PLC, Product detaljeret, Aarhus, Aug. 2023.xlsx",2.4458728999269543,Polo
10596 Poloshirt pique uni m.blå b,Alm.slid uden restværdi,1,1369,91,30155C97D461A7C002114980,"PLC, Product detaljeret, Aarhus, Aug. 2023.xlsx",2.023403944485026,Polo
10597 Poloshirt pique da m.blå bom,Alm.slid uden restværdi,1,1369,13,30155C97D461A7C001EAB6C6,"PLC, Product detaljeret, Aarhus, Aug. 2023.xlsx",0.28905770635500366,Polo
10597 Poloshirt pique da m.blå bom,Alm.slid uden restværdi,1,1369,11,30155C97D461A7C001EAB6F9,"PLC, Product detaljeret, Aarhus, Aug. 2023.xlsx",0.24458728999269538,Polo
10597 Poloshirt pique da m.blå bom,Alm.slid uden restværdi,1,1369,12,30155C97D461A7C001EAB711,"PLC, Product detaljeret, Aarhus, Aug. 2023.xlsx",0.2668224981738495,Polo
10597 Poloshirt pique da m.blå bom,Alm.slid uden restværdi,1,1369,7,30155C97D461A7C001EAB7B1,"PLC, Product detaljeret, Aarhus, Aug. 2023.xlsx",0.1556464572680789,Polo
10597 Poloshirt pique da m.blå bom,Alm.slid uden restværdi,1,1369,11,30155C97D461A7C002114851,"PLC, Product detaljeret, Aarhus, Aug. 2023.xlsx",0.24458728999269538,Polo
10597 Poloshirt pique da m.blå bom,Alm.slid uden restværdi,1,1313,70,30155C97D461A7C002114941,"PLC, Product detaljeret, Aarhus, Aug. 2023.xlsx",1.622848438690023,Polo
10597 Poloshirt pique da m.blå bom,Alm.slid uden restværdi,1,1295,14,30155C97D461A7C0020F1304,"PLC, Product detaljeret, Aarhus, Aug. 2023.xlsx",0.32908108108108114,Polo
11606 Polo t-shirt dame lysblå pro,Alm.slid uden restværdi,1,1154,82,30155C97D461A7C00290FDCB,"PLC, Product detaljeret, Aarhus, Aug. 2023.xlsx",2.1629809358752166,Polo
10597 Poloshirt pique da m.blå bom,Alm.slid uden restværdi,1,1511,102,30155C97D461A7C001EAC277,"PLC, Product detaljeret, Aarhus, Dec. 2023.xlsx",2.0548510919920586,Polo
10597 Poloshirt pique da m.blå bom,Alm.slid uden restværdi,1,1511,89,30155C97D461A7C0020F149D,"PLC, Product detaljeret, Aarhus, Dec. 2023.xlsx",1.7929583057577763,Polo
10597 Poloshirt pique da m.blå bom,Alm.slid uden restværdi,1,1511,89,30155C97D461A7C0020F1502,"PLC, Product detaljeret, Aarhus, Dec. 2023.xlsx",1.7929583057577763,Polo
10597 Poloshirt pique da m.blå bom,Alm.slid uden restværdi,1,1511,96,30155C97D461A7C0020F1593,"PLC, Product detaljeret, Aarhus, Dec. 2023.xlsx",1.9339774983454665,Polo
10597 Poloshirt pique da m.blå bom,Alm.slid uden restværdi,1,1511,89,30155C97D461A7C0020F1ACE,"PLC, Product detaljeret, Aarhus, Dec. 2023.xlsx",1.7929583057577763,Polo
11606 Polo t-shirt dame lysblå pro,Alm.slid uden restværdi,1,1479,102,30155C97D461A7C0020F3DC1,"PLC, Product detaljeret, Aarhus, Dec. 2023.xlsx",2.099310344827586,Polo
11606 Polo t-shirt dame lysblå pro,Alm.slid uden restværdi,1,1479,110,30155C97D461A7C0020F3F44,"PLC, Product detaljeret, Aarhus, Dec. 2023.xlsx",2.2639621365787694,Polo
11606 Polo t-shirt dame lysblå pro,Alm.slid uden restværdi,1,1287,116,30155C97D461A7C0023C4E2A,"PLC, Product detaljeret, Aarhus, Dec. 2023.xlsx",2.7436208236208235,Polo
10597 Poloshirt pique da m.blå bom,Alm.slid uden restværdi,1,626,42,30155C97D461A6C0015B54B8,"PLC, Product detaljeret, Aarhus, Dec. 2023.xlsx",2.042300319488818,Polo
11606 Polo t-shirt dame lysblå pro,Alm.slid uden restværdi,1,578,46,30155C97D461A4C0006493D7,"PLC, Product detaljeret, Aarhus, Dec. 2023.xlsx",2.422560553633218,Polo
10596 Poloshirt pique uni m.blå b,Alm.slid uden restværdi,1,462,38,30155C97D461A6C001B32BB8,"PLC, Product detaljeret, Aarhus, Dec. 2023.xlsx",2.503722943722944,Polo
10597 Poloshirt pique da m.blå bom,Alm.slid uden restværdi,1,407,21,30155C97D461A6C0015C41D1,"PLC, Product detaljeret, Aarhus, Dec. 2023.xlsx",1.5706142506142506,Polo
05909 Poloshirt Lysblå Prowear,Alm.slid uden restværdi,1,105,10,30155C97D461A4C001100EB4,"PLC, Product detaljeret, Aarhus, Dec. 2023.xlsx",2.899047619047619,Polo
05909 Poloshirt Lysblå Prowear,Alm.slid uden restværdi,1,93,4,30155C97D461A4C000F8494C,"PLC, Product detaljeret, Aarhus, Dec. 2023.xlsx",1.309247311827957,Polo
10597 Poloshirt pique da m.blå bom,Alm.slid uden restværdi,1,1181,19,30155C97D461A7C0020F1AD1,"PLC, Product detaljeret, Aarhus, Feb. 2023.xlsx",0.4897205757832345,Polo
10597 Poloshirt pique da m.blå bom,Alm.slid uden restværdi,1,1181,21,30155C97D461A7C0020F1B42,"PLC, Product detaljeret, Aarhus, Feb. 2023.xlsx",0.5412701100762066,Polo
10597 Poloshirt pique da m.blå bom,Alm.slid uden restværdi,1,1181,18,30155C97D461A7C0020F1B60,"PLC, Product detaljeret, Aarhus, Feb. 2023.xlsx",0.46394580863674856,Polo
10597 Poloshirt pique da m.blå bom,Alm.slid uden restværdi,1,1180,38,30155C97D461A7C0020F1B67,"PLC, Product detaljeret, Aarhus, Feb. 2023.xlsx",0.980271186440678,Polo
10597 Poloshirt pique da m.blå bom,Alm.slid uden restværdi,1,1180,22,30155C97D461A7C0020F1BC9,"PLC, Product detaljeret, Aarhus, Feb. 2023.xlsx",0.5675254237288136,Polo
10597 Poloshirt pique da m.blå bom,Alm.slid uden restværdi,1,1180,24,30155C97D461A7C002114937,"PLC, Product detaljeret, Aarhus, Feb. 2023.xlsx",0.6191186440677966,Polo
10597 Poloshirt pique da m.blå bom,Alm.slid uden restværdi,1,1175,26,30155C97D461A7C0021148C9,"PLC, Product detaljeret, Aarhus, Feb. 2023.xlsx",0.6735659574468086,Polo
10597 Poloshirt pique da m.blå bom,Alm.slid uden restværdi,1,1170,29,30155C97D461A7C001FC2B68,"PLC, Product detaljeret, Aarhus, Feb. 2023.xlsx",0.7544957264957265,Polo
10597 Poloshirt pique da m.blå bom,Alm.slid uden restværdi,1,1170,26,30155C97D461A7C001FC2C97,"PLC, Product detaljeret, Aarhus, Feb. 2023.xlsx",0.6764444444444445,Polo
10597 Poloshirt pique da m.blå bom,Alm.slid uden restværdi,1,1169,20,30155C97D461A7C001FC2BD1,"PLC, Product detaljeret, Aarhus, Feb. 2023.xlsx",0.520786997433704,Polo
10597 Poloshirt pique da m.blå bom,Alm.slid uden restværdi,1,1169,27,30155C97D461A7C001FC2C0A,"PLC, Product detaljeret, Aarhus, Feb. 2023.xlsx",0.7030624465355004,Polo
10597 Poloshirt pique da m.blå bom,Alm.slid uden restværdi,1,1160,16,30155C97D461A7C0020F1B7D,"PLC, Product detaljeret, Aarhus, Feb. 2023.xlsx",0.41986206896551725,Polo
10597 Poloshirt pique da m.blå bom,Alm.slid uden restværdi,1,1158,33,30155C97D461A7C0020F1BCF,"PLC, Product detaljeret, Aarhus, Feb. 2023.xlsx",0.8674611398963731,Polo
10597 Poloshirt pique da m.blå bom,Alm.slid uden restværdi,1,949,45,30155C97D461A7C00269416F,"PLC, Product detaljeret, Aarhus, Feb. 2023.xlsx",1.4434141201264488,Polo
10597 Poloshirt pique da m.blå bom,Alm.slid uden restværdi,1,671,34,30155C97D461A6C0002FF333,"PLC, Product detaljeret, Aarhus, Feb. 2023.xlsx",1.542414307004471,Polo
10597 Poloshirt pique da m.blå bom,Alm.slid uden restværdi,1,616,5,30155C97D461A6C000B9C22D,"PLC, Product detaljeret, Aarhus, Feb. 2023.xlsx",0.24707792207792206,Polo
10597 Poloshirt pique da m.blå bom,Alm.slid uden restværdi,1,615,23,30155C97D461A6C000B9C1CF,"PLC, Product detaljeret, Aarhus, Feb. 2023.xlsx",1.1384065040650406,Polo
10597 Poloshirt pique da m.blå bom,Alm.slid uden restværdi,1,615,15,30155C97D461A6C000B9C1E5,"PLC, Product detaljeret, Aarhus, Feb. 2023.xlsx",0.742439024390244,Polo
10597 Poloshirt pique da m.blå bom,Alm.slid uden restværdi,1,615,28,30155C97D461A6C000B9C300,"PLC, Product detaljeret, Aarhus, Feb. 2023.xlsx",1.3858861788617889,Polo
10597 Poloshirt pique da m.blå bom,Alm.slid uden restværdi,1,328,20,30155C97D461A6C0012E94B5,"PLC, Product detaljeret, Aarhus, Feb. 2023.xlsx",1.8560975609756099,Polo
10597 Poloshirt pique da m.blå bom,Alm.slid uden restværdi,1,328,15,30155C97D461A6C0012E9558,"PLC, Product detaljeret, Aarhus, Feb. 2023.xlsx",1.3920731707317073,Polo
10597 Poloshirt pique da m.blå bom,Alm.slid uden restværdi,1,328,17,30155C97D461A6C0012E95B7,"PLC, Product detaljeret, Aarhus, Feb. 2023.xlsx",1.5776829268292683,Polo
10597 Poloshirt pique da m.blå bom,Alm.slid uden restværdi,1,307,23,30155C97D461A6C000640EA2,"PLC, Product detaljeret, Aarhus, Feb. 2023.xlsx",2.2805211726384367,Polo
10597 Poloshirt pique da m.blå bom,Alm.slid uden restværdi,1,307,19,30155C97D461A6C000640FEA,"PLC, Product detaljeret, Aarhus, Feb. 2023.xlsx",1.8839087947882738,Polo
10596 Poloshirt pique uni m.blå b,Alm.slid uden restværdi,1,124,5,30155C97D461A4C000E98B27,"PLC, Product detaljeret, Aarhus, Feb. 2023.xlsx",1.2274193548387098,Polo
10596 Poloshirt pique uni m.blå b,Alm.slid uden restværdi,1,124,5,30155C97D461A4C000E98C0E,"PLC, Product detaljeret, Aarhus, Feb. 2023.xlsx",1.2274193548387098,Polo
10597 Poloshirt pique da m.blå bom,Alm.slid uden restværdi,1,1044,17,30155C97D461A7C001EAC1F4,"PLC, Product detaljeret, Aarhus, Jan. 2023.xlsx",0.49567049808429114,Polo
05909 Poloshirt Lysblå Prowear,Alm.slid uden restværdi,1,693,27,30155C97D461A6C00030DAF1,"PLC, Product detaljeret, Aarhus, Jan. 2023.xlsx",1.185974025974026,Polo
05909 Poloshirt Lysblå Prowear,Alm.slid uden restværdi,1,693,59,30155C97D461A6C00030DB13,"PLC, Product detaljeret, Aarhus, Jan. 2023.xlsx",2.591572871572872,Polo
05909 Poloshirt Lysblå Prowear,Alm.slid uden restværdi,1,686,37,30155C97D461A6C00030DB66,"PLC, Product detaljeret, Aarhus, Jan. 2023.xlsx",1.6418075801749272,Polo
05909 Poloshirt Lysblå Prowear,Alm.slid uden restværdi,1,600,22,30155C97D461A6C000B0070A,"PLC, Product detaljeret, Aarhus, Jan. 2023.xlsx",1.1161333333333334,Polo
10596 Poloshirt pique uni m.blå b,Alm.slid uden restværdi,1,99,4,30155C97D461A4C000E98B4C,"PLC, Product detaljeret, Aarhus, Jan. 2023.xlsx",1.22989898989899,Polo
10596 Poloshirt pique uni m.blå b,Alm.slid uden restværdi,1,99,8,30155C97D461A4C000E98B7E,"PLC, Product detaljeret, Aarhus, Jan. 2023.xlsx",2.45979797979798,Polo
10596 Poloshirt pique uni m.blå b,Alm.slid uden restværdi,1,99,9,30155C97D461A4C000E98D05,"PLC, Product detaljeret, Aarhus, Jan. 2023.xlsx",2.7672727272727276,Polo
02802 Polo K/Æ Mblå Elis Chauffør,Alm.slid uden restværdi,1,2148,73,30155C97D461A7C000EAFD8A,"PLC, Product detaljeret, Aarhus, Jul. 2023.xlsx",1.0345065176908752,Polo
10597 Poloshirt pique da m.blå bom,Alm.slid uden restværdi,1,1337,38,30155C97D461A7C001EAC1FE,"PLC, Product detaljeret, Aarhus, Jul. 2023.xlsx",0.8651608077786088,Polo
10597 Poloshirt pique da m.blå bom,Alm.slid uden restværdi,1,1337,16,30155C97D461A7C0020F1B8F,"PLC, Product detaljeret, Aarhus, Jul. 2023.xlsx",0.3642782348541511,Polo
10597 Poloshirt pique da m.blå bom,Alm.slid uden restværdi,1,1337,78,30155C97D461A7C00211405F,"PLC, Product detaljeret, Aarhus, Jul. 2023.xlsx",1.7758563949139867,Polo
10597 Poloshirt pique da m.blå bom,Alm.slid uden restværdi,1,1337,65,30155C97D461A7C00211417C,"PLC, Product detaljeret, Aarhus, Jul. 2023.xlsx",1.4798803290949887,Polo
10597 Poloshirt pique da m.blå bom,Alm.slid uden restværdi,1,680,50,30155C97D461A6C000B9AF58,"PLC, Product detaljeret, Aarhus, Jul. 2023.xlsx",2.238235294117647,Polo
10596 Poloshirt pique uni m.blå b,Alm.slid uden restværdi,1,833,70,30155C97D461A6C0002B8C4D,"PLC, Product detaljeret, Aarhus, Jun. 2023.xlsx",2.557983193277311,Polo
11606 Polo t-shirt dame lysblå pro,Alm.slid uden restværdi,1,779,43,30155C97D461A6C00039DF1C,"PLC, Product detaljeret, Aarhus, Jun. 2023.xlsx",1.6802567394094994,Polo
10597 Poloshirt pique da m.blå bom,Alm.slid uden restværdi,1,658,28,30155C97D461A6C000B9AE78,"PLC, Product detaljeret, Aarhus, Jun. 2023.xlsx",1.2953191489361702,Polo
10597 Poloshirt pique da m.blå bom,Alm.slid uden restværdi,1,652,33,30155C97D461A6C000B9AF98,"PLC, Product detaljeret, Aarhus, Jun. 2023.xlsx",1.540674846625767,Polo
10597 Poloshirt pique da m.blå bom,Alm.slid uden restværdi,1,648,33,30155C97D461A6C000B9ADFA,"PLC, Product detaljeret, Aarhus, Jun. 2023.xlsx",1.550185185185185,Polo
10597 Poloshirt pique da m.blå bom,Alm.slid uden restværdi,1,599,18,30155C97D461A6C0015C426E,"PLC, Product detaljeret, Aarhus, Jun. 2023.xlsx",0.9147245409015026,Polo
10597 Poloshirt pique da m.blå bom,Alm.slid uden restværdi,1,508,18,30155C97D461A6C0015C497F,"PLC, Product detaljeret, Aarhus, Jun. 2023.xlsx",1.0785826771653544,Polo
11606 Polo t-shirt dame lysblå pro,Alm.slid uden restværdi,1,1608,34,30155C97D461A7C00156A64F,Maj,0.64363184079602,Polo
10596 Poloshirt pique uni m.blå b,Alm.slid uden restværdi,1,1288,19,30155C97D461A7C0020F07BA,Maj,0.4490372670807454,Polo
10597 Poloshirt pique da m.blå bom,Alm.slid uden restværdi,1,740,23,30155C97D461A6C000818CBC,Maj,0.9461081081081082,Polo
11606 Polo t-shirt dame lysblå pro,Alm.slid uden restværdi,1,730,32,30155C97D461A6C0003124C5,Maj,1.3343561643835617,Polo
10597 Poloshirt pique da m.blå bom,Alm.slid uden restværdi,1,645,52,30155C97D461A6C000B9AE03,Maj,2.454077519379845,Polo
10597 Poloshirt pique da m.blå bom,Alm.slid uden restværdi,1,645,47,30155C97D461A6C000B9AE6E,Maj,2.218108527131783,Polo
05909 Poloshirt Lysblå Prowear,Alm.slid uden restværdi,1,536,45,30155C97D461A6C0012F26C8,Maj,2.5555970149253735,Polo
11606 Polo t-shirt dame lysblå pro,Alm.slid uden restværdi,1,527,12,30155C97D461A6C00105C528,Maj,0.6931309297912713,Polo
10597 Poloshirt pique da m.blå bom,Alm.slid uden restværdi,1,1315,11,30155C97D461A7C0020F1A88,"PLC, Product detaljeret, Aarhus, Mar. 2023.xlsx",0.25463117870722435,Polo
10597 Poloshirt pique da m.blå bom,Alm.slid uden restværdi,1,1315,16,30155C97D461A7C0020F1BAF,"PLC, Product detaljeret, Aarhus, Mar. 2023.xlsx",0.37037262357414447,Polo
10597 Poloshirt pique da m.blå bom,Alm.slid uden restværdi,1,1315,16,30155C97D461A7C0020F1BE7,"PLC, Product detaljeret, Aarhus, Mar. 2023.xlsx",0.37037262357414447,Polo
10597 Poloshirt pique da m.blå bom,Alm.slid uden restværdi,1,1315,9,30155C97D461A7C0020F1AAF,"PLC, Product detaljeret, Aarhus, Mar. 2023.xlsx",0.2083346007604563,Polo
10597 Poloshirt pique da m.blå bom,Alm.slid uden restværdi,1,1202,18,30155C97D461A7C001EAB747,"PLC, Product detaljeret, Aarhus, Mar. 2023.xlsx",0.45584026622296175,Polo
10597 Poloshirt pique da m.blå bom,Alm.slid uden restværdi,1,1202,51,30155C97D461A7C0020F1B6B,"PLC, Product detaljeret, Aarhus, Mar. 2023.xlsx",1.2915474209650581,Polo
10597 Poloshirt pique da m.blå bom,Alm.slid uden restværdi,1,1202,46,30155C97D461A7C002118E54,"PLC, Product detaljeret, Aarhus, Mar. 2023.xlsx",1.1649251247920134,Polo
10596 Poloshirt pique uni m.blå b,Alm.slid uden restværdi,1,1122,22,30155C97D461A7C0023BD66D,"PLC, Product detaljeret, Aarhus, Mar. 2023.xlsx",0.5968627450980393,Polo
10596 Poloshirt pique uni m.blå b,Alm.slid uden restværdi,1,1122,95,30155C97D461A7C0023BDBFF,"PLC, Product detaljeret, Aarhus, Mar. 2023.xlsx",2.5773618538324423,Polo
10596 Poloshirt pique uni m.blå b,Alm.slid uden restværdi,1,1122,62,30155C97D461A7C0023BDD07,"PLC, Product detaljeret, Aarhus, Mar. 2023.xlsx",1.6820677361853833,Polo
10596 Poloshirt pique uni m.blå b,Alm.slid uden restværdi,1,1059,81,30155C97D461A7C0023C9751,"PLC, Product detaljeret, Aarhus, Mar. 2023.xlsx",2.328271954674221,Polo
10596 Poloshirt pique uni m.blå b,Alm.slid uden restværdi,1,1059,33,30155C97D461A7C0023C975D,"PLC, Product detaljeret, Aarhus, Mar. 2023.xlsx",0.9485552407932011,Polo
10596 Poloshirt pique uni m.blå b,Alm.slid uden restværdi,1,1059,66,30155C97D461A7C0023C9D76,"PLC, Product detaljeret, Aarhus, Mar. 2023.xlsx",1.8971104815864022,Polo
10596 Poloshirt pique uni m.blå b,Alm.slid uden restværdi,1,1059,94,30155C97D461A7C0023C9EDE,"PLC, Product detaljeret, Aarhus, Mar. 2023.xlsx",2.7019452313503307,Polo
10596 Poloshirt pique uni m.blå b,Alm.slid uden restværdi,1,1045,68,30155C97D461A7C0023C9EA1,"PLC, Product detaljeret, Aarhus, Mar. 2023.xlsx",1.9807846889952152,Polo
10596 Poloshirt pique uni m.blå b,Alm.slid uden restværdi,1,1044,114,30155C97D461A7C0023C9E45,"PLC, Product detaljeret, Aarhus, Mar. 2023.xlsx",3.323908045977012,Polo
10597 Poloshirt pique da m.blå bom,Alm.slid uden restværdi,1,880,35,30155C97D461A6C0000F1A65,"PLC, Product detaljeret, Aarhus, Mar. 2023.xlsx",1.2106818181818182,Polo
10597 Poloshirt pique da m.blå bom,Alm.slid uden restværdi,1,680,8,30155C97D461A6C0002FF2BD,"PLC, Product detaljeret, Aarhus, Mar. 2023.xlsx",0.35811764705882354,Polo
10597 Poloshirt pique da m.blå bom,Alm.slid uden restværdi,1,680,11,30155C97D461A6C0002FF3FA,"PLC, Product detaljeret, Aarhus, Mar. 2023.xlsx",0.49241176470588244,Polo
10597 Poloshirt pique da m.blå bom,Alm.slid uden restværdi,1,1479,23,30155C97D461A7C0020F1504,"PLC, Product detaljeret, Aarhus, Nov. 2023.xlsx",0.4733739012846518,Polo
10597 Poloshirt pique da m.blå bom,Alm.slid uden restværdi,1,1465,26,30155C97D461A7C002114044,"PLC, Product detaljeret, Aarhus, Nov. 2023.xlsx",0.5402320819112628,Polo
10597 Poloshirt pique da m.blå bom,Alm.slid uden restværdi,1,1459,32,30155C97D461A7C0020F1AF9,"PLC, Product detaljeret, Aarhus, Nov. 2023.xlsx",0.6676353666895134,Polo
10596 Poloshirt pique uni m.blå b,Alm.slid uden restværdi,1,1437,40,30155C97D461A7C00228680F,"PLC, Product detaljeret, Aarhus, Nov. 2023.xlsx",0.8473208072373,Polo
10596 Poloshirt pique uni m.blå b,Alm.slid uden restværdi,1,1436,37,30155C97D461A7C0022867CD,"PLC, Product detaljeret, Aarhus, Nov. 2023.xlsx",0.7843175487465182,Polo
10596 Poloshirt pique uni m.blå b,Alm.slid uden restværdi,1,1436,22,30155C97D461A7C00228681D,"PLC, Product detaljeret, Aarhus, Nov. 2023.xlsx",0.4663509749303621,Polo
10597 Poloshirt pique da m.blå bom,Alm.slid uden restværdi,1,607,41,30155C97D461A6C0012E9458,"PLC, Product detaljeret, Aarhus, Nov. 2023.xlsx",2.0560790774299833,Polo
10597 Poloshirt pique da m.blå bom,Alm.slid uden restværdi,1,590,43,30155C97D461A6C0012E94B7,"PLC, Product detaljeret, Aarhus, Nov. 2023.xlsx",2.2185084745762715,Polo
10597 Poloshirt pique da m.blå bom,Alm.slid uden restværdi,1,588,42,30155C97D461A6C0012E950C,"PLC, Product detaljeret, Aarhus, Nov. 2023.xlsx",2.1742857142857144,Polo
10597 Poloshirt pique da m.blå bom,Alm.slid uden restværdi,1,567,35,30155C97D461A6C0005CED8C,"PLC, Product detaljeret, Aarhus, Nov. 2023.xlsx",1.8790123456790124,Polo
05909 Poloshirt Lysblå Prowear,Alm.slid uden restværdi,1,69,3,30155C97D461A4C000F84860,"PLC, Product detaljeret, Aarhus, Nov. 2023.xlsx",1.3234782608695652,Polo
09796 Polo pro m trykknap mblå,Alm.slid uden restværdi,1,2180,22,00D009F0A182,"PLC, Product detaljeret, Aarhus, Okt. 2023.xlsx",0.30719266055045874,Polo
11606 Polo t-shirt dame lysblå pro,Alm.slid uden restværdi,1,1427,93,30155C97D461A7C001F7212D,"PLC, Product detaljeret, Aarhus, Okt. 2023.xlsx",1.983826208829713,Polo
11606 Polo t-shirt dame lysblå pro,Alm.slid uden restværdi,1,1427,95,30155C97D461A7C001F72249,"PLC, Product detaljeret, Aarhus, Okt. 2023.xlsx",2.0264891380518573,Polo
11606 Polo t-shirt dame lysblå pro,Alm.slid uden restværdi,1,1427,104,30155C97D461A7C001F72276,"PLC, Product detaljeret, Aarhus, Okt. 2023.xlsx",2.218472319551507,Polo
11606 Polo t-shirt dame lysblå pro,Alm.slid uden restværdi,1,1427,98,30155C97D461A7C001F72277,"PLC, Product detaljeret, Aarhus, Okt. 2023.xlsx",2.0904835318850736,Polo
11606 Polo t-shirt dame lysblå pro,Alm.slid uden restværdi,1,1427,109,30155C97D461A7C001F7227D,"PLC, Product detaljeret, Aarhus, Okt. 2023.xlsx",2.3251296426068677,Polo
11606 Polo t-shirt dame lysblå pro,Alm.slid uden restværdi,1,1427,83,30155C97D461A7C001F7228D,"PLC, Product detaljeret, Aarhus, Okt. 2023.xlsx",1.7705115627189911,Polo
11606 Polo t-shirt dame lysblå pro,Alm.slid uden restværdi,1,1427,100,30155C97D461A7C001F7229D,"PLC, Product detaljeret, Aarhus, Okt. 2023.xlsx",2.133146461107218,Polo
11606 Polo t-shirt dame lysblå pro,Alm.slid uden restværdi,1,1427,102,30155C97D461A7C00226FE31,"PLC, Product detaljeret, Aarhus, Okt. 2023.xlsx",2.1758093903293623,Polo
11606 Polo t-shirt dame lysblå pro,Alm.slid uden restværdi,1,1422,79,30155C97D461A7C001F7215E,"PLC, Product detaljeret, Aarhus, Okt. 2023.xlsx",1.691111111111111,Polo
11606 Polo t-shirt dame lysblå pro,Alm.slid uden restværdi,1,1420,94,30155C97D461A7C001F7214A,"PLC, Product detaljeret, Aarhus, Okt. 2023.xlsx",2.0150422535211265,Polo
11606 Polo t-shirt dame lysblå pro,Alm.slid uden restværdi,1,1420,98,30155C97D461A7C001F7228E,"PLC, Product detaljeret, Aarhus, Okt. 2023.xlsx",2.1007887323943666,Polo
11606 Polo t-shirt dame lysblå pro,Alm.slid uden restværdi,1,1414,105,30155C97D461A7C001F7212E,"PLC, Product detaljeret, Aarhus, Okt. 2023.xlsx",2.26039603960396,Polo
11606 Polo t-shirt dame lysblå pro,Alm.slid uden restværdi,1,1381,38,30155C97D461A7C00226FE44,"PLC, Product detaljeret, Aarhus, Okt. 2023.xlsx",0.837595944967415,Polo
11606 Polo t-shirt dame lysblå pro,Alm.slid uden restværdi,1,1165,21,30155C97D461A7C00226FCC1,"PLC, Product detaljeret, Aarhus, Okt. 2023.xlsx",0.5487038626609442,Polo
11606 Polo t-shirt dame lysblå pro,Alm.slid uden restværdi,1,1159,12,30155C97D461A7C00226FCED,"PLC, Product detaljeret, Aarhus, Okt. 2023.xlsx",0.31516824849007763,Polo
11606 Polo t-shirt dame lysblå pro,Alm.slid uden restværdi,1,1159,39,30155C97D461A7C00226FDA0,"PLC, Product detaljeret, Aarhus, Okt. 2023.xlsx",1.0242968075927525,Polo
11606 Polo t-shirt dame lysblå pro,Alm.slid uden restværdi,1,1159,33,30155C97D461A7C00226FE3E,"PLC, Product detaljeret, Aarhus, Okt. 2023.xlsx",0.8667126833477136,Polo
11606 Polo t-shirt dame lysblå pro,Alm.slid uden restværdi,1,1158,34,30155C97D461A7C00226FC7D,"PLC, Product detaljeret, Aarhus, Okt. 2023.xlsx",0.8937478411053541,Polo
11606 Polo t-shirt dame lysblå pro,Alm.slid uden restværdi,1,1145,64,30155C97D461A7C001F7227B,"PLC, Product detaljeret, Aarhus, Okt. 2023.xlsx",1.7014497816593888,Polo
11606 Polo t-shirt dame lysblå pro,Alm.slid uden restværdi,1,1145,63,30155C97D461A7C00226FCE8,"PLC, Product detaljeret, Aarhus, Okt. 2023.xlsx",1.6748646288209608,Polo
11606 Polo t-shirt dame lysblå pro,Alm.slid uden restværdi,1,1145,56,30155C97D461A7C00226FCFF,"PLC, Product detaljeret, Aarhus, Okt. 2023.xlsx",1.488768558951965,Polo
11606 Polo t-shirt dame lysblå pro,Alm.slid uden restværdi,1,1145,57,30155C97D461A7C00226FD03,"PLC, Product detaljeret, Aarhus, Okt. 2023.xlsx",1.515353711790393,Polo
10597 Poloshirt pique da m.blå bom,Alm.slid uden restværdi,1,1052,109,30155C97D461A6C00012B51F,"PLC, Product detaljeret, Aarhus, Okt. 2023.xlsx",3.1539543726235744,Polo
10597 Poloshirt pique da m.blå bom,Alm.slid uden restværdi,1,1052,67,30155C97D461A6C00012B52D,"PLC, Product detaljeret, Aarhus, Okt. 2023.xlsx",1.9386692015209128,Polo
10597 Poloshirt pique da m.blå bom,Alm.slid uden restværdi,1,1052,96,30155C97D461A6C00012B536,"PLC, Product detaljeret, Aarhus, Okt. 2023.xlsx",2.7777946768060837,Polo
10597 Poloshirt pique da m.blå bom,Alm.slid uden restværdi,1,1052,61,30155C97D461A6C00012B606,"PLC, Product detaljeret, Aarhus, Okt. 2023.xlsx",1.7650570342205325,Polo
10597 Poloshirt pique da m.blå bom,Alm.slid uden restværdi,1,1052,54,30155C97D461A6C00012B627,"PLC, Product detaljeret, Aarhus, Okt. 2023.xlsx",1.5625095057034222,Polo
10597 Poloshirt pique da m.blå bom,Alm.slid uden restværdi,1,1052,75,30155C97D461A6C00012B6AA,"PLC, Product detaljeret, Aarhus, Okt. 2023.xlsx",2.170152091254753,Polo
10597 Poloshirt pique da m.blå bom,Alm.slid uden restværdi,1,1044,74,30155C97D461A6C00012B544,"PLC, Product detaljeret, Aarhus, Okt. 2023.xlsx",2.157624521072797,Polo
10597 Poloshirt pique da m.blå bom,Alm.slid uden restværdi,1,1044,38,30155C97D461A6C00012B6C8,"PLC, Product detaljeret, Aarhus, Okt. 2023.xlsx",1.1079693486590039,Polo
10597 Poloshirt pique da m.blå bom,Alm.slid uden restværdi,1,1043,89,30155C97D461A6C00012B521,"PLC, Product detaljeret, Aarhus, Okt. 2023.xlsx",2.5974688398849475,Polo
10597 Poloshirt pique da m.blå bom,Alm.slid uden restværdi,1,1043,81,30155C97D461A6C00012B57A,"PLC, Product detaljeret, Aarhus, Okt. 2023.xlsx",2.36398849472675,Polo
10597 Poloshirt pique da m.blå bom,Alm.slid uden restværdi,1,1043,84,30155C97D461A6C00012B6B6,"PLC, Product detaljeret, Aarhus, Okt. 2023.xlsx",2.451543624161074,Polo
11606 Polo t-shirt dame lysblå pro,Alm.slid uden restværdi,1,1028,28,30155C97D461A7C002670484,"PLC, Product detaljeret, Aarhus, Okt. 2023.xlsx",0.8291050583657588,Polo
11606 Polo t-shirt dame lysblå pro,Alm.slid uden restværdi,1,1028,29,30155C97D461A7C002670562,"PLC, Product detaljeret, Aarhus, Okt. 2023.xlsx",0.858715953307393,Polo
11606 Polo t-shirt dame lysblå pro,Alm.slid uden restværdi,1,1028,36,30155C97D461A7C002670580,"PLC, Product detaljeret, Aarhus, Okt. 2023.xlsx",1.0659922178988328,Polo
11606 Polo t-shirt dame lysblå pro,Alm.slid uden restværdi,1,1028,26,30155C97D461A7C00267059C,"PLC, Product detaljeret, Aarhus, Okt. 2023.xlsx",0.7698832684824903,Polo
24619 Poloshirt Blåmel Prowear,Alm.slid uden restværdi,1,700,7,30155C97D461A6C0012EDD61,"PLC, Product detaljeret, Aarhus, Okt. 2023.xlsx",0.3044,Polo
10597 Poloshirt pique da m.blå bom,Alm.slid uden restværdi,1,521,33,30155C97D461A6C0005CEDBF,"PLC, Product detaljeret, Aarhus, Okt. 2023.xlsx",1.9280614203454893,Polo
10597 Poloshirt pique da m.blå bom,Alm.slid uden restværdi,1,1414,83,30155C97D461A7C001EAC294,"PLC, Product detaljeret, Aarhus, Sep. 2023.xlsx",1.786789250353607,Polo
10597 Poloshirt pique da m.blå bom,Alm.slid uden restværdi,1,1414,85,30155C97D461A7C001EAC30D,"PLC, Product detaljeret, Aarhus, Sep. 2023.xlsx",1.82984441301273,Polo
11606 Polo t-shirt dame lysblå pro,Alm.slid uden restværdi,1,1159,61,30155C97D461A7C00226FE2C,"PLC, Product detaljeret, Aarhus, Sep. 2023.xlsx",1.6021052631578947,Polo
11606 Polo t-shirt dame lysblå pro,Alm.slid uden restværdi,1,1141,58,30155C97D461A7C00226FDA7,"PLC, Product detaljeret, Aarhus, Sep. 2023.xlsx",1.547344434706398,Polo
11606 Polo t-shirt dame lysblå pro,Alm.slid uden restværdi,1,1129,62,30155C97D461A7C00226FCAE,"PLC, Product detaljeret, Aarhus, Sep. 2023.xlsx",1.6716386182462357,Polo
11606 Polo t-shirt dame lysblå pro,Alm.slid uden restværdi,1,1129,58,30155C97D461A7C00226FE3F,"PLC, Product detaljeret, Aarhus, Sep. 2023.xlsx",1.563790965456156,Polo
11606 Polo t-shirt dame lysblå pro,Alm.slid uden restværdi,1,1124,59,30155C97D461A7C00226FCE4,"PLC, Product detaljeret, Aarhus, Sep. 2023.xlsx",1.597829181494662,Polo
11606 Polo t-shirt dame lysblå pro,Alm.slid uden restværdi,1,1124,61,30155C97D461A7C00226FE0C,"PLC, Product detaljeret, Aarhus, Sep. 2023.xlsx",1.6519928825622776,Polo
11606 Polo t-shirt dame lysblå pro,Alm.slid uden restværdi,1,1124,71,30155C97D461A7C00226FE0D,"PLC, Product detaljeret, Aarhus, Sep. 2023.xlsx",1.922811387900356,Polo
10597 Poloshirt pique da m.blå bom,Alm.slid uden restværdi,1,505,44,30155C97D461A6C000640DA4,"PLC, Product detaljeret, Aarhus, Sep. 2023.xlsx",2.6521980198019803,Polo
03885 T-Shirt Lysblå Lady K/Æ P/B,Alm.slid uden restværdi,1,2862,20,00D0099729E7,"PLC, Product detaljeret, Aarhus, Apr. 2023.xlsx",0.21271837875611463,T-shirt
01589 T-shirt unisex mblå k/æ,Alm.slid uden restværdi,1,2815,94,00D0098006D4,"PLC, Product detaljeret, Aarhus, Apr. 2023.xlsx",1.01646891651865,T-shirt
01589 T-shirt unisex mblå k/æ,Alm.slid uden restværdi,1,2594,65,00D00988817F,"PLC, Product detaljeret, Aarhus, Apr. 2023.xlsx",0.7627602158828065,T-shirt
01589 T-shirt unisex mblå k/æ,Alm.slid uden restværdi,1,2594,61,00D009ACD0BC,"PLC, Product detaljeret, Aarhus, Apr. 2023.xlsx",0.7158211256746339,T-shirt
01589 T-shirt unisex mblå k/æ,Alm.slid uden restværdi,1,2594,60,00D009AFC3A8,"PLC, Product detaljeret, Aarhus, Apr. 2023.xlsx",0.7040863531225906,T-shirt
01589 T-shirt unisex mblå k/æ,Alm.slid uden restværdi,1,2594,58,00D009AFD3A2,"PLC, Product detaljeret, Aarhus, Apr. 2023.xlsx",0.6806168080185043,T-shirt
01589 T-shirt unisex mblå k/æ,Alm.slid uden restværdi,1,2502,119,00D009AC8D9F,"PLC, Product detaljeret, Aarhus, Apr. 2023.xlsx",1.4477857713828937,T-shirt
09610 T-Shirt Lady Lysblå Bom,Alm.slid uden restværdi,1,2499,12,00D009825389,"PLC, Product detaljeret, Aarhus, Apr. 2023.xlsx",0.14617046818727492,T-shirt
01589 T-shirt unisex mblå k/æ,Alm.slid uden restværdi,1,2369,81,30155C97D461A7C0002C6825,"PLC, Product detaljeret, Aarhus, Apr. 2023.xlsx",1.040793583790629,T-shirt
01589 T-shirt unisex mblå k/æ,Alm.slid uden restværdi,1,2358,124,30155C97D461A7C000680D04,"PLC, Product detaljeret, Aarhus, Apr. 2023.xlsx",1.6007463952502121,T-shirt
01589 T-shirt unisex mblå k/æ,Alm.slid uden restværdi,1,2257,163,30155C97D461A7C0002C62CB,"PLC, Product detaljeret, Aarhus, Apr. 2023.xlsx",2.1983695170580417,T-shirt
01589 T-shirt unisex mblå k/æ,Alm.slid uden restværdi,1,2205,20,00D00A56450B,"PLC, Product detaljeret, Aarhus, Apr. 2023.xlsx",0.2760997732426304,T-shirt
01589 T-shirt unisex mblå k/æ,Alm.slid uden restværdi,1,2191,84,00D009993D64,"PLC, Product detaljeret, Aarhus, Apr. 2023.xlsx",1.1670287539936102,T-shirt
01589 T-shirt unisex mblå k/æ,Alm.slid uden restværdi,1,2165,101,30155C97D461A7C000B5CD34,"PLC, Product detaljeret, Aarhus, Apr. 2023.xlsx",1.4200646651270208,T-shirt
01589 T-shirt unisex mblå k/æ,Alm.slid uden restværdi,1,2165,107,30155C97D461A7C000B5CD3C,"PLC, Product detaljeret, Aarhus, Apr. 2023.xlsx",1.5044249422632794,T-shirt
01589 T-shirt unisex mblå k/æ,Alm.slid uden restværdi,1,2155,110,30155C97D461A7C000B5CD66,"PLC, Product detaljeret, Aarhus, Apr. 2023.xlsx",1.5537819025522042,T-shirt
01589 T-shirt unisex mblå k/æ,Alm.slid uden restværdi,1,2141,91,30155C97D461A7C000BA688B,"PLC, Product detaljeret, Aarhus, Apr. 2023.xlsx",1.2938066324147595,T-shirt
01589 T-shirt unisex mblå k/æ,Alm.slid uden restværdi,1,2139,77,30155C97D461A7C000BA6828,"PLC, Product detaljeret, Aarhus, Apr. 2023.xlsx",1.0957830762038334,T-shirt
03885 T-Shirt Lysblå Lady K/Æ P/B,Alm.slid uden restværdi,1,2135,64,00D00923D155,"PLC, Product detaljeret, Aarhus, Apr. 2023.xlsx",0.9124871194379391,T-shirt
01589 T-shirt unisex mblå k/æ,Alm.slid uden restværdi,1,2134,50,30155C97D461A7C0002D5B71,"PLC, Product detaljeret, Aarhus, Apr. 2023.xlsx",0.7132146204311154,T-shirt
01589 T-shirt unisex mblå k/æ,Alm.slid uden restværdi,1,2124,23,30155C97D461A7C000B9CF7C,"PLC, Product detaljeret, Aarhus, Apr. 2023.xlsx",0.3296233521657251,T-shirt
09610 T-Shirt Lady Lysblå Bom,Alm.slid uden restværdi,1,2109,1,30155C97D461A7C000BCC941,"PLC, Product detaljeret, Aarhus, Apr. 2023.xlsx",0.014433380749170223,T-shirt
09610 T-Shirt Lady Lysblå Bom,Alm.slid uden restværdi,1,2109,2,30155C97D461A7C000BCC951,"PLC, Product detaljeret, Aarhus, Apr. 2023.xlsx",0.028866761498340446,T-shirt
09610 T-Shirt Lady Lysblå Bom,Alm.slid uden restværdi,1,2109,2,30155C97D461A7C000BCC9E2,"PLC, Product detaljeret, Aarhus, Apr. 2023.xlsx",0.028866761498340446,T-shirt
09610 T-Shirt Lady Lysblå Bom,Alm.slid uden restværdi,1,2109,2,30155C97D461A7C000BCCA14,"PLC, Product detaljeret, Aarhus, Apr. 2023.xlsx",0.028866761498340446,T-shirt
09610 T-Shirt Lady Lysblå Bom,Alm.slid uden restværdi,1,2109,1,30155C97D461A7C000BCCA33,"PLC, Product detaljeret, Aarhus, Apr. 2023.xlsx",0.014433380749170223,T-shirt
09610 T-Shirt Lady Lysblå Bom,Alm.slid uden restværdi,1,2109,2,30155C97D461A7C000BCCA49,"PLC, Product detaljeret, Aarhus, Apr. 2023.xlsx",0.028866761498340446,T-shirt
09610 T-Shirt Lady Lysblå Bom,Alm.slid uden restværdi,1,2109,2,30155C97D461A7C000BCCA94,"PLC, Product detaljeret, Aarhus, Apr. 2023.xlsx",0.028866761498340446,T-shirt
09610 T-Shirt Lady Lysblå Bom,Alm.slid uden restværdi,1,2109,2,30155C97D461A7C000BCCAB6,"PLC, Product detaljeret, Aarhus, Apr. 2023.xlsx",0.028866761498340446,T-shirt
01589 T-shirt unisex mblå k/æ,Alm.slid uden restværdi,1,2091,39,30155C97D461A7C0000D6C3B,"PLC, Product detaljeret, Aarhus, Apr. 2023.xlsx",0.5677474892395983,T-shirt
12151 T-shirt 1/2 æ lady lblå PB,Alm.slid uden restværdi,1,2081,32,00D008467EBD,"PLC, Product detaljeret, Aarhus, Apr. 2023.xlsx",0.46808265257087944,T-shirt
01427 T-shirt unisex lyseblå pb,Alm.slid uden restværdi,1,2009,67,300ED89F3350007FE266A93D,"PLC, Product detaljeret, Aarhus, Apr. 2023.xlsx",1.0151717272274763,T-shirt
13658 T-shirt dame lyseblå Prowear,Alm.slid uden restværdi,1,2009,75,300ED89F335000400183CD13,"PLC, Product detaljeret, Aarhus, Apr. 2023.xlsx",1.136386261821802,T-shirt
13658 T-shirt dame lyseblå Prowear,Alm.slid uden restværdi,1,2009,110,300ED89F335000400183CFF5,"PLC, Product detaljeret, Aarhus, Apr. 2023.xlsx",1.6666998506719761,T-shirt
13658 T-shirt dame lyseblå Prowear,Alm.slid uden restværdi,1,2007,46,300ED89F335000400183CC14,"PLC, Product detaljeret, Aarhus, Apr. 2023.xlsx",0.6976781265570504,T-shirt
13658 T-shirt dame lyseblå Prowear,Alm.slid uden restværdi,1,2005,78,300ED89F335000400183D9B7,"PLC, Product detaljeret, Aarhus, Apr. 2023.xlsx",1.184199501246883,T-shirt
13658 T-shirt dame lyseblå Prowear,Alm.slid uden restværdi,1,2004,120,300ED89F335000400183AD9D,"PLC, Product detaljeret, Aarhus, Apr. 2023.xlsx",1.822754491017964,T-shirt
13658 T-shirt dame lyseblå Prowear,Alm.slid uden restværdi,1,2004,133,300ED89F335000400183DB66,"PLC, Product detaljeret, Aarhus, Apr. 2023.xlsx",2.020219560878244,T-shirt
01427 T-shirt unisex lyseblå pb,Alm.slid uden restværdi,1,1999,46,300ED89F3350007FE2669D27,"PLC, Product detaljeret, Aarhus, Apr. 2023.xlsx",0.7004702351175589,T-shirt
01589 T-shirt unisex mblå k/æ,Alm.slid uden restværdi,1,1990,83,30155C97D461A7C000B0A818,"PLC, Product detaljeret, Aarhus, Apr. 2023.xlsx",1.269608040201005,T-shirt
01589 T-shirt unisex mblå k/æ,Alm.slid uden restværdi,1,1986,73,300ED89F3350007FE266A133,"PLC, Product detaljeret, Aarhus, Apr. 2023.xlsx",1.1188922457200403,T-shirt
01589 T-shirt unisex mblå k/æ,Alm.slid uden restværdi,1,1983,104,300ED89F3350007FE266A7FF,"PLC, Product detaljeret, Aarhus, Apr. 2023.xlsx",1.596449823499748,T-shirt
13658 T-shirt dame lyseblå Prowear,Alm.slid uden restværdi,1,1956,38,300ED89F335000400183CFBD,"PLC, Product detaljeret, Aarhus, Apr. 2023.xlsx",0.5913701431492843,T-shirt
01589 T-shirt unisex mblå k/æ,Alm.slid uden restværdi,1,1912,90,300ED89F33500060009D8C0F,"PLC, Product detaljeret, Aarhus, Apr. 2023.xlsx",1.4328451882845188,T-shirt
01589 T-shirt unisex mblå k/æ,Alm.slid uden restværdi,1,1895,84,300ED89F33500060009D8E43,"PLC, Product detaljeret, Aarhus, Apr. 2023.xlsx",1.3493192612137204,T-shirt
01589 T-shirt unisex mblå k/æ,Alm.slid uden restværdi,1,1895,80,300ED89F33500060009D8E53,"PLC, Product detaljeret, Aarhus, Apr. 2023.xlsx",1.285065963060686,T-shirt
01589 T-shirt unisex mblå k/æ,Alm.slid uden restværdi,1,1895,95,300ED89F33500060009D8FBD,"PLC, Product detaljeret, Aarhus, Apr. 2023.xlsx",1.5260158311345646,T-shirt
01589 T-shirt unisex mblå k/æ,Alm.slid uden restværdi,1,1895,83,300ED89F33500060009D8FD7,"PLC, Product detaljeret, Aarhus, Apr. 2023.xlsx",1.333255936675462,T-shirt
01589 T-shirt unisex mblå k/æ,Alm.slid uden restværdi,1,1891,83,300ED89F33500060009D88F6,"PLC, Product detaljeret, Aarhus, Apr. 2023.xlsx",1.3360761501850873,T-shirt
01589 T-shirt unisex mblå k/æ,Alm.slid uden restværdi,1,1891,83,300ED89F33500060009D89BB,"PLC, Product detaljeret, Aarhus, Apr. 2023.xlsx",1.3360761501850873,T-shirt
01427 T-shirt unisex lyseblå pb,Alm.slid uden restværdi,1,1866,78,300ED89F3350007FE267DC2A,"PLC, Product detaljeret, Aarhus, Apr. 2023.xlsx",1.272411575562701,T-shirt
01589 T-shirt unisex mblå k/æ,Alm.slid uden restværdi,1,1862,105,30155C97D461A7C000B180D4,"PLC, Product detaljeret, Aarhus, Apr. 2023.xlsx",1.7165413533834586,T-shirt
01589 T-shirt unisex mblå k/æ,Alm.slid uden restværdi,1,1853,114,30155C97D461A7C00118FC6F,"PLC, Product detaljeret, Aarhus, Apr. 2023.xlsx",1.8727253103076094,T-shirt
03885 T-Shirt Lysblå Lady K/Æ P/B,Alm.slid uden restværdi,1,1841,81,30155C97D461A7C0007D135A,"PLC, Product detaljeret, Aarhus, Apr. 2023.xlsx",1.3392938620315047,T-shirt
03885 T-Shirt Lysblå Lady K/Æ P/B,Alm.slid uden restværdi,1,1841,72,30155C97D461A7C0007D1382,"PLC, Product detaljeret, Aarhus, Apr. 2023.xlsx",1.190483432916893,T-shirt
03885 T-Shirt Lysblå Lady K/Æ P/B,Alm.slid uden restværdi,1,1841,91,30155C97D461A7C0007D1392,"PLC, Product detaljeret, Aarhus, Apr. 2023.xlsx",1.504638783269962,T-shirt
03885 T-Shirt Lysblå Lady K/Æ P/B,Alm.slid uden restværdi,1,1841,97,30155C97D461A7C000E7F634,"PLC, Product detaljeret, Aarhus, Apr. 2023.xlsx",1.6038457360130365,T-shirt
03885 T-Shirt Lysblå Lady K/Æ P/B,Alm.slid uden restværdi,1,1841,64,30155C97D461A7C000E8767D,"PLC, Product detaljeret, Aarhus, Apr. 2023.xlsx",1.058207495926127,T-shirt
03885 T-Shirt Lysblå Lady K/Æ P/B,Alm.slid uden restværdi,1,1836,101,30155C97D461A7C0007D12C9,"PLC, Product detaljeret, Aarhus, Apr. 2023.xlsx",1.6745315904139433,T-shirt
03885 T-Shirt Lysblå Lady K/Æ P/B,Alm.slid uden restværdi,1,1829,85,30155C97D461A7C000E901CC,"PLC, Product detaljeret, Aarhus, Apr. 2023.xlsx",1.4146528157463094,T-shirt
01589 T-shirt unisex mblå k/æ,Alm.slid uden restværdi,1,1822,128,30155C97D461A7C001170983,"PLC, Product detaljeret, Aarhus, Apr. 2023.xlsx",2.138485181119649,T-shirt
01589 T-shirt unisex mblå k/æ,Alm.slid uden restværdi,1,1814,110,30155C97D461A7C001170BF0,"PLC, Product detaljeret, Aarhus, Apr. 2023.xlsx",1.8458654906284455,T-shirt
01589 T-shirt unisex mblå k/æ,Alm.slid uden restværdi,1,1814,91,30155C97D461A7C001170C23,"PLC, Product detaljeret, Aarhus, Apr. 2023.xlsx",1.527034178610805,T-shirt
03885 T-Shirt Lysblå Lady K/Æ P/B,Alm.slid uden restværdi,1,1809,74,30155C97D461A7C00103AAA6,"PLC, Product detaljeret, Aarhus, Apr. 2023.xlsx",1.2451962410171367,T-shirt
01427 T-shirt unisex lyseblå pb,Alm.slid uden restværdi,1,1794,2,30155C97D461A7C00122F3CA,"PLC, Product detaljeret, Aarhus, Apr. 2023.xlsx",0.03393534002229655,T-shirt
01589 T-shirt unisex mblå k/æ,Alm.slid uden restværdi,1,1791,60,30155C97D461A7C00110C57A,"PLC, Product detaljeret, Aarhus, Apr. 2023.xlsx",1.0197654941373533,T-shirt
01589 T-shirt unisex mblå k/æ,Alm.slid uden restværdi,1,1791,67,30155C97D461A7C00110C5F8,"PLC, Product detaljeret, Aarhus, Apr. 2023.xlsx",1.1387381351200447,T-shirt
01589 T-shirt unisex mblå k/æ,Alm.slid uden restværdi,1,1791,15,30155C97D461A7C00110C65F,"PLC, Product detaljeret, Aarhus, Apr. 2023.xlsx",0.2549413735343383,T-shirt
01589 T-shirt unisex mblå k/æ,Alm.slid uden restværdi,1,1791,57,30155C97D461A7C00110C680,"PLC, Product detaljeret, Aarhus, Apr. 2023.xlsx",0.9687772194304859,T-shirt
01589 T-shirt unisex mblå k/æ,Alm.slid uden restværdi,1,1791,52,30155C97D461A7C00110D13D,"PLC, Product detaljeret, Aarhus, Apr. 2023.xlsx",0.8837967615857064,T-shirt
01589 T-shirt unisex mblå k/æ,Alm.slid uden restværdi,1,1791,31,30155C97D461A7C00110D140,"PLC, Product detaljeret, Aarhus, Apr. 2023.xlsx",0.5268788386376326,T-shirt
01589 T-shirt unisex mblå k/æ,Alm.slid uden restværdi,1,1791,18,30155C97D461A7C00110D142,"PLC, Product detaljeret, Aarhus, Apr. 2023.xlsx",0.30592964824120605,T-shirt
01589 T-shirt unisex mblå k/æ,Alm.slid uden restværdi,1,1791,43,30155C97D461A7C00110D289,"PLC, Product detaljeret, Aarhus, Apr. 2023.xlsx",0.7308319374651033,T-shirt
03885 T-Shirt Lysblå Lady K/Æ P/B,Alm.slid uden restværdi,1,1791,65,00D0093BA35B,"PLC, Product detaljeret, Aarhus, Apr. 2023.xlsx",1.104745951982133,T-shirt
03885 T-Shirt Lysblå Lady K/Æ P/B,Alm.slid uden restværdi,1,1791,69,00D009760F1E,"PLC, Product detaljeret, Aarhus, Apr. 2023.xlsx",1.1727303182579565,T-shirt
01589 T-shirt unisex mblå k/æ,Alm.slid uden restværdi,1,1789,40,30155C97D461A7C00110D0F7,"PLC, Product detaljeret, Aarhus, Apr. 2023.xlsx",0.6806036892118502,T-shirt
01589 T-shirt unisex mblå k/æ,Alm.slid uden restværdi,1,1785,91,30155C97D461A7C00110D133,"PLC, Product detaljeret, Aarhus, Apr. 2023.xlsx",1.551843137254902,T-shirt
03885 T-Shirt Lysblå Lady K/Æ P/B,Alm.slid uden restværdi,1,1784,78,30155C97D461A7C000DF2082,"PLC, Product detaljeret, Aarhus, Apr. 2023.xlsx",1.3308968609865472,T-shirt
03885 T-Shirt Lysblå Lady K/Æ P/B,Alm.slid uden restværdi,1,1784,114,30155C97D461A7C000DF2837,"PLC, Product detaljeret, Aarhus, Apr. 2023.xlsx",1.945156950672646,T-shirt
03885 T-Shirt Lysblå Lady K/Æ P/B,Alm.slid uden restværdi,1,1781,1,30155C97D461A7C00103AE51,"PLC, Product detaljeret, Aarhus, Apr. 2023.xlsx",0.017091521617069064,T-shirt
03885 T-Shirt Lysblå Lady K/Æ P/B,Alm.slid uden restværdi,1,1780,24,30155C97D461A7C00091FC7F,"PLC, Product detaljeret, Aarhus, Apr. 2023.xlsx",0.4104269662921349,T-shirt
03885 T-Shirt Lysblå Lady K/Æ P/B,Alm.slid uden restværdi,1,1780,19,30155C97D461A7C00091FCE5,"PLC, Product detaljeret, Aarhus, Apr. 2023.xlsx",0.3249213483146068,T-shirt
03885 T-Shirt Lysblå Lady K/Æ P/B,Alm.slid uden restværdi,1,1780,22,30155C97D461A7C000DF1357,"PLC, Product detaljeret, Aarhus, Apr. 2023.xlsx",0.3762247191011236,T-shirt
03885 T-Shirt Lysblå Lady K/Æ P/B,Alm.slid uden restværdi,1,1780,24,30155C97D461A7C000DF1361,"PLC, Product detaljeret, Aarhus, Apr. 2023.xlsx",0.4104269662921349,T-shirt
03885 T-Shirt Lysblå Lady K/Æ P/B,Alm.slid uden restværdi,1,1780,35,30155C97D461A7C000DF2211,"PLC, Product detaljeret, Aarhus, Apr. 2023.xlsx",0.5985393258426966,T-shirt
01589 T-shirt unisex mblå k/æ,Alm.slid uden restværdi,1,1777,63,30155C97D461A7C00110D124,"PLC, Product detaljeret, Aarhus, Apr. 2023.xlsx",1.0791896454698933,T-shirt
03885 T-Shirt Lysblå Lady K/Æ P/B,Alm.slid uden restværdi,1,1776,124,30155C97D461A7C000DF1FD6,"PLC, Product detaljeret, Aarhus, Apr. 2023.xlsx",2.1253153153153153,T-shirt
01427 T-shirt unisex lyseblå pb,Alm.slid uden restværdi,1,1766,87,30155C97D461A7C0011869EA,"PLC, Product detaljeret, Aarhus, Apr. 2023.xlsx",1.4995922989807475,T-shirt
03885 T-Shirt Lysblå Lady K/Æ P/B,Alm.slid uden restværdi,1,1765,10,30155C97D461A7C000C1AB6B,"PLC, Product detaljeret, Aarhus, Apr. 2023.xlsx",0.1724645892351275,T-shirt
03885 T-Shirt Lysblå Lady K/Æ P/B,Alm.slid uden restværdi,1,1765,23,30155C97D461A7C000DF1314,"PLC, Product detaljeret, Aarhus, Apr. 2023.xlsx",0.3966685552407932,T-shirt
03885 T-Shirt Lysblå Lady K/Æ P/B,Alm.slid uden restværdi,1,1765,32,30155C97D461A7C000DF204C,"PLC, Product detaljeret, Aarhus, Apr. 2023.xlsx",0.5518866855524079,T-shirt
01589 T-shirt unisex mblå k/æ,Alm.slid uden restværdi,1,1756,97,30155C97D461A7C0010DBCCD,"PLC, Product detaljeret, Aarhus, Apr. 2023.xlsx",1.6814806378132119,T-shirt
03885 T-Shirt Lysblå Lady K/Æ P/B,Alm.slid uden restværdi,1,1753,7,30155C97D461A7C000E0A1DA,"PLC, Product detaljeret, Aarhus, Apr. 2023.xlsx",0.12155162578436966,T-shirt
01589 T-shirt unisex mblå k/æ,Alm.slid uden restværdi,1,1738,14,30155C97D461A7C0015F89BE,"PLC, Product detaljeret, Aarhus, Apr. 2023.xlsx",0.24520138089758345,T-shirt
01589 T-shirt unisex mblå k/æ,Alm.slid uden restværdi,1,1730,19,30155C97D461A7C001349BE1,"PLC, Product detaljeret, Aarhus, Apr. 2023.xlsx",0.3343121387283237,T-shirt
01589 T-shirt unisex mblå k/æ,Alm.slid uden restværdi,1,1729,37,30155C97D461A7C001241DAE,"PLC, Product detaljeret, Aarhus, Apr. 2023.xlsx",0.6514054366685946,T-shirt
03885 T-Shirt Lysblå Lady K/Æ P/B,Alm.slid uden restværdi,1,1708,4,30155C97D461A7C000DF14B9,"PLC, Product detaljeret, Aarhus, Apr. 2023.xlsx",0.071288056206089,T-shirt
03885 T-Shirt Lysblå Lady K/Æ P/B,Alm.slid uden restværdi,1,1703,68,30155C97D461A7C001330B27,"PLC, Product detaljeret, Aarhus, Apr. 2023.xlsx",1.2154550792718732,T-shirt
01589 T-shirt unisex mblå k/æ,Alm.slid uden restværdi,1,1683,81,300ED89F33500060009D7F3E,"PLC, Product detaljeret, Aarhus, Apr. 2023.xlsx",1.4650267379679145,T-shirt
12151 T-shirt 1/2 æ lady lblå PB,Alm.slid uden restværdi,1,1668,27,00D0084622BB,"PLC, Product detaljeret, Aarhus, Apr. 2023.xlsx",0.4927338129496403,T-shirt
12151 T-shirt 1/2 æ lady lblå PB,Alm.slid uden restværdi,1,1668,34,00D00846FC8B,"PLC, Product detaljeret, Aarhus, Apr. 2023.xlsx",0.6204796163069545,T-shirt
12151 T-shirt 1/2 æ lady lblå PB,Alm.slid uden restværdi,1,1668,43,30155C97D461A7C000909223,"PLC, Product detaljeret, Aarhus, Apr. 2023.xlsx",0.7847242206235012,T-shirt
01589 T-shirt unisex mblå k/æ,Alm.slid uden restværdi,1,1662,14,30155C97D461A7C00045F266,"PLC, Product detaljeret, Aarhus, Apr. 2023.xlsx",0.25641395908543924,T-shirt
01427 T-shirt unisex lyseblå pb,Alm.slid uden restværdi,1,1592,85,30155C97D461A7C0013C940F,"PLC, Product detaljeret, Aarhus, Apr. 2023.xlsx",1.6252512562814072,T-shirt
03885 T-Shirt Lysblå Lady K/Æ P/B,Alm.slid uden restværdi,1,1589,64,30155C97D461A7C0013309F9,"PLC, Product detaljeret, Aarhus, Apr. 2023.xlsx",1.226028949024544,T-shirt
03885 T-Shirt Lysblå Lady K/Æ P/B,Alm.slid uden restværdi,1,1589,78,30155C97D461A7C001330A4D,"PLC, Product detaljeret, Aarhus, Apr. 2023.xlsx",1.4942227816236628,T-shirt
01589 T-shirt unisex mblå k/æ,Alm.slid uden restværdi,1,1548,93,30155C97D461A7C0014035D1,"PLC, Product detaljeret, Aarhus, Apr. 2023.xlsx",1.8287596899224807,T-shirt
01589 T-shirt unisex mblå k/æ,Alm.slid uden restværdi,1,1544,9,30155C97D461A7C00140A1F2,"PLC, Product detaljeret, Aarhus, Apr. 2023.xlsx",0.17743523316062176,T-shirt
01589 T-shirt unisex mblå k/æ,Alm.slid uden restværdi,1,1540,87,30155C97D461A7C0011869B6,"PLC, Product detaljeret, Aarhus, Apr. 2023.xlsx",1.7196623376623377,T-shirt
01589 T-shirt unisex mblå k/æ,Alm.slid uden restværdi,1,1540,84,30155C97D461A7C001186AFE,"PLC, Product detaljeret, Aarhus, Apr. 2023.xlsx",1.6603636363636363,T-shirt
01589 T-shirt unisex mblå k/æ,Alm.slid uden restværdi,1,1540,77,30155C97D461A7C0016618E2,"PLC, Product detaljeret, Aarhus, Apr. 2023.xlsx",1.5220000000000002,T-shirt
01589 T-shirt unisex mblå k/æ,Alm.slid uden restværdi,1,1527,70,30155C97D461A7C001186AF2,"PLC, Product detaljeret, Aarhus, Apr. 2023.xlsx",1.3954158480681076,T-shirt
03885 T-Shirt Lysblå Lady K/Æ P/B,Alm.slid uden restværdi,1,1448,76,30155C97D461A7C0014E6B70,"PLC, Product detaljeret, Aarhus, Apr. 2023.xlsx",1.5976795580110497,T-shirt
01589 T-shirt unisex mblå k/æ,Alm.slid uden restværdi,1,1432,113,30155C97D461A7C001C7D7C5,"PLC, Product detaljeret, Aarhus, Apr. 2023.xlsx",2.402039106145251,T-shirt
01589 T-shirt unisex mblå k/æ,Alm.slid uden restværdi,1,1423,91,30155C97D461A7C0020B4825,"PLC, Product detaljeret, Aarhus, Apr. 2023.xlsx",1.946619817287421,T-shirt
01589 T-shirt unisex mblå k/æ,Alm.slid uden restværdi,1,1422,67,30155C97D461A7C001C7D720,"PLC, Product detaljeret, Aarhus, Apr. 2023.xlsx",1.4342334739803095,T-shirt
01589 T-shirt unisex mblå k/æ,Alm.slid uden restværdi,1,1416,98,30155C97D461A7C001CC3AAB,"PLC, Product detaljeret, Aarhus, Apr. 2023.xlsx",2.106723163841808,T-shirt
01589 T-shirt unisex mblå k/æ,Alm.slid uden restværdi,1,1404,54,30155C97D461A7C00203A01D,"PLC, Product detaljeret, Aarhus, Apr. 2023.xlsx",1.1707692307692308,T-shirt
01589 T-shirt unisex mblå k/æ,Alm.slid uden restværdi,1,1404,45,30155C97D461A7C00203A02D,"PLC, Product detaljeret, Aarhus, Apr. 2023.xlsx",0.9756410256410256,T-shirt
01589 T-shirt unisex mblå k/æ,Alm.slid uden restværdi,1,1364,40,30155C97D461A7C00218DED1,"PLC, Product detaljeret, Aarhus, Apr. 2023.xlsx",0.8926686217008799,T-shirt
01589 T-shirt unisex mblå k/æ,Alm.slid uden restværdi,1,1364,38,30155C97D461A7C00218DF0C,"PLC, Product detaljeret, Aarhus, Apr. 2023.xlsx",0.8480351906158358,T-shirt
01589 T-shirt unisex mblå k/æ,Alm.slid uden restværdi,1,1364,35,30155C97D461A7C00218DFBE,"PLC, Product detaljeret, Aarhus, Apr. 2023.xlsx",0.7810850439882698,T-shirt
01589 T-shirt unisex mblå k/æ,Alm.slid uden restværdi,1,1364,50,30155C97D461A7C00218DFE1,"PLC, Product detaljeret, Aarhus, Apr. 2023.xlsx",1.1158357771260998,T-shirt
01589 T-shirt unisex mblå k/æ,Alm.slid uden restværdi,1,1364,47,30155C97D461A7C00218E054,"PLC, Product detaljeret, Aarhus, Apr. 2023.xlsx",1.0488856304985337,T-shirt
01589 T-shirt unisex mblå k/æ,Alm.slid uden restværdi,1,1364,47,30155C97D461A7C00218E06C,"PLC, Product detaljeret, Aarhus, Apr. 2023.xlsx",1.0488856304985337,T-shirt
01589 T-shirt unisex mblå k/æ,Alm.slid uden restværdi,1,1364,41,30155C97D461A7C00218E0A4,"PLC, Product detaljeret, Aarhus, Apr. 2023.xlsx",0.9149853372434018,T-shirt
01589 T-shirt unisex mblå k/æ,Alm.slid uden restværdi,1,1352,60,30155C97D461A7C00203B14B,"PLC, Product detaljeret, Aarhus, Apr. 2023.xlsx",1.350887573964497,T-shirt
01589 T-shirt unisex mblå k/æ,Alm.slid uden restværdi,1,1340,21,30155C97D461A7C00204010C,"PLC, Product detaljeret, Aarhus, Apr. 2023.xlsx",0.477044776119403,T-shirt
01589 T-shirt unisex mblå k/æ,Alm.slid uden restværdi,1,1338,56,30155C97D461A7C00226E3A5,"PLC, Product detaljeret, Aarhus, Apr. 2023.xlsx",1.274020926756353,T-shirt
01589 T-shirt unisex mblå k/æ,Alm.slid uden restværdi,1,1299,38,30155C97D461A7C0020E8845,"PLC, Product detaljeret, Aarhus, Apr. 2023.xlsx",0.8904695919938415,T-shirt
01589 T-shirt unisex mblå k/æ,Alm.slid uden restværdi,1,1299,38,30155C97D461A7C0020E88A7,"PLC, Product detaljeret, Aarhus, Apr. 2023.xlsx",0.8904695919938415,T-shirt
01589 T-shirt unisex mblå k/æ,Alm.slid uden restværdi,1,1299,31,30155C97D461A7C0020E88B7,"PLC, Product detaljeret, Aarhus, Apr. 2023.xlsx",0.7264357197844497,T-shirt
01589 T-shirt unisex mblå k/æ,Alm.slid uden restværdi,1,1263,48,30155C97D461A7C00228E3C7,"PLC, Product detaljeret, Aarhus, Apr. 2023.xlsx",1.1568646080760097,T-shirt
26056 T-shirt k/æ dame lyseblå,Alm.slid uden restværdi,1,1228,115,30155C97D461A7C0008A6482,"PLC, Product detaljeret, Aarhus, Apr. 2023.xlsx",2.8506514657980455,T-shirt
26056 T-shirt k/æ dame lyseblå,Alm.slid uden restværdi,1,1228,89,30155C97D461A7C0008A64DB,"PLC, Product detaljeret, Aarhus, Apr. 2023.xlsx",2.206156351791531,T-shirt
26056 T-shirt k/æ dame lyseblå,Alm.slid uden restværdi,1,1227,79,30155C97D461A7C0008A64D3,"PLC, Product detaljeret, Aarhus, Apr. 2023.xlsx",1.959869600651997,T-shirt
26056 T-shirt k/æ dame lyseblå,Alm.slid uden restværdi,1,1227,106,30155C97D461A7C0008A6557,"PLC, Product detaljeret, Aarhus, Apr. 2023.xlsx",2.6296984515077426,T-shirt
26056 T-shirt k/æ dame lyseblå,Alm.slid uden restværdi,1,1227,58,30155C97D461A7C001EF6FE6,"PLC, Product detaljeret, Aarhus, Apr. 2023.xlsx",1.4388916055419725,T-shirt
26056 T-shirt k/æ dame lyseblå,Alm.slid uden restværdi,1,1225,85,30155C97D461A7C0008A63CB,"PLC, Product detaljeret, Aarhus, Apr. 2023.xlsx",2.1121632653061226,T-shirt
26056 T-shirt k/æ dame lyseblå,Alm.slid uden restværdi,1,1225,80,30155C97D461A7C0008A6491,"PLC, Product detaljeret, Aarhus, Apr. 2023.xlsx",1.987918367346939,T-shirt
26056 T-shirt k/æ dame lyseblå,Alm.slid uden restværdi,1,1225,98,30155C97D461A7C0008A64D9,"PLC, Product detaljeret, Aarhus, Apr. 2023.xlsx",2.4352,T-shirt
26056 T-shirt k/æ dame lyseblå,Alm.slid uden restværdi,1,1222,105,30155C97D461A7C0008A64B0,"PLC, Product detaljeret, Aarhus, Apr. 2023.xlsx",2.6155482815057285,T-shirt
03885 T-Shirt Lysblå Lady K/Æ P/B,Alm.slid uden restværdi,1,1218,36,30155C97D461A7C000E0E07C,"PLC, Product detaljeret, Aarhus, Apr. 2023.xlsx",0.8997044334975369,T-shirt
26056 T-shirt k/æ dame lyseblå,Alm.slid uden restværdi,1,1215,68,30155C97D461A7C0008A648F,"PLC, Product detaljeret, Aarhus, Apr. 2023.xlsx",1.7036378600823046,T-shirt
12151 T-shirt 1/2 æ lady lblå PB,Alm.slid uden restværdi,1,1147,50,30155C97D461A7C001034D6E,"PLC, Product detaljeret, Aarhus, Apr. 2023.xlsx",1.3269398430688755,T-shirt
12151 T-shirt 1/2 æ lady lblå PB,Alm.slid uden restværdi,1,1147,55,30155C97D461A7C0016ED46B,"PLC, Product detaljeret, Aarhus, Apr. 2023.xlsx",1.459633827375763,T-shirt
12151 T-shirt 1/2 æ lady lblå PB,Alm.slid uden restværdi,1,1147,44,30155C97D461A7C0016ED4CB,"PLC, Product detaljeret, Aarhus, Apr. 2023.xlsx",1.1677070619006105,T-shirt
12151 T-shirt 1/2 æ lady lblå PB,Alm.slid uden restværdi,1,1147,27,30155C97D461A7C001C84194,"PLC, Product detaljeret, Aarhus, Apr. 2023.xlsx",0.7165475152571927,T-shirt
12151 T-shirt 1/2 æ lady lblå PB,Alm.slid uden restværdi,1,1147,28,30155C97D461A7C001C84253,"PLC, Product detaljeret, Aarhus, Apr. 2023.xlsx",0.7430863121185702,T-shirt
01589 T-shirt unisex mblå k/æ,Alm.slid uden restværdi,1,1146,67,30155C97D461A7C002295380,"PLC, Product detaljeret, Aarhus, Apr. 2023.xlsx",1.779650959860384,T-shirt
12151 T-shirt 1/2 æ lady lblå PB,Alm.slid uden restværdi,1,1140,34,30155C97D461A7C000CDD95B,"PLC, Product detaljeret, Aarhus, Apr. 2023.xlsx",0.907859649122807,T-shirt
12151 T-shirt 1/2 æ lady lblå PB,Alm.slid uden restværdi,1,1140,30,30155C97D461A7C001F5C2D2,"PLC, Product detaljeret, Aarhus, Apr. 2023.xlsx",0.8010526315789473,T-shirt
01589 T-shirt unisex mblå k/æ,Alm.slid uden restværdi,1,1137,50,30155C97D461A7C00276FEB6,"PLC, Product detaljeret, Aarhus, Apr. 2023.xlsx",1.3386103781882148,T-shirt
24593 T-shirt You dame Kornblå,Alm.slid uden restværdi,1,1135,63,30155C97D461A7C00231755C,"PLC, Product detaljeret, Aarhus, Apr. 2023.xlsx",1.6896211453744494,T-shirt
24593 T-shirt You dame Kornblå,Alm.slid uden restværdi,1,1135,68,30155C97D461A7C002317585,"PLC, Product detaljeret, Aarhus, Apr. 2023.xlsx",1.8237180616740087,T-shirt
01589 T-shirt unisex mblå k/æ,Alm.slid uden restværdi,1,1134,42,30155C97D461A7C00217980C,"PLC, Product detaljeret, Aarhus, Apr. 2023.xlsx",1.1274074074074074,T-shirt
12151 T-shirt 1/2 æ lady lblå PB,Alm.slid uden restværdi,1,1134,40,30155C97D461A7C0016ED529,"PLC, Product detaljeret, Aarhus, Apr. 2023.xlsx",1.073721340388007,T-shirt
12151 T-shirt 1/2 æ lady lblå PB,Alm.slid uden restværdi,1,1134,22,30155C97D461A7C001F5C391,"PLC, Product detaljeret, Aarhus, Apr. 2023.xlsx",0.5905467372134039,T-shirt
01589 T-shirt unisex mblå k/æ,Alm.slid uden restværdi,1,1118,37,30155C97D461A7C002303197,"PLC, Product detaljeret, Aarhus, Apr. 2023.xlsx",1.0074060822898032,T-shirt
01589 T-shirt unisex mblå k/æ,Alm.slid uden restværdi,1,1114,41,30155C97D461A7C0023031BF,"PLC, Product detaljeret, Aarhus, Apr. 2023.xlsx",1.1203231597845602,T-shirt
01589 T-shirt unisex mblå k/æ,Alm.slid uden restværdi,1,1099,8,30155C97D461A7C0023C0919,"PLC, Product detaljeret, Aarhus, Apr. 2023.xlsx",0.2215832575068244,T-shirt
01589 T-shirt unisex mblå k/æ,Alm.slid uden restværdi,1,1099,48,30155C97D461A7C0023C0940,"PLC, Product detaljeret, Aarhus, Apr. 2023.xlsx",1.3294995450409464,T-shirt
01589 T-shirt unisex mblå k/æ,Alm.slid uden restværdi,1,1099,58,30155C97D461A7C0023C09D6,"PLC, Product detaljeret, Aarhus, Apr. 2023.xlsx",1.6064786169244767,T-shirt
01589 T-shirt unisex mblå k/æ,Alm.slid uden restværdi,1,1099,51,30155C97D461A7C0023C0A17,"PLC, Product detaljeret, Aarhus, Apr. 2023.xlsx",1.4125932666060055,T-shirt
24597 T-shirt You unisex Kornblå,Alm.slid uden restværdi,1,1099,32,30155C97D461A7C002315DA2,"PLC, Product detaljeret, Aarhus, Apr. 2023.xlsx",0.8863330300272976,T-shirt
24593 T-shirt You dame Kornblå,Alm.slid uden restværdi,1,1098,1,30155C97D461A7C0008A6620,"PLC, Product detaljeret, Aarhus, Apr. 2023.xlsx",0.02772313296903461,T-shirt
01589 T-shirt unisex mblå k/æ,Alm.slid uden restværdi,1,1078,93,30155C97D461A7C0023C2691,"PLC, Product detaljeret, Aarhus, Apr. 2023.xlsx",2.6260853432282008,T-shirt
12151 T-shirt 1/2 æ lady lblå PB,Alm.slid uden restværdi,1,1077,25,00D008C6B298,"PLC, Product detaljeret, Aarhus, Apr. 2023.xlsx",0.7065923862581244,T-shirt
01717 T-shirt unisex kblå pb,Alm.slid uden restværdi,1,1063,51,30155C97D461A7C0020EE344,"PLC, Product detaljeret, Aarhus, Apr. 2023.xlsx",1.4604327375352775,T-shirt
01717 T-shirt unisex kblå pb,Alm.slid uden restværdi,1,1063,61,30155C97D461A7C00266F5CA,"PLC, Product detaljeret, Aarhus, Apr. 2023.xlsx",1.7467920978363125,T-shirt
01717 T-shirt unisex kblå pb,Alm.slid uden restværdi,1,1063,40,30155C97D461A7C00266F602,"PLC, Product detaljeret, Aarhus, Apr. 2023.xlsx",1.1454374412041393,T-shirt
01717 T-shirt unisex kblå pb,Alm.slid uden restværdi,1,1063,34,30155C97D461A7C00266F635,"PLC, Product detaljeret, Aarhus, Apr. 2023.xlsx",0.9736218250235185,T-shirt
01589 T-shirt unisex mblå k/æ,Alm.slid uden restværdi,1,1047,77,30155C97D461A7C0023C5A17,"PLC, Product detaljeret, Aarhus, Apr. 2023.xlsx",2.238662846227316,T-shirt
01589 T-shirt unisex mblå k/æ,Alm.slid uden restværdi,1,1047,88,30155C97D461A7C0023C5A42,"PLC, Product detaljeret, Aarhus, Apr. 2023.xlsx",2.5584718242597897,T-shirt
24597 T-shirt You unisex Kornblå,Alm.slid uden restværdi,1,1026,20,30155C97D461A7C002317506,"PLC, Product detaljeret, Aarhus, Apr. 2023.xlsx",0.5933723196881091,T-shirt
01589 T-shirt unisex mblå k/æ,Alm.slid uden restværdi,1,1022,47,30155C97D461A7C0028C47DB,"PLC, Product detaljeret, Aarhus, Apr. 2023.xlsx",1.3998825831702544,T-shirt
24593 T-shirt You dame Kornblå,Alm.slid uden restværdi,1,1003,15,30155C97D461A7C002307235,"PLC, Product detaljeret, Aarhus, Apr. 2023.xlsx",0.45523429710867397,T-shirt
13658 T-shirt dame lyseblå Prowear,Alm.slid uden restværdi,1,982,24,30155C97D461A7C00294CAD2,"PLC, Product detaljeret, Aarhus, Apr. 2023.xlsx",0.7439511201629329,T-shirt
01589 T-shirt unisex mblå k/æ,Alm.slid uden restværdi,1,965,25,30155C97D461A7C0015F832F,"PLC, Product detaljeret, Aarhus, Apr. 2023.xlsx",0.78860103626943,T-shirt
01589 T-shirt unisex mblå k/æ,Alm.slid uden restværdi,1,961,26,30155C97D461A7C00291D27B,"PLC, Product detaljeret, Aarhus, Apr. 2023.xlsx",0.8235587929240374,T-shirt
01589 T-shirt unisex mblå k/æ,Alm.slid uden restværdi,1,961,28,30155C97D461A7C00291D2A1,"PLC, Product detaljeret, Aarhus, Apr. 2023.xlsx",0.8869094693028097,T-shirt
01589 T-shirt unisex mblå k/æ,Alm.slid uden restværdi,1,961,43,30155C97D461A7C00291D404,"PLC, Product detaljeret, Aarhus, Apr. 2023.xlsx",1.3620395421436005,T-shirt
13658 T-shirt dame lyseblå Prowear,Alm.slid uden restværdi,1,959,46,30155C97D461A7C002952002,"PLC, Product detaljeret, Aarhus, Apr. 2023.xlsx",1.460104275286757,T-shirt
13658 T-shirt dame lyseblå Prowear,Alm.slid uden restværdi,1,958,53,30155C97D461A7C0029520AE,"PLC, Product detaljeret, Aarhus, Apr. 2023.xlsx",1.6840501043841338,T-shirt
01589 T-shirt unisex mblå k/æ,Alm.slid uden restværdi,1,957,88,30155C97D461A7C0027CB05D,"PLC, Product detaljeret, Aarhus, Apr. 2023.xlsx",2.799080459770115,T-shirt
01589 T-shirt unisex mblå k/æ,Alm.slid uden restværdi,1,941,73,30155C97D461A7C002913CB1,"PLC, Product detaljeret, Aarhus, Apr. 2023.xlsx",2.3614452709883103,T-shirt
01589 T-shirt unisex mblå k/æ,Alm.slid uden restværdi,1,938,33,300ED89F33500060009D886E,"PLC, Product detaljeret, Aarhus, Apr. 2023.xlsx",1.0709168443496802,T-shirt
01589 T-shirt unisex mblå k/æ,Alm.slid uden restværdi,1,929,50,30155C97D461A7C0028C4772,"PLC, Product detaljeret, Aarhus, Apr. 2023.xlsx",1.6383207750269106,T-shirt
13658 T-shirt dame lyseblå Prowear,Alm.slid uden restværdi,1,904,27,30155C97D461A6C0000E7824,"PLC, Product detaljeret, Aarhus, Apr. 2023.xlsx",0.9091592920353984,T-shirt
12151 T-shirt 1/2 æ lady lblå PB,Alm.slid uden restværdi,1,891,41,30155C97D461A7C000E8C8E5,"PLC, Product detaljeret, Aarhus, Apr. 2023.xlsx",1.4007182940516274,T-shirt
12151 T-shirt 1/2 æ lady lblå PB,Alm.slid uden restværdi,1,891,34,30155C97D461A7C001F5C318,"PLC, Product detaljeret, Aarhus, Apr. 2023.xlsx",1.1615712682379349,T-shirt
12151 T-shirt 1/2 æ lady lblå PB,Alm.slid uden restværdi,1,891,32,30155C97D461A7C001F5C3A1,"PLC, Product detaljeret, Aarhus, Apr. 2023.xlsx",1.09324354657688,T-shirt
12151 T-shirt 1/2 æ lady lblå PB,Alm.slid uden restværdi,1,891,35,30155C97D461A7C001F5C488,"PLC, Product detaljeret, Aarhus, Apr. 2023.xlsx",1.1957351290684626,T-shirt
24762 T-shirt da k/æ blåmela Pro,Alm.slid uden restværdi,1,882,42,30155C97D461A6C0001749BB,"PLC, Product detaljeret, Aarhus, Apr. 2023.xlsx",1.4495238095238094,T-shirt
13658 T-shirt dame lyseblå Prowear,Alm.slid uden restværdi,1,877,51,30155C97D461A6C00035AFAB,"PLC, Product detaljeret, Aarhus, Apr. 2023.xlsx",1.7701710376282782,T-shirt
01589 T-shirt unisex mblå k/æ,Alm.slid uden restværdi,1,875,41,30155C97D461A6C0001724FD,"PLC, Product detaljeret, Aarhus, Apr. 2023.xlsx",1.4263314285714286,T-shirt
01589 T-shirt unisex mblå k/æ,Alm.slid uden restværdi,1,875,41,30155C97D461A6C00017256D,"PLC, Product detaljeret, Aarhus, Apr. 2023.xlsx",1.4263314285714286,T-shirt
01589 T-shirt unisex mblå k/æ,Alm.slid uden restværdi,1,875,46,30155C97D461A6C0001725B2,"PLC, Product detaljeret, Aarhus, Apr. 2023.xlsx",1.600274285714286,T-shirt
01589 T-shirt unisex mblå k/æ,Alm.slid uden restværdi,1,860,11,30155C97D461A6C00017244B,"PLC, Product detaljeret, Aarhus, Apr. 2023.xlsx",0.38934883720930236,T-shirt
01589 T-shirt unisex mblå k/æ,Alm.slid uden restværdi,1,853,25,30155C97D461A6C0000F64CA,"PLC, Product detaljeret, Aarhus, Apr. 2023.xlsx",0.892145369284877,T-shirt
01589 T-shirt unisex mblå k/æ,Alm.slid uden restværdi,1,853,32,30155C97D461A6C0000F6531,"PLC, Product detaljeret, Aarhus, Apr. 2023.xlsx",1.1419460726846424,T-shirt
13658 T-shirt dame lyseblå Prowear,Alm.slid uden restværdi,1,840,23,30155C97D461A6C0000E7793,"PLC, Product detaljeret, Aarhus, Apr. 2023.xlsx",0.8334761904761905,T-shirt
24597 T-shirt You unisex Kornblå,Alm.slid uden restværdi,1,840,16,30155C97D461A7C002316887,"PLC, Product detaljeret, Aarhus, Apr. 2023.xlsx",0.5798095238095239,T-shirt
13658 T-shirt dame lyseblå Prowear,Alm.slid uden restværdi,1,811,27,30155C97D461A6C000127689,"PLC, Product detaljeret, Aarhus, Apr. 2023.xlsx",1.013415536374846,T-shirt
13658 T-shirt dame lyseblå Prowear,Alm.slid uden restværdi,1,804,28,30155C97D461A6C0001431E5,"PLC, Product detaljeret, Aarhus, Apr. 2023.xlsx",1.0600995024875624,T-shirt
01589 T-shirt unisex mblå k/æ,Alm.slid uden restværdi,1,792,22,30155C97D461A7C002295253,"PLC, Product detaljeret, Aarhus, Apr. 2023.xlsx",0.8455555555555555,T-shirt
13658 T-shirt dame lyseblå Prowear,Alm.slid uden restværdi,1,784,14,30155C97D461A6C00012A5A0,"PLC, Product detaljeret, Aarhus, Apr. 2023.xlsx",0.5435714285714286,T-shirt
01589 T-shirt unisex mblå k/æ,Alm.slid uden restværdi,1,780,24,30155C97D461A6C0001B1A00,"PLC, Product detaljeret, Aarhus, Apr. 2023.xlsx",0.9366153846153847,T-shirt
01589 T-shirt unisex mblå k/æ,Alm.slid uden restværdi,1,780,20,30155C97D461A6C000304711,"PLC, Product detaljeret, Aarhus, Apr. 2023.xlsx",0.7805128205128206,T-shirt
13658 T-shirt dame lyseblå Prowear,Alm.slid uden restværdi,1,775,38,30155C97D461A6C0001B29E9,"PLC, Product detaljeret, Aarhus, Apr. 2023.xlsx",1.4925419354838712,T-shirt
01589 T-shirt unisex mblå k/æ,Alm.slid uden restværdi,1,771,9,30155C97D461A6C0001B3963,"PLC, Product detaljeret, Aarhus, Apr. 2023.xlsx",0.3553307392996109,T-shirt
01589 T-shirt unisex mblå k/æ,Alm.slid uden restværdi,1,771,9,30155C97D461A6C0001B3964,"PLC, Product detaljeret, Aarhus, Apr. 2023.xlsx",0.3553307392996109,T-shirt
01589 T-shirt unisex mblå k/æ,Alm.slid uden restværdi,1,771,6,30155C97D461A6C0001B3966,"PLC, Product detaljeret, Aarhus, Apr. 2023.xlsx",0.23688715953307393,T-shirt
01589 T-shirt unisex mblå k/æ,Alm.slid uden restværdi,1,771,9,30155C97D461A6C0001B3A25,"PLC, Product detaljeret, Aarhus, Apr. 2023.xlsx",0.3553307392996109,T-shirt
01589 T-shirt unisex mblå k/æ,Alm.slid uden restværdi,1,771,4,30155C97D461A6C0001B3A26,"PLC, Product detaljeret, Aarhus, Apr. 2023.xlsx",0.1579247730220493,T-shirt
01589 T-shirt unisex mblå k/æ,Alm.slid uden restværdi,1,771,11,30155C97D461A6C0001B3ABB,"PLC, Product detaljeret, Aarhus, Apr. 2023.xlsx",0.43429312581063556,T-shirt
01589 T-shirt unisex mblå k/æ,Alm.slid uden restværdi,1,768,45,30155C97D461A6C000359415,"PLC, Product detaljeret, Aarhus, Apr. 2023.xlsx",1.78359375,T-shirt
24597 T-shirt You unisex Kornblå,Alm.slid uden restværdi,1,761,30,30155C97D461A7C002696D51,"PLC, Product detaljeret, Aarhus, Apr. 2023.xlsx",1.2,T-shirt
13658 T-shirt dame lyseblå Prowear,Alm.slid uden restværdi,1,760,11,30155C97D461A6C0002F2E33,"PLC, Product detaljeret, Aarhus, Apr. 2023.xlsx",0.44057894736842107,T-shirt
01589 T-shirt unisex mblå k/æ,Alm.slid uden restværdi,1,756,36,30155C97D461A6C0000F7D17,"PLC, Product detaljeret, Aarhus, Apr. 2023.xlsx",1.4495238095238094,T-shirt
13658 T-shirt dame lyseblå Prowear,Alm.slid uden restværdi,1,751,39,30155C97D461A6C000143058,"PLC, Product detaljeret, Aarhus, Apr. 2023.xlsx",1.5807723035952066,T-shirt
01589 T-shirt unisex mblå k/æ,Alm.slid uden restværdi,1,750,36,30155C97D461A6C000304643,"PLC, Product detaljeret, Aarhus, Apr. 2023.xlsx",1.4611200000000002,T-shirt
13658 T-shirt dame lyseblå Prowear,Alm.slid uden restværdi,1,741,40,30155C97D461A6C000817664,"PLC, Product detaljeret, Aarhus, Apr. 2023.xlsx",1.6431848852901485,T-shirt
01589 T-shirt unisex mblå k/æ,Alm.slid uden restværdi,1,735,45,30155C97D461A6C0008181D7,"PLC, Product detaljeret, Aarhus, Apr. 2023.xlsx",1.8636734693877552,T-shirt
01589 T-shirt unisex mblå k/æ,Alm.slid uden restværdi,1,732,41,30155C97D461A6C000359478,"PLC, Product detaljeret, Aarhus, Apr. 2023.xlsx",1.7049726775956284,T-shirt
24593 T-shirt You dame Kornblå,Alm.slid uden restværdi,1,730,3,30155C97D461A7C0023172E8,"PLC, Product detaljeret, Aarhus, Apr. 2023.xlsx",0.1250958904109589,T-shirt
01589 T-shirt unisex mblå k/æ,Alm.slid uden restværdi,1,724,18,30155C97D461A6C0002F075E,"PLC, Product detaljeret, Aarhus, Apr. 2023.xlsx",0.7567955801104972,T-shirt
13658 T-shirt dame lyseblå Prowear,Alm.slid uden restværdi,1,723,18,30155C97D461A6C00021002D,"PLC, Product detaljeret, Aarhus, Apr. 2023.xlsx",0.7578423236514522,T-shirt
01589 T-shirt unisex mblå k/æ,Alm.slid uden restværdi,1,718,27,30155C97D461A6C0003124EA,"PLC, Product detaljeret, Aarhus, Apr. 2023.xlsx",1.1446796657381617,T-shirt
13658 T-shirt dame lyseblå Prowear,Alm.slid uden restværdi,1,711,10,30155C97D461A6C0002B7B96,"PLC, Product detaljeret, Aarhus, Apr. 2023.xlsx",0.4281293952180028,T-shirt
13658 T-shirt dame lyseblå Prowear,Alm.slid uden restværdi,1,709,2,30155C97D461A6C0002F2E7D,"PLC, Product detaljeret, Aarhus, Apr. 2023.xlsx",0.08586741889985895,T-shirt
01589 T-shirt unisex mblå k/æ,Alm.slid uden restværdi,1,705,45,30155C97D461A6C000840651,"PLC, Product detaljeret, Aarhus, Apr. 2023.xlsx",1.9429787234042553,T-shirt
01589 T-shirt unisex mblå k/æ,Alm.slid uden restværdi,1,697,51,30155C97D461A6C0008405EC,"PLC, Product detaljeret, Aarhus, Apr. 2023.xlsx",2.2273170731707315,T-shirt
01589 T-shirt unisex mblå k/æ,Alm.slid uden restværdi,1,691,44,30155C97D461A6C0008406CA,"PLC, Product detaljeret, Aarhus, Apr. 2023.xlsx",1.9382923299565846,T-shirt
26665 T-shirt dame 1/2 ærme lblå,Alm.slid uden restværdi,1,688,6,30155C97D461A6C00083C5F4,"PLC, Product detaljeret, Aarhus, Apr. 2023.xlsx",0.26546511627906977,T-shirt
26665 T-shirt dame 1/2 ærme lblå,Alm.slid uden restværdi,1,688,6,30155C97D461A6C00083C677,"PLC, Product detaljeret, Aarhus, Apr. 2023.xlsx",0.26546511627906977,T-shirt
26665 T-shirt dame 1/2 ærme lblå,Alm.slid uden restværdi,1,688,6,30155C97D461A6C000B85422,"PLC, Product detaljeret, Aarhus, Apr. 2023.xlsx",0.26546511627906977,T-shirt
01589 T-shirt unisex mblå k/æ,Alm.slid uden restværdi,1,687,34,30155C97D461A6C000B04E07,"PLC, Product detaljeret, Aarhus, Apr. 2023.xlsx",1.5064919941775838,T-shirt
01589 T-shirt unisex mblå k/æ,Alm.slid uden restværdi,1,686,31,30155C97D461A6C0002F41C8,"PLC, Product detaljeret, Aarhus, Apr. 2023.xlsx",1.3755685131195337,T-shirt
24597 T-shirt You unisex Kornblå,Alm.slid uden restværdi,1,686,33,30155C97D461A7C002696CB5,"PLC, Product detaljeret, Aarhus, Apr. 2023.xlsx",1.4643148688046648,T-shirt
13658 T-shirt dame lyseblå Prowear,Alm.slid uden restværdi,1,680,15,30155C97D461A6C00039E441,"PLC, Product detaljeret, Aarhus, Apr. 2023.xlsx",0.6714705882352942,T-shirt
08398 T-shirt unisex mblå k/æ bom,Alm.slid uden restværdi,1,678,15,30155C97D461A6C000B1AA08,"PLC, Product detaljeret, Aarhus, Apr. 2023.xlsx",0.6734513274336283,T-shirt
01589 T-shirt unisex mblå k/æ,Alm.slid uden restværdi,1,670,32,30155C97D461A7C002124439,"PLC, Product detaljeret, Aarhus, Apr. 2023.xlsx",1.4538507462686567,T-shirt
13658 T-shirt dame lyseblå Prowear,Alm.slid uden restværdi,1,658,12,30155C97D461A6C00081768A,"PLC, Product detaljeret, Aarhus, Apr. 2023.xlsx",0.5551367781155016,T-shirt
01589 T-shirt unisex mblå k/æ,Alm.slid uden restværdi,1,652,4,30155C97D461A6C000B20B3D,"PLC, Product detaljeret, Aarhus, Apr. 2023.xlsx",0.18674846625766872,T-shirt
01589 T-shirt unisex mblå k/æ,Alm.slid uden restværdi,1,652,15,30155C97D461A7C002752051,"PLC, Product detaljeret, Aarhus, Apr. 2023.xlsx",0.7003067484662576,T-shirt
01589 T-shirt unisex mblå k/æ,Alm.slid uden restværdi,1,651,18,30155C97D461A6C000B182EC,"PLC, Product detaljeret, Aarhus, Apr. 2023.xlsx",0.8416589861751153,T-shirt
01717 T-shirt unisex kblå pb,Alm.slid uden restværdi,1,651,9,30155C97D461A6C000B08966,"PLC, Product detaljeret, Aarhus, Apr. 2023.xlsx",0.4208294930875576,T-shirt
13658 T-shirt dame lyseblå Prowear,Alm.slid uden restværdi,1,651,8,30155C97D461A6C000B12EC4,"PLC, Product detaljeret, Aarhus, Apr. 2023.xlsx",0.37407066052227345,T-shirt
26055 T-shirt 1/2 ærme da lyseblå,Alm.slid uden restværdi,1,651,40,30155C97D461A7C00214BF69,"PLC, Product detaljeret, Aarhus, Apr. 2023.xlsx",1.8703533026113672,T-shirt
01589 T-shirt unisex mblå k/æ,Alm.slid uden restværdi,1,646,42,30155C97D461A6C000B13537,"PLC, Product detaljeret, Aarhus, Apr. 2023.xlsx",1.9790712074303407,T-shirt
01589 T-shirt unisex mblå k/æ,Alm.slid uden restværdi,1,639,12,30155C97D461A6C000B20BB0,"PLC, Product detaljeret, Aarhus, Apr. 2023.xlsx",0.5716431924882629,T-shirt
01589 T-shirt unisex mblå k/æ,Alm.slid uden restværdi,1,636,33,30155C97D461A6C000B140C6,"PLC, Product detaljeret, Aarhus, Apr. 2023.xlsx",1.5794339622641511,T-shirt
01589 T-shirt unisex mblå k/æ,Alm.slid uden restværdi,1,634,38,30155C97D461A6C000B13428,"PLC, Product detaljeret, Aarhus, Apr. 2023.xlsx",1.824479495268139,T-shirt
13658 T-shirt dame lyseblå Prowear,Alm.slid uden restværdi,1,631,9,30155C97D461A6C000842A2C,"PLC, Product detaljeret, Aarhus, Apr. 2023.xlsx",0.4341679873217116,T-shirt
01589 T-shirt unisex mblå k/æ,Alm.slid uden restværdi,1,622,38,30155C97D461A6C000B1F821,"PLC, Product detaljeret, Aarhus, Apr. 2023.xlsx",1.85967845659164,T-shirt
13658 T-shirt dame lyseblå Prowear,Alm.slid uden restværdi,1,618,27,30155C97D461A6C000842AB4,"PLC, Product detaljeret, Aarhus, Apr. 2023.xlsx",1.3299029126213593,T-shirt
01589 T-shirt unisex mblå k/æ,Alm.slid uden restværdi,1,616,14,30155C97D461A6C0008D6847,"PLC, Product detaljeret, Aarhus, Apr. 2023.xlsx",0.6918181818181819,T-shirt
01589 T-shirt unisex mblå k/æ,Alm.slid uden restværdi,1,604,58,30155C97D461A6C000BA425E,"PLC, Product detaljeret, Aarhus, Apr. 2023.xlsx",2.9230463576158945,T-shirt
01589 T-shirt unisex mblå k/æ,Alm.slid uden restværdi,1,582,31,30155C97D461A6C000B1301C,"PLC, Product detaljeret, Aarhus, Apr. 2023.xlsx",1.6213745704467355,T-shirt
01589 T-shirt unisex mblå k/æ,Alm.slid uden restværdi,1,570,26,00D008647F1A,"PLC, Product detaljeret, Aarhus, Apr. 2023.xlsx",1.3884912280701756,T-shirt
13658 T-shirt dame lyseblå Prowear,Alm.slid uden restværdi,1,570,21,30155C97D461A6C0008181E9,"PLC, Product detaljeret, Aarhus, Apr. 2023.xlsx",1.1214736842105262,T-shirt
01589 T-shirt unisex mblå k/æ,Alm.slid uden restværdi,1,569,25,30155C97D461A6C000B1313E,"PLC, Product detaljeret, Aarhus, Apr. 2023.xlsx",1.3374340949033394,T-shirt
01589 T-shirt unisex mblå k/æ,Alm.slid uden restværdi,1,561,24,300ED89F33500060009D8A15,"PLC, Product detaljeret, Aarhus, Apr. 2023.xlsx",1.3022459893048128,T-shirt
01589 T-shirt unisex mblå k/æ,Alm.slid uden restværdi,1,558,25,00D00B2A302F,"PLC, Product detaljeret, Aarhus, Apr. 2023.xlsx",1.363799283154122,T-shirt
01589 T-shirt unisex mblå k/æ,Alm.slid uden restværdi,1,553,6,00D00B2A155F,"PLC, Product detaljeret, Aarhus, Apr. 2023.xlsx",0.3302712477396022,T-shirt
01589 T-shirt unisex mblå k/æ,Alm.slid uden restværdi,1,553,1,00D00B4E7BF0,"PLC, Product detaljeret, Aarhus, Apr. 2023.xlsx",0.05504520795660036,T-shirt
01589 T-shirt unisex mblå k/æ,Alm.slid uden restværdi,1,553,21,300ED89F33500060009D8860,"PLC, Product detaljeret, Aarhus, Apr. 2023.xlsx",1.1559493670886076,T-shirt
13658 T-shirt dame lyseblå Prowear,Alm.slid uden restværdi,1,538,35,30155C97D461A6C00084220A,"PLC, Product detaljeret, Aarhus, Apr. 2023.xlsx",1.9802973977695169,T-shirt
01589 T-shirt unisex mblå k/æ,Alm.slid uden restværdi,1,536,31,30155C97D461A6C0012EBA4F,"PLC, Product detaljeret, Aarhus, Apr. 2023.xlsx",1.7605223880597016,T-shirt
01589 T-shirt unisex mblå k/æ,Alm.slid uden restværdi,1,528,12,30155C97D461A6C0008176B2,"PLC, Product detaljeret, Aarhus, Apr. 2023.xlsx",0.6918181818181819,T-shirt
01589 T-shirt unisex mblå k/æ,Alm.slid uden restværdi,1,515,25,30155C97D461A6C0012EB986,"PLC, Product detaljeret, Aarhus, Apr. 2023.xlsx",1.4776699029126215,T-shirt
01589 T-shirt unisex mblå k/æ,Alm.slid uden restværdi,1,511,17,30155C97D461A6C0012EB99A,"PLC, Product detaljeret, Aarhus, Apr. 2023.xlsx",1.0126810176125245,T-shirt
01589 T-shirt unisex mblå k/æ,Alm.slid uden restværdi,1,511,20,30155C97D461A6C0013025ED,"PLC, Product detaljeret, Aarhus, Apr. 2023.xlsx",1.191389432485323,T-shirt
01589 T-shirt unisex mblå k/æ,Alm.slid uden restværdi,1,509,31,30155C97D461A6C0012EBA04,"PLC, Product detaljeret, Aarhus, Apr. 2023.xlsx",1.853909626719057,T-shirt
01589 T-shirt unisex mblå k/æ,Alm.slid uden restværdi,1,495,34,30155C97D461A6C000E222BC,"PLC, Product detaljeret, Aarhus, Apr. 2023.xlsx",2.0908282828282827,T-shirt
01589 T-shirt unisex mblå k/æ,Alm.slid uden restværdi,1,495,25,30155C97D461A6C000E222D6,"PLC, Product detaljeret, Aarhus, Apr. 2023.xlsx",1.5373737373737375,T-shirt
01589 T-shirt unisex mblå k/æ,Alm.slid uden restværdi,1,490,33,30155C97D461A6C000E222AD,"PLC, Product detaljeret, Aarhus, Apr. 2023.xlsx",2.050040816326531,T-shirt
13658 T-shirt dame lyseblå Prowear,Alm.slid uden restværdi,1,489,46,30155C97D461A6C0008BF6ED,"PLC, Product detaljeret, Aarhus, Apr. 2023.xlsx",2.863476482617587,T-shirt
13658 T-shirt dame lyseblå Prowear,Alm.slid uden restværdi,1,489,46,30155C97D461A6C0008BF6F7,"PLC, Product detaljeret, Aarhus, Apr. 2023.xlsx",2.863476482617587,T-shirt
13658 T-shirt dame lyseblå Prowear,Alm.slid uden restværdi,1,489,45,30155C97D461A6C0008BF83F,"PLC, Product detaljeret, Aarhus, Apr. 2023.xlsx",2.8012269938650305,T-shirt
13658 T-shirt dame lyseblå Prowear,Alm.slid uden restværdi,1,489,49,30155C97D461A6C0008BF89E,"PLC, Product detaljeret, Aarhus, Apr. 2023.xlsx",3.0502249488752557,T-shirt
01589 T-shirt unisex mblå k/æ,Alm.slid uden restværdi,1,486,7,30155C97D461A6C000B20B54,"PLC, Product detaljeret, Aarhus, Apr. 2023.xlsx",0.4384362139917696,T-shirt
01589 T-shirt unisex mblå k/æ,Alm.slid uden restværdi,1,465,14,30155C97D461A6C0012EA0B5,"PLC, Product detaljeret, Aarhus, Apr. 2023.xlsx",0.91647311827957,T-shirt
01589 T-shirt unisex mblå k/æ,Alm.slid uden restværdi,1,464,8,30155C97D461A6C0012E9FF9,"PLC, Product detaljeret, Aarhus, Apr. 2023.xlsx",0.5248275862068965,T-shirt
01589 T-shirt unisex mblå k/æ,Alm.slid uden restværdi,1,464,14,30155C97D461A6C0012EA04A,"PLC, Product detaljeret, Aarhus, Apr. 2023.xlsx",0.918448275862069,T-shirt
01589 T-shirt unisex mblå k/æ,Alm.slid uden restværdi,1,455,24,30155C97D461A6C000E222E2,"PLC, Product detaljeret, Aarhus, Apr. 2023.xlsx",1.6056263736263736,T-shirt
26056 T-shirt k/æ dame lyseblå,Alm.slid uden restværdi,1,451,22,30155C97D461A6C00084FF0F,"PLC, Product detaljeret, Aarhus, Apr. 2023.xlsx",1.484878048780488,T-shirt
13658 T-shirt dame lyseblå Prowear,Alm.slid uden restværdi,1,445,9,30155C97D461A6C000E298EC,"PLC, Product detaljeret, Aarhus, Apr. 2023.xlsx",0.6156404494382023,T-shirt
26498 T-shirt L/Æ kongeblå P/B,Alm.slid uden restværdi,1,442,16,30155C97D461A6C00030EC9A,"PLC, Product detaljeret, Aarhus, Apr. 2023.xlsx",1.101900452488688,T-shirt
01589 T-shirt unisex mblå k/æ,Alm.slid uden restværdi,1,434,35,30155C97D461A6C000637BCC,"PLC, Product detaljeret, Aarhus, Apr. 2023.xlsx",2.4548387096774196,T-shirt
01589 T-shirt unisex mblå k/æ,Alm.slid uden restværdi,1,434,31,30155C97D461A6C000637C08,"PLC, Product detaljeret, Aarhus, Apr. 2023.xlsx",2.1742857142857144,T-shirt
01589 T-shirt unisex mblå k/æ,Alm.slid uden restværdi,1,427,30,30155C97D461A6C000639335,"PLC, Product detaljeret, Aarhus, Apr. 2023.xlsx",2.1386416861826696,T-shirt
13658 T-shirt dame lyseblå Prowear,Alm.slid uden restværdi,1,408,3,30155C97D461A6C00091070E,"PLC, Product detaljeret, Aarhus, Apr. 2023.xlsx",0.2238235294117647,T-shirt
26057 T-shirt k/æ uni lyseblå,Alm.slid uden restværdi,1,408,35,30155C97D461A7C002697C93,"PLC, Product detaljeret, Aarhus, Apr. 2023.xlsx",2.6112745098039216,T-shirt
26057 T-shirt k/æ uni lyseblå,Alm.slid uden restværdi,1,408,38,30155C97D461A7C002697D17,"PLC, Product detaljeret, Aarhus, Apr. 2023.xlsx",2.8350980392156866,T-shirt
01589 T-shirt unisex mblå k/æ,Alm.slid uden restværdi,1,405,24,30155C97D461A6C000639372,"PLC, Product detaljeret, Aarhus, Apr. 2023.xlsx",1.803851851851852,T-shirt
13658 T-shirt dame lyseblå Prowear,Alm.slid uden restværdi,1,404,20,30155C97D461A6C000D8659D,"PLC, Product detaljeret, Aarhus, Apr. 2023.xlsx",1.5069306930693072,T-shirt
13658 T-shirt dame lyseblå Prowear,Alm.slid uden restværdi,1,399,15,30155C97D461A6C0008BF883,"PLC, Product detaljeret, Aarhus, Apr. 2023.xlsx",1.1443609022556391,T-shirt
26665 T-shirt dame 1/2 ærme lblå,Alm.slid uden restværdi,1,383,15,30155C97D461A6C0002F11CA,"PLC, Product detaljeret, Aarhus, Apr. 2023.xlsx",1.1921671018276763,T-shirt
26665 T-shirt dame 1/2 ærme lblå,Alm.slid uden restværdi,1,374,18,30155C97D461A6C0002F115D,"PLC, Product detaljeret, Aarhus, Apr. 2023.xlsx",1.4650267379679145,T-shirt
26665 T-shirt dame 1/2 ærme lblå,Alm.slid uden restværdi,1,374,16,30155C97D461A6C0002F12FB,"PLC, Product detaljeret, Aarhus, Apr. 2023.xlsx",1.3022459893048128,T-shirt
13658 T-shirt dame lyseblå Prowear,Alm.slid uden restværdi,1,344,16,30155C97D461A4C0009224D9,"PLC, Product detaljeret, Aarhus, Apr. 2023.xlsx",1.415813953488372,T-shirt
01427 T-shirt unisex lyseblå pb,Alm.slid uden restværdi,1,342,29,30155C97D461A4C000659C38,"PLC, Product detaljeret, Aarhus, Apr. 2023.xlsx",2.581169590643275,T-shirt
26665 T-shirt dame 1/2 ærme lblå,Alm.slid uden restværdi,1,341,18,30155C97D461A6C0002F7B05,"PLC, Product detaljeret, Aarhus, Apr. 2023.xlsx",1.6068035190615837,T-shirt
09610 T-Shirt Lady Lysblå Bom,Alm.slid uden restværdi,1,338,23,30155C97D461A4C00092D763,"PLC, Product detaljeret, Aarhus, Apr. 2023.xlsx",2.0713609467455623,T-shirt
01589 T-shirt unisex mblå k/æ,Alm.slid uden restværdi,1,337,10,30155C97D461A4C0009223F0,"PLC, Product detaljeret, Aarhus, Apr. 2023.xlsx",0.9032640949554896,T-shirt
01427 T-shirt unisex lyseblå pb,Alm.slid uden restværdi,1,336,30,30155C97D461A4C000659C96,"PLC, Product detaljeret, Aarhus, Apr. 2023.xlsx",2.717857142857143,T-shirt
26665 T-shirt dame 1/2 ærme lblå,Alm.slid uden restværdi,1,331,16,30155C97D461A6C0002F7B18,"PLC, Product detaljeret, Aarhus, Apr. 2023.xlsx",1.4714199395770393,T-shirt
26665 T-shirt dame 1/2 ærme lblå,Alm.slid uden restværdi,1,331,22,30155C97D461A6C0002F7B63,"PLC, Product detaljeret, Aarhus, Apr. 2023.xlsx",2.023202416918429,T-shirt
01589 T-shirt unisex mblå k/æ,Alm.slid uden restværdi,1,328,27,30155C97D461A4C00064BFAA,"PLC, Product detaljeret, Aarhus, Apr. 2023.xlsx",2.5057317073170733,T-shirt
01589 T-shirt unisex mblå k/æ,Alm.slid uden restværdi,1,317,11,30155C97D461A6C0008C5B6A,"PLC, Product detaljeret, Aarhus, Apr. 2023.xlsx",1.0562776025236593,T-shirt
01589 T-shirt unisex mblå k/æ,Alm.slid uden restværdi,1,313,4,30155C97D461A6C00063FE8E,"PLC, Product detaljeret, Aarhus, Apr. 2023.xlsx",0.3890095846645367,T-shirt
13658 T-shirt dame lyseblå Prowear,Alm.slid uden restværdi,1,313,14,30155C97D461A6C000647CFB,"PLC, Product detaljeret, Aarhus, Apr. 2023.xlsx",1.3615335463258786,T-shirt
26665 T-shirt dame 1/2 ærme lblå,Alm.slid uden restværdi,1,303,8,30155C97D461A6C0008D1008,"PLC, Product detaljeret, Aarhus, Apr. 2023.xlsx",0.8036963696369638,T-shirt
01717 T-shirt unisex kblå pb,Alm.slid uden restværdi,1,302,1,30155C97D461A6C000EAB7E1,"PLC, Product detaljeret, Aarhus, Apr. 2023.xlsx",0.10079470198675497,T-shirt
01717 T-shirt unisex kblå pb,Alm.slid uden restværdi,1,302,1,30155C97D461A6C000EAB854,"PLC, Product detaljeret, Aarhus, Apr. 2023.xlsx",0.10079470198675497,T-shirt
13658 T-shirt dame lyseblå Prowear,Alm.slid uden restværdi,1,295,11,30155C97D461A6C0009E871E,"PLC, Product detaljeret, Aarhus, Apr. 2023.xlsx",1.1350508474576273,T-shirt
01589 T-shirt unisex mblå k/æ,Alm.slid uden restværdi,1,281,13,30155C97D461A4C00064F699,"PLC, Product detaljeret, Aarhus, Apr. 2023.xlsx",1.408256227758007,T-shirt
01589 T-shirt unisex mblå k/æ,Alm.slid uden restværdi,1,281,14,30155C97D461A4C00064F859,"PLC, Product detaljeret, Aarhus, Apr. 2023.xlsx",1.5165836298932385,T-shirt
01717 T-shirt unisex kblå pb,Alm.slid uden restværdi,1,280,1,30155C97D461A4C00064FC05,"PLC, Product detaljeret, Aarhus, Apr. 2023.xlsx",0.10871428571428572,T-shirt
01589 T-shirt unisex mblå k/æ,Alm.slid uden restværdi,1,277,17,30155C97D461A4C00064EC58,"PLC, Product detaljeret, Aarhus, Apr. 2023.xlsx",1.868158844765343,T-shirt
09610 T-Shirt Lady Lysblå Bom,Alm.slid uden restværdi,1,266,9,30155C97D461A6C00187A386,"PLC, Product detaljeret, Aarhus, Apr. 2023.xlsx",1.0299248120300752,T-shirt
01589 T-shirt unisex mblå k/æ,Alm.slid uden restværdi,1,262,10,30155C97D461A6C001626D68,"PLC, Product detaljeret, Aarhus, Apr. 2023.xlsx",1.1618320610687023,T-shirt
01589 T-shirt unisex mblå k/æ,Alm.slid uden restværdi,1,262,10,30155C97D461A6C001626D7B,"PLC, Product detaljeret, Aarhus, Apr. 2023.xlsx",1.1618320610687023,T-shirt
13658 T-shirt dame lyseblå Prowear,Alm.slid uden restværdi,1,258,10,30155C97D461A4C0009391AE,"PLC, Product detaljeret, Aarhus, Apr. 2023.xlsx",1.1798449612403101,T-shirt
01589 T-shirt unisex mblå k/æ,Alm.slid uden restværdi,1,253,5,30155C97D461A6C0012DD702,"PLC, Product detaljeret, Aarhus, Apr. 2023.xlsx",0.6015810276679843,T-shirt
26665 T-shirt dame 1/2 ærme lblå,Alm.slid uden restværdi,1,248,12,30155C97D461A6C0002F7C54,"PLC, Product detaljeret, Aarhus, Apr. 2023.xlsx",1.4729032258064516,T-shirt
13658 T-shirt dame lyseblå Prowear,Alm.slid uden restværdi,1,246,4,30155C97D461A4C00092315D,"PLC, Product detaljeret, Aarhus, Apr. 2023.xlsx",0.494959349593496,T-shirt
13658 T-shirt dame lyseblå Prowear,Alm.slid uden restværdi,1,244,7,30155C97D461A6C001861231,"PLC, Product detaljeret, Aarhus, Apr. 2023.xlsx",0.8732786885245902,T-shirt
01589 T-shirt unisex mblå k/æ,Alm.slid uden restværdi,1,241,7,30155C97D461A6C000CFA720,"PLC, Product detaljeret, Aarhus, Apr. 2023.xlsx",0.8841493775933611,T-shirt
13658 T-shirt dame lyseblå Prowear,Alm.slid uden restværdi,1,238,8,30155C97D461A6C001861276,"PLC, Product detaljeret, Aarhus, Apr. 2023.xlsx",1.0231932773109245,T-shirt
13658 T-shirt dame lyseblå Prowear,Alm.slid uden restværdi,1,238,10,30155C97D461A6C001861309,"PLC, Product detaljeret, Aarhus, Apr. 2023.xlsx",1.2789915966386556,T-shirt
13658 T-shirt dame lyseblå Prowear,Alm.slid uden restværdi,1,238,9,30155C97D461A6C0018613DA,"PLC, Product detaljeret, Aarhus, Apr. 2023.xlsx",1.15109243697479,T-shirt
09610 T-Shirt Lady Lysblå Bom,Alm.slid uden restværdi,1,235,15,30155C97D461A6C001860ABE,"PLC, Product detaljeret, Aarhus, Apr. 2023.xlsx",1.9429787234042553,T-shirt
01589 T-shirt unisex mblå k/æ,Alm.slid uden restværdi,1,225,8,30155C97D461A4C00066980D,"PLC, Product detaljeret, Aarhus, Apr. 2023.xlsx",1.0823111111111112,T-shirt
01589 T-shirt unisex mblå k/æ,Alm.slid uden restværdi,1,185,5,30155C97D461A6C000EB146E,"PLC, Product detaljeret, Aarhus, Apr. 2023.xlsx",0.8227027027027027,T-shirt
24597 T-shirt You unisex Kornblå,Alm.slid uden restværdi,1,178,1,30155C97D461A4C00066B4A2,"PLC, Product detaljeret, Aarhus, Apr. 2023.xlsx",0.17101123595505618,T-shirt
01589 T-shirt unisex mblå k/æ,Alm.slid uden restværdi,1,170,17,30155C97D461A6C0010E8F4E,"PLC, Product detaljeret, Aarhus, Apr. 2023.xlsx",3.0440000000000005,T-shirt
26961 T-shirt CSR dame lysblå,Alm.slid uden restværdi,1,146,13,30155C97D461A6C00135F294,"PLC, Product detaljeret, Aarhus, Apr. 2023.xlsx",2.7104109589041094,T-shirt
01427 T-shirt unisex lyseblå pb,Alm.slid uden restværdi,1,140,5,30155C97D461A6C00136080B,"PLC, Product detaljeret, Aarhus, Apr. 2023.xlsx",1.0871428571428572,T-shirt
13658 T-shirt dame lyseblå Prowear,Alm.slid uden restværdi,1,140,8,30155C97D461A6C001A5F213,"PLC, Product detaljeret, Aarhus, Apr. 2023.xlsx",1.7394285714285715,T-shirt
26961 T-shirt CSR dame lysblå,Alm.slid uden restværdi,1,139,9,30155C97D461A6C000EAA61A,"PLC, Product detaljeret, Aarhus, Apr. 2023.xlsx",1.9709352517985612,T-shirt
26961 T-shirt CSR dame lysblå,Alm.slid uden restværdi,1,139,12,30155C97D461A6C0010DDBC5,"PLC, Product detaljeret, Aarhus, Apr. 2023.xlsx",2.6279136690647484,T-shirt
26961 T-shirt CSR dame lysblå,Alm.slid uden restværdi,1,139,11,30155C97D461A6C0010DDC38,"PLC, Product detaljeret, Aarhus, Apr. 2023.xlsx",2.4089208633093526,T-shirt
26961 T-shirt CSR dame lysblå,Alm.slid uden restværdi,1,139,10,30155C97D461A6C00135F1E0,"PLC, Product detaljeret, Aarhus, Apr. 2023.xlsx",2.189928057553957,T-shirt
26961 T-shirt CSR dame lysblå,Alm.slid uden restværdi,1,139,10,30155C97D461A6C00135F221,"PLC, Product detaljeret, Aarhus, Apr. 2023.xlsx",2.189928057553957,T-shirt
26961 T-shirt CSR dame lysblå,Alm.slid uden restværdi,1,133,11,30155C97D461A6C0010DE768,"PLC, Product detaljeret, Aarhus, Apr. 2023.xlsx",2.517593984962406,T-shirt
26961 T-shirt CSR dame lysblå,Alm.slid uden restværdi,1,133,10,30155C97D461A6C00135F404,"PLC, Product detaljeret, Aarhus, Apr. 2023.xlsx",2.2887218045112783,T-shirt
26961 T-shirt CSR dame lysblå,Alm.slid uden restværdi,1,133,7,30155C97D461A6C001A6D99C,"PLC, Product detaljeret, Aarhus, Apr. 2023.xlsx",1.6021052631578947,T-shirt
26961 T-shirt CSR dame lysblå,Alm.slid uden restværdi,1,133,13,30155C97D461A6C001A6DA6D,"PLC, Product detaljeret, Aarhus, Apr. 2023.xlsx",2.9753383458646616,T-shirt
26961 T-shirt CSR dame lysblå,Alm.slid uden restværdi,1,133,15,30155C97D461A6C001A6DB22,"PLC, Product detaljeret, Aarhus, Apr. 2023.xlsx",3.433082706766917,T-shirt
26961 T-shirt CSR dame lysblå,Alm.slid uden restværdi,1,133,9,30155C97D461A6C001A6E24C,"PLC, Product detaljeret, Aarhus, Apr. 2023.xlsx",2.0598496240601505,T-shirt
26961 T-shirt CSR dame lysblå,Alm.slid uden restværdi,1,133,15,30155C97D461A6C001A6E24D,"PLC, Product detaljeret, Aarhus, Apr. 2023.xlsx",3.433082706766917,T-shirt
27110 T-Shirt Csr Unisex Lysblå,Alm.slid uden restværdi,1,131,13,30155C97D461A6C00135FB11,"PLC, Product detaljeret, Aarhus, Apr. 2023.xlsx",3.020763358778626,T-shirt
26961 T-shirt CSR dame lysblå,Alm.slid uden restværdi,1,125,6,30155C97D461A6C001A6D95E,"PLC, Product detaljeret, Aarhus, Apr. 2023.xlsx",1.4611200000000002,T-shirt
26961 T-shirt CSR dame lysblå,Alm.slid uden restværdi,1,125,7,30155C97D461A6C001A6DA73,"PLC, Product detaljeret, Aarhus, Apr. 2023.xlsx",1.7046400000000002,T-shirt
26961 T-shirt CSR dame lysblå,Alm.slid uden restværdi,1,125,7,30155C97D461A6C001A6DADB,"PLC, Product detaljeret, Aarhus, Apr. 2023.xlsx",1.7046400000000002,T-shirt
26961 T-shirt CSR dame lysblå,Alm.slid uden restværdi,1,125,6,30155C97D461A6C001A6E271,"PLC, Product detaljeret, Aarhus, Apr. 2023.xlsx",1.4611200000000002,T-shirt
26070 T-shirt Geyser uni kongeblå,Alm.slid uden restværdi,1,123,5,30155C97D461A6C001861873,"PLC, Product detaljeret, Aarhus, Apr. 2023.xlsx",1.2373983739837398,T-shirt
08398 T-shirt unisex mblå k/æ bom,Alm.slid uden restværdi,1,121,8,30155C97D461A6C001601E99,"PLC, Product detaljeret, Aarhus, Apr. 2023.xlsx",2.0125619834710746,T-shirt
08398 T-shirt unisex mblå k/æ bom,Alm.slid uden restværdi,1,120,9,30155C97D461A6C001601FA2,"PLC, Product detaljeret, Aarhus, Apr. 2023.xlsx",2.283,T-shirt
08398 T-shirt unisex mblå k/æ bom,Alm.slid uden restværdi,1,120,11,30155C97D461A6C001602011,"PLC, Product detaljeret, Aarhus, Apr. 2023.xlsx",2.7903333333333333,T-shirt
26056 T-shirt k/æ dame lyseblå,Alm.slid uden restværdi,1,119,1,30155C97D461A6C0020E82C2,"PLC, Product detaljeret, Aarhus, Apr. 2023.xlsx",0.2557983193277311,T-shirt
27110 T-Shirt Csr Unisex Lysblå,Alm.slid uden restværdi,1,119,7,30155C97D461A6C0010DFB08,"PLC, Product detaljeret, Aarhus, Apr. 2023.xlsx",1.7905882352941176,T-shirt
08398 T-shirt unisex mblå k/æ bom,Alm.slid uden restværdi,1,117,6,30155C97D461A6C001601E87,"PLC, Product detaljeret, Aarhus, Apr. 2023.xlsx",1.5610256410256411,T-shirt
08398 T-shirt unisex mblå k/æ bom,Alm.slid uden restværdi,1,117,9,30155C97D461A6C001601EBC,"PLC, Product detaljeret, Aarhus, Apr. 2023.xlsx",2.3415384615384616,T-shirt
08398 T-shirt unisex mblå k/æ bom,Alm.slid uden restværdi,1,117,7,30155C97D461A6C001601F26,"PLC, Product detaljeret, Aarhus, Apr. 2023.xlsx",1.8211965811965813,T-shirt
08398 T-shirt unisex mblå k/æ bom,Alm.slid uden restværdi,1,117,7,30155C97D461A6C001601F69,"PLC, Product detaljeret, Aarhus, Apr. 2023.xlsx",1.8211965811965813,T-shirt
08398 T-shirt unisex mblå k/æ bom,Alm.slid uden restværdi,1,117,7,30155C97D461A6C001601FB1,"PLC, Product detaljeret, Aarhus, Apr. 2023.xlsx",1.8211965811965813,T-shirt
08398 T-shirt unisex mblå k/æ bom,Alm.slid uden restværdi,1,116,6,30155C97D461A6C001601F34,"PLC, Product detaljeret, Aarhus, Apr. 2023.xlsx",1.5744827586206898,T-shirt
27110 T-Shirt Csr Unisex Lysblå,Alm.slid uden restværdi,1,114,6,30155C97D461A6C0010DEA70,"PLC, Product detaljeret, Aarhus, Apr. 2023.xlsx",1.6021052631578947,T-shirt
01427 T-shirt unisex lyseblå pb,Alm.slid uden restværdi,1,108,1,30155C97D461A6C001A5B593,"PLC, Product detaljeret, Aarhus, Apr. 2023.xlsx",0.28185185185185185,T-shirt
26961 T-shirt CSR dame lysblå,Alm.slid uden restværdi,1,107,2,30155C97D461A6C001A6D394,"PLC, Product detaljeret, Aarhus, Apr. 2023.xlsx",0.5689719626168224,T-shirt
01589 T-shirt unisex mblå k/æ,Alm.slid uden restværdi,1,100,1,30155C97D461A6C001A5F090,"PLC, Product detaljeret, Aarhus, Apr. 2023.xlsx",0.3044,T-shirt
01589 T-shirt unisex mblå k/æ,Alm.slid uden restværdi,1,99,1,30155C97D461A6C0018F52E4,"PLC, Product detaljeret, Aarhus, Apr. 2023.xlsx",0.3074747474747475,T-shirt
26961 T-shirt CSR dame lysblå,Alm.slid uden restværdi,1,87,5,30155C97D461A6C0015FEE80,"PLC, Product detaljeret, Aarhus, Apr. 2023.xlsx",1.7494252873563219,T-shirt
26961 T-shirt CSR dame lysblå,Alm.slid uden restværdi,1,87,7,30155C97D461A6C0015FEF65,"PLC, Product detaljeret, Aarhus, Apr. 2023.xlsx",2.4491954022988507,T-shirt
01589 T-shirt unisex mblå k/æ,Alm.slid uden restværdi,1,69,4,30155C97D461A4C000D539F2,"PLC, Product detaljeret, Aarhus, Apr. 2023.xlsx",1.7646376811594204,T-shirt
13658 T-shirt dame lyseblå Prowear,Alm.slid uden restværdi,1,61,4,30155C97D461A4C000F32351,"PLC, Product detaljeret, Aarhus, Apr. 2023.xlsx",1.996065573770492,T-shirt
26056 T-shirt k/æ dame lyseblå,Alm.slid uden restværdi,1,61,4,30155C97D461A6C0020E7781,"PLC, Product detaljeret, Aarhus, Apr. 2023.xlsx",1.996065573770492,T-shirt
01589 T-shirt unisex mblå k/æ,Alm.slid uden restværdi,1,44,1,00D00BAAE533,"PLC, Product detaljeret, Aarhus, Apr. 2023.xlsx",0.6918181818181819,T-shirt
03885 T-Shirt Lysblå Lady K/Æ P/B,Alm.slid uden restværdi,1,2872,8,00D0095B3A9A,"PLC, Product detaljeret, Aarhus, Aug. 2023.xlsx",0.08479108635097493,T-shirt
03885 T-Shirt Lysblå Lady K/Æ P/B,Alm.slid uden restværdi,1,2703,14,00D0098EB240,"PLC, Product detaljeret, Aarhus, Aug. 2023.xlsx",0.15766185719570847,T-shirt
03885 T-Shirt Lysblå Lady K/Æ P/B,Alm.slid uden restværdi,1,2514,46,00D006AE0A16,"PLC, Product detaljeret, Aarhus, Aug. 2023.xlsx",0.5569769291964997,T-shirt
03885 T-Shirt Lysblå Lady K/Æ P/B,Alm.slid uden restværdi,1,2423,104,00D009775562,"PLC, Product detaljeret, Aarhus, Aug. 2023.xlsx",1.306545604622369,T-shirt
03885 T-Shirt Lysblå Lady K/Æ P/B,Alm.slid uden restværdi,1,2335,85,00D009974EA8,"PLC, Product detaljeret, Aarhus, Aug. 2023.xlsx",1.1080942184154174,T-shirt
03885 T-Shirt Lysblå Lady K/Æ P/B,Alm.slid uden restværdi,1,2188,98,00D009514218,"PLC, Product detaljeret, Aarhus, Aug. 2023.xlsx",1.3634003656307132,T-shirt
01427 T-shirt unisex lyseblå pb,Alm.slid uden restværdi,1,2134,72,300ED89F3350007FE267DB8F,"PLC, Product detaljeret, Aarhus, Aug. 2023.xlsx",1.0270290534208062,T-shirt
01427 T-shirt unisex lyseblå pb,Alm.slid uden restværdi,1,2132,90,300ED89F3350007FE267DC1E,"PLC, Product detaljeret, Aarhus, Aug. 2023.xlsx",1.2849906191369607,T-shirt
13658 T-shirt dame lyseblå Prowear,Alm.slid uden restværdi,1,2128,101,300ED89F335000400183D432,"PLC, Product detaljeret, Aarhus, Aug. 2023.xlsx",1.4447556390977445,T-shirt
13658 T-shirt dame lyseblå Prowear,Alm.slid uden restværdi,1,2124,29,300ED89F335000400183CD80,"PLC, Product detaljeret, Aarhus, Aug. 2023.xlsx",0.41561205273069685,T-shirt
13658 T-shirt dame lyseblå Prowear,Alm.slid uden restværdi,1,2124,35,300ED89F335000400183CDB8,"PLC, Product detaljeret, Aarhus, Aug. 2023.xlsx",0.5016007532956686,T-shirt
13658 T-shirt dame lyseblå Prowear,Alm.slid uden restværdi,1,2124,23,300ED89F335000400183CFF9,"PLC, Product detaljeret, Aarhus, Aug. 2023.xlsx",0.3296233521657251,T-shirt
13658 T-shirt dame lyseblå Prowear,Alm.slid uden restværdi,1,2122,105,300ED89F335000400183B40D,"PLC, Product detaljeret, Aarhus, Aug. 2023.xlsx",1.5062205466540999,T-shirt
01427 T-shirt unisex lyseblå pb,Alm.slid uden restværdi,1,2121,52,300ED89F3350007FE2669C90,"PLC, Product detaljeret, Aarhus, Aug. 2023.xlsx",0.7462894860914663,T-shirt
13658 T-shirt dame lyseblå Prowear,Alm.slid uden restværdi,1,2120,40,300ED89F335000400183CF6A,"PLC, Product detaljeret, Aarhus, Aug. 2023.xlsx",0.5743396226415094,T-shirt
13658 T-shirt dame lyseblå Prowear,Alm.slid uden restværdi,1,2120,44,300ED89F335000400183CFA0,"PLC, Product detaljeret, Aarhus, Aug. 2023.xlsx",0.6317735849056604,T-shirt
13658 T-shirt dame lyseblå Prowear,Alm.slid uden restværdi,1,2120,56,300ED89F335000400183D3A7,"PLC, Product detaljeret, Aarhus, Aug. 2023.xlsx",0.8040754716981132,T-shirt
01589 T-shirt unisex mblå k/æ,Alm.slid uden restværdi,1,2115,73,300ED89F3350007FE266A645,"PLC, Product detaljeret, Aarhus, Aug. 2023.xlsx",1.050647754137116,T-shirt
13658 T-shirt dame lyseblå Prowear,Alm.slid uden restværdi,1,2114,148,300ED89F335000400183DA6E,"PLC, Product detaljeret, Aarhus, Aug. 2023.xlsx",2.1310879848628193,T-shirt
13658 T-shirt dame lyseblå Prowear,Alm.slid uden restværdi,1,2113,61,300ED89F335000400183D4FA,"PLC, Product detaljeret, Aarhus, Aug. 2023.xlsx",0.8787695220066257,T-shirt
01589 T-shirt unisex mblå k/æ,Alm.slid uden restværdi,1,2110,68,300ED89F3350007FE266A970,"PLC, Product detaljeret, Aarhus, Aug. 2023.xlsx",0.9810047393364929,T-shirt
13658 T-shirt dame lyseblå Prowear,Alm.slid uden restværdi,1,2110,116,300ED89F3350007FE266B5D2,"PLC, Product detaljeret, Aarhus, Aug. 2023.xlsx",1.673478672985782,T-shirt
01589 T-shirt unisex mblå k/æ,Alm.slid uden restværdi,1,2107,85,300ED89F3350007FE266A921,"PLC, Product detaljeret, Aarhus, Aug. 2023.xlsx",1.2280018984337921,T-shirt
13658 T-shirt dame lyseblå Prowear,Alm.slid uden restværdi,1,2106,61,300ED89F335000400183D824,"PLC, Product detaljeret, Aarhus, Aug. 2023.xlsx",0.8816904083570751,T-shirt
01589 T-shirt unisex mblå k/æ,Alm.slid uden restværdi,1,2105,40,300ED89F3350007FE266A64E,"PLC, Product detaljeret, Aarhus, Aug. 2023.xlsx",0.5784323040380048,T-shirt
01589 T-shirt unisex mblå k/æ,Alm.slid uden restværdi,1,2102,35,300ED89F3350007FE2678665,"PLC, Product detaljeret, Aarhus, Aug. 2023.xlsx",0.5068506184586109,T-shirt
13658 T-shirt dame lyseblå Prowear,Alm.slid uden restværdi,1,2100,45,300ED89F3350007FE266B6EC,"PLC, Product detaljeret, Aarhus, Aug. 2023.xlsx",0.6522857142857144,T-shirt
01589 T-shirt unisex mblå k/æ,Alm.slid uden restværdi,1,2033,95,300ED89F3350007FE266A8B1,"PLC, Product detaljeret, Aarhus, Aug. 2023.xlsx",1.422429906542056,T-shirt
01589 T-shirt unisex mblå k/æ,Alm.slid uden restværdi,1,2031,45,300ED89F33500060009D8DDC,"PLC, Product detaljeret, Aarhus, Aug. 2023.xlsx",0.6744460856720828,T-shirt
01589 T-shirt unisex mblå k/æ,Alm.slid uden restværdi,1,2026,53,300ED89F33500060009D88D6,"PLC, Product detaljeret, Aarhus, Aug. 2023.xlsx",0.7963079960513327,T-shirt
01589 T-shirt unisex mblå k/æ,Alm.slid uden restværdi,1,2024,61,300ED89F33500060009D8E76,"PLC, Product detaljeret, Aarhus, Aug. 2023.xlsx",0.9174110671936759,T-shirt
01589 T-shirt unisex mblå k/æ,Alm.slid uden restværdi,1,2014,60,300ED89F33500060009D8F42,"PLC, Product detaljeret, Aarhus, Aug. 2023.xlsx",0.9068520357497518,T-shirt
03885 T-Shirt Lysblå Lady K/Æ P/B,Alm.slid uden restværdi,1,1988,51,00D00970251F,"PLC, Product detaljeret, Aarhus, Aug. 2023.xlsx",0.7809054325955735,T-shirt
03885 T-Shirt Lysblå Lady K/Æ P/B,Alm.slid uden restværdi,1,1983,21,00D00975CDBA,"PLC, Product detaljeret, Aarhus, Aug. 2023.xlsx",0.32236006051437216,T-shirt
03885 T-Shirt Lysblå Lady K/Æ P/B,Alm.slid uden restværdi,1,1971,148,30155C97D461A7C00103AF3F,"PLC, Product detaljeret, Aarhus, Aug. 2023.xlsx",2.28570268899036,T-shirt
03885 T-Shirt Lysblå Lady K/Æ P/B,Alm.slid uden restværdi,1,1971,119,30155C97D461A7C00103AF56,"PLC, Product detaljeret, Aarhus, Aug. 2023.xlsx",1.8378285134449517,T-shirt
01589 T-shirt unisex mblå k/æ,Alm.slid uden restværdi,1,1970,63,30155C97D461A7C0010D23D1,"PLC, Product detaljeret, Aarhus, Aug. 2023.xlsx",0.9734619289340103,T-shirt
03885 T-Shirt Lysblå Lady K/Æ P/B,Alm.slid uden restværdi,1,1970,47,30155C97D461A7C0007D16D5,"PLC, Product detaljeret, Aarhus, Aug. 2023.xlsx",0.7262335025380711,T-shirt
03885 T-Shirt Lysblå Lady K/Æ P/B,Alm.slid uden restværdi,1,1970,99,30155C97D461A7C000E884ED,"PLC, Product detaljeret, Aarhus, Aug. 2023.xlsx",1.5297258883248732,T-shirt
03885 T-Shirt Lysblå Lady K/Æ P/B,Alm.slid uden restværdi,1,1970,138,30155C97D461A7C00103ADCE,"PLC, Product detaljeret, Aarhus, Aug. 2023.xlsx",2.1323451776649747,T-shirt
03885 T-Shirt Lysblå Lady K/Æ P/B,Alm.slid uden restværdi,1,1970,153,30155C97D461A7C00103B2D4,"PLC, Product detaljeret, Aarhus, Aug. 2023.xlsx",2.3641218274111675,T-shirt
03885 T-Shirt Lysblå Lady K/Æ P/B,Alm.slid uden restværdi,1,1965,30,30155C97D461A7C00103AE7B,"PLC, Product detaljeret, Aarhus, Aug. 2023.xlsx",0.46473282442748093,T-shirt
03885 T-Shirt Lysblå Lady K/Æ P/B,Alm.slid uden restværdi,1,1964,6,30155C97D461A7C001035224,"PLC, Product detaljeret, Aarhus, Aug. 2023.xlsx",0.0929938900203666,T-shirt
03885 T-Shirt Lysblå Lady K/Æ P/B,Alm.slid uden restværdi,1,1964,6,30155C97D461A7C001035226,"PLC, Product detaljeret, Aarhus, Aug. 2023.xlsx",0.0929938900203666,T-shirt
03885 T-Shirt Lysblå Lady K/Æ P/B,Alm.slid uden restværdi,1,1962,16,30155C97D461A7C000E7F7A7,"PLC, Product detaljeret, Aarhus, Aug. 2023.xlsx",0.24823649337410808,T-shirt
03885 T-Shirt Lysblå Lady K/Æ P/B,Alm.slid uden restværdi,1,1962,64,30155C97D461A7C000E884BD,"PLC, Product detaljeret, Aarhus, Aug. 2023.xlsx",0.9929459734964323,T-shirt
03885 T-Shirt Lysblå Lady K/Æ P/B,Alm.slid uden restværdi,1,1962,60,30155C97D461A7C000E8858B,"PLC, Product detaljeret, Aarhus, Aug. 2023.xlsx",0.9308868501529052,T-shirt
03885 T-Shirt Lysblå Lady K/Æ P/B,Alm.slid uden restværdi,1,1962,126,30155C97D461A7C000E88606,"PLC, Product detaljeret, Aarhus, Aug. 2023.xlsx",1.9548623853211011,T-shirt
03885 T-Shirt Lysblå Lady K/Æ P/B,Alm.slid uden restværdi,1,1962,61,30155C97D461A7C000E9007A,"PLC, Product detaljeret, Aarhus, Aug. 2023.xlsx",0.946401630988787,T-shirt
03885 T-Shirt Lysblå Lady K/Æ P/B,Alm.slid uden restværdi,1,1962,75,30155C97D461A7C000E900A3,"PLC, Product detaljeret, Aarhus, Aug. 2023.xlsx",1.1636085626911314,T-shirt
03885 T-Shirt Lysblå Lady K/Æ P/B,Alm.slid uden restværdi,1,1962,18,30155C97D461A7C000E9062A,"PLC, Product detaljeret, Aarhus, Aug. 2023.xlsx",0.2792660550458716,T-shirt
03885 T-Shirt Lysblå Lady K/Æ P/B,Alm.slid uden restværdi,1,1962,53,30155C97D461A7C00103AEE3,"PLC, Product detaljeret, Aarhus, Aug. 2023.xlsx",0.822283384301733,T-shirt
01589 T-shirt unisex mblå k/æ,Alm.slid uden restværdi,1,1950,64,300ED89F33500060009D8862,"PLC, Product detaljeret, Aarhus, Aug. 2023.xlsx",0.9990564102564103,T-shirt
01589 T-shirt unisex mblå k/æ,Alm.slid uden restværdi,1,1947,118,30155C97D461A7C0010DBDA4,"PLC, Product detaljeret, Aarhus, Aug. 2023.xlsx",1.844848484848485,T-shirt
03885 T-Shirt Lysblå Lady K/Æ P/B,Alm.slid uden restværdi,1,1947,96,30155C97D461A7C000CDD801,"PLC, Product detaljeret, Aarhus, Aug. 2023.xlsx",1.500893682588598,T-shirt
03885 T-Shirt Lysblå Lady K/Æ P/B,Alm.slid uden restværdi,1,1943,120,30155C97D461A7C000E90631,"PLC, Product detaljeret, Aarhus, Aug. 2023.xlsx",1.8799794132784355,T-shirt
03885 T-Shirt Lysblå Lady K/Æ P/B,Alm.slid uden restværdi,1,1938,7,30155C97D461A7C000CDD7F9,"PLC, Product detaljeret, Aarhus, Aug. 2023.xlsx",0.1099484004127967,T-shirt
01589 T-shirt unisex mblå k/æ,Alm.slid uden restværdi,1,1933,79,30155C97D461A7C00110D22D,"PLC, Product detaljeret, Aarhus, Aug. 2023.xlsx",1.2440558717020176,T-shirt
03885 T-Shirt Lysblå Lady K/Æ P/B,Alm.slid uden restværdi,1,1926,41,30155C97D461A7C000E8F75A,"PLC, Product detaljeret, Aarhus, Aug. 2023.xlsx",0.6479958463136033,T-shirt
03885 T-Shirt Lysblå Lady K/Æ P/B,Alm.slid uden restværdi,1,1925,103,30155C97D461A7C000E0DCE4,"PLC, Product detaljeret, Aarhus, Aug. 2023.xlsx",1.6287376623376624,T-shirt
03885 T-Shirt Lysblå Lady K/Æ P/B,Alm.slid uden restværdi,1,1920,52,30155C97D461A7C000E90100,"PLC, Product detaljeret, Aarhus, Aug. 2023.xlsx",0.8244166666666667,T-shirt
03885 T-Shirt Lysblå Lady K/Æ P/B,Alm.slid uden restværdi,1,1919,131,30155C97D461A7C00103BBD7,"PLC, Product detaljeret, Aarhus, Aug. 2023.xlsx",2.077978113600834,T-shirt
03885 T-Shirt Lysblå Lady K/Æ P/B,Alm.slid uden restværdi,1,1902,85,00D0098A9649,"PLC, Product detaljeret, Aarhus, Aug. 2023.xlsx",1.3603575184016825,T-shirt
03885 T-Shirt Lysblå Lady K/Æ P/B,Alm.slid uden restværdi,1,1895,72,30155C97D461A7C00103AE9B,"PLC, Product detaljeret, Aarhus, Aug. 2023.xlsx",1.1565593667546175,T-shirt
03885 T-Shirt Lysblå Lady K/Æ P/B,Alm.slid uden restværdi,1,1890,128,30155C97D461A7C000DF214A,"PLC, Product detaljeret, Aarhus, Aug. 2023.xlsx",2.0615449735449736,T-shirt
03885 T-Shirt Lysblå Lady K/Æ P/B,Alm.slid uden restværdi,1,1885,123,30155C97D461A7C00103BD3D,"PLC, Product detaljeret, Aarhus, Aug. 2023.xlsx",1.9862705570291779,T-shirt
03885 T-Shirt Lysblå Lady K/Æ P/B,Alm.slid uden restværdi,1,1884,114,30155C97D461A7C00103BB6F,"PLC, Product detaljeret, Aarhus, Aug. 2023.xlsx",1.841910828025478,T-shirt
03885 T-Shirt Lysblå Lady K/Æ P/B,Alm.slid uden restværdi,1,1881,115,30155C97D461A7C000E8F834,"PLC, Product detaljeret, Aarhus, Aug. 2023.xlsx",1.8610313662945244,T-shirt
01589 T-shirt unisex mblå k/æ,Alm.slid uden restværdi,1,1862,27,30155C97D461A7C00111ED19,"PLC, Product detaljeret, Aarhus, Aug. 2023.xlsx",0.4413963480128894,T-shirt
03885 T-Shirt Lysblå Lady K/Æ P/B,Alm.slid uden restværdi,1,1848,8,30155C97D461A7C000E0D7E5,"PLC, Product detaljeret, Aarhus, Aug. 2023.xlsx",0.13177489177489177,T-shirt
13658 T-shirt dame lyseblå Prowear,Alm.slid uden restværdi,1,1835,61,300ED89F33500060009D7A16,"PLC, Product detaljeret, Aarhus, Aug. 2023.xlsx",1.0119019073569482,T-shirt
01589 T-shirt unisex mblå k/æ,Alm.slid uden restværdi,1,1825,64,30155C97D461A7C001186A9A,"PLC, Product detaljeret, Aarhus, Aug. 2023.xlsx",1.0674849315068493,T-shirt
01589 T-shirt unisex mblå k/æ,Alm.slid uden restværdi,1,1811,73,30155C97D461A7C001568604,"PLC, Product detaljeret, Aarhus, Aug. 2023.xlsx",1.2270127001656543,T-shirt
01589 T-shirt unisex mblå k/æ,Alm.slid uden restværdi,1,1811,103,30155C97D461A7C001568637,"PLC, Product detaljeret, Aarhus, Aug. 2023.xlsx",1.7312644947542795,T-shirt
01589 T-shirt unisex mblå k/æ,Alm.slid uden restværdi,1,1811,87,30155C97D461A7C0015686D4,"PLC, Product detaljeret, Aarhus, Aug. 2023.xlsx",1.4623302043070128,T-shirt
01589 T-shirt unisex mblå k/æ,Alm.slid uden restværdi,1,1793,56,300ED89F33500060009D800B,"PLC, Product detaljeret, Aarhus, Aug. 2023.xlsx",0.9507194645844953,T-shirt
01717 T-shirt unisex kblå pb,Alm.slid uden restværdi,1,1788,23,30155C97D461A7C0013C7D0E,"PLC, Product detaljeret, Aarhus, Aug. 2023.xlsx",0.3915659955257271,T-shirt
03885 T-Shirt Lysblå Lady K/Æ P/B,Alm.slid uden restværdi,1,1774,4,30155C97D461A7C00102F97D,"PLC, Product detaljeret, Aarhus, Aug. 2023.xlsx",0.0686358511837655,T-shirt
03885 T-Shirt Lysblå Lady K/Æ P/B,Alm.slid uden restværdi,1,1765,127,30155C97D461A7C000E90203,"PLC, Product detaljeret, Aarhus, Aug. 2023.xlsx",2.190300283286119,T-shirt
03885 T-Shirt Lysblå Lady K/Æ P/B,Alm.slid uden restværdi,1,1746,59,30155C97D461A7C000E02115,"PLC, Product detaljeret, Aarhus, Aug. 2023.xlsx",1.0286139747995418,T-shirt
09610 T-Shirt Lady Lysblå Bom,Alm.slid uden restværdi,1,1730,59,30155C97D461A7C00166784F,"PLC, Product detaljeret, Aarhus, Aug. 2023.xlsx",1.0381271676300579,T-shirt
01427 T-shirt unisex lyseblå pb,Alm.slid uden restværdi,1,1719,6,30155C97D461A7C000F0A590,"PLC, Product detaljeret, Aarhus, Aug. 2023.xlsx",0.1062478184991274,T-shirt
01427 T-shirt unisex lyseblå pb,Alm.slid uden restværdi,1,1713,112,30155C97D461A7C00116DC8D,"PLC, Product detaljeret, Aarhus, Aug. 2023.xlsx",1.990239346176299,T-shirt
01427 T-shirt unisex lyseblå pb,Alm.slid uden restværdi,1,1713,92,30155C97D461A7C0013FA74F,"PLC, Product detaljeret, Aarhus, Aug. 2023.xlsx",1.6348394629305314,T-shirt
01589 T-shirt unisex mblå k/æ,Alm.slid uden restværdi,1,1712,40,30155C97D461A7C0016677F4,"PLC, Product detaljeret, Aarhus, Aug. 2023.xlsx",0.711214953271028,T-shirt
01589 T-shirt unisex mblå k/æ,Alm.slid uden restværdi,1,1672,85,30155C97D461A7C001CBF4A4,"PLC, Product detaljeret, Aarhus, Aug. 2023.xlsx",1.547488038277512,T-shirt
03885 T-Shirt Lysblå Lady K/Æ P/B,Alm.slid uden restværdi,1,1653,8,30155C97D461A7C0010379EA,"PLC, Product detaljeret, Aarhus, Aug. 2023.xlsx",0.14732002419842713,T-shirt
01589 T-shirt unisex mblå k/æ,Alm.slid uden restværdi,1,1604,80,30155C97D461A7C001CC2346,"PLC, Product detaljeret, Aarhus, Aug. 2023.xlsx",1.518204488778055,T-shirt
03885 T-Shirt Lysblå Lady K/Æ P/B,Alm.slid uden restværdi,1,1593,15,30155C97D461A7C00102F8B1,"PLC, Product detaljeret, Aarhus, Aug. 2023.xlsx",0.28662900188323914,T-shirt
01717 T-shirt unisex kblå pb,Alm.slid uden restværdi,1,1586,83,30155C97D461A7C001566F5A,"PLC, Product detaljeret, Aarhus, Aug. 2023.xlsx",1.5930138713745272,T-shirt
01589 T-shirt unisex mblå k/æ,Alm.slid uden restværdi,1,1577,107,30155C97D461A7C001D4F589,"PLC, Product detaljeret, Aarhus, Aug. 2023.xlsx",2.0653646163601778,T-shirt
01589 T-shirt unisex mblå k/æ,Alm.slid uden restværdi,1,1554,29,30155C97D461A7C0000D6A98,"PLC, Product detaljeret, Aarhus, Aug. 2023.xlsx",0.568056628056628,T-shirt
01589 T-shirt unisex mblå k/æ,Alm.slid uden restværdi,1,1533,111,30155C97D461A7C00203AE32,"PLC, Product detaljeret, Aarhus, Aug. 2023.xlsx",2.204070450097847,T-shirt
03885 T-Shirt Lysblå Lady K/Æ P/B,Alm.slid uden restværdi,1,1528,21,30155C97D461A7C001036DF9,"PLC, Product detaljeret, Aarhus, Aug. 2023.xlsx",0.41835078534031417,T-shirt
01589 T-shirt unisex mblå k/æ,Alm.slid uden restværdi,1,1518,94,30155C97D461A7C002124743,"PLC, Product detaljeret, Aarhus, Aug. 2023.xlsx",1.8849538866930171,T-shirt
03885 T-Shirt Lysblå Lady K/Æ P/B,Alm.slid uden restværdi,1,1517,25,30155C97D461A7C000DF2860,"PLC, Product detaljeret, Aarhus, Aug. 2023.xlsx",0.5016479894528675,T-shirt
03885 T-Shirt Lysblå Lady K/Æ P/B,Alm.slid uden restværdi,1,1505,23,30155C97D461A7C001037936,"PLC, Product detaljeret, Aarhus, Aug. 2023.xlsx",0.4651960132890366,T-shirt
03885 T-Shirt Lysblå Lady K/Æ P/B,Alm.slid uden restværdi,1,1504,39,30155C97D461A7C000E922F7,"PLC, Product detaljeret, Aarhus, Aug. 2023.xlsx",0.7893351063829788,T-shirt
03885 T-Shirt Lysblå Lady K/Æ P/B,Alm.slid uden restværdi,1,1471,84,30155C97D461A7C001330BEF,"PLC, Product detaljeret, Aarhus, Aug. 2023.xlsx",1.7382460910944935,T-shirt
03885 T-Shirt Lysblå Lady K/Æ P/B,Alm.slid uden restværdi,1,1461,2,30155C97D461A7C0010379EF,"PLC, Product detaljeret, Aarhus, Aug. 2023.xlsx",0.04167008898015058,T-shirt
26498 T-shirt L/Æ kongeblå P/B,Alm.slid uden restværdi,1,1461,31,30155C97D461A7C0021114E2,"PLC, Product detaljeret, Aarhus, Aug. 2023.xlsx",0.645886379192334,T-shirt
01589 T-shirt unisex mblå k/æ,Alm.slid uden restværdi,1,1423,90,30155C97D461A7C0020EE52A,"PLC, Product detaljeret, Aarhus, Aug. 2023.xlsx",1.9252283907238228,T-shirt
01589 T-shirt unisex mblå k/æ,Alm.slid uden restværdi,1,1404,44,30155C97D461A7C00203E77F,"PLC, Product detaljeret, Aarhus, Aug. 2023.xlsx",0.953960113960114,T-shirt
03885 T-Shirt Lysblå Lady K/Æ P/B,Alm.slid uden restværdi,1,1404,22,30155C97D461A7C000DF2153,"PLC, Product detaljeret, Aarhus, Aug. 2023.xlsx",0.476980056980057,T-shirt
03885 T-Shirt Lysblå Lady K/Æ P/B,Alm.slid uden restværdi,1,1398,34,30155C97D461A7C001330A26,"PLC, Product detaljeret, Aarhus, Aug. 2023.xlsx",0.7403147353361946,T-shirt
01589 T-shirt unisex mblå k/æ,Alm.slid uden restværdi,1,1391,12,30155C97D461A7C001EA8D18,"PLC, Product detaljeret, Aarhus, Aug. 2023.xlsx",0.26260244428468726,T-shirt
01589 T-shirt unisex mblå k/æ,Alm.slid uden restværdi,1,1391,15,30155C97D461A7C001EA8D20,"PLC, Product detaljeret, Aarhus, Aug. 2023.xlsx",0.32825305535585914,T-shirt
01589 T-shirt unisex mblå k/æ,Alm.slid uden restværdi,1,1391,40,30155C97D461A7C001EA8D33,"PLC, Product detaljeret, Aarhus, Aug. 2023.xlsx",0.8753414809489576,T-shirt
01589 T-shirt unisex mblå k/æ,Alm.slid uden restværdi,1,1391,19,30155C97D461A7C001EA8D3E,"PLC, Product detaljeret, Aarhus, Aug. 2023.xlsx",0.41578720345075487,T-shirt
01589 T-shirt unisex mblå k/æ,Alm.slid uden restværdi,1,1391,34,30155C97D461A7C001EA8D96,"PLC, Product detaljeret, Aarhus, Aug. 2023.xlsx",0.744040258806614,T-shirt
01589 T-shirt unisex mblå k/æ,Alm.slid uden restværdi,1,1391,18,30155C97D461A7C001EA8DF3,"PLC, Product detaljeret, Aarhus, Aug. 2023.xlsx",0.39390366642703095,T-shirt
03885 T-Shirt Lysblå Lady K/Æ P/B,Alm.slid uden restværdi,1,1382,44,30155C97D461A7C0007D1E32,"PLC, Product detaljeret, Aarhus, Aug. 2023.xlsx",0.9691461649782923,T-shirt
01589 T-shirt unisex mblå k/æ,Alm.slid uden restværdi,1,1356,51,30155C97D461A7C0022A178F,"PLC, Product detaljeret, Aarhus, Aug. 2023.xlsx",1.1448672566371683,T-shirt
26056 T-shirt k/æ dame lyseblå,Alm.slid uden restværdi,1,1348,54,30155C97D461A7C001FC55FD,"PLC, Product detaljeret, Aarhus, Aug. 2023.xlsx",1.2194065281899111,T-shirt
26056 T-shirt k/æ dame lyseblå,Alm.slid uden restværdi,1,1348,53,30155C97D461A7C001FC5647,"PLC, Product detaljeret, Aarhus, Aug. 2023.xlsx",1.1968249258160237,T-shirt
26056 T-shirt k/æ dame lyseblå,Alm.slid uden restværdi,1,1338,38,30155C97D461A7C001FC576B,"PLC, Product detaljeret, Aarhus, Aug. 2023.xlsx",0.8645142002989537,T-shirt
26057 T-shirt k/æ uni lyseblå,Alm.slid uden restværdi,1,1318,105,30155C97D461A7C00214BE2C,"PLC, Product detaljeret, Aarhus, Aug. 2023.xlsx",2.425037936267071,T-shirt
26057 T-shirt k/æ uni lyseblå,Alm.slid uden restværdi,1,1307,98,30155C97D461A7C00214BDB3,"PLC, Product detaljeret, Aarhus, Aug. 2023.xlsx",2.2824177505738334,T-shirt
26057 T-shirt k/æ uni lyseblå,Alm.slid uden restværdi,1,1307,83,30155C97D461A7C00214BE32,"PLC, Product detaljeret, Aarhus, Aug. 2023.xlsx",1.9330680948737566,T-shirt
26056 T-shirt k/æ dame lyseblå,Alm.slid uden restværdi,1,1297,91,30155C97D461A7C0005C4708,"PLC, Product detaljeret, Aarhus, Aug. 2023.xlsx",2.135728604471858,T-shirt
01589 T-shirt unisex mblå k/æ,Alm.slid uden restværdi,1,1287,117,30155C97D461A7C002676DDF,"PLC, Product detaljeret, Aarhus, Aug. 2023.xlsx",2.7672727272727276,T-shirt
24593 T-shirt You dame Kornblå,Alm.slid uden restværdi,1,1272,57,30155C97D461A7C002316957,"PLC, Product detaljeret, Aarhus, Aug. 2023.xlsx",1.3640566037735848,T-shirt
01589 T-shirt unisex mblå k/æ,Alm.slid uden restværdi,1,1271,72,30155C97D461A7C002290122,"PLC, Product detaljeret, Aarhus, Aug. 2023.xlsx",1.7243745082612116,T-shirt
12151 T-shirt 1/2 æ lady lblå PB,Alm.slid uden restværdi,1,1269,12,30155C97D461A7C001F5BC30,"PLC, Product detaljeret, Aarhus, Aug. 2023.xlsx",0.2878486997635934,T-shirt
12151 T-shirt 1/2 æ lady lblå PB,Alm.slid uden restværdi,1,1269,10,30155C97D461A7C001F5C2EC,"PLC, Product detaljeret, Aarhus, Aug. 2023.xlsx",0.23987391646966114,T-shirt
12151 T-shirt 1/2 æ lady lblå PB,Alm.slid uden restværdi,1,1269,10,30155C97D461A7C00223D7BC,"PLC, Product detaljeret, Aarhus, Aug. 2023.xlsx",0.23987391646966114,T-shirt
24597 T-shirt You unisex Kornblå,Alm.slid uden restværdi,1,1260,64,30155C97D461A7C002317510,"PLC, Product detaljeret, Aarhus, Aug. 2023.xlsx",1.5461587301587303,T-shirt
12151 T-shirt 1/2 æ lady lblå PB,Alm.slid uden restværdi,1,1255,48,30155C97D461A7C000E8C791,"PLC, Product detaljeret, Aarhus, Aug. 2023.xlsx",1.1642390438247012,T-shirt
24762 T-shirt da k/æ blåmela Pro,Alm.slid uden restværdi,1,1245,20,30155C97D461A7C002293E0C,"PLC, Product detaljeret, Aarhus, Aug. 2023.xlsx",0.48899598393574295,T-shirt
24593 T-shirt You dame Kornblå,Alm.slid uden restværdi,1,1239,35,30155C97D461A7C0022F9995,"PLC, Product detaljeret, Aarhus, Aug. 2023.xlsx",0.8598870056497175,T-shirt
24762 T-shirt da k/æ blåmela Pro,Alm.slid uden restværdi,1,1236,44,30155C97D461A7C001FC2695,"PLC, Product detaljeret, Aarhus, Aug. 2023.xlsx",1.0836245954692558,T-shirt
24762 T-shirt da k/æ blåmela Pro,Alm.slid uden restværdi,1,1236,45,30155C97D461A7C0022873CA,"PLC, Product detaljeret, Aarhus, Aug. 2023.xlsx",1.108252427184466,T-shirt
01589 T-shirt unisex mblå k/æ,Alm.slid uden restværdi,1,1235,53,30155C97D461A7C00216F68E,"PLC, Product detaljeret, Aarhus, Aug. 2023.xlsx",1.306331983805668,T-shirt
24762 T-shirt da k/æ blåmela Pro,Alm.slid uden restværdi,1,1234,39,30155C97D461A7C001F40083,"PLC, Product detaljeret, Aarhus, Aug. 2023.xlsx",0.9620421393841166,T-shirt
12151 T-shirt 1/2 æ lady lblå PB,Alm.slid uden restværdi,1,1233,14,30155C97D461A7C0008D93F4,"PLC, Product detaljeret, Aarhus, Aug. 2023.xlsx",0.3456285482562855,T-shirt
24762 T-shirt da k/æ blåmela Pro,Alm.slid uden restværdi,1,1232,12,30155C97D461A7C002294B9F,"PLC, Product detaljeret, Aarhus, Aug. 2023.xlsx",0.2964935064935065,T-shirt
12151 T-shirt 1/2 æ lady lblå PB,Alm.slid uden restværdi,1,1221,34,30155C97D461A7C001F5C395,"PLC, Product detaljeret, Aarhus, Aug. 2023.xlsx",0.8476330876330878,T-shirt
25055 T-shirt uni k/æ blåmelan Pro,Alm.slid uden restværdi,1,1217,78,30155C97D461A7C0023C369E,"PLC, Product detaljeret, Aarhus, Aug. 2023.xlsx",1.950961380443714,T-shirt
24762 T-shirt da k/æ blåmela Pro,Alm.slid uden restværdi,1,1216,5,30155C97D461A7C002293DFC,"PLC, Product detaljeret, Aarhus, Aug. 2023.xlsx",0.12516447368421052,T-shirt
01589 T-shirt unisex mblå k/æ,Alm.slid uden restværdi,1,1209,70,30155C97D461A7C0023BEC25,"PLC, Product detaljeret, Aarhus, Aug. 2023.xlsx",1.7624483043837882,T-shirt
24593 T-shirt You dame Kornblå,Alm.slid uden restværdi,1,1198,13,30155C97D461A7C0023166F3,"PLC, Product detaljeret, Aarhus, Aug. 2023.xlsx",0.3303171953255426,T-shirt
24593 T-shirt You dame Kornblå,Alm.slid uden restværdi,1,1198,20,30155C97D461A7C0023166F6,"PLC, Product detaljeret, Aarhus, Aug. 2023.xlsx",0.5081803005008347,T-shirt
24593 T-shirt You dame Kornblå,Alm.slid uden restværdi,1,1198,28,30155C97D461A7C002316737,"PLC, Product detaljeret, Aarhus, Aug. 2023.xlsx",0.7114524207011687,T-shirt
24593 T-shirt You dame Kornblå,Alm.slid uden restværdi,1,1197,29,30155C97D461A7C002316712,"PLC, Product detaljeret, Aarhus, Aug. 2023.xlsx",0.7374770258980785,T-shirt
01589 T-shirt unisex mblå k/æ,Alm.slid uden restværdi,1,1195,60,30155C97D461A7C002949660,"PLC, Product detaljeret, Aarhus, Aug. 2023.xlsx",1.52836820083682,T-shirt
01589 T-shirt unisex mblå k/æ,Alm.slid uden restværdi,1,1163,55,30155C97D461A7C002952043,"PLC, Product detaljeret, Aarhus, Aug. 2023.xlsx",1.4395528804815132,T-shirt
24593 T-shirt You dame Kornblå,Alm.slid uden restværdi,1,1149,35,30155C97D461A7C0022FAA03,"PLC, Product detaljeret, Aarhus, Aug. 2023.xlsx",0.9272410791993038,T-shirt
01589 T-shirt unisex mblå k/æ,Alm.slid uden restværdi,1,1143,37,30155C97D461A7C00294BD6C,"PLC, Product detaljeret, Aarhus, Aug. 2023.xlsx",0.9853718285214349,T-shirt
01589 T-shirt unisex mblå k/æ,Alm.slid uden restværdi,1,1143,39,30155C97D461A7C00294D48F,"PLC, Product detaljeret, Aarhus, Aug. 2023.xlsx",1.0386351706036745,T-shirt
01589 T-shirt unisex mblå k/æ,Alm.slid uden restværdi,1,1143,35,30155C97D461A7C00294D568,"PLC, Product detaljeret, Aarhus, Aug. 2023.xlsx",0.9321084864391952,T-shirt
01589 T-shirt unisex mblå k/æ,Alm.slid uden restværdi,1,1143,37,30155C97D461A7C00294D56A,"PLC, Product detaljeret, Aarhus, Aug. 2023.xlsx",0.9853718285214349,T-shirt
01589 T-shirt unisex mblå k/æ,Alm.slid uden restværdi,1,1143,33,30155C97D461A7C00294D64A,"PLC, Product detaljeret, Aarhus, Aug. 2023.xlsx",0.8788451443569554,T-shirt
01589 T-shirt unisex mblå k/æ,Alm.slid uden restværdi,1,1143,39,30155C97D461A7C00294D66A,"PLC, Product detaljeret, Aarhus, Aug. 2023.xlsx",1.0386351706036745,T-shirt
24762 T-shirt da k/æ blåmela Pro,Alm.slid uden restværdi,1,1135,40,30155C97D461A7C0029522AA,"PLC, Product detaljeret, Aarhus, Aug. 2023.xlsx",1.072775330396476,T-shirt
24762 T-shirt da k/æ blåmela Pro,Alm.slid uden restværdi,1,1134,3,30155C97D461A7C002442C5B,"PLC, Product detaljeret, Aarhus, Aug. 2023.xlsx",0.08052910052910053,T-shirt
01589 T-shirt unisex mblå k/æ,Alm.slid uden restværdi,1,1117,77,30155C97D461A7C002766EC9,"PLC, Product detaljeret, Aarhus, Aug. 2023.xlsx",2.098370635631155,T-shirt
01589 T-shirt unisex mblå k/æ,Alm.slid uden restværdi,1,1114,25,30155C97D461A7C0010D23DB,"PLC, Product detaljeret, Aarhus, Aug. 2023.xlsx",0.6831238779174148,T-shirt
24593 T-shirt You dame Kornblå,Alm.slid uden restværdi,1,1114,48,30155C97D461A7C0023167B7,"PLC, Product detaljeret, Aarhus, Aug. 2023.xlsx",1.3115978456014363,T-shirt
13658 T-shirt dame lyseblå Prowear,Alm.slid uden restværdi,1,1109,44,30155C97D461A7C00294CAFA,"PLC, Product detaljeret, Aarhus, Aug. 2023.xlsx",1.2077186654643823,T-shirt
13658 T-shirt dame lyseblå Prowear,Alm.slid uden restværdi,1,1108,64,30155C97D461A7C00294DA6C,"PLC, Product detaljeret, Aarhus, Aug. 2023.xlsx",1.7582671480144405,T-shirt
01589 T-shirt unisex mblå k/æ,Alm.slid uden restværdi,1,1106,72,300ED89F33500060009D83B9,"PLC, Product detaljeret, Aarhus, Aug. 2023.xlsx",1.9816274864376133,T-shirt
26056 T-shirt k/æ dame lyseblå,Alm.slid uden restværdi,1,1084,81,30155C97D461A7C00214BDC6,"PLC, Product detaljeret, Aarhus, Aug. 2023.xlsx",2.2745756457564577,T-shirt
25055 T-shirt uni k/æ blåmelan Pro,Alm.slid uden restværdi,1,1080,78,30155C97D461A7C002299898,"PLC, Product detaljeret, Aarhus, Aug. 2023.xlsx",2.198444444444444,T-shirt
01589 T-shirt unisex mblå k/æ,Alm.slid uden restværdi,1,1076,52,30155C97D461A7C002913C70,"PLC, Product detaljeret, Aarhus, Aug. 2023.xlsx",1.4710780669144983,T-shirt
26056 T-shirt k/æ dame lyseblå,Alm.slid uden restværdi,1,1072,33,30155C97D461A7C001EF717E,"PLC, Product detaljeret, Aarhus, Aug. 2023.xlsx",0.9370522388059701,T-shirt
26056 T-shirt k/æ dame lyseblå,Alm.slid uden restværdi,1,1071,64,30155C97D461A7C001D00E90,"PLC, Product detaljeret, Aarhus, Aug. 2023.xlsx",1.819010270774977,T-shirt
24593 T-shirt You dame Kornblå,Alm.slid uden restværdi,1,1059,51,30155C97D461A7C0023167A9,"PLC, Product detaljeret, Aarhus, Aug. 2023.xlsx",1.4659490084985836,T-shirt
26056 T-shirt k/æ dame lyseblå,Alm.slid uden restværdi,1,1058,51,30155C97D461A7C00214BD9E,"PLC, Product detaljeret, Aarhus, Aug. 2023.xlsx",1.467334593572779,T-shirt
01589 T-shirt unisex mblå k/æ,Alm.slid uden restværdi,1,1051,21,30155C97D461A7C002913CDC,"PLC, Product detaljeret, Aarhus, Aug. 2023.xlsx",0.6082207421503331,T-shirt
13658 T-shirt dame lyseblå Prowear,Alm.slid uden restværdi,1,1038,18,30155C97D461A7C00294DC52,"PLC, Product detaljeret, Aarhus, Aug. 2023.xlsx",0.5278612716763006,T-shirt
08398 T-shirt unisex mblå k/æ bom,Alm.slid uden restværdi,1,1031,65,30155C97D461A7C00230178A,"PLC, Product detaljeret, Aarhus, Aug. 2023.xlsx",1.9191076624636276,T-shirt
01589 T-shirt unisex mblå k/æ,Alm.slid uden restværdi,1,1026,41,30155C97D461A6C0000E7924,"PLC, Product detaljeret, Aarhus, Aug. 2023.xlsx",1.2164132553606237,T-shirt
01589 T-shirt unisex mblå k/æ,Alm.slid uden restværdi,1,1026,44,30155C97D461A6C0000E7984,"PLC, Product detaljeret, Aarhus, Aug. 2023.xlsx",1.30541910331384,T-shirt
01589 T-shirt unisex mblå k/æ,Alm.slid uden restværdi,1,1026,48,30155C97D461A6C0000E79F9,"PLC, Product detaljeret, Aarhus, Aug. 2023.xlsx",1.424093567251462,T-shirt
01589 T-shirt unisex mblå k/æ,Alm.slid uden restværdi,1,1026,84,30155C97D461A6C0000E7B00,"PLC, Product detaljeret, Aarhus, Aug. 2023.xlsx",2.4921637426900585,T-shirt
01589 T-shirt unisex mblå k/æ,Alm.slid uden restværdi,1,1020,43,30155C97D461A7C002913CDE,"PLC, Product detaljeret, Aarhus, Aug. 2023.xlsx",1.2832549019607844,T-shirt
01589 T-shirt unisex mblå k/æ,Alm.slid uden restværdi,1,1002,65,30155C97D461A6C000173603,"PLC, Product detaljeret, Aarhus, Aug. 2023.xlsx",1.9746506986027943,T-shirt
13658 T-shirt dame lyseblå Prowear,Alm.slid uden restværdi,1,998,42,30155C97D461A6C00035AF0C,"PLC, Product detaljeret, Aarhus, Aug. 2023.xlsx",1.2810420841683368,T-shirt
13658 T-shirt dame lyseblå Prowear,Alm.slid uden restværdi,1,998,50,30155C97D461A6C00035AF29,"PLC, Product detaljeret, Aarhus, Aug. 2023.xlsx",1.5250501002004009,T-shirt
13658 T-shirt dame lyseblå Prowear,Alm.slid uden restværdi,1,997,50,30155C97D461A6C00035B001,"PLC, Product detaljeret, Aarhus, Aug. 2023.xlsx",1.526579739217653,T-shirt
13658 T-shirt dame lyseblå Prowear,Alm.slid uden restværdi,1,997,35,30155C97D461A6C00035B019,"PLC, Product detaljeret, Aarhus, Aug. 2023.xlsx",1.0686058174523572,T-shirt
01589 T-shirt unisex mblå k/æ,Alm.slid uden restværdi,1,988,29,30155C97D461A6C000172458,"PLC, Product detaljeret, Aarhus, Aug. 2023.xlsx",0.8934817813765182,T-shirt
13658 T-shirt dame lyseblå Prowear,Alm.slid uden restværdi,1,980,36,30155C97D461A6C00014177F,"PLC, Product detaljeret, Aarhus, Aug. 2023.xlsx",1.1182040816326533,T-shirt
03885 T-Shirt Lysblå Lady K/Æ P/B,Alm.slid uden restværdi,1,958,67,30155C97D461A7C001BE40F9,"PLC, Product detaljeret, Aarhus, Aug. 2023.xlsx",2.128893528183716,T-shirt
01589 T-shirt unisex mblå k/æ,Alm.slid uden restværdi,1,956,45,30155C97D461A6C00016F30C,"PLC, Product detaljeret, Aarhus, Aug. 2023.xlsx",1.4328451882845188,T-shirt
01589 T-shirt unisex mblå k/æ,Alm.slid uden restværdi,1,956,50,30155C97D461A6C00016F4F4,"PLC, Product detaljeret, Aarhus, Aug. 2023.xlsx",1.5920502092050208,T-shirt
01589 T-shirt unisex mblå k/æ,Alm.slid uden restværdi,1,956,44,30155C97D461A6C00017250C,"PLC, Product detaljeret, Aarhus, Aug. 2023.xlsx",1.4010041841004186,T-shirt
13658 T-shirt dame lyseblå Prowear,Alm.slid uden restværdi,1,944,36,30155C97D461A7C0023CA672,"PLC, Product detaljeret, Aarhus, Aug. 2023.xlsx",1.1608474576271188,T-shirt
24597 T-shirt You unisex Kornblå,Alm.slid uden restværdi,1,943,7,30155C97D461A7C002316933,"PLC, Product detaljeret, Aarhus, Aug. 2023.xlsx",0.22595970307529165,T-shirt
01589 T-shirt unisex mblå k/æ,Alm.slid uden restværdi,1,937,48,30155C97D461A7C002914034,"PLC, Product detaljeret, Aarhus, Aug. 2023.xlsx",1.559359658484525,T-shirt
01589 T-shirt unisex mblå k/æ,Alm.slid uden restværdi,1,937,71,30155C97D461A7C00291405E,"PLC, Product detaljeret, Aarhus, Aug. 2023.xlsx",2.3065528281750267,T-shirt
01589 T-shirt unisex mblå k/æ,Alm.slid uden restværdi,1,937,57,30155C97D461A7C00291406E,"PLC, Product detaljeret, Aarhus, Aug. 2023.xlsx",1.8517395944503736,T-shirt
01589 T-shirt unisex mblå k/æ,Alm.slid uden restværdi,1,937,54,30155C97D461A7C0029140DB,"PLC, Product detaljeret, Aarhus, Aug. 2023.xlsx",1.7542796157950908,T-shirt
01589 T-shirt unisex mblå k/æ,Alm.slid uden restværdi,1,937,61,30155C97D461A7C00291411B,"PLC, Product detaljeret, Aarhus, Aug. 2023.xlsx",1.9816862326574174,T-shirt
01589 T-shirt unisex mblå k/æ,Alm.slid uden restværdi,1,930,43,30155C97D461A6C000306F36,"PLC, Product detaljeret, Aarhus, Aug. 2023.xlsx",1.4074408602150537,T-shirt
01589 T-shirt unisex mblå k/æ,Alm.slid uden restværdi,1,929,42,30155C97D461A6C000306E88,"PLC, Product detaljeret, Aarhus, Aug. 2023.xlsx",1.3761894510226051,T-shirt
26056 T-shirt k/æ dame lyseblå,Alm.slid uden restværdi,1,896,63,30155C97D461A7C00214BF21,"PLC, Product detaljeret, Aarhus, Aug. 2023.xlsx",2.1403125000000003,T-shirt
26056 T-shirt k/æ dame lyseblå,Alm.slid uden restværdi,1,887,51,30155C97D461A7C0022FA320,"PLC, Product detaljeret, Aarhus, Aug. 2023.xlsx",1.7502142051860203,T-shirt
03885 T-Shirt Lysblå Lady K/Æ P/B,Alm.slid uden restværdi,1,878,21,30155C97D461A7C0015B0920,"PLC, Product detaljeret, Aarhus, Aug. 2023.xlsx",0.7280637813211845,T-shirt
24762 T-shirt da k/æ blåmela Pro,Alm.slid uden restværdi,1,877,72,30155C97D461A6C0002CF24B,"PLC, Product detaljeret, Aarhus, Aug. 2023.xlsx",2.4990649942987457,T-shirt
24762 T-shirt da k/æ blåmela Pro,Alm.slid uden restværdi,1,877,64,30155C97D461A6C0002CF2D5,"PLC, Product detaljeret, Aarhus, Aug. 2023.xlsx",2.22139110604333,T-shirt
26056 T-shirt k/æ dame lyseblå,Alm.slid uden restværdi,1,877,67,30155C97D461A7C0022FA3A6,"PLC, Product detaljeret, Aarhus, Aug. 2023.xlsx",2.325518814139111,T-shirt
13658 T-shirt dame lyseblå Prowear,Alm.slid uden restværdi,1,870,32,30155C97D461A6C0003A7924,"PLC, Product detaljeret, Aarhus, Aug. 2023.xlsx",1.119632183908046,T-shirt
01589 T-shirt unisex mblå k/æ,Alm.slid uden restværdi,1,869,49,30155C97D461A6C0002FDF9F,"PLC, Product detaljeret, Aarhus, Aug. 2023.xlsx",1.7164096662830841,T-shirt
01589 T-shirt unisex mblå k/æ,Alm.slid uden restværdi,1,869,61,30155C97D461A6C0002FDFB4,"PLC, Product detaljeret, Aarhus, Aug. 2023.xlsx",2.136754890678941,T-shirt
01589 T-shirt unisex mblå k/æ,Alm.slid uden restværdi,1,868,16,30155C97D461A6C0008174FD,"PLC, Product detaljeret, Aarhus, Aug. 2023.xlsx",0.5611059907834102,T-shirt
26056 T-shirt k/æ dame lyseblå,Alm.slid uden restværdi,1,866,53,30155C97D461A7C0022FA2D0,"PLC, Product detaljeret, Aarhus, Aug. 2023.xlsx",1.8629561200923788,T-shirt
26056 T-shirt k/æ dame lyseblå,Alm.slid uden restværdi,1,866,54,30155C97D461A7C0022FA391,"PLC, Product detaljeret, Aarhus, Aug. 2023.xlsx",1.89810623556582,T-shirt
01589 T-shirt unisex mblå k/æ,Alm.slid uden restværdi,1,863,32,30155C97D461A7C002913DC2,"PLC, Product detaljeret, Aarhus, Aug. 2023.xlsx",1.1287137891077637,T-shirt
01589 T-shirt unisex mblå k/æ,Alm.slid uden restværdi,1,860,55,30155C97D461A6C000807E9E,"PLC, Product detaljeret, Aarhus, Aug. 2023.xlsx",1.9467441860465118,T-shirt
01589 T-shirt unisex mblå k/æ,Alm.slid uden restværdi,1,855,61,30155C97D461A6C000807EDD,"PLC, Product detaljeret, Aarhus, Aug. 2023.xlsx",2.1717426900584798,T-shirt
01589 T-shirt unisex mblå k/æ,Alm.slid uden restværdi,1,854,7,30155C97D461A6C0000FE7C4,"PLC, Product detaljeret, Aarhus, Aug. 2023.xlsx",0.2495081967213115,T-shirt
12151 T-shirt 1/2 æ lady lblå PB,Alm.slid uden restværdi,1,843,11,30155C97D461A7C00092DB08,"PLC, Product detaljeret, Aarhus, Aug. 2023.xlsx",0.39720047449584817,T-shirt
01589 T-shirt unisex mblå k/æ,Alm.slid uden restværdi,1,841,31,30155C97D461A6C000816C49,"PLC, Product detaljeret, Aarhus, Aug. 2023.xlsx",1.1220451843043995,T-shirt
13658 T-shirt dame lyseblå Prowear,Alm.slid uden restværdi,1,831,78,30155C97D461A6C00084070A,"PLC, Product detaljeret, Aarhus, Aug. 2023.xlsx",2.857184115523466,T-shirt
13658 T-shirt dame lyseblå Prowear,Alm.slid uden restværdi,1,830,28,30155C97D461A6C000817599,"PLC, Product detaljeret, Aarhus, Aug. 2023.xlsx",1.0268915662650604,T-shirt
01589 T-shirt unisex mblå k/æ,Alm.slid uden restværdi,1,820,51,30155C97D461A6C000B15500,"PLC, Product detaljeret, Aarhus, Aug. 2023.xlsx",1.893219512195122,T-shirt
01589 T-shirt unisex mblå k/æ,Alm.slid uden restværdi,1,816,33,30155C97D461A6C00039DE87,"PLC, Product detaljeret, Aarhus, Aug. 2023.xlsx",1.231029411764706,T-shirt
26056 T-shirt k/æ dame lyseblå,Alm.slid uden restværdi,1,815,36,30155C97D461A7C0005C464A,"PLC, Product detaljeret, Aarhus, Aug. 2023.xlsx",1.3445889570552148,T-shirt
01589 T-shirt unisex mblå k/æ,Alm.slid uden restværdi,1,811,42,30155C97D461A6C000B15534,"PLC, Product detaljeret, Aarhus, Aug. 2023.xlsx",1.5764241676942048,T-shirt
12151 T-shirt 1/2 æ lady lblå PB,Alm.slid uden restværdi,1,800,9,00D008FE800B,"PLC, Product detaljeret, Aarhus, Aug. 2023.xlsx",0.34245,T-shirt
12151 T-shirt 1/2 æ lady lblå PB,Alm.slid uden restværdi,1,799,7,00D008FE717B,"PLC, Product detaljeret, Aarhus, Aug. 2023.xlsx",0.2666833541927409,T-shirt
26056 T-shirt k/æ dame lyseblå,Alm.slid uden restværdi,1,793,31,30155C97D461A7C00219DE4B,"PLC, Product detaljeret, Aarhus, Aug. 2023.xlsx",1.1899621689785624,T-shirt
26056 T-shirt k/æ dame lyseblå,Alm.slid uden restværdi,1,774,29,30155C97D461A7C001489710,"PLC, Product detaljeret, Aarhus, Aug. 2023.xlsx",1.1405167958656333,T-shirt
26056 T-shirt k/æ dame lyseblå,Alm.slid uden restværdi,1,773,48,30155C97D461A6C000839FE5,"PLC, Product detaljeret, Aarhus, Aug. 2023.xlsx",1.8901940491591205,T-shirt
01589 T-shirt unisex mblå k/æ,Alm.slid uden restværdi,1,772,7,30155C97D461A6C000B16999,"PLC, Product detaljeret, Aarhus, Aug. 2023.xlsx",0.2760103626943005,T-shirt
01589 T-shirt unisex mblå k/æ,Alm.slid uden restværdi,1,771,11,30155C97D461A6C000B16951,"PLC, Product detaljeret, Aarhus, Aug. 2023.xlsx",0.43429312581063556,T-shirt
01589 T-shirt unisex mblå k/æ,Alm.slid uden restværdi,1,771,11,30155C97D461A6C000B1698A,"PLC, Product detaljeret, Aarhus, Aug. 2023.xlsx",0.43429312581063556,T-shirt
01589 T-shirt unisex mblå k/æ,Alm.slid uden restværdi,1,771,12,30155C97D461A6C000B169B0,"PLC, Product detaljeret, Aarhus, Aug. 2023.xlsx",0.47377431906614786,T-shirt
01589 T-shirt unisex mblå k/æ,Alm.slid uden restværdi,1,770,11,30155C97D461A6C000B16928,"PLC, Product detaljeret, Aarhus, Aug. 2023.xlsx",0.4348571428571429,T-shirt
24593 T-shirt You dame Kornblå,Alm.slid uden restværdi,1,750,21,30155C97D461A7C00231730F,"PLC, Product detaljeret, Aarhus, Aug. 2023.xlsx",0.8523200000000001,T-shirt
13658 T-shirt dame lyseblå Prowear,Alm.slid uden restværdi,1,749,31,30155C97D461A6C000B09AC6,"PLC, Product detaljeret, Aarhus, Aug. 2023.xlsx",1.2598664886515354,T-shirt
26056 T-shirt k/æ dame lyseblå,Alm.slid uden restværdi,1,747,24,30155C97D461A7C0005C466E,"PLC, Product detaljeret, Aarhus, Aug. 2023.xlsx",0.9779919678714859,T-shirt
01427 T-shirt unisex lyseblå pb,Alm.slid uden restværdi,1,741,10,30155C97D461A6C0008D6C2C,"PLC, Product detaljeret, Aarhus, Aug. 2023.xlsx",0.4107962213225371,T-shirt
01427 T-shirt unisex lyseblå pb,Alm.slid uden restværdi,1,741,17,30155C97D461A6C0008D6C51,"PLC, Product detaljeret, Aarhus, Aug. 2023.xlsx",0.6983535762483132,T-shirt
13658 T-shirt dame lyseblå Prowear,Alm.slid uden restværdi,1,741,27,30155C97D461A6C000B12914,"PLC, Product detaljeret, Aarhus, Aug. 2023.xlsx",1.1091497975708502,T-shirt
13658 T-shirt dame lyseblå Prowear,Alm.slid uden restværdi,1,741,22,30155C97D461A6C000B129B1,"PLC, Product detaljeret, Aarhus, Aug. 2023.xlsx",0.9037516869095816,T-shirt
13658 T-shirt dame lyseblå Prowear,Alm.slid uden restværdi,1,740,23,30155C97D461A6C000B09A22,"PLC, Product detaljeret, Aarhus, Aug. 2023.xlsx",0.9461081081081082,T-shirt
13658 T-shirt dame lyseblå Prowear,Alm.slid uden restværdi,1,740,20,30155C97D461A6C000B12E24,"PLC, Product detaljeret, Aarhus, Aug. 2023.xlsx",0.8227027027027027,T-shirt
01589 T-shirt unisex mblå k/æ,Alm.slid uden restværdi,1,738,14,30155C97D461A6C000B087EC,"PLC, Product detaljeret, Aarhus, Aug. 2023.xlsx",0.5774525745257453,T-shirt
01427 T-shirt unisex lyseblå pb,Alm.slid uden restværdi,1,734,10,30155C97D461A6C0008D6BA9,"PLC, Product detaljeret, Aarhus, Aug. 2023.xlsx",0.4147138964577657,T-shirt
01589 T-shirt unisex mblå k/æ,Alm.slid uden restværdi,1,719,25,30155C97D461A6C000B9E9CB,"PLC, Product detaljeret, Aarhus, Aug. 2023.xlsx",1.0584144645340752,T-shirt
13658 T-shirt dame lyseblå Prowear,Alm.slid uden restværdi,1,716,25,30155C97D461A6C000B8541A,"PLC, Product detaljeret, Aarhus, Aug. 2023.xlsx",1.062849162011173,T-shirt
03885 T-Shirt Lysblå Lady K/Æ P/B,Alm.slid uden restværdi,1,713,5,30155C97D461A7C0007D12D0,"PLC, Product detaljeret, Aarhus, Aug. 2023.xlsx",0.21346423562412342,T-shirt
24593 T-shirt You dame Kornblå,Alm.slid uden restværdi,1,711,15,30155C97D461A7C002316796,"PLC, Product detaljeret, Aarhus, Aug. 2023.xlsx",0.6421940928270042,T-shirt
26056 T-shirt k/æ dame lyseblå,Alm.slid uden restværdi,1,711,22,30155C97D461A7C00219DD91,"PLC, Product detaljeret, Aarhus, Aug. 2023.xlsx",0.9418846694796063,T-shirt
01589 T-shirt unisex mblå k/æ,Alm.slid uden restværdi,1,709,22,30155C97D461A6C000B1FD33,"PLC, Product detaljeret, Aarhus, Aug. 2023.xlsx",0.9445416078984485,T-shirt
01589 T-shirt unisex mblå k/æ,Alm.slid uden restværdi,1,709,19,30155C97D461A6C000B20DC6,"PLC, Product detaljeret, Aarhus, Aug. 2023.xlsx",0.8157404795486601,T-shirt
01589 T-shirt unisex mblå k/æ,Alm.slid uden restværdi,1,709,20,30155C97D461A6C000B20E73,"PLC, Product detaljeret, Aarhus, Aug. 2023.xlsx",0.8586741889985896,T-shirt
01589 T-shirt unisex mblå k/æ,Alm.slid uden restværdi,1,709,16,30155C97D461A6C000B20EAB,"PLC, Product detaljeret, Aarhus, Aug. 2023.xlsx",0.6869393511988716,T-shirt
01427 T-shirt unisex lyseblå pb,Alm.slid uden restværdi,1,707,24,30155C97D461A6C000BA2BFD,"PLC, Product detaljeret, Aarhus, Aug. 2023.xlsx",1.0333239038189534,T-shirt
24593 T-shirt You dame Kornblå,Alm.slid uden restværdi,1,706,20,30155C97D461A7C0023166CB,"PLC, Product detaljeret, Aarhus, Aug. 2023.xlsx",0.8623229461756374,T-shirt
13658 T-shirt dame lyseblå Prowear,Alm.slid uden restværdi,1,688,16,30155C97D461A6C000720740,"PLC, Product detaljeret, Aarhus, Aug. 2023.xlsx",0.707906976744186,T-shirt
01589 T-shirt unisex mblå k/æ,Alm.slid uden restværdi,1,686,9,30155C97D461A6C00053DEC4,"PLC, Product detaljeret, Aarhus, Aug. 2023.xlsx",0.3993586005830904,T-shirt
01589 T-shirt unisex mblå k/æ,Alm.slid uden restværdi,1,671,26,30155C97D461A6C0012B71A0,"PLC, Product detaljeret, Aarhus, Aug. 2023.xlsx",1.1794932935916542,T-shirt
01589 T-shirt unisex mblå k/æ,Alm.slid uden restværdi,1,670,6,30155C97D461A6C00157D49C,"PLC, Product detaljeret, Aarhus, Aug. 2023.xlsx",0.27259701492537314,T-shirt
01589 T-shirt unisex mblå k/æ,Alm.slid uden restværdi,1,662,10,30155C97D461A6C0008C03A6,"PLC, Product detaljeret, Aarhus, Aug. 2023.xlsx",0.45981873111782484,T-shirt
01589 T-shirt unisex mblå k/æ,Alm.slid uden restværdi,1,653,55,30155C97D461A6C0015C2F63,"PLC, Product detaljeret, Aarhus, Aug. 2023.xlsx",2.563859111791731,T-shirt
01589 T-shirt unisex mblå k/æ,Alm.slid uden restværdi,1,638,37,30155C97D461A6C0012B6559,"PLC, Product detaljeret, Aarhus, Aug. 2023.xlsx",1.7653291536050157,T-shirt
01589 T-shirt unisex mblå k/æ,Alm.slid uden restværdi,1,638,29,30155C97D461A6C0012B6569,"PLC, Product detaljeret, Aarhus, Aug. 2023.xlsx",1.3836363636363638,T-shirt
01589 T-shirt unisex mblå k/æ,Alm.slid uden restværdi,1,634,36,30155C97D461A6C0012B6542,"PLC, Product detaljeret, Aarhus, Aug. 2023.xlsx",1.728454258675079,T-shirt
01589 T-shirt unisex mblå k/æ,Alm.slid uden restværdi,1,626,8,30155C97D461A6C0008CBADA,"PLC, Product detaljeret, Aarhus, Aug. 2023.xlsx",0.3890095846645367,T-shirt
01589 T-shirt unisex mblå k/æ,Alm.slid uden restværdi,1,626,24,30155C97D461A6C000E22230,"PLC, Product detaljeret, Aarhus, Aug. 2023.xlsx",1.1670287539936102,T-shirt
01589 T-shirt unisex mblå k/æ,Alm.slid uden restværdi,1,626,25,30155C97D461A6C000E223DB,"PLC, Product detaljeret, Aarhus, Aug. 2023.xlsx",1.2156549520766773,T-shirt
01589 T-shirt unisex mblå k/æ,Alm.slid uden restværdi,1,622,28,30155C97D461A6C000E22210,"PLC, Product detaljeret, Aarhus, Aug. 2023.xlsx",1.3702893890675243,T-shirt
01589 T-shirt unisex mblå k/æ,Alm.slid uden restværdi,1,622,30,30155C97D461A6C000E223C0,"PLC, Product detaljeret, Aarhus, Aug. 2023.xlsx",1.4681672025723473,T-shirt
01589 T-shirt unisex mblå k/æ,Alm.slid uden restværdi,1,622,17,30155C97D461A6C000E223CE,"PLC, Product detaljeret, Aarhus, Aug. 2023.xlsx",0.8319614147909968,T-shirt
01589 T-shirt unisex mblå k/æ,Alm.slid uden restværdi,1,622,22,30155C97D461A6C000E223D3,"PLC, Product detaljeret, Aarhus, Aug. 2023.xlsx",1.0766559485530547,T-shirt
13658 T-shirt dame lyseblå Prowear,Alm.slid uden restværdi,1,612,42,30155C97D461A6C0008BE12C,"PLC, Product detaljeret, Aarhus, Aug. 2023.xlsx",2.0890196078431376,T-shirt
01589 T-shirt unisex mblå k/æ,Alm.slid uden restværdi,1,584,16,30155C97D461A6C000E2F55D,"PLC, Product detaljeret, Aarhus, Aug. 2023.xlsx",0.8339726027397261,T-shirt
13658 T-shirt dame lyseblå Prowear,Alm.slid uden restværdi,1,581,30,30155C97D461A6C000306DE1,"PLC, Product detaljeret, Aarhus, Aug. 2023.xlsx",1.5717728055077453,T-shirt
01589 T-shirt unisex mblå k/æ,Alm.slid uden restværdi,1,575,18,30155C97D461A6C000E2F3BB,"PLC, Product detaljeret, Aarhus, Aug. 2023.xlsx",0.952904347826087,T-shirt
26665 T-shirt dame 1/2 ærme lblå,Alm.slid uden restværdi,1,563,21,30155C97D461A6C0012FEFAD,"PLC, Product detaljeret, Aarhus, Aug. 2023.xlsx",1.135417406749556,T-shirt
13658 T-shirt dame lyseblå Prowear,Alm.slid uden restværdi,1,562,33,30155C97D461A6C000639624,"PLC, Product detaljeret, Aarhus, Aug. 2023.xlsx",1.7874021352313167,T-shirt
13658 T-shirt dame lyseblå Prowear,Alm.slid uden restværdi,1,562,26,30155C97D461A6C000639696,"PLC, Product detaljeret, Aarhus, Aug. 2023.xlsx",1.408256227758007,T-shirt
13658 T-shirt dame lyseblå Prowear,Alm.slid uden restværdi,1,562,31,30155C97D461A6C000639C1B,"PLC, Product detaljeret, Aarhus, Aug. 2023.xlsx",1.6790747330960856,T-shirt
13658 T-shirt dame lyseblå Prowear,Alm.slid uden restværdi,1,562,32,30155C97D461A6C000639CAF,"PLC, Product detaljeret, Aarhus, Aug. 2023.xlsx",1.733238434163701,T-shirt
24597 T-shirt You unisex Kornblå,Alm.slid uden restværdi,1,562,11,30155C97D461A7C002696C37,"PLC, Product detaljeret, Aarhus, Aug. 2023.xlsx",0.5958007117437722,T-shirt
24597 T-shirt You unisex Kornblå,Alm.slid uden restværdi,1,562,8,30155C97D461A7C002696DB6,"PLC, Product detaljeret, Aarhus, Aug. 2023.xlsx",0.43330960854092526,T-shirt
25055 T-shirt uni k/æ blåmelan Pro,Alm.slid uden restværdi,1,558,56,30155C97D461A6C000E302E6,"PLC, Product detaljeret, Aarhus, Aug. 2023.xlsx",3.0549103942652334,T-shirt
13658 T-shirt dame lyseblå Prowear,Alm.slid uden restværdi,1,557,33,30155C97D461A6C0006395DE,"PLC, Product detaljeret, Aarhus, Aug. 2023.xlsx",1.803447037701975,T-shirt
13658 T-shirt dame lyseblå Prowear,Alm.slid uden restværdi,1,557,29,30155C97D461A6C000639B95,"PLC, Product detaljeret, Aarhus, Aug. 2023.xlsx",1.5848473967684023,T-shirt
13658 T-shirt dame lyseblå Prowear,Alm.slid uden restværdi,1,557,31,30155C97D461A6C000639BA9,"PLC, Product detaljeret, Aarhus, Aug. 2023.xlsx",1.6941472172351886,T-shirt
13658 T-shirt dame lyseblå Prowear,Alm.slid uden restværdi,1,557,27,30155C97D461A6C000639C0E,"PLC, Product detaljeret, Aarhus, Aug. 2023.xlsx",1.4755475763016157,T-shirt
01589 T-shirt unisex mblå k/æ,Alm.slid uden restværdi,1,555,18,30155C97D461A6C0012B739E,"PLC, Product detaljeret, Aarhus, Aug. 2023.xlsx",0.9872432432432433,T-shirt
01589 T-shirt unisex mblå k/æ,Alm.slid uden restværdi,1,552,5,30155C97D461A6C00064587B,"PLC, Product detaljeret, Aarhus, Aug. 2023.xlsx",0.27572463768115946,T-shirt
01589 T-shirt unisex mblå k/æ,Alm.slid uden restværdi,1,547,28,30155C97D461A6C0010668A6,"PLC, Product detaljeret, Aarhus, Aug. 2023.xlsx",1.5581718464351006,T-shirt
01589 T-shirt unisex mblå k/æ,Alm.slid uden restværdi,1,546,34,30155C97D461A6C00106693E,"PLC, Product detaljeret, Aarhus, Aug. 2023.xlsx",1.8955311355311357,T-shirt
01427 T-shirt unisex lyseblå pb,Alm.slid uden restværdi,1,540,19,30155C97D461A6C0013008DF,"PLC, Product detaljeret, Aarhus, Aug. 2023.xlsx",1.0710370370370372,T-shirt
01427 T-shirt unisex lyseblå pb,Alm.slid uden restværdi,1,538,17,30155C97D461A6C001300866,"PLC, Product detaljeret, Aarhus, Aug. 2023.xlsx",0.9618587360594795,T-shirt
01427 T-shirt unisex lyseblå pb,Alm.slid uden restværdi,1,538,25,30155C97D461A6C0013008CC,"PLC, Product detaljeret, Aarhus, Aug. 2023.xlsx",1.4144981412639406,T-shirt
01427 T-shirt unisex lyseblå pb,Alm.slid uden restværdi,1,538,18,30155C97D461A6C0013009AE,"PLC, Product detaljeret, Aarhus, Aug. 2023.xlsx",1.0184386617100372,T-shirt
01589 T-shirt unisex mblå k/æ,Alm.slid uden restværdi,1,538,23,30155C97D461A6C0009E9745,"PLC, Product detaljeret, Aarhus, Aug. 2023.xlsx",1.3013382899628252,T-shirt
01589 T-shirt unisex mblå k/æ,Alm.slid uden restværdi,1,538,21,30155C97D461A6C0009E97A4,"PLC, Product detaljeret, Aarhus, Aug. 2023.xlsx",1.18817843866171,T-shirt
01589 T-shirt unisex mblå k/æ,Alm.slid uden restværdi,1,538,28,30155C97D461A6C0009E97C4,"PLC, Product detaljeret, Aarhus, Aug. 2023.xlsx",1.5842379182156134,T-shirt
12151 T-shirt 1/2 æ lady lblå PB,Alm.slid uden restværdi,1,534,5,30155C97D461A7C000CDDA12,"PLC, Product detaljeret, Aarhus, Aug. 2023.xlsx",0.2850187265917603,T-shirt
01589 T-shirt unisex mblå k/æ,Alm.slid uden restværdi,1,527,3,30155C97D461A6C000D86576,"PLC, Product detaljeret, Aarhus, Aug. 2023.xlsx",0.17328273244781783,T-shirt
01589 T-shirt unisex mblå k/æ,Alm.slid uden restværdi,1,524,26,30155C97D461A6C0009E96C4,"PLC, Product detaljeret, Aarhus, Aug. 2023.xlsx",1.510381679389313,T-shirt
13658 T-shirt dame lyseblå Prowear,Alm.slid uden restværdi,1,507,27,30155C97D461A6C000BA2ACF,"PLC, Product detaljeret, Aarhus, Aug. 2023.xlsx",1.6210650887573965,T-shirt
03885 T-Shirt Lysblå Lady K/Æ P/B,Alm.slid uden restværdi,1,506,6,30155C97D461A7C000DF115F,"PLC, Product detaljeret, Aarhus, Aug. 2023.xlsx",0.36094861660079053,T-shirt
01589 T-shirt unisex mblå k/æ,Alm.slid uden restværdi,1,480,20,30155C97D461A6C0008C658B,"PLC, Product detaljeret, Aarhus, Aug. 2023.xlsx",1.2683333333333333,T-shirt
24593 T-shirt You dame Kornblå,Alm.slid uden restværdi,1,463,13,30155C97D461A7C002679E14,"PLC, Product detaljeret, Aarhus, Aug. 2023.xlsx",0.8546868250539956,T-shirt
01589 T-shirt unisex mblå k/æ,Alm.slid uden restværdi,1,461,23,30155C97D461A6C000912EFF,"PLC, Product detaljeret, Aarhus, Aug. 2023.xlsx",1.5186984815618223,T-shirt
01589 T-shirt unisex mblå k/æ,Alm.slid uden restværdi,1,461,28,30155C97D461A6C000913000,"PLC, Product detaljeret, Aarhus, Aug. 2023.xlsx",1.8488503253796096,T-shirt
26056 T-shirt k/æ dame lyseblå,Alm.slid uden restværdi,1,458,30,30155C97D461A6C00081F039,"PLC, Product detaljeret, Aarhus, Aug. 2023.xlsx",1.9938864628820963,T-shirt
26056 T-shirt k/æ dame lyseblå,Alm.slid uden restværdi,1,458,24,30155C97D461A6C00081F054,"PLC, Product detaljeret, Aarhus, Aug. 2023.xlsx",1.5951091703056768,T-shirt
01589 T-shirt unisex mblå k/æ,Alm.slid uden restværdi,1,456,33,30155C97D461A4C00092D117,"PLC, Product detaljeret, Aarhus, Aug. 2023.xlsx",2.2028947368421052,T-shirt
01589 T-shirt unisex mblå k/æ,Alm.slid uden restværdi,1,455,11,30155C97D461A6C000D864C0,"PLC, Product detaljeret, Aarhus, Aug. 2023.xlsx",0.735912087912088,T-shirt
09610 T-Shirt Lady Lysblå Bom,Alm.slid uden restværdi,1,455,14,30155C97D461A4C00092CED9,"PLC, Product detaljeret, Aarhus, Aug. 2023.xlsx",0.9366153846153847,T-shirt
09610 T-Shirt Lady Lysblå Bom,Alm.slid uden restværdi,1,455,16,30155C97D461A4C00092CEF9,"PLC, Product detaljeret, Aarhus, Aug. 2023.xlsx",1.0704175824175826,T-shirt
01589 T-shirt unisex mblå k/æ,Alm.slid uden restværdi,1,450,13,30155C97D461A6C0015B5742,"PLC, Product detaljeret, Aarhus, Aug. 2023.xlsx",0.8793777777777778,T-shirt
26056 T-shirt k/æ dame lyseblå,Alm.slid uden restværdi,1,447,29,30155C97D461A6C00081F008,"PLC, Product detaljeret, Aarhus, Aug. 2023.xlsx",1.9748545861297537,T-shirt
12151 T-shirt 1/2 æ lady lblå PB,Alm.slid uden restværdi,1,440,4,00D008FF67EB,"PLC, Product detaljeret, Aarhus, Aug. 2023.xlsx",0.2767272727272727,T-shirt
01589 T-shirt unisex mblå k/æ,Alm.slid uden restværdi,1,434,22,30155C97D461A4C00064D5C1,"PLC, Product detaljeret, Aarhus, Aug. 2023.xlsx",1.5430414746543781,T-shirt
01589 T-shirt unisex mblå k/æ,Alm.slid uden restværdi,1,426,15,30155C97D461A6C0008D1DF3,"PLC, Product detaljeret, Aarhus, Aug. 2023.xlsx",1.071830985915493,T-shirt
01589 T-shirt unisex mblå k/æ,Alm.slid uden restværdi,1,422,17,30155C97D461A6C000EAAE1A,"PLC, Product detaljeret, Aarhus, Aug. 2023.xlsx",1.2262559241706161,T-shirt
01589 T-shirt unisex mblå k/æ,Alm.slid uden restværdi,1,420,26,30155C97D461A6C000EAAF27,"PLC, Product detaljeret, Aarhus, Aug. 2023.xlsx",1.8843809523809525,T-shirt
01589 T-shirt unisex mblå k/æ,Alm.slid uden restværdi,1,420,20,30155C97D461A6C000EAAF78,"PLC, Product detaljeret, Aarhus, Aug. 2023.xlsx",1.4495238095238094,T-shirt
24593 T-shirt You dame Kornblå,Alm.slid uden restværdi,1,419,7,30155C97D461A7C0008A65B8,"PLC, Product detaljeret, Aarhus, Aug. 2023.xlsx",0.50854415274463,T-shirt
24593 T-shirt You dame Kornblå,Alm.slid uden restværdi,1,419,14,30155C97D461A7C0008A662C,"PLC, Product detaljeret, Aarhus, Aug. 2023.xlsx",1.01708830548926,T-shirt
01589 T-shirt unisex mblå k/æ,Alm.slid uden restværdi,1,415,17,30155C97D461A4C00064EAC0,"PLC, Product detaljeret, Aarhus, Aug. 2023.xlsx",1.2469397590361446,T-shirt
01589 T-shirt unisex mblå k/æ,Alm.slid uden restværdi,1,412,17,30155C97D461A6C000EAAE80,"PLC, Product detaljeret, Aarhus, Aug. 2023.xlsx",1.2560194174757282,T-shirt
01589 T-shirt unisex mblå k/æ,Alm.slid uden restværdi,1,412,13,30155C97D461A6C000EAAED7,"PLC, Product detaljeret, Aarhus, Aug. 2023.xlsx",0.9604854368932039,T-shirt
01589 T-shirt unisex mblå k/æ,Alm.slid uden restværdi,1,412,22,30155C97D461A6C000EAAEE8,"PLC, Product detaljeret, Aarhus, Aug. 2023.xlsx",1.6254368932038834,T-shirt
01589 T-shirt unisex mblå k/æ,Alm.slid uden restværdi,1,412,16,30155C97D461A6C000EAAF4F,"PLC, Product detaljeret, Aarhus, Aug. 2023.xlsx",1.1821359223300971,T-shirt
01589 T-shirt unisex mblå k/æ,Alm.slid uden restværdi,1,409,25,30155C97D461A4C00064E277,"PLC, Product detaljeret, Aarhus, Aug. 2023.xlsx",1.8606356968215159,T-shirt
01589 T-shirt unisex mblå k/æ,Alm.slid uden restværdi,1,408,16,30155C97D461A4C00064EC24,"PLC, Product detaljeret, Aarhus, Aug. 2023.xlsx",1.1937254901960785,T-shirt
13658 T-shirt dame lyseblå Prowear,Alm.slid uden restværdi,1,408,9,30155C97D461A6C000707C08,"PLC, Product detaljeret, Aarhus, Aug. 2023.xlsx",0.6714705882352942,T-shirt
13658 T-shirt dame lyseblå Prowear,Alm.slid uden restværdi,1,408,7,30155C97D461A6C000707C47,"PLC, Product detaljeret, Aarhus, Aug. 2023.xlsx",0.5222549019607844,T-shirt
13658 T-shirt dame lyseblå Prowear,Alm.slid uden restværdi,1,407,8,30155C97D461A6C000707D55,"PLC, Product detaljeret, Aarhus, Aug. 2023.xlsx",0.5983292383292383,T-shirt
01589 T-shirt unisex mblå k/æ,Alm.slid uden restværdi,1,403,20,30155C97D461A6C000637C6F,"PLC, Product detaljeret, Aarhus, Aug. 2023.xlsx",1.5106699751861044,T-shirt
01589 T-shirt unisex mblå k/æ,Alm.slid uden restværdi,1,400,22,30155C97D461A6C0010F1638,"PLC, Product detaljeret, Aarhus, Aug. 2023.xlsx",1.6742000000000001,T-shirt
01589 T-shirt unisex mblå k/æ,Alm.slid uden restværdi,1,400,19,30155C97D461A6C0010F164F,"PLC, Product detaljeret, Aarhus, Aug. 2023.xlsx",1.4459000000000002,T-shirt
01589 T-shirt unisex mblå k/æ,Alm.slid uden restværdi,1,400,23,30155C97D461A6C0010F174E,"PLC, Product detaljeret, Aarhus, Aug. 2023.xlsx",1.7503000000000002,T-shirt
01589 T-shirt unisex mblå k/æ,Alm.slid uden restværdi,1,388,13,30155C97D461A6C0008BDE53,"PLC, Product detaljeret, Aarhus, Aug. 2023.xlsx",1.019896907216495,T-shirt
01589 T-shirt unisex mblå k/æ,Alm.slid uden restværdi,1,383,20,30155C97D461A4C00064EB9A,"PLC, Product detaljeret, Aarhus, Aug. 2023.xlsx",1.589556135770235,T-shirt
24762 T-shirt da k/æ blåmela Pro,Alm.slid uden restværdi,1,383,27,30155C97D461A6C0010F1B43,"PLC, Product detaljeret, Aarhus, Aug. 2023.xlsx",2.1459007832898176,T-shirt
01589 T-shirt unisex mblå k/æ,Alm.slid uden restværdi,1,379,22,30155C97D461A4C00093502C,"PLC, Product detaljeret, Aarhus, Aug. 2023.xlsx",1.7669656992084433,T-shirt
01589 T-shirt unisex mblå k/æ,Alm.slid uden restværdi,1,374,23,30155C97D461A4C000934F75,"PLC, Product detaljeret, Aarhus, Aug. 2023.xlsx",1.8719786096256685,T-shirt
01427 T-shirt unisex lyseblå pb,Alm.slid uden restværdi,1,365,27,30155C97D461A6C00135CF4B,"PLC, Product detaljeret, Aarhus, Aug. 2023.xlsx",2.2517260273972606,T-shirt
01589 T-shirt unisex mblå k/æ,Alm.slid uden restværdi,1,361,23,30155C97D461A4C000935006,"PLC, Product detaljeret, Aarhus, Aug. 2023.xlsx",1.9393905817174517,T-shirt
24762 T-shirt da k/æ blåmela Pro,Alm.slid uden restværdi,1,360,25,30155C97D461A6C0010F312C,"PLC, Product detaljeret, Aarhus, Aug. 2023.xlsx",2.113888888888889,T-shirt
01589 T-shirt unisex mblå k/æ,Alm.slid uden restværdi,1,353,4,30155C97D461A6C001861C38,"PLC, Product detaljeret, Aarhus, Aug. 2023.xlsx",0.344929178470255,T-shirt
13658 T-shirt dame lyseblå Prowear,Alm.slid uden restværdi,1,347,18,30155C97D461A6C0016018EF,"PLC, Product detaljeret, Aarhus, Aug. 2023.xlsx",1.579020172910663,T-shirt
12151 T-shirt 1/2 æ lady lblå PB,Alm.slid uden restværdi,1,344,6,30155C97D461A7C001F4904B,"PLC, Product detaljeret, Aarhus, Aug. 2023.xlsx",0.5309302325581395,T-shirt
01589 T-shirt unisex mblå k/æ,Alm.slid uden restværdi,1,337,2,30155C97D461A6C001861689,"PLC, Product detaljeret, Aarhus, Aug. 2023.xlsx",0.18065281899109795,T-shirt
24762 T-shirt da k/æ blåmela Pro,Alm.slid uden restværdi,1,336,11,30155C97D461A6C0019CFBB5,"PLC, Product detaljeret, Aarhus, Aug. 2023.xlsx",0.9965476190476191,T-shirt
01589 T-shirt unisex mblå k/æ,Alm.slid uden restværdi,1,335,21,30155C97D461A4C000934F3F,"PLC, Product detaljeret, Aarhus, Aug. 2023.xlsx",1.908179104477612,T-shirt
01589 T-shirt unisex mblå k/æ,Alm.slid uden restværdi,1,335,8,30155C97D461A6C001861CBD,"PLC, Product detaljeret, Aarhus, Aug. 2023.xlsx",0.7269253731343284,T-shirt
12151 T-shirt 1/2 æ lady lblå PB,Alm.slid uden restværdi,1,321,1,30155C97D461A7C001F5C40B,"PLC, Product detaljeret, Aarhus, Aug. 2023.xlsx",0.09482866043613707,T-shirt
26961 T-shirt CSR dame lysblå,Alm.slid uden restværdi,1,292,15,30155C97D461A6C00135FF36,"PLC, Product detaljeret, Aarhus, Aug. 2023.xlsx",1.5636986301369862,T-shirt
01589 T-shirt unisex mblå k/æ,Alm.slid uden restværdi,1,284,3,30155C97D461A6C001B9CF15,"PLC, Product detaljeret, Aarhus, Aug. 2023.xlsx",0.3215492957746479,T-shirt
13658 T-shirt dame lyseblå Prowear,Alm.slid uden restværdi,1,284,4,30155C97D461A6C0010F1450,"PLC, Product detaljeret, Aarhus, Aug. 2023.xlsx",0.4287323943661972,T-shirt
26961 T-shirt CSR dame lysblå,Alm.slid uden restværdi,1,281,17,30155C97D461A6C0010E78B7,"PLC, Product detaljeret, Aarhus, Aug. 2023.xlsx",1.8415658362989324,T-shirt
26961 T-shirt CSR dame lysblå,Alm.slid uden restværdi,1,281,13,30155C97D461A6C0010E8D19,"PLC, Product detaljeret, Aarhus, Aug. 2023.xlsx",1.408256227758007,T-shirt
26961 T-shirt CSR dame lysblå,Alm.slid uden restværdi,1,281,11,30155C97D461A6C0010E8D52,"PLC, Product detaljeret, Aarhus, Aug. 2023.xlsx",1.1916014234875445,T-shirt
26961 T-shirt CSR dame lysblå,Alm.slid uden restværdi,1,281,14,30155C97D461A6C0010E8D7B,"PLC, Product detaljeret, Aarhus, Aug. 2023.xlsx",1.5165836298932385,T-shirt
26961 T-shirt CSR dame lysblå,Alm.slid uden restværdi,1,281,13,30155C97D461A6C0010E8DBA,"PLC, Product detaljeret, Aarhus, Aug. 2023.xlsx",1.408256227758007,T-shirt
26961 T-shirt CSR dame lysblå,Alm.slid uden restværdi,1,281,8,30155C97D461A6C0010E8DED,"PLC, Product detaljeret, Aarhus, Aug. 2023.xlsx",0.8666192170818505,T-shirt
26961 T-shirt CSR dame lysblå,Alm.slid uden restværdi,1,281,15,30155C97D461A6C0010E8E36,"PLC, Product detaljeret, Aarhus, Aug. 2023.xlsx",1.6249110320284699,T-shirt
01589 T-shirt unisex mblå k/æ,Alm.slid uden restværdi,1,272,2,30155C97D461A6C001861D56,"PLC, Product detaljeret, Aarhus, Aug. 2023.xlsx",0.2238235294117647,T-shirt
01589 T-shirt unisex mblå k/æ,Alm.slid uden restværdi,1,271,17,30155C97D461A6C001B9CF89,"PLC, Product detaljeret, Aarhus, Aug. 2023.xlsx",1.909520295202952,T-shirt
01589 T-shirt unisex mblå k/æ,Alm.slid uden restværdi,1,271,8,30155C97D461A6C001B9D052,"PLC, Product detaljeret, Aarhus, Aug. 2023.xlsx",0.8985977859778598,T-shirt
01589 T-shirt unisex mblå k/æ,Alm.slid uden restværdi,1,271,8,30155C97D461A6C001B9D0B2,"PLC, Product detaljeret, Aarhus, Aug. 2023.xlsx",0.8985977859778598,T-shirt
01589 T-shirt unisex mblå k/æ,Alm.slid uden restværdi,1,271,6,30155C97D461A6C001B9D0B4,"PLC, Product detaljeret, Aarhus, Aug. 2023.xlsx",0.6739483394833948,T-shirt
01589 T-shirt unisex mblå k/æ,Alm.slid uden restværdi,1,268,7,30155C97D461A6C0018F71A5,"PLC, Product detaljeret, Aarhus, Aug. 2023.xlsx",0.7950746268656717,T-shirt
26057 T-shirt k/æ uni lyseblå,Alm.slid uden restværdi,1,266,5,30155C97D461A6C00084F729,"PLC, Product detaljeret, Aarhus, Aug. 2023.xlsx",0.5721804511278196,T-shirt
27110 T-Shirt Csr Unisex Lysblå,Alm.slid uden restværdi,1,266,12,30155C97D461A6C0010DFAD7,"PLC, Product detaljeret, Aarhus, Aug. 2023.xlsx",1.373233082706767,T-shirt
27110 T-Shirt Csr Unisex Lysblå,Alm.slid uden restværdi,1,263,12,30155C97D461A6C00135FB69,"PLC, Product detaljeret, Aarhus, Aug. 2023.xlsx",1.3888973384030419,T-shirt
01589 T-shirt unisex mblå k/æ,Alm.slid uden restværdi,1,259,1,30155C97D461A6C0010E8FCD,"PLC, Product detaljeret, Aarhus, Aug. 2023.xlsx",0.11752895752895753,T-shirt
01589 T-shirt unisex mblå k/æ,Alm.slid uden restværdi,1,259,3,30155C97D461A6C001861C27,"PLC, Product detaljeret, Aarhus, Aug. 2023.xlsx",0.3525868725868726,T-shirt
26961 T-shirt CSR dame lysblå,Alm.slid uden restværdi,1,258,8,30155C97D461A6C00135F261,"PLC, Product detaljeret, Aarhus, Aug. 2023.xlsx",0.9438759689922481,T-shirt
26961 T-shirt CSR dame lysblå,Alm.slid uden restværdi,1,258,11,30155C97D461A6C00135F310,"PLC, Product detaljeret, Aarhus, Aug. 2023.xlsx",1.2978294573643412,T-shirt
26961 T-shirt CSR dame lysblå,Alm.slid uden restværdi,1,258,12,30155C97D461A6C00135F363,"PLC, Product detaljeret, Aarhus, Aug. 2023.xlsx",1.415813953488372,T-shirt
27110 T-Shirt Csr Unisex Lysblå,Alm.slid uden restværdi,1,258,13,30155C97D461A6C0015FE1DF,"PLC, Product detaljeret, Aarhus, Aug. 2023.xlsx",1.533798449612403,T-shirt
01589 T-shirt unisex mblå k/æ,Alm.slid uden restværdi,1,252,11,30155C97D461A6C001B9B475,"PLC, Product detaljeret, Aarhus, Aug. 2023.xlsx",1.3287301587301588,T-shirt
27110 T-Shirt Csr Unisex Lysblå,Alm.slid uden restværdi,1,252,8,30155C97D461A6C0010F3922,"PLC, Product detaljeret, Aarhus, Aug. 2023.xlsx",0.9663492063492063,T-shirt
27110 T-Shirt Csr Unisex Lysblå,Alm.slid uden restværdi,1,252,3,30155C97D461A6C0010F3979,"PLC, Product detaljeret, Aarhus, Aug. 2023.xlsx",0.36238095238095236,T-shirt
27110 T-Shirt Csr Unisex Lysblå,Alm.slid uden restværdi,1,252,9,30155C97D461A6C0010F3990,"PLC, Product detaljeret, Aarhus, Aug. 2023.xlsx",1.0871428571428572,T-shirt
27110 T-Shirt Csr Unisex Lysblå,Alm.slid uden restværdi,1,252,12,30155C97D461A6C0010F3A91,"PLC, Product detaljeret, Aarhus, Aug. 2023.xlsx",1.4495238095238094,T-shirt
27110 T-Shirt Csr Unisex Lysblå,Alm.slid uden restværdi,1,252,9,30155C97D461A6C0010F3AAE,"PLC, Product detaljeret, Aarhus, Aug. 2023.xlsx",1.0871428571428572,T-shirt
26961 T-shirt CSR dame lysblå,Alm.slid uden restværdi,1,251,15,30155C97D461A6C001A6D2EE,"PLC, Product detaljeret, Aarhus, Aug. 2023.xlsx",1.8191235059760957,T-shirt
26961 T-shirt CSR dame lysblå,Alm.slid uden restværdi,1,249,13,30155C97D461A6C0015FD498,"PLC, Product detaljeret, Aarhus, Aug. 2023.xlsx",1.5892369477911645,T-shirt
27110 T-Shirt Csr Unisex Lysblå,Alm.slid uden restværdi,1,247,8,30155C97D461A6C0010DFB24,"PLC, Product detaljeret, Aarhus, Aug. 2023.xlsx",0.9859109311740891,T-shirt
26961 T-shirt CSR dame lysblå,Alm.slid uden restværdi,1,246,12,30155C97D461A6C001A6CBFC,"PLC, Product detaljeret, Aarhus, Aug. 2023.xlsx",1.484878048780488,T-shirt
26961 T-shirt CSR dame lysblå,Alm.slid uden restværdi,1,246,15,30155C97D461A6C001A6CBAA,"PLC, Product detaljeret, Aarhus, Aug. 2023.xlsx",1.8560975609756099,T-shirt
26961 T-shirt CSR dame lysblå,Alm.slid uden restværdi,1,246,12,30155C97D461A6C001A6CC06,"PLC, Product detaljeret, Aarhus, Aug. 2023.xlsx",1.484878048780488,T-shirt
26961 T-shirt CSR dame lysblå,Alm.slid uden restværdi,1,246,13,30155C97D461A6C001A6CC47,"PLC, Product detaljeret, Aarhus, Aug. 2023.xlsx",1.608617886178862,T-shirt
26961 T-shirt CSR dame lysblå,Alm.slid uden restværdi,1,246,14,30155C97D461A6C001A6CC8A,"PLC, Product detaljeret, Aarhus, Aug. 2023.xlsx",1.7323577235772358,T-shirt
26961 T-shirt CSR dame lysblå,Alm.slid uden restværdi,1,246,14,30155C97D461A6C001A6CD18,"PLC, Product detaljeret, Aarhus, Aug. 2023.xlsx",1.7323577235772358,T-shirt
26961 T-shirt CSR dame lysblå,Alm.slid uden restværdi,1,246,13,30155C97D461A6C001A6CD1B,"PLC, Product detaljeret, Aarhus, Aug. 2023.xlsx",1.608617886178862,T-shirt
26961 T-shirt CSR dame lysblå,Alm.slid uden restværdi,1,246,11,30155C97D461A6C001A6CD23,"PLC, Product detaljeret, Aarhus, Aug. 2023.xlsx",1.361138211382114,T-shirt
26961 T-shirt CSR dame lysblå,Alm.slid uden restværdi,1,246,14,30155C97D461A6C001A6D2BC,"PLC, Product detaljeret, Aarhus, Aug. 2023.xlsx",1.7323577235772358,T-shirt
01589 T-shirt unisex mblå k/æ,Alm.slid uden restværdi,1,237,2,30155C97D461A6C0018F5276,"PLC, Product detaljeret, Aarhus, Aug. 2023.xlsx",0.2568776371308017,T-shirt
27110 T-Shirt Csr Unisex Lysblå,Alm.slid uden restværdi,1,236,12,30155C97D461A6C0015FCAE5,"PLC, Product detaljeret, Aarhus, Aug. 2023.xlsx",1.5477966101694918,T-shirt
13658 T-shirt dame lyseblå Prowear,Alm.slid uden restværdi,1,233,2,30155C97D461A6C000D888A9,"PLC, Product detaljeret, Aarhus, Aug. 2023.xlsx",0.26128755364806866,T-shirt
13658 T-shirt dame lyseblå Prowear,Alm.slid uden restværdi,1,233,3,30155C97D461A6C000D8895F,"PLC, Product detaljeret, Aarhus, Aug. 2023.xlsx",0.39193133047210305,T-shirt
08398 T-shirt unisex mblå k/æ bom,Alm.slid uden restværdi,1,232,3,30155C97D461A6C001601F98,"PLC, Product detaljeret, Aarhus, Aug. 2023.xlsx",0.39362068965517244,T-shirt
26961 T-shirt CSR dame lysblå,Alm.slid uden restværdi,1,232,7,30155C97D461A6C00135FDEA,"PLC, Product detaljeret, Aarhus, Aug. 2023.xlsx",0.918448275862069,T-shirt
26961 T-shirt CSR dame lysblå,Alm.slid uden restværdi,1,231,7,30155C97D461A6C000EAA5D1,"PLC, Product detaljeret, Aarhus, Aug. 2023.xlsx",0.9224242424242425,T-shirt
27110 T-Shirt Csr Unisex Lysblå,Alm.slid uden restværdi,1,230,9,30155C97D461A6C00135ED66,"PLC, Product detaljeret, Aarhus, Aug. 2023.xlsx",1.1911304347826088,T-shirt
13658 T-shirt dame lyseblå Prowear,Alm.slid uden restværdi,1,228,2,30155C97D461A6C0009E994B,"PLC, Product detaljeret, Aarhus, Aug. 2023.xlsx",0.2670175438596491,T-shirt
26961 T-shirt CSR dame lysblå,Alm.slid uden restværdi,1,228,9,30155C97D461A6C0013602FC,"PLC, Product detaljeret, Aarhus, Aug. 2023.xlsx",1.201578947368421,T-shirt
01427 T-shirt unisex lyseblå pb,Alm.slid uden restværdi,1,225,10,30155C97D461A6C0018FAFDC,"PLC, Product detaljeret, Aarhus, Aug. 2023.xlsx",1.352888888888889,T-shirt
01427 T-shirt unisex lyseblå pb,Alm.slid uden restværdi,1,225,10,30155C97D461A6C0018FB08E,"PLC, Product detaljeret, Aarhus, Aug. 2023.xlsx",1.352888888888889,T-shirt
26961 T-shirt CSR dame lysblå,Alm.slid uden restværdi,1,224,15,30155C97D461A6C0015FD045,"PLC, Product detaljeret, Aarhus, Aug. 2023.xlsx",2.038392857142857,T-shirt
26961 T-shirt CSR dame lysblå,Alm.slid uden restværdi,1,220,7,30155C97D461A6C0015FEE10,"PLC, Product detaljeret, Aarhus, Aug. 2023.xlsx",0.9685454545454545,T-shirt
27110 T-Shirt Csr Unisex Lysblå,Alm.slid uden restværdi,1,214,14,30155C97D461A6C0018E7FC6,"PLC, Product detaljeret, Aarhus, Aug. 2023.xlsx",1.9914018691588784,T-shirt
27110 T-Shirt Csr Unisex Lysblå,Alm.slid uden restværdi,1,214,12,30155C97D461A6C0018E805F,"PLC, Product detaljeret, Aarhus, Aug. 2023.xlsx",1.7069158878504673,T-shirt
27110 T-Shirt Csr Unisex Lysblå,Alm.slid uden restværdi,1,214,14,30155C97D461A6C0018F23D7,"PLC, Product detaljeret, Aarhus, Aug. 2023.xlsx",1.9914018691588784,T-shirt
26961 T-shirt CSR dame lysblå,Alm.slid uden restværdi,1,212,12,30155C97D461A6C0015FEEB7,"PLC, Product detaljeret, Aarhus, Aug. 2023.xlsx",1.7230188679245284,T-shirt
26961 T-shirt CSR dame lysblå,Alm.slid uden restværdi,1,209,11,30155C97D461A6C0015FEDB0,"PLC, Product detaljeret, Aarhus, Aug. 2023.xlsx",1.6021052631578947,T-shirt
01589 T-shirt unisex mblå k/æ,Alm.slid uden restværdi,1,207,5,30155C97D461A6C001A6C26B,"PLC, Product detaljeret, Aarhus, Aug. 2023.xlsx",0.7352657004830918,T-shirt
27110 T-Shirt Csr Unisex Lysblå,Alm.slid uden restværdi,1,206,15,30155C97D461A6C00135F997,"PLC, Product detaljeret, Aarhus, Aug. 2023.xlsx",2.216504854368932,T-shirt
27110 T-Shirt Csr Unisex Lysblå,Alm.slid uden restværdi,1,206,18,30155C97D461A6C00135FAAD,"PLC, Product detaljeret, Aarhus, Aug. 2023.xlsx",2.6598058252427186,T-shirt
27110 T-Shirt Csr Unisex Lysblå,Alm.slid uden restværdi,1,206,16,30155C97D461A6C0015FCB78,"PLC, Product detaljeret, Aarhus, Aug. 2023.xlsx",2.3642718446601942,T-shirt
27110 T-Shirt Csr Unisex Lysblå,Alm.slid uden restværdi,1,206,11,30155C97D461A6C001A6894D,"PLC, Product detaljeret, Aarhus, Aug. 2023.xlsx",1.6254368932038834,T-shirt
27110 T-Shirt Csr Unisex Lysblå,Alm.slid uden restværdi,1,204,10,30155C97D461A6C000EB06BC,"PLC, Product detaljeret, Aarhus, Aug. 2023.xlsx",1.492156862745098,T-shirt
27110 T-Shirt Csr Unisex Lysblå,Alm.slid uden restværdi,1,204,12,30155C97D461A6C000EB06F9,"PLC, Product detaljeret, Aarhus, Aug. 2023.xlsx",1.7905882352941176,T-shirt
27110 T-Shirt Csr Unisex Lysblå,Alm.slid uden restværdi,1,201,14,30155C97D461A4C000D532FD,"PLC, Product detaljeret, Aarhus, Aug. 2023.xlsx",2.1201990049751247,T-shirt
27110 T-Shirt Csr Unisex Lysblå,Alm.slid uden restværdi,1,200,7,30155C97D461A6C001A68EF8,"PLC, Product detaljeret, Aarhus, Aug. 2023.xlsx",1.0654000000000001,T-shirt
01589 T-shirt unisex mblå k/æ,Alm.slid uden restværdi,1,192,3,30155C97D461A6C001861D0C,"PLC, Product detaljeret, Aarhus, Aug. 2023.xlsx",0.475625,T-shirt
26961 T-shirt CSR dame lysblå,Alm.slid uden restværdi,1,192,8,30155C97D461A6C0010D703D,"PLC, Product detaljeret, Aarhus, Aug. 2023.xlsx",1.2683333333333333,T-shirt
27110 T-Shirt Csr Unisex Lysblå,Alm.slid uden restværdi,1,190,8,30155C97D461A4C000D6F41C,"PLC, Product detaljeret, Aarhus, Aug. 2023.xlsx",1.2816842105263158,T-shirt
01427 T-shirt unisex lyseblå pb,Alm.slid uden restværdi,1,185,8,30155C97D461A4C000D6E5A3,"PLC, Product detaljeret, Aarhus, Aug. 2023.xlsx",1.3163243243243246,T-shirt
01427 T-shirt unisex lyseblå pb,Alm.slid uden restværdi,1,185,9,30155C97D461A4C000D6E5F8,"PLC, Product detaljeret, Aarhus, Aug. 2023.xlsx",1.480864864864865,T-shirt
26961 T-shirt CSR dame lysblå,Alm.slid uden restværdi,1,185,7,30155C97D461A6C000EAA8AB,"PLC, Product detaljeret, Aarhus, Aug. 2023.xlsx",1.1517837837837839,T-shirt
26961 T-shirt CSR dame lysblå,Alm.slid uden restværdi,1,185,5,30155C97D461A6C000EAA8D6,"PLC, Product detaljeret, Aarhus, Aug. 2023.xlsx",0.8227027027027027,T-shirt
26961 T-shirt CSR dame lysblå,Alm.slid uden restværdi,1,185,6,30155C97D461A6C00133ACD8,"PLC, Product detaljeret, Aarhus, Aug. 2023.xlsx",0.9872432432432433,T-shirt
27110 T-Shirt Csr Unisex Lysblå,Alm.slid uden restværdi,1,185,11,30155C97D461A4C000D6F327,"PLC, Product detaljeret, Aarhus, Aug. 2023.xlsx",1.8099459459459462,T-shirt
27110 T-Shirt Csr Unisex Lysblå,Alm.slid uden restværdi,1,184,8,30155C97D461A4C000D6F385,"PLC, Product detaljeret, Aarhus, Aug. 2023.xlsx",1.3234782608695652,T-shirt
27110 T-Shirt Csr Unisex Lysblå,Alm.slid uden restværdi,1,184,9,30155C97D461A4C000D6F3C0,"PLC, Product detaljeret, Aarhus, Aug. 2023.xlsx",1.488913043478261,T-shirt
27110 T-Shirt Csr Unisex Lysblå,Alm.slid uden restværdi,1,184,4,30155C97D461A4C000F3218B,"PLC, Product detaljeret, Aarhus, Aug. 2023.xlsx",0.6617391304347826,T-shirt
13658 T-shirt dame lyseblå Prowear,Alm.slid uden restværdi,1,181,5,30155C97D461A4C000F4BD41,"PLC, Product detaljeret, Aarhus, Aug. 2023.xlsx",0.8408839779005525,T-shirt
27110 T-Shirt Csr Unisex Lysblå,Alm.slid uden restværdi,1,180,7,30155C97D461A4C000D72590,"PLC, Product detaljeret, Aarhus, Aug. 2023.xlsx",1.1837777777777778,T-shirt
27110 T-Shirt Csr Unisex Lysblå,Alm.slid uden restværdi,1,174,12,30155C97D461A4C000C03E96,"PLC, Product detaljeret, Aarhus, Aug. 2023.xlsx",2.099310344827586,T-shirt
26961 T-shirt CSR dame lysblå,Alm.slid uden restværdi,1,173,7,30155C97D461A6C0010DDB02,"PLC, Product detaljeret, Aarhus, Aug. 2023.xlsx",1.2316763005780347,T-shirt
26961 T-shirt CSR dame lysblå,Alm.slid uden restværdi,1,169,6,30155C97D461A6C00135FA1A,"PLC, Product detaljeret, Aarhus, Aug. 2023.xlsx",1.0807100591715977,T-shirt
26961 T-shirt CSR dame lysblå,Alm.slid uden restværdi,1,165,6,30155C97D461A6C00133AD93,"PLC, Product detaljeret, Aarhus, Aug. 2023.xlsx",1.1069090909090908,T-shirt
27110 T-Shirt Csr Unisex Lysblå,Alm.slid uden restværdi,1,165,2,30155C97D461A4C000F42297,"PLC, Product detaljeret, Aarhus, Aug. 2023.xlsx",0.368969696969697,T-shirt
13658 T-shirt dame lyseblå Prowear,Alm.slid uden restværdi,1,155,7,30155C97D461A4C000F4BDE9,"PLC, Product detaljeret, Aarhus, Aug. 2023.xlsx",1.3747096774193548,T-shirt
13658 T-shirt dame lyseblå Prowear,Alm.slid uden restværdi,1,152,3,30155C97D461A4C000D6DB8F,"PLC, Product detaljeret, Aarhus, Aug. 2023.xlsx",0.6007894736842105,T-shirt
08398 T-shirt unisex mblå k/æ bom,Alm.slid uden restværdi,1,140,2,30155C97D461A4C000D6C486,"PLC, Product detaljeret, Aarhus, Aug. 2023.xlsx",0.4348571428571429,T-shirt
08398 T-shirt unisex mblå k/æ bom,Alm.slid uden restværdi,1,140,2,30155C97D461A4C000D6C4AF,"PLC, Product detaljeret, Aarhus, Aug. 2023.xlsx",0.4348571428571429,T-shirt
08398 T-shirt unisex mblå k/æ bom,Alm.slid uden restværdi,1,140,2,30155C97D461A4C000D6C4C6,"PLC, Product detaljeret, Aarhus, Aug. 2023.xlsx",0.4348571428571429,T-shirt
08398 T-shirt unisex mblå k/æ bom,Alm.slid uden restværdi,1,140,2,30155C97D461A4C000D6C514,"PLC, Product detaljeret, Aarhus, Aug. 2023.xlsx",0.4348571428571429,T-shirt
08398 T-shirt unisex mblå k/æ bom,Alm.slid uden restværdi,1,140,2,30155C97D461A4C000D6C568,"PLC, Product detaljeret, Aarhus, Aug. 2023.xlsx",0.4348571428571429,T-shirt
08398 T-shirt unisex mblå k/æ bom,Alm.slid uden restværdi,1,140,2,30155C97D461A4C000D6C5B5,"PLC, Product detaljeret, Aarhus, Aug. 2023.xlsx",0.4348571428571429,T-shirt
08398 T-shirt unisex mblå k/æ bom,Alm.slid uden restværdi,1,140,2,30155C97D461A4C000D6C5FC,"PLC, Product detaljeret, Aarhus, Aug. 2023.xlsx",0.4348571428571429,T-shirt
08398 T-shirt unisex mblå k/æ bom,Alm.slid uden restværdi,1,140,2,30155C97D461A4C000D6C5FD,"PLC, Product detaljeret, Aarhus, Aug. 2023.xlsx",0.4348571428571429,T-shirt
08398 T-shirt unisex mblå k/æ bom,Alm.slid uden restværdi,1,140,3,30155C97D461A4C000D6C60F,"PLC, Product detaljeret, Aarhus, Aug. 2023.xlsx",0.6522857142857144,T-shirt
01427 T-shirt unisex lyseblå pb,Alm.slid uden restværdi,1,137,12,30155C97D461A4C000F4633A,"PLC, Product detaljeret, Aarhus, Aug. 2023.xlsx",2.666277372262774,T-shirt
24593 T-shirt You dame Kornblå,Alm.slid uden restværdi,1,125,0,30155C97D461A6C001879AC7,"PLC, Product detaljeret, Aarhus, Aug. 2023.xlsx",0.0,T-shirt
24593 T-shirt You dame Kornblå,Alm.slid uden restværdi,1,125,0,30155C97D461A6C001879AE9,"PLC, Product detaljeret, Aarhus, Aug. 2023.xlsx",0.0,T-shirt
24593 T-shirt You dame Kornblå,Alm.slid uden restværdi,1,125,0,30155C97D461A6C001879C2B,"PLC, Product detaljeret, Aarhus, Aug. 2023.xlsx",0.0,T-shirt
24593 T-shirt You dame Kornblå,Alm.slid uden restværdi,1,125,0,30155C97D461A6C001879CB5,"PLC, Product detaljeret, Aarhus, Aug. 2023.xlsx",0.0,T-shirt
01589 T-shirt unisex mblå k/æ,Alm.slid uden restværdi,1,107,4,30155C97D461A4C000B901AF,"PLC, Product detaljeret, Aarhus, Aug. 2023.xlsx",1.1379439252336447,T-shirt
13658 T-shirt dame lyseblå Prowear,Alm.slid uden restværdi,1,89,2,30155C97D461A4C0010BFFFB,"PLC, Product detaljeret, Aarhus, Aug. 2023.xlsx",0.6840449438202247,T-shirt
13658 T-shirt dame lyseblå Prowear,Alm.slid uden restværdi,1,89,3,30155C97D461A4C0010C00D4,"PLC, Product detaljeret, Aarhus, Aug. 2023.xlsx",1.026067415730337,T-shirt
28993 T-shirt dame lysblå Lyocell,Alm.slid uden restværdi,1,89,3,30155C97D461A4C000C268FE,"PLC, Product detaljeret, Aarhus, Aug. 2023.xlsx",1.026067415730337,T-shirt
01589 T-shirt unisex mblå k/æ,Alm.slid uden restværdi,1,85,6,30155C97D461A4C000F49FB2,"PLC, Product detaljeret, Aarhus, Aug. 2023.xlsx",2.148705882352941,T-shirt
01589 T-shirt unisex mblå k/æ,Alm.slid uden restværdi,1,85,4,30155C97D461A4C000F4A0A0,"PLC, Product detaljeret, Aarhus, Aug. 2023.xlsx",1.4324705882352942,T-shirt
28993 T-shirt dame lysblå Lyocell,Alm.slid uden restværdi,1,84,5,30155C97D461A6C0018F3890,"PLC, Product detaljeret, Aarhus, Aug. 2023.xlsx",1.811904761904762,T-shirt
27725 T-shirt uni lblå PRO Light,Alm.slid uden restværdi,1,78,3,30155C97D461A4C001103B65,"PLC, Product detaljeret, Aarhus, Aug. 2023.xlsx",1.1707692307692308,T-shirt
28993 T-shirt dame lysblå Lyocell,Alm.slid uden restværdi,1,78,7,30155C97D461A6C0018E8CE8,"PLC, Product detaljeret, Aarhus, Aug. 2023.xlsx",2.731794871794872,T-shirt
28993 T-shirt dame lysblå Lyocell,Alm.slid uden restværdi,1,69,7,30155C97D461A6C0018E8F2A,"PLC, Product detaljeret, Aarhus, Aug. 2023.xlsx",3.0881159420289856,T-shirt
28997 T-shirt uni lysblå Lyocell,Alm.slid uden restværdi,1,64,3,30155C97D461A4C000C0C351,"PLC, Product detaljeret, Aarhus, Aug. 2023.xlsx",1.4268750000000001,T-shirt
13658 T-shirt dame lyseblå Prowear,Alm.slid uden restværdi,1,63,1,30155C97D461A4C000C09221,"PLC, Product detaljeret, Aarhus, Aug. 2023.xlsx",0.48317460317460315,T-shirt
03885 T-Shirt Lysblå Lady K/Æ P/B,Alm.slid uden restværdi,1,58,4,30155C97D461A7C002A3D24C,"PLC, Product detaljeret, Aarhus, Aug. 2023.xlsx",2.099310344827586,T-shirt
13658 T-shirt dame lyseblå Prowear,Alm.slid uden restværdi,1,58,1,30155C97D461A7C0027B7CB9,"PLC, Product detaljeret, Aarhus, Aug. 2023.xlsx",0.5248275862068965,T-shirt
01589 T-shirt unisex mblå k/æ,Alm.slid uden restværdi,1,48,0,00D00BABD98C,"PLC, Product detaljeret, Aarhus, Aug. 2023.xlsx",0.0,T-shirt
01589 T-shirt unisex mblå k/æ,Alm.slid uden restværdi,1,48,0,00D00BAC1E6F,"PLC, Product detaljeret, Aarhus, Aug. 2023.xlsx",0.0,T-shirt
01589 T-shirt unisex mblå k/æ,Alm.slid uden restværdi,1,48,0,00D00BAAA458,"PLC, Product detaljeret, Aarhus, Aug. 2023.xlsx",0.0,T-shirt
24762 T-shirt da k/æ blåmela Pro,Alm.slid uden restværdi,1,41,1,30155C97D461A7C001FC202A,"PLC, Product detaljeret, Aarhus, Aug. 2023.xlsx",0.742439024390244,T-shirt
01589 T-shirt unisex mblå k/æ,Alm.slid uden restværdi,1,36,2,00D00A0AC55E,"PLC, Product detaljeret, Aarhus, Aug. 2023.xlsx",1.691111111111111,T-shirt
24762 T-shirt da k/æ blåmela Pro,Alm.slid uden restværdi,1,32,1,30155C97D461A7C00229176D,"PLC, Product detaljeret, Aarhus, Aug. 2023.xlsx",0.95125,T-shirt
27859 T-shirt dame lblå PRO Light,Alm.slid uden restværdi,1,30,2,30155C97D461A4C000C28FFD,"PLC, Product detaljeret, Aarhus, Aug. 2023.xlsx",2.029333333333333,T-shirt
01589 T-shirt unisex mblå k/æ,Alm.slid uden restværdi,1,28,1,00D00A0A6EE1,"PLC, Product detaljeret, Aarhus, Aug. 2023.xlsx",1.0871428571428572,T-shirt
27859 T-shirt dame lblå PRO Light,Alm.slid uden restværdi,1,27,1,30155C97D461A4C000C28EBF,"PLC, Product detaljeret, Aarhus, Aug. 2023.xlsx",1.1274074074074074,T-shirt
27859 T-shirt dame lblå PRO Light,Alm.slid uden restværdi,1,27,1,30155C97D461A4C000C28F02,"PLC, Product detaljeret, Aarhus, Aug. 2023.xlsx",1.1274074074074074,T-shirt
27859 T-shirt dame lblå PRO Light,Alm.slid uden restværdi,1,27,1,30155C97D461A4C000C28F37,"PLC, Product detaljeret, Aarhus, Aug. 2023.xlsx",1.1274074074074074,T-shirt
27859 T-shirt dame lblå PRO Light,Alm.slid uden restværdi,1,27,1,30155C97D461A4C000C28F9A,"PLC, Product detaljeret, Aarhus, Aug. 2023.xlsx",1.1274074074074074,T-shirt
27859 T-shirt dame lblå PRO Light,Alm.slid uden restværdi,1,27,2,30155C97D461A4C000C2908D,"PLC, Product detaljeret, Aarhus, Aug. 2023.xlsx",2.254814814814815,T-shirt
25055 T-shirt uni k/æ blåmelan Pro,Alm.slid uden restværdi,1,26,1,30155C97D461A4C001030930,"PLC, Product detaljeret, Aarhus, Aug. 2023.xlsx",1.1707692307692308,T-shirt
25055 T-shirt uni k/æ blåmelan Pro,Alm.slid uden restværdi,1,26,1,30155C97D461A4C001030935,"PLC, Product detaljeret, Aarhus, Aug. 2023.xlsx",1.1707692307692308,T-shirt
25055 T-shirt uni k/æ blåmelan Pro,Alm.slid uden restværdi,1,26,1,30155C97D461A4C001030949,"PLC, Product detaljeret, Aarhus, Aug. 2023.xlsx",1.1707692307692308,T-shirt
25055 T-shirt uni k/æ blåmelan Pro,Alm.slid uden restværdi,1,26,1,30155C97D461A4C0010309A2,"PLC, Product detaljeret, Aarhus, Aug. 2023.xlsx",1.1707692307692308,T-shirt
27110 T-Shirt Csr Unisex Lysblå,Alm.slid uden restværdi,1,20,1,30155C97D461A4C000EBB32A,"PLC, Product detaljeret, Aarhus, Aug. 2023.xlsx",1.5220000000000002,T-shirt
27110 T-Shirt Csr Unisex Lysblå,Alm.slid uden restværdi,1,20,1,30155C97D461A4C000EBB366,"PLC, Product detaljeret, Aarhus, Aug. 2023.xlsx",1.5220000000000002,T-shirt
27110 T-Shirt Csr Unisex Lysblå,Alm.slid uden restværdi,1,20,1,30155C97D461A4C000EBB3D2,"PLC, Product detaljeret, Aarhus, Aug. 2023.xlsx",1.5220000000000002,T-shirt
13658 T-shirt dame lyseblå Prowear,Alm.slid uden restværdi,1,4,0,30155C97D461A4C00164F807,"PLC, Product detaljeret, Aarhus, Aug. 2023.xlsx",0.0,T-shirt
01717 T-shirt unisex kblå pb,Alm.slid uden restværdi,1,2894,131,00D00A518C59,"PLC, Product detaljeret, Aarhus, Dec. 2023.xlsx",1.3778991015894955,T-shirt
01589 T-shirt unisex mblå k/æ,Alm.slid uden restværdi,1,2756,89,00D00A3489A1,"PLC, Product detaljeret, Aarhus, Dec. 2023.xlsx",0.9830043541364297,T-shirt
01589 T-shirt unisex mblå k/æ,Alm.slid uden restværdi,1,2741,44,00D009AC607B,"PLC, Product detaljeret, Aarhus, Dec. 2023.xlsx",0.48863918278000734,T-shirt
01589 T-shirt unisex mblå k/æ,Alm.slid uden restværdi,1,2741,41,00D009ACC10C,"PLC, Product detaljeret, Aarhus, Dec. 2023.xlsx",0.4553228748631887,T-shirt
01589 T-shirt unisex mblå k/æ,Alm.slid uden restværdi,1,2741,49,00D009ACCB71,"PLC, Product detaljeret, Aarhus, Dec. 2023.xlsx",0.5441663626413719,T-shirt
01589 T-shirt unisex mblå k/æ,Alm.slid uden restværdi,1,2741,37,00D009AFD324,"PLC, Product detaljeret, Aarhus, Dec. 2023.xlsx",0.41090113097409703,T-shirt
01589 T-shirt unisex mblå k/æ,Alm.slid uden restværdi,1,2741,49,00D009AFD93E,"PLC, Product detaljeret, Aarhus, Dec. 2023.xlsx",0.5441663626413719,T-shirt
01589 T-shirt unisex mblå k/æ,Alm.slid uden restværdi,1,2741,47,00D00A342770,"PLC, Product detaljeret, Aarhus, Dec. 2023.xlsx",0.521955490696826,T-shirt
01589 T-shirt unisex mblå k/æ,Alm.slid uden restværdi,1,2741,41,00D00A346DC9,"PLC, Product detaljeret, Aarhus, Dec. 2023.xlsx",0.4553228748631887,T-shirt
01589 T-shirt unisex mblå k/æ,Alm.slid uden restværdi,1,2741,53,00D00A347034,"PLC, Product detaljeret, Aarhus, Dec. 2023.xlsx",0.5885881065304633,T-shirt
01589 T-shirt unisex mblå k/æ,Alm.slid uden restværdi,1,2740,92,30155C97D461A7C0002C61A5,"PLC, Product detaljeret, Aarhus, Dec. 2023.xlsx",1.02207299270073,T-shirt
01589 T-shirt unisex mblå k/æ,Alm.slid uden restværdi,1,2619,83,00D009E4151B,"PLC, Product detaljeret, Aarhus, Dec. 2023.xlsx",0.9646888125238642,T-shirt
01589 T-shirt unisex mblå k/æ,Alm.slid uden restværdi,1,2603,57,30155C97D461A7C0000D6447,"PLC, Product detaljeret, Aarhus, Dec. 2023.xlsx",0.6665693430656935,T-shirt
03885 T-Shirt Lysblå Lady K/Æ P/B,Alm.slid uden restværdi,1,2565,70,00D009760610,"PLC, Product detaljeret, Aarhus, Dec. 2023.xlsx",0.8307212475633529,T-shirt
03885 T-Shirt Lysblå Lady K/Æ P/B,Alm.slid uden restværdi,1,2481,58,30155C97D461A7C0006FB92F,"PLC, Product detaljeret, Aarhus, Dec. 2023.xlsx",0.7116162837565497,T-shirt
01589 T-shirt unisex mblå k/æ,Alm.slid uden restværdi,1,2459,5,30155C97D461A7C00045F34D,"PLC, Product detaljeret, Aarhus, Dec. 2023.xlsx",0.06189507930052867,T-shirt
01589 T-shirt unisex mblå k/æ,Alm.slid uden restværdi,1,2405,65,30155C97D461A7C0002D57BD,"PLC, Product detaljeret, Aarhus, Dec. 2023.xlsx",0.8227027027027027,T-shirt
01589 T-shirt unisex mblå k/æ,Alm.slid uden restværdi,1,2405,57,30155C97D461A7C0002D79AC,"PLC, Product detaljeret, Aarhus, Dec. 2023.xlsx",0.7214469854469855,T-shirt
01589 T-shirt unisex mblå k/æ,Alm.slid uden restværdi,1,2405,29,30155C97D461A7C0002D7A9E,"PLC, Product detaljeret, Aarhus, Dec. 2023.xlsx",0.36705197505197507,T-shirt
01717 T-shirt unisex kblå pb,Alm.slid uden restværdi,1,2402,84,30155C97D461A7C000B5C70A,"PLC, Product detaljeret, Aarhus, Dec. 2023.xlsx",1.0645129059117402,T-shirt
01717 T-shirt unisex kblå pb,Alm.slid uden restværdi,1,2402,79,30155C97D461A7C000B5C733,"PLC, Product detaljeret, Aarhus, Dec. 2023.xlsx",1.001149042464613,T-shirt
01589 T-shirt unisex mblå k/æ,Alm.slid uden restværdi,1,2387,100,30155C97D461A7C0000D664F,"PLC, Product detaljeret, Aarhus, Dec. 2023.xlsx",1.2752408881441142,T-shirt
01589 T-shirt unisex mblå k/æ,Alm.slid uden restværdi,1,2359,125,30155C97D461A7C0002D566F,"PLC, Product detaljeret, Aarhus, Dec. 2023.xlsx",1.612971598134803,T-shirt
01589 T-shirt unisex mblå k/æ,Alm.slid uden restværdi,1,2338,113,30155C97D461A7C000B11373,"PLC, Product detaljeret, Aarhus, Dec. 2023.xlsx",1.471223267750214,T-shirt
01589 T-shirt unisex mblå k/æ,Alm.slid uden restværdi,1,2296,95,30155C97D461A7C000E2ADCF,"PLC, Product detaljeret, Aarhus, Dec. 2023.xlsx",1.2594947735191637,T-shirt
03885 T-Shirt Lysblå Lady K/Æ P/B,Alm.slid uden restværdi,1,2288,12,00D00975B3CC,"PLC, Product detaljeret, Aarhus, Dec. 2023.xlsx",0.15965034965034966,T-shirt
01427 T-shirt unisex lyseblå pb,Alm.slid uden restværdi,1,2256,72,300ED89F3350007FE2669C8B,"PLC, Product detaljeret, Aarhus, Dec. 2023.xlsx",0.9714893617021276,T-shirt
13658 T-shirt dame lyseblå Prowear,Alm.slid uden restværdi,1,2255,123,300ED89F335000400183D836,"PLC, Product detaljeret, Aarhus, Dec. 2023.xlsx",1.6603636363636363,T-shirt
13658 T-shirt dame lyseblå Prowear,Alm.slid uden restværdi,1,2253,123,300ED89F335000400183D7C6,"PLC, Product detaljeret, Aarhus, Dec. 2023.xlsx",1.6618375499334221,T-shirt
13658 T-shirt dame lyseblå Prowear,Alm.slid uden restværdi,1,2249,50,300ED89F335000400183B3C7,"PLC, Product detaljeret, Aarhus, Dec. 2023.xlsx",0.6767452200978212,T-shirt
13658 T-shirt dame lyseblå Prowear,Alm.slid uden restværdi,1,2247,110,300ED89F3350007FE266B60B,"PLC, Product detaljeret, Aarhus, Dec. 2023.xlsx",1.4901646639964397,T-shirt
13658 T-shirt dame lyseblå Prowear,Alm.slid uden restværdi,1,2244,99,300ED89F335000400183D336,"PLC, Product detaljeret, Aarhus, Dec. 2023.xlsx",1.3429411764705883,T-shirt
13658 T-shirt dame lyseblå Prowear,Alm.slid uden restværdi,1,2242,111,300ED89F335000400183CA7E,"PLC, Product detaljeret, Aarhus, Dec. 2023.xlsx",1.5070651204281893,T-shirt
13658 T-shirt dame lyseblå Prowear,Alm.slid uden restværdi,1,2235,110,300ED89F335000400183CF8E,"PLC, Product detaljeret, Aarhus, Dec. 2023.xlsx",1.4981655480984342,T-shirt
13658 T-shirt dame lyseblå Prowear,Alm.slid uden restværdi,1,2230,97,300ED89F335000400183CC8D,"PLC, Product detaljeret, Aarhus, Dec. 2023.xlsx",1.3240717488789238,T-shirt
13658 T-shirt dame lyseblå Prowear,Alm.slid uden restværdi,1,2222,70,300ED89F3350007FE266B741,"PLC, Product detaljeret, Aarhus, Dec. 2023.xlsx",0.958955895589559,T-shirt
01717 T-shirt unisex kblå pb,Alm.slid uden restværdi,1,2165,83,30155C97D461A7C000BA37D3,"PLC, Product detaljeret, Aarhus, Dec. 2023.xlsx",1.1669838337182448,T-shirt
01589 T-shirt unisex mblå k/æ,Alm.slid uden restværdi,1,2149,103,300ED89F33500060009D894A,"PLC, Product detaljeret, Aarhus, Dec. 2023.xlsx",1.458966961377385,T-shirt
01589 T-shirt unisex mblå k/æ,Alm.slid uden restværdi,1,2125,132,30155C97D461A7C0010D1CCD,"PLC, Product detaljeret, Aarhus, Dec. 2023.xlsx",1.8908611764705883,T-shirt
13658 T-shirt dame lyseblå Prowear,Alm.slid uden restværdi,1,2116,70,300ED89F33500060009D9936,"PLC, Product detaljeret, Aarhus, Dec. 2023.xlsx",1.0069943289224952,T-shirt
03885 T-Shirt Lysblå Lady K/Æ P/B,Alm.slid uden restværdi,1,2114,66,30155C97D461A7C000E9003E,"PLC, Product detaljeret, Aarhus, Dec. 2023.xlsx",0.9503500473036898,T-shirt
03885 T-Shirt Lysblå Lady K/Æ P/B,Alm.slid uden restværdi,1,2077,9,30155C97D461A7C000CBDA64,"PLC, Product detaljeret, Aarhus, Dec. 2023.xlsx",0.13190178141550316,T-shirt
03885 T-Shirt Lysblå Lady K/Æ P/B,Alm.slid uden restværdi,1,2077,9,30155C97D461A7C000CBDB99,"PLC, Product detaljeret, Aarhus, Dec. 2023.xlsx",0.13190178141550316,T-shirt
03885 T-Shirt Lysblå Lady K/Æ P/B,Alm.slid uden restværdi,1,2077,11,30155C97D461A7C000CBDBCE,"PLC, Product detaljeret, Aarhus, Dec. 2023.xlsx",0.16121328839672605,T-shirt
03885 T-Shirt Lysblå Lady K/Æ P/B,Alm.slid uden restværdi,1,2072,74,30155C97D461A7C000DF1208,"PLC, Product detaljeret, Aarhus, Dec. 2023.xlsx",1.0871428571428572,T-shirt
03885 T-Shirt Lysblå Lady K/Æ P/B,Alm.slid uden restværdi,1,2072,67,30155C97D461A7C000DF148E,"PLC, Product detaljeret, Aarhus, Dec. 2023.xlsx",0.9843050193050192,T-shirt
03885 T-Shirt Lysblå Lady K/Æ P/B,Alm.slid uden restværdi,1,2072,66,30155C97D461A7C000DF1513,"PLC, Product detaljeret, Aarhus, Dec. 2023.xlsx",0.9696138996138997,T-shirt
01427 T-shirt unisex lyseblå pb,Alm.slid uden restværdi,1,2054,5,300ED89F3350007FE267DB27,"PLC, Product detaljeret, Aarhus, Dec. 2023.xlsx",0.07409931840311589,T-shirt
03885 T-Shirt Lysblå Lady K/Æ P/B,Alm.slid uden restværdi,1,2051,81,30155C97D461A7C000CBE266,"PLC, Product detaljeret, Aarhus, Dec. 2023.xlsx",1.2021647976596783,T-shirt
01589 T-shirt unisex mblå k/æ,Alm.slid uden restværdi,1,2047,57,30155C97D461A7C00110DA26,"PLC, Product detaljeret, Aarhus, Dec. 2023.xlsx",0.8476209086468002,T-shirt
01589 T-shirt unisex mblå k/æ,Alm.slid uden restværdi,1,2042,29,30155C97D461A7C000E7FB62,"PLC, Product detaljeret, Aarhus, Dec. 2023.xlsx",0.43230166503428014,T-shirt
03885 T-Shirt Lysblå Lady K/Æ P/B,Alm.slid uden restværdi,1,2041,21,30155C97D461A7C000B95DB3,"PLC, Product detaljeret, Aarhus, Dec. 2023.xlsx",0.31319941205291524,T-shirt
03885 T-Shirt Lysblå Lady K/Æ P/B,Alm.slid uden restværdi,1,2038,56,30155C97D461A7C000E875E8,"PLC, Product detaljeret, Aarhus, Dec. 2023.xlsx",0.8364278704612365,T-shirt
01589 T-shirt unisex mblå k/æ,Alm.slid uden restværdi,1,2035,80,30155C97D461A7C00110D10A,"PLC, Product detaljeret, Aarhus, Dec. 2023.xlsx",1.1966584766584767,T-shirt
01589 T-shirt unisex mblå k/æ,Alm.slid uden restværdi,1,2035,85,30155C97D461A7C00110D167,"PLC, Product detaljeret, Aarhus, Dec. 2023.xlsx",1.2714496314496315,T-shirt
01589 T-shirt unisex mblå k/æ,Alm.slid uden restværdi,1,2035,95,30155C97D461A7C00110D1EF,"PLC, Product detaljeret, Aarhus, Dec. 2023.xlsx",1.421031941031941,T-shirt
01589 T-shirt unisex mblå k/æ,Alm.slid uden restværdi,1,2035,92,30155C97D461A7C00110D217,"PLC, Product detaljeret, Aarhus, Dec. 2023.xlsx",1.3761572481572482,T-shirt
01589 T-shirt unisex mblå k/æ,Alm.slid uden restværdi,1,2035,90,30155C97D461A7C00110D272,"PLC, Product detaljeret, Aarhus, Dec. 2023.xlsx",1.3462407862407861,T-shirt
03885 T-Shirt Lysblå Lady K/Æ P/B,Alm.slid uden restværdi,1,2018,17,30155C97D461A7C00103AB1E,"PLC, Product detaljeret, Aarhus, Dec. 2023.xlsx",0.25643211100099106,T-shirt
03885 T-Shirt Lysblå Lady K/Æ P/B,Alm.slid uden restværdi,1,2015,23,30155C97D461A7C00103BD29,"PLC, Product detaljeret, Aarhus, Dec. 2023.xlsx",0.347454094292804,T-shirt
01589 T-shirt unisex mblå k/æ,Alm.slid uden restværdi,1,2004,100,30155C97D461A7C00137DE91,"PLC, Product detaljeret, Aarhus, Dec. 2023.xlsx",1.5189620758483036,T-shirt
01589 T-shirt unisex mblå k/æ,Alm.slid uden restværdi,1,2004,107,30155C97D461A7C00137DF72,"PLC, Product detaljeret, Aarhus, Dec. 2023.xlsx",1.6252894211576847,T-shirt
03885 T-Shirt Lysblå Lady K/Æ P/B,Alm.slid uden restværdi,1,2003,20,30155C97D461A7C000E0A02C,"PLC, Product detaljeret, Aarhus, Dec. 2023.xlsx",0.30394408387418875,T-shirt
01427 T-shirt unisex lyseblå pb,Alm.slid uden restværdi,1,1992,24,30155C97D461A7C00122F4F2,"PLC, Product detaljeret, Aarhus, Dec. 2023.xlsx",0.36674698795180727,T-shirt
13658 T-shirt dame lyseblå Prowear,Alm.slid uden restværdi,1,1990,55,300ED89F335000400183C9EB,"PLC, Product detaljeret, Aarhus, Dec. 2023.xlsx",0.8413065326633167,T-shirt
01589 T-shirt unisex mblå k/æ,Alm.slid uden restværdi,1,1961,136,30155C97D461A7C00150FC86,"PLC, Product detaljeret, Aarhus, Dec. 2023.xlsx",2.111086180520143,T-shirt
13658 T-shirt dame lyseblå Prowear,Alm.slid uden restværdi,1,1942,33,300ED89F33500060009D74CC,"PLC, Product detaljeret, Aarhus, Dec. 2023.xlsx",0.5172605561277034,T-shirt
03885 T-Shirt Lysblå Lady K/Æ P/B,Alm.slid uden restværdi,1,1931,28,00D00971FDE1,"PLC, Product detaljeret, Aarhus, Dec. 2023.xlsx",0.44138788192646294,T-shirt
13658 T-shirt dame lyseblå Prowear,Alm.slid uden restværdi,1,1928,131,300ED89F33500060009D7647,"PLC, Product detaljeret, Aarhus, Dec. 2023.xlsx",2.0682780082987553,T-shirt
03885 T-Shirt Lysblå Lady K/Æ P/B,Alm.slid uden restværdi,1,1889,66,30155C97D461A7C000E0A14C,"PLC, Product detaljeret, Aarhus, Dec. 2023.xlsx",1.0635468501852832,T-shirt
03885 T-Shirt Lysblå Lady K/Æ P/B,Alm.slid uden restværdi,1,1887,17,30155C97D461A7C001037A29,"PLC, Product detaljeret, Aarhus, Dec. 2023.xlsx",0.27423423423423426,T-shirt
01589 T-shirt unisex mblå k/æ,Alm.slid uden restværdi,1,1856,99,30155C97D461A7C0015138BB,"PLC, Product detaljeret, Aarhus, Dec. 2023.xlsx",1.6236853448275863,T-shirt
01589 T-shirt unisex mblå k/æ,Alm.slid uden restværdi,1,1856,135,30155C97D461A7C0015144F4,"PLC, Product detaljeret, Aarhus, Dec. 2023.xlsx",2.2141163793103447,T-shirt
01589 T-shirt unisex mblå k/æ,Alm.slid uden restværdi,1,1856,132,30155C97D461A7C001530FDF,"PLC, Product detaljeret, Aarhus, Dec. 2023.xlsx",2.1649137931034486,T-shirt
01427 T-shirt unisex lyseblå pb,Alm.slid uden restværdi,1,1821,134,30155C97D461A7C000F0A33C,"PLC, Product detaljeret, Aarhus, Dec. 2023.xlsx",2.239956068094454,T-shirt
01427 T-shirt unisex lyseblå pb,Alm.slid uden restværdi,1,1821,104,30155C97D461A7C000F0A394,"PLC, Product detaljeret, Aarhus, Dec. 2023.xlsx",1.7384733662822625,T-shirt
01427 T-shirt unisex lyseblå pb,Alm.slid uden restværdi,1,1821,117,30155C97D461A7C000F0A4FB,"PLC, Product detaljeret, Aarhus, Dec. 2023.xlsx",1.9557825370675452,T-shirt
01427 T-shirt unisex lyseblå pb,Alm.slid uden restværdi,1,1820,109,30155C97D461A7C000F0A35C,"PLC, Product detaljeret, Aarhus, Dec. 2023.xlsx",1.8230549450549451,T-shirt
01427 T-shirt unisex lyseblå pb,Alm.slid uden restværdi,1,1820,112,30155C97D461A7C000F0A408,"PLC, Product detaljeret, Aarhus, Dec. 2023.xlsx",1.8732307692307695,T-shirt
01427 T-shirt unisex lyseblå pb,Alm.slid uden restværdi,1,1820,130,30155C97D461A7C000F0A456,"PLC, Product detaljeret, Aarhus, Dec. 2023.xlsx",2.1742857142857144,T-shirt
01427 T-shirt unisex lyseblå pb,Alm.slid uden restværdi,1,1820,91,30155C97D461A7C000F0A475,"PLC, Product detaljeret, Aarhus, Dec. 2023.xlsx",1.5220000000000002,T-shirt
01427 T-shirt unisex lyseblå pb,Alm.slid uden restværdi,1,1820,123,30155C97D461A7C0013C93C4,"PLC, Product detaljeret, Aarhus, Dec. 2023.xlsx",2.057208791208791,T-shirt
01427 T-shirt unisex lyseblå pb,Alm.slid uden restværdi,1,1820,95,30155C97D461A7C0013FA6F9,"PLC, Product detaljeret, Aarhus, Dec. 2023.xlsx",1.588901098901099,T-shirt
01427 T-shirt unisex lyseblå pb,Alm.slid uden restværdi,1,1820,113,30155C97D461A7C0013FA71E,"PLC, Product detaljeret, Aarhus, Dec. 2023.xlsx",1.889956043956044,T-shirt
01427 T-shirt unisex lyseblå pb,Alm.slid uden restværdi,1,1820,113,30155C97D461A7C0013FA720,"PLC, Product detaljeret, Aarhus, Dec. 2023.xlsx",1.889956043956044,T-shirt
01427 T-shirt unisex lyseblå pb,Alm.slid uden restværdi,1,1820,114,30155C97D461A7C0013FA742,"PLC, Product detaljeret, Aarhus, Dec. 2023.xlsx",1.9066813186813187,T-shirt
01427 T-shirt unisex lyseblå pb,Alm.slid uden restværdi,1,1820,89,30155C97D461A7C0013FA760,"PLC, Product detaljeret, Aarhus, Dec. 2023.xlsx",1.4885494505494505,T-shirt
01427 T-shirt unisex lyseblå pb,Alm.slid uden restværdi,1,1820,72,30155C97D461A7C0013FA7EA,"PLC, Product detaljeret, Aarhus, Dec. 2023.xlsx",1.2042197802197803,T-shirt
01427 T-shirt unisex lyseblå pb,Alm.slid uden restværdi,1,1820,64,30155C97D461A7C0013FA800,"PLC, Product detaljeret, Aarhus, Dec. 2023.xlsx",1.0704175824175826,T-shirt
01427 T-shirt unisex lyseblå pb,Alm.slid uden restværdi,1,1820,116,30155C97D461A7C0013FA88C,"PLC, Product detaljeret, Aarhus, Dec. 2023.xlsx",1.940131868131868,T-shirt
03885 T-Shirt Lysblå Lady K/Æ P/B,Alm.slid uden restværdi,1,1820,22,30155C97D461A7C001035353,"PLC, Product detaljeret, Aarhus, Dec. 2023.xlsx",0.367956043956044,T-shirt
03885 T-Shirt Lysblå Lady K/Æ P/B,Alm.slid uden restværdi,1,1801,42,30155C97D461A7C0010353D1,"PLC, Product detaljeret, Aarhus, Dec. 2023.xlsx",0.7098722931704609,T-shirt
01589 T-shirt unisex mblå k/æ,Alm.slid uden restværdi,1,1771,71,30155C97D461A7C001186A9E,"PLC, Product detaljeret, Aarhus, Dec. 2023.xlsx",1.220350084697911,T-shirt
01589 T-shirt unisex mblå k/æ,Alm.slid uden restværdi,1,1768,20,300ED89F3350007FE266A747,"PLC, Product detaljeret, Aarhus, Dec. 2023.xlsx",0.34434389140271493,T-shirt
01427 T-shirt unisex lyseblå pb,Alm.slid uden restværdi,1,1738,27,30155C97D461A7C0020B417F,"PLC, Product detaljeret, Aarhus, Dec. 2023.xlsx",0.4728883774453395,T-shirt
01589 T-shirt unisex mblå k/æ,Alm.slid uden restværdi,1,1679,78,30155C97D461A7C001D4F60B,"PLC, Product detaljeret, Aarhus, Dec. 2023.xlsx",1.4141274568195354,T-shirt
01589 T-shirt unisex mblå k/æ,Alm.slid uden restværdi,1,1649,38,30155C97D461A7C0020A8CF6,"PLC, Product detaljeret, Aarhus, Dec. 2023.xlsx",0.7014675560946029,T-shirt
01589 T-shirt unisex mblå k/æ,Alm.slid uden restværdi,1,1634,71,30155C97D461A7C002124568,"PLC, Product detaljeret, Aarhus, Dec. 2023.xlsx",1.322668298653611,T-shirt
03885 T-Shirt Lysblå Lady K/Æ P/B,Alm.slid uden restværdi,1,1598,115,30155C97D461A7C000E0DD09,"PLC, Product detaljeret, Aarhus, Dec. 2023.xlsx",2.190613266583229,T-shirt
03885 T-Shirt Lysblå Lady K/Æ P/B,Alm.slid uden restværdi,1,1598,127,30155C97D461A7C000E0DDDA,"PLC, Product detaljeret, Aarhus, Dec. 2023.xlsx",2.4191989987484357,T-shirt
03885 T-Shirt Lysblå Lady K/Æ P/B,Alm.slid uden restværdi,1,1598,125,30155C97D461A7C000E0DE07,"PLC, Product detaljeret, Aarhus, Dec. 2023.xlsx",2.3811013767209013,T-shirt
03885 T-Shirt Lysblå Lady K/Æ P/B,Alm.slid uden restværdi,1,1598,113,30155C97D461A7C000E0DE2F,"PLC, Product detaljeret, Aarhus, Dec. 2023.xlsx",2.1525156445556948,T-shirt
01589 T-shirt unisex mblå k/æ,Alm.slid uden restværdi,1,1584,31,30155C97D461A7C00212621C,"PLC, Product detaljeret, Aarhus, Dec. 2023.xlsx",0.5957323232323233,T-shirt
01427 T-shirt unisex lyseblå pb,Alm.slid uden restværdi,1,1579,27,30155C97D461A7C0016DE48E,"PLC, Product detaljeret, Aarhus, Dec. 2023.xlsx",0.5205066497783407,T-shirt
01589 T-shirt unisex mblå k/æ,Alm.slid uden restværdi,1,1570,46,30155C97D461A7C00226E35B,"PLC, Product detaljeret, Aarhus, Dec. 2023.xlsx",0.8918726114649682,T-shirt
26055 T-shirt 1/2 ærme da lyseblå,Alm.slid uden restværdi,1,1483,124,30155C97D461A7C0008A64DA,"PLC, Product detaljeret, Aarhus, Dec. 2023.xlsx",2.54521915037087,T-shirt
26055 T-shirt 1/2 ærme da lyseblå,Alm.slid uden restværdi,1,1479,71,30155C97D461A7C0008A646E,"PLC, Product detaljeret, Aarhus, Dec. 2023.xlsx",1.4612846517917513,T-shirt
26055 T-shirt 1/2 ærme da lyseblå,Alm.slid uden restværdi,1,1479,73,30155C97D461A7C0008A6475,"PLC, Product detaljeret, Aarhus, Dec. 2023.xlsx",1.502447599729547,T-shirt
26055 T-shirt 1/2 ærme da lyseblå,Alm.slid uden restværdi,1,1479,75,30155C97D461A7C0008A6476,"PLC, Product detaljeret, Aarhus, Dec. 2023.xlsx",1.5436105476673427,T-shirt
26055 T-shirt 1/2 ærme da lyseblå,Alm.slid uden restværdi,1,1479,70,30155C97D461A7C0008A6479,"PLC, Product detaljeret, Aarhus, Dec. 2023.xlsx",1.4407031778228534,T-shirt
26055 T-shirt 1/2 ærme da lyseblå,Alm.slid uden restværdi,1,1479,72,30155C97D461A7C0008A649B,"PLC, Product detaljeret, Aarhus, Dec. 2023.xlsx",1.4818661257606491,T-shirt
26055 T-shirt 1/2 ærme da lyseblå,Alm.slid uden restværdi,1,1479,72,30155C97D461A7C0008A64A6,"PLC, Product detaljeret, Aarhus, Dec. 2023.xlsx",1.4818661257606491,T-shirt
26055 T-shirt 1/2 ærme da lyseblå,Alm.slid uden restværdi,1,1479,69,30155C97D461A7C0008A64B2,"PLC, Product detaljeret, Aarhus, Dec. 2023.xlsx",1.4201217038539553,T-shirt
26055 T-shirt 1/2 ærme da lyseblå,Alm.slid uden restværdi,1,1479,76,30155C97D461A7C0008A64C1,"PLC, Product detaljeret, Aarhus, Dec. 2023.xlsx",1.5641920216362408,T-shirt
26055 T-shirt 1/2 ærme da lyseblå,Alm.slid uden restværdi,1,1479,75,30155C97D461A7C0008A64F9,"PLC, Product detaljeret, Aarhus, Dec. 2023.xlsx",1.5436105476673427,T-shirt
26055 T-shirt 1/2 ærme da lyseblå,Alm.slid uden restværdi,1,1479,70,30155C97D461A7C0008A6506,"PLC, Product detaljeret, Aarhus, Dec. 2023.xlsx",1.4407031778228534,T-shirt
26055 T-shirt 1/2 ærme da lyseblå,Alm.slid uden restværdi,1,1479,81,30155C97D461A7C0008A6508,"PLC, Product detaljeret, Aarhus, Dec. 2023.xlsx",1.6670993914807302,T-shirt
26056 T-shirt k/æ dame lyseblå,Alm.slid uden restværdi,1,1471,85,30155C97D461A7C0008A63F5,"PLC, Product detaljeret, Aarhus, Dec. 2023.xlsx",1.7589394969408567,T-shirt
26056 T-shirt k/æ dame lyseblå,Alm.slid uden restværdi,1,1471,95,30155C97D461A7C0008A6420,"PLC, Product detaljeret, Aarhus, Dec. 2023.xlsx",1.9658735554044866,T-shirt
26056 T-shirt k/æ dame lyseblå,Alm.slid uden restværdi,1,1471,68,30155C97D461A7C0008A6449,"PLC, Product detaljeret, Aarhus, Dec. 2023.xlsx",1.4071515975526854,T-shirt
26056 T-shirt k/æ dame lyseblå,Alm.slid uden restværdi,1,1471,66,30155C97D461A7C0008A6463,"PLC, Product detaljeret, Aarhus, Dec. 2023.xlsx",1.3657647858599593,T-shirt
26056 T-shirt k/æ dame lyseblå,Alm.slid uden restværdi,1,1471,101,30155C97D461A7C0008A6512,"PLC, Product detaljeret, Aarhus, Dec. 2023.xlsx",2.090033990482665,T-shirt
26056 T-shirt k/æ dame lyseblå,Alm.slid uden restværdi,1,1471,73,30155C97D461A7C0008A6529,"PLC, Product detaljeret, Aarhus, Dec. 2023.xlsx",1.5106186267845005,T-shirt
26056 T-shirt k/æ dame lyseblå,Alm.slid uden restværdi,1,1471,85,30155C97D461A7C0008A6532,"PLC, Product detaljeret, Aarhus, Dec. 2023.xlsx",1.7589394969408567,T-shirt
26056 T-shirt k/æ dame lyseblå,Alm.slid uden restværdi,1,1471,87,30155C97D461A7C0008A6559,"PLC, Product detaljeret, Aarhus, Dec. 2023.xlsx",1.8003263086335826,T-shirt
26056 T-shirt k/æ dame lyseblå,Alm.slid uden restværdi,1,1471,101,30155C97D461A7C0008A655F,"PLC, Product detaljeret, Aarhus, Dec. 2023.xlsx",2.090033990482665,T-shirt
26055 T-shirt 1/2 ærme da lyseblå,Alm.slid uden restværdi,1,1464,86,30155C97D461A7C0006A9C84,"PLC, Product detaljeret, Aarhus, Dec. 2023.xlsx",1.7881420765027325,T-shirt
26055 T-shirt 1/2 ærme da lyseblå,Alm.slid uden restværdi,1,1464,97,30155C97D461A7C0006A9D76,"PLC, Product detaljeret, Aarhus, Dec. 2023.xlsx",2.016857923497268,T-shirt
26055 T-shirt 1/2 ærme da lyseblå,Alm.slid uden restværdi,1,1464,87,30155C97D461A7C0006A9DE7,"PLC, Product detaljeret, Aarhus, Dec. 2023.xlsx",1.8089344262295082,T-shirt
26055 T-shirt 1/2 ærme da lyseblå,Alm.slid uden restværdi,1,1459,87,30155C97D461A7C0006A9C8B,"PLC, Product detaljeret, Aarhus, Dec. 2023.xlsx",1.8151336531871147,T-shirt
26056 T-shirt k/æ dame lyseblå,Alm.slid uden restværdi,1,1458,52,30155C97D461A7C001FC5719,"PLC, Product detaljeret, Aarhus, Dec. 2023.xlsx",1.0856515775034294,T-shirt
26056 T-shirt k/æ dame lyseblå,Alm.slid uden restværdi,1,1452,92,30155C97D461A7C0021BEF4E,"PLC, Product detaljeret, Aarhus, Dec. 2023.xlsx",1.9287052341597797,T-shirt
26056 T-shirt k/æ dame lyseblå,Alm.slid uden restværdi,1,1448,95,30155C97D461A7C0021BEF50,"PLC, Product detaljeret, Aarhus, Dec. 2023.xlsx",1.9970994475138122,T-shirt
26056 T-shirt k/æ dame lyseblå,Alm.slid uden restværdi,1,1437,78,30155C97D461A7C0021BEFA0,"PLC, Product detaljeret, Aarhus, Dec. 2023.xlsx",1.652275574112735,T-shirt
26056 T-shirt k/æ dame lyseblå,Alm.slid uden restværdi,1,1429,84,30155C97D461A7C0021BEF2D,"PLC, Product detaljeret, Aarhus, Dec. 2023.xlsx",1.789335199440168,T-shirt
26056 T-shirt k/æ dame lyseblå,Alm.slid uden restværdi,1,1429,85,30155C97D461A7C0021BEFC5,"PLC, Product detaljeret, Aarhus, Dec. 2023.xlsx",1.8106368089573128,T-shirt
26056 T-shirt k/æ dame lyseblå,Alm.slid uden restværdi,1,1413,83,30155C97D461A7C001FC5773,"PLC, Product detaljeret, Aarhus, Dec. 2023.xlsx",1.788053786270347,T-shirt
26056 T-shirt k/æ dame lyseblå,Alm.slid uden restværdi,1,1392,100,30155C97D461A7C0005C459E,"PLC, Product detaljeret, Aarhus, Dec. 2023.xlsx",2.1867816091954024,T-shirt
26056 T-shirt k/æ dame lyseblå,Alm.slid uden restværdi,1,1392,99,30155C97D461A7C0005C4613,"PLC, Product detaljeret, Aarhus, Dec. 2023.xlsx",2.1649137931034486,T-shirt
26056 T-shirt k/æ dame lyseblå,Alm.slid uden restværdi,1,1392,84,30155C97D461A7C0005C46A9,"PLC, Product detaljeret, Aarhus, Dec. 2023.xlsx",1.836896551724138,T-shirt
09610 T-Shirt Lady Lysblå Bom,Alm.slid uden restværdi,1,1361,61,30155C97D461A7C0023C730B,"PLC, Product detaljeret, Aarhus, Dec. 2023.xlsx",1.3643203526818517,T-shirt
24593 T-shirt You dame Kornblå,Alm.slid uden restværdi,1,1359,48,30155C97D461A7C0023166BF,"PLC, Product detaljeret, Aarhus, Dec. 2023.xlsx",1.0751434878587196,T-shirt
24593 T-shirt You dame Kornblå,Alm.slid uden restværdi,1,1359,62,30155C97D461A7C0023166D7,"PLC, Product detaljeret, Aarhus, Dec. 2023.xlsx",1.3887270051508462,T-shirt
24593 T-shirt You dame Kornblå,Alm.slid uden restværdi,1,1359,53,30155C97D461A7C0023166F9,"PLC, Product detaljeret, Aarhus, Dec. 2023.xlsx",1.1871376011773365,T-shirt
24593 T-shirt You dame Kornblå,Alm.slid uden restværdi,1,1359,60,30155C97D461A7C00231673A,"PLC, Product detaljeret, Aarhus, Dec. 2023.xlsx",1.3439293598233997,T-shirt
01427 T-shirt unisex lyseblå pb,Alm.slid uden restværdi,1,1351,4,30155C97D461A7C00226D89C,"PLC, Product detaljeret, Aarhus, Dec. 2023.xlsx",0.09012583271650629,T-shirt
24597 T-shirt You unisex Kornblå,Alm.slid uden restværdi,1,1346,11,30155C97D461A7C0023167DA,"PLC, Product detaljeret, Aarhus, Dec. 2023.xlsx",0.24876671619613672,T-shirt
12151 T-shirt 1/2 æ lady lblå PB,Alm.slid uden restværdi,1,1340,18,30155C97D461A7C000E8C783,"PLC, Product detaljeret, Aarhus, Dec. 2023.xlsx",0.4088955223880597,T-shirt
12151 T-shirt 1/2 æ lady lblå PB,Alm.slid uden restværdi,1,1340,34,30155C97D461A7C001F5C419,"PLC, Product detaljeret, Aarhus, Dec. 2023.xlsx",0.7723582089552239,T-shirt
26056 T-shirt k/æ dame lyseblå,Alm.slid uden restværdi,1,1335,42,30155C97D461A7C0005C45F8,"PLC, Product detaljeret, Aarhus, Dec. 2023.xlsx",0.9576629213483147,T-shirt
24593 T-shirt You dame Kornblå,Alm.slid uden restværdi,1,1333,26,30155C97D461A7C00230710F,"PLC, Product detaljeret, Aarhus, Dec. 2023.xlsx",0.5937284321080271,T-shirt
24597 T-shirt You unisex Kornblå,Alm.slid uden restværdi,1,1316,12,30155C97D461A7C0026792A0,"PLC, Product detaljeret, Aarhus, Dec. 2023.xlsx",0.2775683890577508,T-shirt
01589 T-shirt unisex mblå k/æ,Alm.slid uden restværdi,1,1311,58,00D008F2F841,"PLC, Product detaljeret, Aarhus, Dec. 2023.xlsx",1.346697177726926,T-shirt
03885 T-Shirt Lysblå Lady K/Æ P/B,Alm.slid uden restværdi,1,1306,28,30155C97D461A7C001C85839,"PLC, Product detaljeret, Aarhus, Dec. 2023.xlsx",0.6526186830015314,T-shirt
26056 T-shirt k/æ dame lyseblå,Alm.slid uden restværdi,1,1305,55,30155C97D461A7C0005C461C,"PLC, Product detaljeret, Aarhus, Dec. 2023.xlsx",1.2829118773946362,T-shirt
26056 T-shirt k/æ dame lyseblå,Alm.slid uden restværdi,1,1292,58,30155C97D461A7C001FC43D4,"PLC, Product detaljeret, Aarhus, Dec. 2023.xlsx",1.3665015479876161,T-shirt
24593 T-shirt You dame Kornblå,Alm.slid uden restværdi,1,1290,22,30155C97D461A7C0023166EF,"PLC, Product detaljeret, Aarhus, Dec. 2023.xlsx",0.5191317829457365,T-shirt
26056 T-shirt k/æ dame lyseblå,Alm.slid uden restværdi,1,1286,36,30155C97D461A7C0005C45DC,"PLC, Product detaljeret, Aarhus, Dec. 2023.xlsx",0.8521306376360809,T-shirt
26056 T-shirt k/æ dame lyseblå,Alm.slid uden restværdi,1,1285,52,30155C97D461A7C0005C460B,"PLC, Product detaljeret, Aarhus, Dec. 2023.xlsx",1.2318132295719846,T-shirt
03885 T-Shirt Lysblå Lady K/Æ P/B,Alm.slid uden restværdi,1,1284,20,30155C97D461A7C001C85822,"PLC, Product detaljeret, Aarhus, Dec. 2023.xlsx",0.4741433021806854,T-shirt
01589 T-shirt unisex mblå k/æ,Alm.slid uden restværdi,1,1281,78,30155C97D461A7C002951EFE,"PLC, Product detaljeret, Aarhus, Dec. 2023.xlsx",1.853489461358314,T-shirt
26056 T-shirt k/æ dame lyseblå,Alm.slid uden restværdi,1,1242,94,30155C97D461A7C0006A9C0A,"PLC, Product detaljeret, Aarhus, Dec. 2023.xlsx",2.3038325281803544,T-shirt
03885 T-Shirt Lysblå Lady K/Æ P/B,Alm.slid uden restværdi,1,1232,28,00D009410BCC,"PLC, Product detaljeret, Aarhus, Dec. 2023.xlsx",0.6918181818181819,T-shirt
24593 T-shirt You dame Kornblå,Alm.slid uden restværdi,1,1229,22,30155C97D461A7C0023167F2,"PLC, Product detaljeret, Aarhus, Dec. 2023.xlsx",0.5448982912937347,T-shirt
26056 T-shirt k/æ dame lyseblå,Alm.slid uden restværdi,1,1225,72,30155C97D461A7C001EF715A,"PLC, Product detaljeret, Aarhus, Dec. 2023.xlsx",1.7891265306122448,T-shirt
13658 T-shirt dame lyseblå Prowear,Alm.slid uden restværdi,1,1222,46,30155C97D461A7C00294CB3F,"PLC, Product detaljeret, Aarhus, Dec. 2023.xlsx",1.1458592471358429,T-shirt
13658 T-shirt dame lyseblå Prowear,Alm.slid uden restværdi,1,1204,78,30155C97D461A7C00294CC72,"PLC, Product detaljeret, Aarhus, Dec. 2023.xlsx",1.9720265780730897,T-shirt
13658 T-shirt dame lyseblå Prowear,Alm.slid uden restværdi,1,1204,71,30155C97D461A7C00294CC9A,"PLC, Product detaljeret, Aarhus, Dec. 2023.xlsx",1.795049833887043,T-shirt
13658 T-shirt dame lyseblå Prowear,Alm.slid uden restværdi,1,1204,68,30155C97D461A7C00294CC9C,"PLC, Product detaljeret, Aarhus, Dec. 2023.xlsx",1.7192026578073092,T-shirt
12151 T-shirt 1/2 æ lady lblå PB,Alm.slid uden restværdi,1,1203,78,30155C97D461A7C001F6870A,"PLC, Product detaljeret, Aarhus, Dec. 2023.xlsx",1.9736658354114713,T-shirt
12151 T-shirt 1/2 æ lady lblå PB,Alm.slid uden restværdi,1,1200,11,30155C97D461A7C000CDD8AE,"PLC, Product detaljeret, Aarhus, Dec. 2023.xlsx",0.27903333333333336,T-shirt
01589 T-shirt unisex mblå k/æ,Alm.slid uden restværdi,1,1176,91,30155C97D461A7C00294EA3A,"PLC, Product detaljeret, Aarhus, Dec. 2023.xlsx",2.3554761904761907,T-shirt
03885 T-Shirt Lysblå Lady K/Æ P/B,Alm.slid uden restværdi,1,1175,36,30155C97D461A7C001BE41E3,"PLC, Product detaljeret, Aarhus, Dec. 2023.xlsx",0.9326297872340426,T-shirt
12151 T-shirt 1/2 æ lady lblå PB,Alm.slid uden restværdi,1,1169,26,30155C97D461A7C001F5C367,"PLC, Product detaljeret, Aarhus, Dec. 2023.xlsx",0.6770230966638152,T-shirt
08398 T-shirt unisex mblå k/æ bom,Alm.slid uden restværdi,1,1161,73,30155C97D461A6C000173F60,"PLC, Product detaljeret, Aarhus, Dec. 2023.xlsx",1.9139707149009477,T-shirt
24593 T-shirt You dame Kornblå,Alm.slid uden restværdi,1,1150,33,30155C97D461A7C0023167C7,"PLC, Product detaljeret, Aarhus, Dec. 2023.xlsx",0.873495652173913,T-shirt
01589 T-shirt unisex mblå k/æ,Alm.slid uden restværdi,1,1148,48,30155C97D461A6C0000F2EA1,"PLC, Product detaljeret, Aarhus, Dec. 2023.xlsx",1.2727526132404183,T-shirt
01589 T-shirt unisex mblå k/æ,Alm.slid uden restværdi,1,1148,48,30155C97D461A6C0000F2EB7,"PLC, Product detaljeret, Aarhus, Dec. 2023.xlsx",1.2727526132404183,T-shirt
12151 T-shirt 1/2 æ lady lblå PB,Alm.slid uden restværdi,1,1118,26,30155C97D461A7C001F5C414,"PLC, Product detaljeret, Aarhus, Dec. 2023.xlsx",0.707906976744186,T-shirt
13658 T-shirt dame lyseblå Prowear,Alm.slid uden restværdi,1,1106,54,30155C97D461A6C0000E7844,"PLC, Product detaljeret, Aarhus, Dec. 2023.xlsx",1.4862206148282098,T-shirt
13658 T-shirt dame lyseblå Prowear,Alm.slid uden restværdi,1,1106,35,30155C97D461A6C0000E7877,"PLC, Product detaljeret, Aarhus, Dec. 2023.xlsx",0.9632911392405065,T-shirt
01427 T-shirt unisex lyseblå pb,Alm.slid uden restværdi,1,1101,78,30155C97D461A6C0000EEFE2,"PLC, Product detaljeret, Aarhus, Dec. 2023.xlsx",2.1565122615803816,T-shirt
01589 T-shirt unisex mblå k/æ,Alm.slid uden restværdi,1,1092,45,30155C97D461A6C000172CCB,"PLC, Product detaljeret, Aarhus, Dec. 2023.xlsx",1.2543956043956044,T-shirt
01589 T-shirt unisex mblå k/æ,Alm.slid uden restværdi,1,1091,40,30155C97D461A6C0000F2081,"PLC, Product detaljeret, Aarhus, Dec. 2023.xlsx",1.1160403299725024,T-shirt
03885 T-Shirt Lysblå Lady K/Æ P/B,Alm.slid uden restværdi,1,1085,32,00D0098A1C6E,"PLC, Product detaljeret, Aarhus, Dec. 2023.xlsx",0.8977695852534563,T-shirt
01589 T-shirt unisex mblå k/æ,Alm.slid uden restværdi,1,1069,71,30155C97D461A7C0020E889C,"PLC, Product detaljeret, Aarhus, Dec. 2023.xlsx",2.0217399438727783,T-shirt
01589 T-shirt unisex mblå k/æ,Alm.slid uden restværdi,1,1058,56,30155C97D461A6C000305A44,"PLC, Product detaljeret, Aarhus, Dec. 2023.xlsx",1.6111909262759925,T-shirt
26056 T-shirt k/æ dame lyseblå,Alm.slid uden restværdi,1,1056,39,30155C97D461A7C00214C0D6,"PLC, Product detaljeret, Aarhus, Dec. 2023.xlsx",1.1242045454545455,T-shirt
01589 T-shirt unisex mblå k/æ,Alm.slid uden restværdi,1,1045,71,30155C97D461A7C002913CFC,"PLC, Product detaljeret, Aarhus, Dec. 2023.xlsx",2.068172248803828,T-shirt
13658 T-shirt dame lyseblå Prowear,Alm.slid uden restværdi,1,1033,34,30155C97D461A6C0001B1CAD,"PLC, Product detaljeret, Aarhus, Dec. 2023.xlsx",1.0018973862536302,T-shirt
26056 T-shirt k/æ dame lyseblå,Alm.slid uden restværdi,1,1024,84,30155C97D461A7C0023005F3,"PLC, Product detaljeret, Aarhus, Dec. 2023.xlsx",2.49703125,T-shirt
01589 T-shirt unisex mblå k/æ,Alm.slid uden restværdi,1,1014,54,30155C97D461A6C0002BA7BF,"PLC, Product detaljeret, Aarhus, Dec. 2023.xlsx",1.6210650887573965,T-shirt
13658 T-shirt dame lyseblå Prowear,Alm.slid uden restværdi,1,1014,62,30155C97D461A6C00014185A,"PLC, Product detaljeret, Aarhus, Dec. 2023.xlsx",1.8612228796844181,T-shirt
24593 T-shirt You dame Kornblå,Alm.slid uden restværdi,1,1008,39,30155C97D461A7C002315D08,"PLC, Product detaljeret, Aarhus, Dec. 2023.xlsx",1.1777380952380954,T-shirt
24593 T-shirt You dame Kornblå,Alm.slid uden restværdi,1,1006,42,30155C97D461A7C002315E0C,"PLC, Product detaljeret, Aarhus, Dec. 2023.xlsx",1.270854870775348,T-shirt
01589 T-shirt unisex mblå k/æ,Alm.slid uden restværdi,1,1004,79,30155C97D461A6C0002B889C,"PLC, Product detaljeret, Aarhus, Dec. 2023.xlsx",2.395179282868526,T-shirt
01589 T-shirt unisex mblå k/æ,Alm.slid uden restværdi,1,1002,91,30155C97D461A7C002300FFE,"PLC, Product detaljeret, Aarhus, Dec. 2023.xlsx",2.764510978043912,T-shirt
01589 T-shirt unisex mblå k/æ,Alm.slid uden restværdi,1,995,72,30155C97D461A6C00039DF16,"PLC, Product detaljeret, Aarhus, Dec. 2023.xlsx",2.2026934673366836,T-shirt
24593 T-shirt You dame Kornblå,Alm.slid uden restværdi,1,993,46,30155C97D461A7C00231693C,"PLC, Product detaljeret, Aarhus, Dec. 2023.xlsx",1.410110775427996,T-shirt
01589 T-shirt unisex mblå k/æ,Alm.slid uden restværdi,1,984,34,30155C97D461A6C000817349,"PLC, Product detaljeret, Aarhus, Dec. 2023.xlsx",1.0517886178861788,T-shirt
01589 T-shirt unisex mblå k/æ,Alm.slid uden restværdi,1,984,34,30155C97D461A6C0008181A2,"PLC, Product detaljeret, Aarhus, Dec. 2023.xlsx",1.0517886178861788,T-shirt
01589 T-shirt unisex mblå k/æ,Alm.slid uden restværdi,1,984,20,30155C97D461A6C0008181E7,"PLC, Product detaljeret, Aarhus, Dec. 2023.xlsx",0.6186991869918699,T-shirt
01589 T-shirt unisex mblå k/æ,Alm.slid uden restværdi,1,984,28,30155C97D461A6C000818213,"PLC, Product detaljeret, Aarhus, Dec. 2023.xlsx",0.8661788617886179,T-shirt
13658 T-shirt dame lyseblå Prowear,Alm.slid uden restværdi,1,976,24,30155C97D461A6C0000F98C4,"PLC, Product detaljeret, Aarhus, Dec. 2023.xlsx",0.7485245901639345,T-shirt
13658 T-shirt dame lyseblå Prowear,Alm.slid uden restværdi,1,976,34,30155C97D461A6C0000F99E1,"PLC, Product detaljeret, Aarhus, Dec. 2023.xlsx",1.0604098360655738,T-shirt
13658 T-shirt dame lyseblå Prowear,Alm.slid uden restværdi,1,976,34,30155C97D461A6C0000F9A4F,"PLC, Product detaljeret, Aarhus, Dec. 2023.xlsx",1.0604098360655738,T-shirt
13658 T-shirt dame lyseblå Prowear,Alm.slid uden restværdi,1,976,20,30155C97D461A6C0000F9A7C,"PLC, Product detaljeret, Aarhus, Dec. 2023.xlsx",0.6237704918032787,T-shirt
26056 T-shirt k/æ dame lyseblå,Alm.slid uden restværdi,1,974,63,30155C97D461A7C001EF7117,"PLC, Product detaljeret, Aarhus, Dec. 2023.xlsx",1.9689117043121152,T-shirt
26056 T-shirt k/æ dame lyseblå,Alm.slid uden restværdi,1,957,60,30155C97D461A7C002697CC1,"PLC, Product detaljeret, Aarhus, Dec. 2023.xlsx",1.90846394984326,T-shirt
01427 T-shirt unisex lyseblå pb,Alm.slid uden restværdi,1,949,11,30155C97D461A6C00030E96B,"PLC, Product detaljeret, Aarhus, Dec. 2023.xlsx",0.35283456269757646,T-shirt
26056 T-shirt k/æ dame lyseblå,Alm.slid uden restværdi,1,942,52,30155C97D461A7C00219E2D8,"PLC, Product detaljeret, Aarhus, Dec. 2023.xlsx",1.680339702760085,T-shirt
01589 T-shirt unisex mblå k/æ,Alm.slid uden restværdi,1,933,70,30155C97D461A6C000B1051D,"PLC, Product detaljeret, Aarhus, Dec. 2023.xlsx",2.2838156484458736,T-shirt
26055 T-shirt 1/2 ærme da lyseblå,Alm.slid uden restværdi,1,932,31,30155C97D461A7C0022FB0C4,"PLC, Product detaljeret, Aarhus, Dec. 2023.xlsx",1.012489270386266,T-shirt
26055 T-shirt 1/2 ærme da lyseblå,Alm.slid uden restværdi,1,929,62,30155C97D461A6C0004A210A,"PLC, Product detaljeret, Aarhus, Dec. 2023.xlsx",2.0315177610333692,T-shirt
26055 T-shirt 1/2 ærme da lyseblå,Alm.slid uden restværdi,1,929,59,30155C97D461A6C0004A2167,"PLC, Product detaljeret, Aarhus, Dec. 2023.xlsx",1.9332185145317549,T-shirt
26055 T-shirt 1/2 ærme da lyseblå,Alm.slid uden restværdi,1,929,53,30155C97D461A6C0004A2169,"PLC, Product detaljeret, Aarhus, Dec. 2023.xlsx",1.7366200215285252,T-shirt
26055 T-shirt 1/2 ærme da lyseblå,Alm.slid uden restværdi,1,925,33,30155C97D461A7C0022FB056,"PLC, Product detaljeret, Aarhus, Dec. 2023.xlsx",1.0859675675675677,T-shirt
26056 T-shirt k/æ dame lyseblå,Alm.slid uden restværdi,1,916,30,30155C97D461A7C00214BDD0,"PLC, Product detaljeret, Aarhus, Dec. 2023.xlsx",0.9969432314410481,T-shirt
13658 T-shirt dame lyseblå Prowear,Alm.slid uden restværdi,1,903,32,30155C97D461A6C0008429C5,"PLC, Product detaljeret, Aarhus, Dec. 2023.xlsx",1.078715393133998,T-shirt
13658 T-shirt dame lyseblå Prowear,Alm.slid uden restværdi,1,903,31,30155C97D461A6C0008429DA,"PLC, Product detaljeret, Aarhus, Dec. 2023.xlsx",1.0450055370985605,T-shirt
13658 T-shirt dame lyseblå Prowear,Alm.slid uden restværdi,1,903,34,30155C97D461A6C000842A0D,"PLC, Product detaljeret, Aarhus, Dec. 2023.xlsx",1.1461351052048727,T-shirt
01427 T-shirt unisex lyseblå pb,Alm.slid uden restværdi,1,901,75,30155C97D461A6C00030E8D7,"PLC, Product detaljeret, Aarhus, Dec. 2023.xlsx",2.533851276359601,T-shirt
01589 T-shirt unisex mblå k/æ,Alm.slid uden restværdi,1,901,19,30155C97D461A6C000B1A96B,"PLC, Product detaljeret, Aarhus, Dec. 2023.xlsx",0.6419089900110988,T-shirt
01589 T-shirt unisex mblå k/æ,Alm.slid uden restværdi,1,900,35,30155C97D461A6C00053DE27,"PLC, Product detaljeret, Aarhus, Dec. 2023.xlsx",1.1837777777777778,T-shirt
01589 T-shirt unisex mblå k/æ,Alm.slid uden restværdi,1,899,86,30155C97D461A6C000B17F7A,"PLC, Product detaljeret, Aarhus, Dec. 2023.xlsx",2.911946607341491,T-shirt
01589 T-shirt unisex mblå k/æ,Alm.slid uden restværdi,1,881,39,30155C97D461A6C000B182E7,"PLC, Product detaljeret, Aarhus, Dec. 2023.xlsx",1.3475141884222475,T-shirt
26055 T-shirt 1/2 ærme da lyseblå,Alm.slid uden restværdi,1,881,53,30155C97D461A7C00214BF53,"PLC, Product detaljeret, Aarhus, Dec. 2023.xlsx",1.8312372304199773,T-shirt
26056 T-shirt k/æ dame lyseblå,Alm.slid uden restværdi,1,872,34,30155C97D461A7C0014895BD,"PLC, Product detaljeret, Aarhus, Dec. 2023.xlsx",1.1868807339449543,T-shirt
01427 T-shirt unisex lyseblå pb,Alm.slid uden restværdi,1,870,65,30155C97D461A6C00030E9FA,"PLC, Product detaljeret, Aarhus, Dec. 2023.xlsx",2.274252873563219,T-shirt
01589 T-shirt unisex mblå k/æ,Alm.slid uden restværdi,1,869,62,30155C97D461A6C000B1F757,"PLC, Product detaljeret, Aarhus, Dec. 2023.xlsx",2.171783659378596,T-shirt
26056 T-shirt k/æ dame lyseblå,Alm.slid uden restværdi,1,856,30,30155C97D461A7C002678C58,"PLC, Product detaljeret, Aarhus, Dec. 2023.xlsx",1.066822429906542,T-shirt
26055 T-shirt 1/2 ærme da lyseblå,Alm.slid uden restværdi,1,852,38,30155C97D461A7C0022FB158,"PLC, Product detaljeret, Aarhus, Dec. 2023.xlsx",1.3576525821596244,T-shirt
01589 T-shirt unisex mblå k/æ,Alm.slid uden restværdi,1,849,40,30155C97D461A6C000B9E727,"PLC, Product detaljeret, Aarhus, Dec. 2023.xlsx",1.4341578327444053,T-shirt
26055 T-shirt 1/2 ærme da lyseblå,Alm.slid uden restværdi,1,845,40,30155C97D461A7C0022FB08C,"PLC, Product detaljeret, Aarhus, Dec. 2023.xlsx",1.44094674556213,T-shirt
13658 T-shirt dame lyseblå Prowear,Alm.slid uden restværdi,1,841,49,30155C97D461A6C000B12DE2,"PLC, Product detaljeret, Aarhus, Dec. 2023.xlsx",1.7735552913198573,T-shirt
13658 T-shirt dame lyseblå Prowear,Alm.slid uden restværdi,1,841,27,30155C97D461A6C000B12E84,"PLC, Product detaljeret, Aarhus, Dec. 2023.xlsx",0.9772651605231868,T-shirt
13658 T-shirt dame lyseblå Prowear,Alm.slid uden restværdi,1,841,44,30155C97D461A6C000B12F24,"PLC, Product detaljeret, Aarhus, Dec. 2023.xlsx",1.5925802615933413,T-shirt
01589 T-shirt unisex mblå k/æ,Alm.slid uden restværdi,1,838,50,30155C97D461A6C000B1204D,"PLC, Product detaljeret, Aarhus, Dec. 2023.xlsx",1.8162291169451075,T-shirt
01589 T-shirt unisex mblå k/æ,Alm.slid uden restværdi,1,838,25,30155C97D461A6C000B120B1,"PLC, Product detaljeret, Aarhus, Dec. 2023.xlsx",0.9081145584725537,T-shirt
01589 T-shirt unisex mblå k/æ,Alm.slid uden restværdi,1,838,29,30155C97D461A6C000B120B9,"PLC, Product detaljeret, Aarhus, Dec. 2023.xlsx",1.0534128878281623,T-shirt
01589 T-shirt unisex mblå k/æ,Alm.slid uden restværdi,1,838,29,30155C97D461A6C000B120C0,"PLC, Product detaljeret, Aarhus, Dec. 2023.xlsx",1.0534128878281623,T-shirt
01589 T-shirt unisex mblå k/æ,Alm.slid uden restværdi,1,838,42,30155C97D461A6C000B12112,"PLC, Product detaljeret, Aarhus, Dec. 2023.xlsx",1.5256324582338903,T-shirt
01589 T-shirt unisex mblå k/æ,Alm.slid uden restværdi,1,838,42,30155C97D461A6C000B1213F,"PLC, Product detaljeret, Aarhus, Dec. 2023.xlsx",1.5256324582338903,T-shirt
01589 T-shirt unisex mblå k/æ,Alm.slid uden restværdi,1,838,40,30155C97D461A6C000B1214D,"PLC, Product detaljeret, Aarhus, Dec. 2023.xlsx",1.452983293556086,T-shirt
01589 T-shirt unisex mblå k/æ,Alm.slid uden restværdi,1,838,44,30155C97D461A6C000B12169,"PLC, Product detaljeret, Aarhus, Dec. 2023.xlsx",1.5982816229116945,T-shirt
01589 T-shirt unisex mblå k/æ,Alm.slid uden restværdi,1,838,25,30155C97D461A6C000B121F3,"PLC, Product detaljeret, Aarhus, Dec. 2023.xlsx",0.9081145584725537,T-shirt
01589 T-shirt unisex mblå k/æ,Alm.slid uden restværdi,1,828,45,30155C97D461A6C000817652,"PLC, Product detaljeret, Aarhus, Dec. 2023.xlsx",1.6543478260869566,T-shirt
26056 T-shirt k/æ dame lyseblå,Alm.slid uden restværdi,1,828,67,30155C97D461A7C002697751,"PLC, Product detaljeret, Aarhus, Dec. 2023.xlsx",2.4631400966183574,T-shirt
24593 T-shirt You dame Kornblå,Alm.slid uden restværdi,1,822,12,30155C97D461A6C00073B682,"PLC, Product detaljeret, Aarhus, Dec. 2023.xlsx",0.44437956204379564,T-shirt
24593 T-shirt You dame Kornblå,Alm.slid uden restværdi,1,822,10,30155C97D461A6C00073B685,"PLC, Product detaljeret, Aarhus, Dec. 2023.xlsx",0.37031630170316304,T-shirt
24593 T-shirt You dame Kornblå,Alm.slid uden restværdi,1,822,10,30155C97D461A6C00073B726,"PLC, Product detaljeret, Aarhus, Dec. 2023.xlsx",0.37031630170316304,T-shirt
24593 T-shirt You dame Kornblå,Alm.slid uden restværdi,1,822,11,30155C97D461A6C00073B7D6,"PLC, Product detaljeret, Aarhus, Dec. 2023.xlsx",0.40734793187347934,T-shirt
24593 T-shirt You dame Kornblå,Alm.slid uden restværdi,1,822,27,30155C97D461A7C002315D03,"PLC, Product detaljeret, Aarhus, Dec. 2023.xlsx",0.9998540145985403,T-shirt
24593 T-shirt You dame Kornblå,Alm.slid uden restværdi,1,822,32,30155C97D461A7C002315E8A,"PLC, Product detaljeret, Aarhus, Dec. 2023.xlsx",1.1850121654501218,T-shirt
01589 T-shirt unisex mblå k/æ,Alm.slid uden restværdi,1,819,35,30155C97D461A6C00080BE98,"PLC, Product detaljeret, Aarhus, Dec. 2023.xlsx",1.300854700854701,T-shirt
24593 T-shirt You dame Kornblå,Alm.slid uden restværdi,1,813,18,30155C97D461A7C002315E21,"PLC, Product detaljeret, Aarhus, Dec. 2023.xlsx",0.6739483394833948,T-shirt
24593 T-shirt You dame Kornblå,Alm.slid uden restværdi,1,813,14,30155C97D461A7C002315E22,"PLC, Product detaljeret, Aarhus, Dec. 2023.xlsx",0.5241820418204182,T-shirt
01589 T-shirt unisex mblå k/æ,Alm.slid uden restværdi,1,810,44,30155C97D461A6C000B155C6,"PLC, Product detaljeret, Aarhus, Dec. 2023.xlsx",1.653530864197531,T-shirt
13658 T-shirt dame lyseblå Prowear,Alm.slid uden restværdi,1,810,32,30155C97D461A6C000B0B150,"PLC, Product detaljeret, Aarhus, Dec. 2023.xlsx",1.202567901234568,T-shirt
01589 T-shirt unisex mblå k/æ,Alm.slid uden restværdi,1,809,27,30155C97D461A6C0008CBA9A,"PLC, Product detaljeret, Aarhus, Dec. 2023.xlsx",1.015920889987639,T-shirt
24593 T-shirt You dame Kornblå,Alm.slid uden restværdi,1,806,7,30155C97D461A7C002317249,"PLC, Product detaljeret, Aarhus, Dec. 2023.xlsx",0.26436724565756825,T-shirt
01589 T-shirt unisex mblå k/æ,Alm.slid uden restværdi,1,745,12,30155C97D461A6C000B008A8,"PLC, Product detaljeret, Aarhus, Dec. 2023.xlsx",0.4903087248322148,T-shirt
01427 T-shirt unisex lyseblå pb,Alm.slid uden restværdi,1,731,27,30155C97D461A6C001059EEF,"PLC, Product detaljeret, Aarhus, Dec. 2023.xlsx",1.1243228454172367,T-shirt
01427 T-shirt unisex lyseblå pb,Alm.slid uden restværdi,1,723,21,30155C97D461A6C001059E39,"PLC, Product detaljeret, Aarhus, Dec. 2023.xlsx",0.8841493775933611,T-shirt
24593 T-shirt You dame Kornblå,Alm.slid uden restværdi,1,723,20,30155C97D461A7C0023172C1,"PLC, Product detaljeret, Aarhus, Dec. 2023.xlsx",0.8420470262793914,T-shirt
24593 T-shirt You dame Kornblå,Alm.slid uden restværdi,1,717,5,30155C97D461A6C0015B5FE8,"PLC, Product detaljeret, Aarhus, Dec. 2023.xlsx",0.21227336122733614,T-shirt
24593 T-shirt You dame Kornblå,Alm.slid uden restværdi,1,717,9,30155C97D461A6C0015B6081,"PLC, Product detaljeret, Aarhus, Dec. 2023.xlsx",0.382092050209205,T-shirt
09610 T-Shirt Lady Lysblå Bom,Alm.slid uden restværdi,1,713,31,30155C97D461A6C000E2ED01,"PLC, Product detaljeret, Aarhus, Dec. 2023.xlsx",1.3234782608695652,T-shirt
01589 T-shirt unisex mblå k/æ,Alm.slid uden restværdi,1,709,38,30155C97D461A6C000E22AB2,"PLC, Product detaljeret, Aarhus, Dec. 2023.xlsx",1.6314809590973203,T-shirt
01589 T-shirt unisex mblå k/æ,Alm.slid uden restværdi,1,709,32,30155C97D461A6C000E22B6E,"PLC, Product detaljeret, Aarhus, Dec. 2023.xlsx",1.3738787023977432,T-shirt
01427 T-shirt unisex lyseblå pb,Alm.slid uden restværdi,1,698,20,30155C97D461A6C0008CCE95,"PLC, Product detaljeret, Aarhus, Dec. 2023.xlsx",0.8722063037249285,T-shirt
13658 T-shirt dame lyseblå Prowear,Alm.slid uden restværdi,1,687,8,30155C97D461A6C0010624DC,"PLC, Product detaljeret, Aarhus, Dec. 2023.xlsx",0.35446870451237267,T-shirt
13658 T-shirt dame lyseblå Prowear,Alm.slid uden restværdi,1,654,14,30155C97D461A6C000B0B10C,"PLC, Product detaljeret, Aarhus, Dec. 2023.xlsx",0.6516207951070336,T-shirt
26056 T-shirt k/æ dame lyseblå,Alm.slid uden restværdi,1,642,33,30155C97D461A7C00219E3CE,"PLC, Product detaljeret, Aarhus, Dec. 2023.xlsx",1.5646728971962618,T-shirt
13658 T-shirt dame lyseblå Prowear,Alm.slid uden restværdi,1,636,3,30155C97D461A6C000E31FB0,"PLC, Product detaljeret, Aarhus, Dec. 2023.xlsx",0.14358490566037735,T-shirt
01717 T-shirt unisex kblå pb,Alm.slid uden restværdi,1,634,8,30155C97D461A6C0012B7248,"PLC, Product detaljeret, Aarhus, Dec. 2023.xlsx",0.38410094637223974,T-shirt
01427 T-shirt unisex lyseblå pb,Alm.slid uden restværdi,1,623,16,30155C97D461A6C000E31F8C,"PLC, Product detaljeret, Aarhus, Dec. 2023.xlsx",0.7817656500802569,T-shirt
01589 T-shirt unisex mblå k/æ,Alm.slid uden restværdi,1,620,10,30155C97D461A6C000637906,"PLC, Product detaljeret, Aarhus, Dec. 2023.xlsx",0.49096774193548387,T-shirt
01589 T-shirt unisex mblå k/æ,Alm.slid uden restværdi,1,617,4,30155C97D461A6C0008BFFD1,"PLC, Product detaljeret, Aarhus, Dec. 2023.xlsx",0.1973419773095624,T-shirt
01589 T-shirt unisex mblå k/æ,Alm.slid uden restværdi,1,605,14,30155C97D461A6C000E31E2B,"PLC, Product detaljeret, Aarhus, Dec. 2023.xlsx",0.704396694214876,T-shirt
26665 T-shirt dame 1/2 ærme lblå,Alm.slid uden restværdi,1,574,18,30155C97D461A4C000653CC6,"PLC, Product detaljeret, Aarhus, Dec. 2023.xlsx",0.9545644599303136,T-shirt
01589 T-shirt unisex mblå k/æ,Alm.slid uden restværdi,1,559,39,30155C97D461A4C00092DB26,"PLC, Product detaljeret, Aarhus, Dec. 2023.xlsx",2.123720930232558,T-shirt
01589 T-shirt unisex mblå k/æ,Alm.slid uden restværdi,1,555,47,30155C97D461A4C00093917C,"PLC, Product detaljeret, Aarhus, Dec. 2023.xlsx",2.577801801801802,T-shirt
13658 T-shirt dame lyseblå Prowear,Alm.slid uden restværdi,1,549,42,30155C97D461A4C0009223D5,"PLC, Product detaljeret, Aarhus, Dec. 2023.xlsx",2.328743169398907,T-shirt
13658 T-shirt dame lyseblå Prowear,Alm.slid uden restværdi,1,546,29,30155C97D461A6C000EABA99,"PLC, Product detaljeret, Aarhus, Dec. 2023.xlsx",1.6167765567765569,T-shirt
01589 T-shirt unisex mblå k/æ,Alm.slid uden restværdi,1,523,6,30155C97D461A6C0010F1672,"PLC, Product detaljeret, Aarhus, Dec. 2023.xlsx",0.3492160611854685,T-shirt
01589 T-shirt unisex mblå k/æ,Alm.slid uden restværdi,1,523,6,30155C97D461A6C0010F1761,"PLC, Product detaljeret, Aarhus, Dec. 2023.xlsx",0.3492160611854685,T-shirt
01589 T-shirt unisex mblå k/æ,Alm.slid uden restværdi,1,521,3,30155C97D461A4C00093443F,"PLC, Product detaljeret, Aarhus, Dec. 2023.xlsx",0.17527831094049906,T-shirt
01589 T-shirt unisex mblå k/æ,Alm.slid uden restværdi,1,511,23,30155C97D461A6C001626D65,"PLC, Product detaljeret, Aarhus, Dec. 2023.xlsx",1.3700978473581213,T-shirt
26056 T-shirt k/æ dame lyseblå,Alm.slid uden restværdi,1,499,39,30155C97D461A6C0011058F3,"PLC, Product detaljeret, Aarhus, Dec. 2023.xlsx",2.3790781563126253,T-shirt
01589 T-shirt unisex mblå k/æ,Alm.slid uden restværdi,1,472,17,30155C97D461A6C00162618F,"PLC, Product detaljeret, Aarhus, Dec. 2023.xlsx",1.09635593220339,T-shirt
01589 T-shirt unisex mblå k/æ,Alm.slid uden restværdi,1,472,11,30155C97D461A6C001626E82,"PLC, Product detaljeret, Aarhus, Dec. 2023.xlsx",0.709406779661017,T-shirt
01589 T-shirt unisex mblå k/æ,Alm.slid uden restværdi,1,472,18,30155C97D461A6C001626EB0,"PLC, Product detaljeret, Aarhus, Dec. 2023.xlsx",1.1608474576271188,T-shirt
01589 T-shirt unisex mblå k/æ,Alm.slid uden restværdi,1,468,12,30155C97D461A6C001861D60,"PLC, Product detaljeret, Aarhus, Dec. 2023.xlsx",0.7805128205128206,T-shirt
01589 T-shirt unisex mblå k/æ,Alm.slid uden restværdi,1,467,11,30155C97D461A6C001861DBA,"PLC, Product detaljeret, Aarhus, Dec. 2023.xlsx",0.7170021413276232,T-shirt
26056 T-shirt k/æ dame lyseblå,Alm.slid uden restværdi,1,462,25,30155C97D461A7C000C1AA5C,"PLC, Product detaljeret, Aarhus, Dec. 2023.xlsx",1.6471861471861473,T-shirt
13658 T-shirt dame lyseblå Prowear,Alm.slid uden restværdi,1,461,17,30155C97D461A6C000EADD8A,"PLC, Product detaljeret, Aarhus, Dec. 2023.xlsx",1.1225162689804773,T-shirt
26056 T-shirt k/æ dame lyseblå,Alm.slid uden restværdi,1,457,26,30155C97D461A6C000EE71D8,"PLC, Product detaljeret, Aarhus, Dec. 2023.xlsx",1.7318161925601752,T-shirt
01427 T-shirt unisex lyseblå pb,Alm.slid uden restværdi,1,437,32,30155C97D461A6C0010E1253,"PLC, Product detaljeret, Aarhus, Dec. 2023.xlsx",2.2290160183066363,T-shirt
01589 T-shirt unisex mblå k/æ,Alm.slid uden restværdi,1,434,11,30155C97D461A6C0010DDFA7,"PLC, Product detaljeret, Aarhus, Dec. 2023.xlsx",0.7715207373271891,T-shirt
01589 T-shirt unisex mblå k/æ,Alm.slid uden restværdi,1,411,18,30155C97D461A6C001B9C3DD,"PLC, Product detaljeret, Aarhus, Dec. 2023.xlsx",1.333138686131387,T-shirt
01589 T-shirt unisex mblå k/æ,Alm.slid uden restværdi,1,411,18,30155C97D461A6C001B9C469,"PLC, Product detaljeret, Aarhus, Dec. 2023.xlsx",1.333138686131387,T-shirt
01589 T-shirt unisex mblå k/æ,Alm.slid uden restværdi,1,411,16,30155C97D461A6C001B9C4E9,"PLC, Product detaljeret, Aarhus, Dec. 2023.xlsx",1.1850121654501218,T-shirt
01589 T-shirt unisex mblå k/æ,Alm.slid uden restværdi,1,399,8,30155C97D461A6C000EAEDAC,"PLC, Product detaljeret, Aarhus, Dec. 2023.xlsx",0.6103258145363408,T-shirt
13658 T-shirt dame lyseblå Prowear,Alm.slid uden restværdi,1,399,5,30155C97D461A6C0010E1A54,"PLC, Product detaljeret, Aarhus, Dec. 2023.xlsx",0.38145363408521304,T-shirt
26961 T-shirt CSR dame lysblå,Alm.slid uden restværdi,1,398,24,30155C97D461A6C0010D872B,"PLC, Product detaljeret, Aarhus, Dec. 2023.xlsx",1.835577889447236,T-shirt
26961 T-shirt CSR dame lysblå,Alm.slid uden restværdi,1,398,24,30155C97D461A6C0015FD54B,"PLC, Product detaljeret, Aarhus, Dec. 2023.xlsx",1.835577889447236,T-shirt
26961 T-shirt CSR dame lysblå,Alm.slid uden restværdi,1,394,24,30155C97D461A6C0010E8DF7,"PLC, Product detaljeret, Aarhus, Dec. 2023.xlsx",1.8542131979695433,T-shirt
26961 T-shirt CSR dame lysblå,Alm.slid uden restværdi,1,392,24,30155C97D461A6C0015FD48E,"PLC, Product detaljeret, Aarhus, Dec. 2023.xlsx",1.8636734693877552,T-shirt
26961 T-shirt CSR dame lysblå,Alm.slid uden restværdi,1,391,27,30155C97D461A6C0010D7064,"PLC, Product detaljeret, Aarhus, Dec. 2023.xlsx",2.1019948849104857,T-shirt
26961 T-shirt CSR dame lysblå,Alm.slid uden restværdi,1,391,21,30155C97D461A6C00133AC99,"PLC, Product detaljeret, Aarhus, Dec. 2023.xlsx",1.6348849104859335,T-shirt
26961 T-shirt CSR dame lysblå,Alm.slid uden restværdi,1,391,23,30155C97D461A6C00133AD1C,"PLC, Product detaljeret, Aarhus, Dec. 2023.xlsx",1.7905882352941176,T-shirt
26961 T-shirt CSR dame lysblå,Alm.slid uden restværdi,1,391,7,30155C97D461A6C00135F4EB,"PLC, Product detaljeret, Aarhus, Dec. 2023.xlsx",0.5449616368286445,T-shirt
26961 T-shirt CSR dame lysblå,Alm.slid uden restværdi,1,391,25,30155C97D461A6C00136024D,"PLC, Product detaljeret, Aarhus, Dec. 2023.xlsx",1.946291560102302,T-shirt
26961 T-shirt CSR dame lysblå,Alm.slid uden restværdi,1,391,21,30155C97D461A6C00136031A,"PLC, Product detaljeret, Aarhus, Dec. 2023.xlsx",1.6348849104859335,T-shirt
26961 T-shirt CSR dame lysblå,Alm.slid uden restværdi,1,391,24,30155C97D461A6C0015FD4D2,"PLC, Product detaljeret, Aarhus, Dec. 2023.xlsx",1.86843989769821,T-shirt
26961 T-shirt CSR dame lysblå,Alm.slid uden restværdi,1,391,12,30155C97D461A6C0015FD5A6,"PLC, Product detaljeret, Aarhus, Dec. 2023.xlsx",0.934219948849105,T-shirt
26961 T-shirt CSR dame lysblå,Alm.slid uden restværdi,1,391,18,30155C97D461A6C0015FEEBF,"PLC, Product detaljeret, Aarhus, Dec. 2023.xlsx",1.4013299232736574,T-shirt
26961 T-shirt CSR dame lysblå,Alm.slid uden restværdi,1,391,19,30155C97D461A6C001B32A9F,"PLC, Product detaljeret, Aarhus, Dec. 2023.xlsx",1.4791815856777493,T-shirt
26961 T-shirt CSR dame lysblå,Alm.slid uden restværdi,1,388,18,30155C97D461A6C0015FD47A,"PLC, Product detaljeret, Aarhus, Dec. 2023.xlsx",1.4121649484536083,T-shirt
26961 T-shirt CSR dame lysblå,Alm.slid uden restværdi,1,385,6,30155C97D461A4C000E98B87,"PLC, Product detaljeret, Aarhus, Dec. 2023.xlsx",0.4743896103896104,T-shirt
26961 T-shirt CSR dame lysblå,Alm.slid uden restværdi,1,385,25,30155C97D461A6C0010E78A8,"PLC, Product detaljeret, Aarhus, Dec. 2023.xlsx",1.9766233766233765,T-shirt
26961 T-shirt CSR dame lysblå,Alm.slid uden restværdi,1,385,32,30155C97D461A6C0010E8D50,"PLC, Product detaljeret, Aarhus, Dec. 2023.xlsx",2.5300779220779224,T-shirt
26961 T-shirt CSR dame lysblå,Alm.slid uden restværdi,1,385,34,30155C97D461A6C0010E8D95,"PLC, Product detaljeret, Aarhus, Dec. 2023.xlsx",2.6882077922077925,T-shirt
26961 T-shirt CSR dame lysblå,Alm.slid uden restværdi,1,385,32,30155C97D461A6C0010E8E1F,"PLC, Product detaljeret, Aarhus, Dec. 2023.xlsx",2.5300779220779224,T-shirt
26961 T-shirt CSR dame lysblå,Alm.slid uden restværdi,1,385,32,30155C97D461A6C0010E8E97,"PLC, Product detaljeret, Aarhus, Dec. 2023.xlsx",2.5300779220779224,T-shirt
26961 T-shirt CSR dame lysblå,Alm.slid uden restværdi,1,385,2,30155C97D461A6C00135F2E7,"PLC, Product detaljeret, Aarhus, Dec. 2023.xlsx",0.15812987012987015,T-shirt
26961 T-shirt CSR dame lysblå,Alm.slid uden restværdi,1,385,16,30155C97D461A6C0016272B9,"PLC, Product detaljeret, Aarhus, Dec. 2023.xlsx",1.2650389610389612,T-shirt
26056 T-shirt k/æ dame lyseblå,Alm.slid uden restværdi,1,383,24,30155C97D461A6C0011058EE,"PLC, Product detaljeret, Aarhus, Dec. 2023.xlsx",1.907467362924282,T-shirt
26961 T-shirt CSR dame lysblå,Alm.slid uden restværdi,1,381,15,30155C97D461A6C001601C3E,"PLC, Product detaljeret, Aarhus, Dec. 2023.xlsx",1.1984251968503938,T-shirt
01589 T-shirt unisex mblå k/æ,Alm.slid uden restværdi,1,379,14,30155C97D461A6C000EB1496,"PLC, Product detaljeret, Aarhus, Dec. 2023.xlsx",1.1244327176781004,T-shirt
26961 T-shirt CSR dame lysblå,Alm.slid uden restværdi,1,379,31,30155C97D461A6C0010E8DC0,"PLC, Product detaljeret, Aarhus, Dec. 2023.xlsx",2.4898153034300794,T-shirt
26961 T-shirt CSR dame lysblå,Alm.slid uden restværdi,1,379,10,30155C97D461A6C0010F39EA,"PLC, Product detaljeret, Aarhus, Dec. 2023.xlsx",0.8031662269129288,T-shirt
26961 T-shirt CSR dame lysblå,Alm.slid uden restværdi,1,379,17,30155C97D461A6C0015FD52D,"PLC, Product detaljeret, Aarhus, Dec. 2023.xlsx",1.365382585751979,T-shirt
26961 T-shirt CSR dame lysblå,Alm.slid uden restværdi,1,378,21,30155C97D461A6C000EAA7D6,"PLC, Product detaljeret, Aarhus, Dec. 2023.xlsx",1.691111111111111,T-shirt
26961 T-shirt CSR dame lysblå,Alm.slid uden restværdi,1,378,26,30155C97D461A6C000EAA998,"PLC, Product detaljeret, Aarhus, Dec. 2023.xlsx",2.093756613756614,T-shirt
26961 T-shirt CSR dame lysblå,Alm.slid uden restværdi,1,378,21,30155C97D461A6C0010D6F98,"PLC, Product detaljeret, Aarhus, Dec. 2023.xlsx",1.691111111111111,T-shirt
26961 T-shirt CSR dame lysblå,Alm.slid uden restværdi,1,378,26,30155C97D461A6C0010DE75C,"PLC, Product detaljeret, Aarhus, Dec. 2023.xlsx",2.093756613756614,T-shirt
26961 T-shirt CSR dame lysblå,Alm.slid uden restværdi,1,378,22,30155C97D461A6C00133ACC6,"PLC, Product detaljeret, Aarhus, Dec. 2023.xlsx",1.7716402116402117,T-shirt
26961 T-shirt CSR dame lysblå,Alm.slid uden restværdi,1,378,22,30155C97D461A6C00135FE78,"PLC, Product detaljeret, Aarhus, Dec. 2023.xlsx",1.7716402116402117,T-shirt
26961 T-shirt CSR dame lysblå,Alm.slid uden restværdi,1,378,32,30155C97D461A6C00135FEC8,"PLC, Product detaljeret, Aarhus, Dec. 2023.xlsx",2.576931216931217,T-shirt
26961 T-shirt CSR dame lysblå,Alm.slid uden restværdi,1,378,27,30155C97D461A6C00135FF4F,"PLC, Product detaljeret, Aarhus, Dec. 2023.xlsx",2.1742857142857144,T-shirt
26961 T-shirt CSR dame lysblå,Alm.slid uden restværdi,1,378,25,30155C97D461A6C0013601C6,"PLC, Product detaljeret, Aarhus, Dec. 2023.xlsx",2.013227513227513,T-shirt
26961 T-shirt CSR dame lysblå,Alm.slid uden restværdi,1,378,20,30155C97D461A6C001360252,"PLC, Product detaljeret, Aarhus, Dec. 2023.xlsx",1.6105820105820106,T-shirt
26961 T-shirt CSR dame lysblå,Alm.slid uden restværdi,1,378,24,30155C97D461A6C0015FD5AC,"PLC, Product detaljeret, Aarhus, Dec. 2023.xlsx",1.9326984126984126,T-shirt
26961 T-shirt CSR dame lysblå,Alm.slid uden restværdi,1,378,21,30155C97D461A6C0015FEDD3,"PLC, Product detaljeret, Aarhus, Dec. 2023.xlsx",1.691111111111111,T-shirt
26961 T-shirt CSR dame lysblå,Alm.slid uden restværdi,1,378,7,30155C97D461A6C001B32AFF,"PLC, Product detaljeret, Aarhus, Dec. 2023.xlsx",0.5637037037037037,T-shirt
01589 T-shirt unisex mblå k/æ,Alm.slid uden restværdi,1,375,12,30155C97D461A6C001D10193,"PLC, Product detaljeret, Aarhus, Dec. 2023.xlsx",0.9740800000000001,T-shirt
27110 T-Shirt Csr Unisex Lysblå,Alm.slid uden restværdi,1,371,23,30155C97D461A6C00135FD9D,"PLC, Product detaljeret, Aarhus, Dec. 2023.xlsx",1.8871159029649596,T-shirt
26961 T-shirt CSR dame lysblå,Alm.slid uden restværdi,1,369,17,30155C97D461A6C0015FD45F,"PLC, Product detaljeret, Aarhus, Dec. 2023.xlsx",1.4023848238482386,T-shirt
26961 T-shirt CSR dame lysblå,Alm.slid uden restværdi,1,369,18,30155C97D461A6C0015FD4DB,"PLC, Product detaljeret, Aarhus, Dec. 2023.xlsx",1.484878048780488,T-shirt
26961 T-shirt CSR dame lysblå,Alm.slid uden restværdi,1,369,18,30155C97D461A6C0015FD57B,"PLC, Product detaljeret, Aarhus, Dec. 2023.xlsx",1.484878048780488,T-shirt
26961 T-shirt CSR dame lysblå,Alm.slid uden restværdi,1,369,15,30155C97D461A6C0015FD5CB,"PLC, Product detaljeret, Aarhus, Dec. 2023.xlsx",1.2373983739837398,T-shirt
26961 T-shirt CSR dame lysblå,Alm.slid uden restværdi,1,369,23,30155C97D461A6C0015FEE3F,"PLC, Product detaljeret, Aarhus, Dec. 2023.xlsx",1.8973441734417344,T-shirt
26961 T-shirt CSR dame lysblå,Alm.slid uden restværdi,1,368,20,30155C97D461A6C0015FD50B,"PLC, Product detaljeret, Aarhus, Dec. 2023.xlsx",1.6543478260869566,T-shirt
27110 T-Shirt Csr Unisex Lysblå,Alm.slid uden restværdi,1,368,9,30155C97D461A6C00135FAED,"PLC, Product detaljeret, Aarhus, Dec. 2023.xlsx",0.7444565217391305,T-shirt
27110 T-Shirt Csr Unisex Lysblå,Alm.slid uden restværdi,1,367,15,30155C97D461A6C0010DE9EB,"PLC, Product detaljeret, Aarhus, Dec. 2023.xlsx",1.244141689373297,T-shirt
26961 T-shirt CSR dame lysblå,Alm.slid uden restværdi,1,366,24,30155C97D461A6C0015FEE8B,"PLC, Product detaljeret, Aarhus, Dec. 2023.xlsx",1.996065573770492,T-shirt
26961 T-shirt CSR dame lysblå,Alm.slid uden restværdi,1,366,21,30155C97D461A6C0015FEEE9,"PLC, Product detaljeret, Aarhus, Dec. 2023.xlsx",1.7465573770491805,T-shirt
26961 T-shirt CSR dame lysblå,Alm.slid uden restværdi,1,363,18,30155C97D461A6C001A6CD15,"PLC, Product detaljeret, Aarhus, Dec. 2023.xlsx",1.5094214876033059,T-shirt
26961 T-shirt CSR dame lysblå,Alm.slid uden restværdi,1,362,23,30155C97D461A6C0010E8E48,"PLC, Product detaljeret, Aarhus, Dec. 2023.xlsx",1.934033149171271,T-shirt
26961 T-shirt CSR dame lysblå,Alm.slid uden restværdi,1,357,14,30155C97D461A6C0010F393A,"PLC, Product detaljeret, Aarhus, Dec. 2023.xlsx",1.1937254901960785,T-shirt
26961 T-shirt CSR dame lysblå,Alm.slid uden restværdi,1,357,3,30155C97D461A6C0015FD561,"PLC, Product detaljeret, Aarhus, Dec. 2023.xlsx",0.2557983193277311,T-shirt
26961 T-shirt CSR dame lysblå,Alm.slid uden restværdi,1,355,3,30155C97D461A6C0015FD44C,"PLC, Product detaljeret, Aarhus, Dec. 2023.xlsx",0.2572394366197183,T-shirt
26961 T-shirt CSR dame lysblå,Alm.slid uden restværdi,1,352,17,30155C97D461A6C00135FD95,"PLC, Product detaljeret, Aarhus, Dec. 2023.xlsx",1.4701136363636365,T-shirt
01717 T-shirt unisex kblå pb,Alm.slid uden restværdi,1,351,14,30155C97D461A6C000EB1A16,"PLC, Product detaljeret, Aarhus, Dec. 2023.xlsx",1.2141310541310542,T-shirt
26961 T-shirt CSR dame lysblå,Alm.slid uden restværdi,1,350,14,30155C97D461A6C001A6CCAF,"PLC, Product detaljeret, Aarhus, Dec. 2023.xlsx",1.2176,T-shirt
01589 T-shirt unisex mblå k/æ,Alm.slid uden restværdi,1,348,5,30155C97D461A4C000934F58,"PLC, Product detaljeret, Aarhus, Dec. 2023.xlsx",0.43735632183908046,T-shirt
26961 T-shirt CSR dame lysblå,Alm.slid uden restværdi,1,346,20,30155C97D461A6C0010DDB13,"PLC, Product detaljeret, Aarhus, Dec. 2023.xlsx",1.7595375722543354,T-shirt
26961 T-shirt CSR dame lysblå,Alm.slid uden restværdi,1,342,15,30155C97D461A6C0015FEE59,"PLC, Product detaljeret, Aarhus, Dec. 2023.xlsx",1.3350877192982455,T-shirt
26961 T-shirt CSR dame lysblå,Alm.slid uden restværdi,1,342,13,30155C97D461A6C0015FEE9D,"PLC, Product detaljeret, Aarhus, Dec. 2023.xlsx",1.157076023391813,T-shirt
26961 T-shirt CSR dame lysblå,Alm.slid uden restværdi,1,342,15,30155C97D461A6C0015FEF06,"PLC, Product detaljeret, Aarhus, Dec. 2023.xlsx",1.3350877192982455,T-shirt
26961 T-shirt CSR dame lysblå,Alm.slid uden restværdi,1,342,23,30155C97D461A6C0015FEF50,"PLC, Product detaljeret, Aarhus, Dec. 2023.xlsx",2.0471345029239765,T-shirt
26961 T-shirt CSR dame lysblå,Alm.slid uden restværdi,1,339,14,30155C97D461A6C0018F1276,"PLC, Product detaljeret, Aarhus, Dec. 2023.xlsx",1.257109144542773,T-shirt
01589 T-shirt unisex mblå k/æ,Alm.slid uden restværdi,1,333,11,30155C97D461A6C001A5D2C1,"PLC, Product detaljeret, Aarhus, Dec. 2023.xlsx",1.0055255255255255,T-shirt
27110 T-Shirt Csr Unisex Lysblå,Alm.slid uden restværdi,1,333,12,30155C97D461A6C0010DFA61,"PLC, Product detaljeret, Aarhus, Dec. 2023.xlsx",1.096936936936937,T-shirt
27110 T-Shirt Csr Unisex Lysblå,Alm.slid uden restværdi,1,333,12,30155C97D461A6C0010DFA6B,"PLC, Product detaljeret, Aarhus, Dec. 2023.xlsx",1.096936936936937,T-shirt
27110 T-Shirt Csr Unisex Lysblå,Alm.slid uden restværdi,1,333,11,30155C97D461A6C0010DFAA1,"PLC, Product detaljeret, Aarhus, Dec. 2023.xlsx",1.0055255255255255,T-shirt
26961 T-shirt CSR dame lysblå,Alm.slid uden restværdi,1,329,15,30155C97D461A6C0015FEF1F,"PLC, Product detaljeret, Aarhus, Dec. 2023.xlsx",1.3878419452887538,T-shirt
27110 T-Shirt Csr Unisex Lysblå,Alm.slid uden restværdi,1,327,18,30155C97D461A4C000D6EA0B,"PLC, Product detaljeret, Aarhus, Dec. 2023.xlsx",1.6755963302752295,T-shirt
13658 T-shirt dame lyseblå Prowear,Alm.slid uden restværdi,1,324,22,30155C97D461A6C0018E9CCD,"PLC, Product detaljeret, Aarhus, Dec. 2023.xlsx",2.0669135802469136,T-shirt
26961 T-shirt CSR dame lysblå,Alm.slid uden restværdi,1,315,14,30155C97D461A6C0015FEEAC,"PLC, Product detaljeret, Aarhus, Dec. 2023.xlsx",1.352888888888889,T-shirt
27110 T-Shirt Csr Unisex Lysblå,Alm.slid uden restværdi,1,314,20,30155C97D461A4C000D6E9F7,"PLC, Product detaljeret, Aarhus, Dec. 2023.xlsx",1.9388535031847134,T-shirt
27110 T-Shirt Csr Unisex Lysblå,Alm.slid uden restværdi,1,314,7,30155C97D461A6C001A6A9A2,"PLC, Product detaljeret, Aarhus, Dec. 2023.xlsx",0.6785987261146497,T-shirt
27110 T-Shirt Csr Unisex Lysblå,Alm.slid uden restværdi,1,313,10,30155C97D461A4C000D6EC55,"PLC, Product detaljeret, Aarhus, Dec. 2023.xlsx",0.9725239616613418,T-shirt
26961 T-shirt CSR dame lysblå,Alm.slid uden restværdi,1,312,16,30155C97D461A6C0015FEEDC,"PLC, Product detaljeret, Aarhus, Dec. 2023.xlsx",1.5610256410256411,T-shirt
26961 T-shirt CSR dame lysblå,Alm.slid uden restværdi,1,309,13,30155C97D461A6C00135F25E,"PLC, Product detaljeret, Aarhus, Dec. 2023.xlsx",1.2806472491909386,T-shirt
26961 T-shirt CSR dame lysblå,Alm.slid uden restværdi,1,309,12,30155C97D461A6C0015FE287,"PLC, Product detaljeret, Aarhus, Dec. 2023.xlsx",1.1821359223300971,T-shirt
01589 T-shirt unisex mblå k/æ,Alm.slid uden restværdi,1,308,27,30155C97D461A6C001A6BBBC,"PLC, Product detaljeret, Aarhus, Dec. 2023.xlsx",2.6684415584415584,T-shirt
26961 T-shirt CSR dame lysblå,Alm.slid uden restværdi,1,300,17,30155C97D461A6C0015FE332,"PLC, Product detaljeret, Aarhus, Dec. 2023.xlsx",1.7249333333333334,T-shirt
26961 T-shirt CSR dame lysblå,Alm.slid uden restværdi,1,300,15,30155C97D461A6C0015FEDA3,"PLC, Product detaljeret, Aarhus, Dec. 2023.xlsx",1.5220000000000002,T-shirt
26961 T-shirt CSR dame lysblå,Alm.slid uden restværdi,1,300,16,30155C97D461A6C0015FEE06,"PLC, Product detaljeret, Aarhus, Dec. 2023.xlsx",1.6234666666666668,T-shirt
01427 T-shirt unisex lyseblå pb,Alm.slid uden restværdi,1,295,2,30155C97D461A6C0018F31C7,"PLC, Product detaljeret, Aarhus, Dec. 2023.xlsx",0.2063728813559322,T-shirt
27110 T-Shirt Csr Unisex Lysblå,Alm.slid uden restværdi,1,283,15,30155C97D461A4C000D6EB42,"PLC, Product detaljeret, Aarhus, Dec. 2023.xlsx",1.613427561837456,T-shirt
27110 T-Shirt Csr Unisex Lysblå,Alm.slid uden restværdi,1,283,17,30155C97D461A4C000D6EBAE,"PLC, Product detaljeret, Aarhus, Dec. 2023.xlsx",1.8285512367491166,T-shirt
27110 T-Shirt Csr Unisex Lysblå,Alm.slid uden restværdi,1,283,15,30155C97D461A4C000D6F1AC,"PLC, Product detaljeret, Aarhus, Dec. 2023.xlsx",1.613427561837456,T-shirt
13658 T-shirt dame lyseblå Prowear,Alm.slid uden restværdi,1,282,8,30155C97D461A6C0015FDF42,"PLC, Product detaljeret, Aarhus, Dec. 2023.xlsx",0.8635460992907802,T-shirt
13658 T-shirt dame lyseblå Prowear,Alm.slid uden restværdi,1,256,11,30155C97D461A4C000F48F0D,"PLC, Product detaljeret, Aarhus, Dec. 2023.xlsx",1.3079687500000001,T-shirt
24762 T-shirt da k/æ blåmela Pro,Alm.slid uden restværdi,1,256,14,30155C97D461A4C000F48732,"PLC, Product detaljeret, Aarhus, Dec. 2023.xlsx",1.6646875,T-shirt
01589 T-shirt unisex mblå k/æ,Alm.slid uden restværdi,1,255,3,30155C97D461A4C000F46601,"PLC, Product detaljeret, Aarhus, Dec. 2023.xlsx",0.35811764705882354,T-shirt
01589 T-shirt unisex mblå k/æ,Alm.slid uden restværdi,1,253,14,30155C97D461A4C000C003DF,"PLC, Product detaljeret, Aarhus, Dec. 2023.xlsx",1.6844268774703557,T-shirt
27110 T-Shirt Csr Unisex Lysblå,Alm.slid uden restværdi,1,251,14,30155C97D461A4C000D6F2EA,"PLC, Product detaljeret, Aarhus, Dec. 2023.xlsx",1.6978486055776894,T-shirt
13658 T-shirt dame lyseblå Prowear,Alm.slid uden restværdi,1,250,9,30155C97D461A4C000F48E3B,"PLC, Product detaljeret, Aarhus, Dec. 2023.xlsx",1.09584,T-shirt
26056 T-shirt k/æ dame lyseblå,Alm.slid uden restværdi,1,245,9,30155C97D461A4C000C69372,"PLC, Product detaljeret, Aarhus, Dec. 2023.xlsx",1.1182040816326533,T-shirt
26056 T-shirt k/æ dame lyseblå,Alm.slid uden restværdi,1,245,10,30155C97D461A4C000C6943F,"PLC, Product detaljeret, Aarhus, Dec. 2023.xlsx",1.2424489795918368,T-shirt
26056 T-shirt k/æ dame lyseblå,Alm.slid uden restværdi,1,245,10,30155C97D461A4C000C6A604,"PLC, Product detaljeret, Aarhus, Dec. 2023.xlsx",1.2424489795918368,T-shirt
26056 T-shirt k/æ dame lyseblå,Alm.slid uden restværdi,1,245,8,30155C97D461A4C000C6A610,"PLC, Product detaljeret, Aarhus, Dec. 2023.xlsx",0.9939591836734695,T-shirt
27110 T-Shirt Csr Unisex Lysblå,Alm.slid uden restværdi,1,245,14,30155C97D461A6C00135FB06,"PLC, Product detaljeret, Aarhus, Dec. 2023.xlsx",1.7394285714285715,T-shirt
26961 T-shirt CSR dame lysblå,Alm.slid uden restværdi,1,240,10,30155C97D461A6C000EAA73D,"PLC, Product detaljeret, Aarhus, Dec. 2023.xlsx",1.2683333333333333,T-shirt
27110 T-Shirt Csr Unisex Lysblå,Alm.slid uden restværdi,1,233,11,30155C97D461A4C0010C4C55,"PLC, Product detaljeret, Aarhus, Dec. 2023.xlsx",1.437081545064378,T-shirt
27110 T-Shirt Csr Unisex Lysblå,Alm.slid uden restværdi,1,229,10,30155C97D461A4C0010BF512,"PLC, Product detaljeret, Aarhus, Dec. 2023.xlsx",1.3292576419213973,T-shirt
01589 T-shirt unisex mblå k/æ,Alm.slid uden restværdi,1,227,11,30155C97D461A4C000C02C82,"PLC, Product detaljeret, Aarhus, Dec. 2023.xlsx",1.4750660792951542,T-shirt
01589 T-shirt unisex mblå k/æ,Alm.slid uden restværdi,1,212,3,30155C97D461A4C000D95F9B,"PLC, Product detaljeret, Aarhus, Dec. 2023.xlsx",0.4307547169811321,T-shirt
13658 T-shirt dame lyseblå Prowear,Alm.slid uden restværdi,1,210,14,30155C97D461A4C000D6ACD7,"PLC, Product detaljeret, Aarhus, Dec. 2023.xlsx",2.029333333333333,T-shirt
26055 T-shirt 1/2 ærme da lyseblå,Alm.slid uden restværdi,1,208,12,30155C97D461A6C0020E7720,"PLC, Product detaljeret, Aarhus, Dec. 2023.xlsx",1.7561538461538464,T-shirt
26056 T-shirt k/æ dame lyseblå,Alm.slid uden restværdi,1,203,15,30155C97D461A4C00141B164,"PLC, Product detaljeret, Aarhus, Dec. 2023.xlsx",2.2492610837438427,T-shirt
27110 T-Shirt Csr Unisex Lysblå,Alm.slid uden restværdi,1,198,13,30155C97D461A6C0010DFA94,"PLC, Product detaljeret, Aarhus, Dec. 2023.xlsx",1.998585858585859,T-shirt
26055 T-shirt 1/2 ærme da lyseblå,Alm.slid uden restværdi,1,195,14,30155C97D461A6C0020E76F5,"PLC, Product detaljeret, Aarhus, Dec. 2023.xlsx",2.185435897435897,T-shirt
27725 T-shirt uni lblå PRO Light,Alm.slid uden restværdi,1,195,10,30155C97D461A4C000C28D43,"PLC, Product detaljeret, Aarhus, Dec. 2023.xlsx",1.5610256410256411,T-shirt
27859 T-shirt dame lblå PRO Light,Alm.slid uden restværdi,1,188,15,30155C97D461A6C0018F272D,"PLC, Product detaljeret, Aarhus, Dec. 2023.xlsx",2.428723404255319,T-shirt
27859 T-shirt dame lblå PRO Light,Alm.slid uden restværdi,1,188,9,30155C97D461A6C0018F278C,"PLC, Product detaljeret, Aarhus, Dec. 2023.xlsx",1.4572340425531916,T-shirt
27725 T-shirt uni lblå PRO Light,Alm.slid uden restværdi,1,181,13,30155C97D461A4C000C28CC3,"PLC, Product detaljeret, Aarhus, Dec. 2023.xlsx",2.1862983425414364,T-shirt
27725 T-shirt uni lblå PRO Light,Alm.slid uden restværdi,1,181,17,30155C97D461A4C000C28DAF,"PLC, Product detaljeret, Aarhus, Dec. 2023.xlsx",2.8590055248618786,T-shirt
27859 T-shirt dame lblå PRO Light,Alm.slid uden restværdi,1,181,7,30155C97D461A6C0018F27C2,"PLC, Product detaljeret, Aarhus, Dec. 2023.xlsx",1.1772375690607735,T-shirt
27725 T-shirt uni lblå PRO Light,Alm.slid uden restværdi,1,180,5,30155C97D461A6C0018F21DE,"PLC, Product detaljeret, Aarhus, Dec. 2023.xlsx",0.8455555555555555,T-shirt
01589 T-shirt unisex mblå k/æ,Alm.slid uden restværdi,1,179,5,30155C97D461A4C000C2822C,"PLC, Product detaljeret, Aarhus, Dec. 2023.xlsx",0.8502793296089385,T-shirt
27859 T-shirt dame lblå PRO Light,Alm.slid uden restværdi,1,179,9,30155C97D461A6C0018F27C4,"PLC, Product detaljeret, Aarhus, Dec. 2023.xlsx",1.5305027932960895,T-shirt
01589 T-shirt unisex mblå k/æ,Alm.slid uden restværdi,1,177,11,30155C97D461A4C000D77726,"PLC, Product detaljeret, Aarhus, Dec. 2023.xlsx",1.8917514124293786,T-shirt
27859 T-shirt dame lblå PRO Light,Alm.slid uden restværdi,1,177,6,30155C97D461A6C0018F2722,"PLC, Product detaljeret, Aarhus, Dec. 2023.xlsx",1.031864406779661,T-shirt
27859 T-shirt dame lblå PRO Light,Alm.slid uden restværdi,1,177,10,30155C97D461A6C0018F277B,"PLC, Product detaljeret, Aarhus, Dec. 2023.xlsx",1.719774011299435,T-shirt
27859 T-shirt dame lblå PRO Light,Alm.slid uden restværdi,1,177,6,30155C97D461A6C0018F2784,"PLC, Product detaljeret, Aarhus, Dec. 2023.xlsx",1.031864406779661,T-shirt
27859 T-shirt dame lblå PRO Light,Alm.slid uden restværdi,1,177,7,30155C97D461A6C0018F2787,"PLC, Product detaljeret, Aarhus, Dec. 2023.xlsx",1.2038418079096047,T-shirt
01589 T-shirt unisex mblå k/æ,Alm.slid uden restværdi,1,176,0,30155C97D461A4C0010C41F5,"PLC, Product detaljeret, Aarhus, Dec. 2023.xlsx",0.0,T-shirt
27859 T-shirt dame lblå PRO Light,Alm.slid uden restværdi,1,175,2,30155C97D461A6C0018F27DA,"PLC, Product detaljeret, Aarhus, Dec. 2023.xlsx",0.3478857142857143,T-shirt
13658 T-shirt dame lyseblå Prowear,Alm.slid uden restværdi,1,174,4,30155C97D461A4C000F4554B,"PLC, Product detaljeret, Aarhus, Dec. 2023.xlsx",0.6997701149425287,T-shirt
27110 T-Shirt Csr Unisex Lysblå,Alm.slid uden restværdi,1,171,3,30155C97D461A4C000B9010A,"PLC, Product detaljeret, Aarhus, Dec. 2023.xlsx",0.5340350877192982,T-shirt
27110 T-Shirt Csr Unisex Lysblå,Alm.slid uden restværdi,1,170,11,30155C97D461A4C000C25879,"PLC, Product detaljeret, Aarhus, Dec. 2023.xlsx",1.9696470588235298,T-shirt
27110 T-Shirt Csr Unisex Lysblå,Alm.slid uden restværdi,1,170,13,30155C97D461A4C000D7A4A4,"PLC, Product detaljeret, Aarhus, Dec. 2023.xlsx",2.327764705882353,T-shirt
27110 T-Shirt Csr Unisex Lysblå,Alm.slid uden restværdi,1,170,15,30155C97D461A4C000D7A4C6,"PLC, Product detaljeret, Aarhus, Dec. 2023.xlsx",2.6858823529411766,T-shirt
27859 T-shirt dame lblå PRO Light,Alm.slid uden restværdi,1,168,7,30155C97D461A6C0018E908C,"PLC, Product detaljeret, Aarhus, Dec. 2023.xlsx",1.2683333333333333,T-shirt
24762 T-shirt da k/æ blåmela Pro,Alm.slid uden restværdi,1,166,2,30155C97D461A4C000D7E3D3,"PLC, Product detaljeret, Aarhus, Dec. 2023.xlsx",0.36674698795180727,T-shirt
24762 T-shirt da k/æ blåmela Pro,Alm.slid uden restværdi,1,166,2,30155C97D461A4C000D7E407,"PLC, Product detaljeret, Aarhus, Dec. 2023.xlsx",0.36674698795180727,T-shirt
01589 T-shirt unisex mblå k/æ,Alm.slid uden restværdi,1,164,7,30155C97D461A4C000C0B7BB,"PLC, Product detaljeret, Aarhus, Dec. 2023.xlsx",1.2992682926829269,T-shirt
13658 T-shirt dame lyseblå Prowear,Alm.slid uden restværdi,1,163,7,30155C97D461A4C000F6A7AD,"PLC, Product detaljeret, Aarhus, Dec. 2023.xlsx",1.3072392638036812,T-shirt
01589 T-shirt unisex mblå k/æ,Alm.slid uden restværdi,1,161,0,30155C97D461A4C000C084B9,"PLC, Product detaljeret, Aarhus, Dec. 2023.xlsx",0.0,T-shirt
24762 T-shirt da k/æ blåmela Pro,Alm.slid uden restværdi,1,159,12,30155C97D461A4C000D7CC8A,"PLC, Product detaljeret, Aarhus, Dec. 2023.xlsx",2.2973584905660376,T-shirt
27110 T-Shirt Csr Unisex Lysblå,Alm.slid uden restværdi,1,157,8,30155C97D461A4C000D7A3AD,"PLC, Product detaljeret, Aarhus, Dec. 2023.xlsx",1.5510828025477708,T-shirt
01589 T-shirt unisex mblå k/æ,Alm.slid uden restværdi,1,154,1,30155C97D461A4C000D78610,"PLC, Product detaljeret, Aarhus, Dec. 2023.xlsx",0.19766233766233768,T-shirt
01589 T-shirt unisex mblå k/æ,Alm.slid uden restværdi,1,154,1,30155C97D461A4C000D7872A,"PLC, Product detaljeret, Aarhus, Dec. 2023.xlsx",0.19766233766233768,T-shirt
26961 T-shirt CSR dame lysblå,Alm.slid uden restværdi,1,154,4,30155C97D461A6C0015FE37E,"PLC, Product detaljeret, Aarhus, Dec. 2023.xlsx",0.7906493506493507,T-shirt
27110 T-Shirt Csr Unisex Lysblå,Alm.slid uden restværdi,1,149,9,30155C97D461A4C000D7D0AA,"PLC, Product detaljeret, Aarhus, Dec. 2023.xlsx",1.8386577181208055,T-shirt
27110 T-Shirt Csr Unisex Lysblå,Alm.slid uden restværdi,1,147,13,30155C97D461A4C0010E63F4,"PLC, Product detaljeret, Aarhus, Dec. 2023.xlsx",2.6919727891156464,T-shirt
26961 T-shirt CSR dame lysblå,Alm.slid uden restværdi,1,146,5,30155C97D461A6C00135FB59,"PLC, Product detaljeret, Aarhus, Dec. 2023.xlsx",1.0424657534246575,T-shirt
26961 T-shirt CSR dame lysblå,Alm.slid uden restværdi,1,146,5,30155C97D461A6C0015FE369,"PLC, Product detaljeret, Aarhus, Dec. 2023.xlsx",1.0424657534246575,T-shirt
27110 T-Shirt Csr Unisex Lysblå,Alm.slid uden restværdi,1,146,12,30155C97D461A4C0010E62F5,"PLC, Product detaljeret, Aarhus, Dec. 2023.xlsx",2.501917808219178,T-shirt
01589 T-shirt unisex mblå k/æ,Alm.slid uden restværdi,1,134,2,30155C97D461A4C000C08FCC,"PLC, Product detaljeret, Aarhus, Dec. 2023.xlsx",0.45432835820895523,T-shirt
27110 T-Shirt Csr Unisex Lysblå,Alm.slid uden restværdi,1,133,13,30155C97D461A4C0010E63FC,"PLC, Product detaljeret, Aarhus, Dec. 2023.xlsx",2.9753383458646616,T-shirt
27110 T-Shirt Csr Unisex Lysblå,Alm.slid uden restværdi,1,133,8,30155C97D461A4C0010E6483,"PLC, Product detaljeret, Aarhus, Dec. 2023.xlsx",1.8309774436090225,T-shirt
28993 T-shirt dame lysblå Lyocell,Alm.slid uden restværdi,1,131,7,30155C97D461A4C000D7D08F,"PLC, Product detaljeret, Aarhus, Dec. 2023.xlsx",1.6265648854961832,T-shirt
27110 T-Shirt Csr Unisex Lysblå,Alm.slid uden restværdi,1,127,3,30155C97D461A4C000EBB4AC,"PLC, Product detaljeret, Aarhus, Dec. 2023.xlsx",0.7190551181102363,T-shirt
26961 T-shirt CSR dame lysblå,Alm.slid uden restværdi,1,122,4,30155C97D461A6C000EAA632,"PLC, Product detaljeret, Aarhus, Dec. 2023.xlsx",0.998032786885246,T-shirt
26961 T-shirt CSR dame lysblå,Alm.slid uden restværdi,1,122,3,30155C97D461A6C00135FAA6,"PLC, Product detaljeret, Aarhus, Dec. 2023.xlsx",0.7485245901639345,T-shirt
26961 T-shirt CSR dame lysblå,Alm.slid uden restværdi,1,122,4,30155C97D461A6C0015FE1DB,"PLC, Product detaljeret, Aarhus, Dec. 2023.xlsx",0.998032786885246,T-shirt
27110 T-Shirt Csr Unisex Lysblå,Alm.slid uden restværdi,1,102,11,30155C97D461A4C001641F8E,"PLC, Product detaljeret, Aarhus, Dec. 2023.xlsx",3.282745098039216,T-shirt
13658 T-shirt dame lyseblå Prowear,Alm.slid uden restværdi,1,82,1,30155C97D461A4C0018A63D0,"PLC, Product detaljeret, Aarhus, Dec. 2023.xlsx",0.371219512195122,T-shirt
01717 T-shirt unisex kblå pb,Alm.slid uden restværdi,1,77,1,30155C97D461A4C000C08CF9,"PLC, Product detaljeret, Aarhus, Dec. 2023.xlsx",0.39532467532467536,T-shirt
26056 T-shirt k/æ dame lyseblå,Alm.slid uden restværdi,1,62,6,30155C97D461A4C000DDBC12,"PLC, Product detaljeret, Aarhus, Dec. 2023.xlsx",2.945806451612903,T-shirt
27110 T-Shirt Csr Unisex Lysblå,Alm.slid uden restværdi,1,62,4,30155C97D461A4C00164C55A,"PLC, Product detaljeret, Aarhus, Dec. 2023.xlsx",1.9638709677419355,T-shirt
08398 T-shirt unisex mblå k/æ bom,Alm.slid uden restværdi,1,51,1,30155C97D461A4C001293DAA,"PLC, Product detaljeret, Aarhus, Dec. 2023.xlsx",0.5968627450980393,T-shirt
27110 T-Shirt Csr Unisex Lysblå,Alm.slid uden restværdi,1,46,2,30155C97D461A4C001293150,"PLC, Product detaljeret, Aarhus, Dec. 2023.xlsx",1.3234782608695652,T-shirt
24597 T-shirt You unisex Kornblå,Alm.slid uden restværdi,1,45,1,30155C97D461A4C00142331A,"PLC, Product detaljeret, Aarhus, Dec. 2023.xlsx",0.6764444444444445,T-shirt
27110 T-Shirt Csr Unisex Lysblå,Alm.slid uden restværdi,1,44,1,30155C97D461A6C0010E153B,"PLC, Product detaljeret, Aarhus, Dec. 2023.xlsx",0.6918181818181819,T-shirt
25055 T-shirt uni k/æ blåmelan Pro,Alm.slid uden restværdi,1,30,1,30155C97D461A4C0018A1B7F,"PLC, Product detaljeret, Aarhus, Dec. 2023.xlsx",1.0146666666666666,T-shirt
25055 T-shirt uni k/æ blåmelan Pro,Alm.slid uden restværdi,1,18,1,30155C97D461A4C0018A12E8,"PLC, Product detaljeret, Aarhus, Dec. 2023.xlsx",1.691111111111111,T-shirt
01717 T-shirt unisex kblå pb,Alm.slid uden restværdi,1,2828,66,00D009EF7B66,"PLC, Product detaljeret, Aarhus, Feb. 2023.xlsx",0.7104101838755305,T-shirt
01589 T-shirt unisex mblå k/æ,Alm.slid uden restværdi,1,2765,137,00D009742AE6,"PLC, Product detaljeret, Aarhus, Feb. 2023.xlsx",1.50823869801085,T-shirt
01589 T-shirt unisex mblå k/æ,Alm.slid uden restværdi,1,2763,120,00D008FE1555,"PLC, Product detaljeret, Aarhus, Feb. 2023.xlsx",1.3220412595005429,T-shirt
01589 T-shirt unisex mblå k/æ,Alm.slid uden restværdi,1,2756,116,00D006EDD728,"PLC, Product detaljeret, Aarhus, Feb. 2023.xlsx",1.2812191582002903,T-shirt
01589 T-shirt unisex mblå k/æ,Alm.slid uden restværdi,1,2754,138,00D00956741F,"PLC, Product detaljeret, Aarhus, Feb. 2023.xlsx",1.5253159041394335,T-shirt
01589 T-shirt unisex mblå k/æ,Alm.slid uden restværdi,1,2754,121,00D009708FD1,"PLC, Product detaljeret, Aarhus, Feb. 2023.xlsx",1.3374146695715323,T-shirt
01589 T-shirt unisex mblå k/æ,Alm.slid uden restværdi,1,2747,120,00D006EA3493,"PLC, Product detaljeret, Aarhus, Feb. 2023.xlsx",1.3297415362213325,T-shirt
01589 T-shirt unisex mblå k/æ,Alm.slid uden restværdi,1,2747,134,00D00973CDDC,"PLC, Product detaljeret, Aarhus, Feb. 2023.xlsx",1.484878048780488,T-shirt
01589 T-shirt unisex mblå k/æ,Alm.slid uden restværdi,1,2747,139,00D009743EC2,"PLC, Product detaljeret, Aarhus, Feb. 2023.xlsx",1.5402839461230435,T-shirt
01589 T-shirt unisex mblå k/æ,Alm.slid uden restværdi,1,2747,133,00D0097451FD,"PLC, Product detaljeret, Aarhus, Feb. 2023.xlsx",1.4737968693119767,T-shirt
01589 T-shirt unisex mblå k/æ,Alm.slid uden restværdi,1,2747,70,00D0097F415C,"PLC, Product detaljeret, Aarhus, Feb. 2023.xlsx",0.7756825627957772,T-shirt
01589 T-shirt unisex mblå k/æ,Alm.slid uden restværdi,1,2747,126,00D009800492,"PLC, Product detaljeret, Aarhus, Feb. 2023.xlsx",1.396228613032399,T-shirt
01589 T-shirt unisex mblå k/æ,Alm.slid uden restværdi,1,2747,95,00D0098033CF,"PLC, Product detaljeret, Aarhus, Feb. 2023.xlsx",1.052712049508555,T-shirt
01589 T-shirt unisex mblå k/æ,Alm.slid uden restværdi,1,2747,130,00D0098054AC,"PLC, Product detaljeret, Aarhus, Feb. 2023.xlsx",1.4405533309064433,T-shirt
01589 T-shirt unisex mblå k/æ,Alm.slid uden restværdi,1,2582,80,00D009E3437B,"PLC, Product detaljeret, Aarhus, Feb. 2023.xlsx",0.9431448489542991,T-shirt
01589 T-shirt unisex mblå k/æ,Alm.slid uden restværdi,1,2582,79,00D009E3DDBA,"PLC, Product detaljeret, Aarhus, Feb. 2023.xlsx",0.9313555383423703,T-shirt
01589 T-shirt unisex mblå k/æ,Alm.slid uden restværdi,1,2582,77,00D009E407B2,"PLC, Product detaljeret, Aarhus, Feb. 2023.xlsx",0.9077769171185128,T-shirt
01589 T-shirt unisex mblå k/æ,Alm.slid uden restværdi,1,2448,90,00D0087A29A1,"PLC, Product detaljeret, Aarhus, Feb. 2023.xlsx",1.1191176470588236,T-shirt
01717 T-shirt unisex kblå pb,Alm.slid uden restværdi,1,2339,129,30155C97D461A7C0005C6227,"PLC, Product detaljeret, Aarhus, Feb. 2023.xlsx",1.6788200085506628,T-shirt
01589 T-shirt unisex mblå k/æ,Alm.slid uden restværdi,1,2317,72,00D00A341584,"PLC, Product detaljeret, Aarhus, Feb. 2023.xlsx",0.9459128182995253,T-shirt
01589 T-shirt unisex mblå k/æ,Alm.slid uden restværdi,1,2317,17,00D00A343446,"PLC, Product detaljeret, Aarhus, Feb. 2023.xlsx",0.22334052654294348,T-shirt
01589 T-shirt unisex mblå k/æ,Alm.slid uden restværdi,1,2317,33,00D00A346692,"PLC, Product detaljeret, Aarhus, Feb. 2023.xlsx",0.43354337505394913,T-shirt
01589 T-shirt unisex mblå k/æ,Alm.slid uden restværdi,1,2317,48,00D00A3468F6,"PLC, Product detaljeret, Aarhus, Feb. 2023.xlsx",0.6306085455330168,T-shirt
01589 T-shirt unisex mblå k/æ,Alm.slid uden restværdi,1,2317,34,00D00A3476A8,"PLC, Product detaljeret, Aarhus, Feb. 2023.xlsx",0.44668105308588696,T-shirt
01589 T-shirt unisex mblå k/æ,Alm.slid uden restværdi,1,2277,127,30155C97D461A7C0002C6FE9,"PLC, Product detaljeret, Aarhus, Feb. 2023.xlsx",1.6977953447518666,T-shirt
01589 T-shirt unisex mblå k/æ,Alm.slid uden restværdi,1,2266,130,30155C97D461A7C0002C625A,"PLC, Product detaljeret, Aarhus, Feb. 2023.xlsx",1.7463371579876434,T-shirt
03885 T-Shirt Lysblå Lady K/Æ P/B,Alm.slid uden restværdi,1,2249,49,30155C97D461A7C000684BA4,"PLC, Product detaljeret, Aarhus, Feb. 2023.xlsx",0.6632103156958649,T-shirt
03885 T-Shirt Lysblå Lady K/Æ P/B,Alm.slid uden restværdi,1,2232,36,00D00998145D,"PLC, Product detaljeret, Aarhus, Feb. 2023.xlsx",0.49096774193548387,T-shirt
03885 T-Shirt Lysblå Lady K/Æ P/B,Alm.slid uden restværdi,1,2224,34,00D0099758B2,"PLC, Product detaljeret, Aarhus, Feb. 2023.xlsx",0.4653597122302159,T-shirt
01717 T-shirt unisex kblå pb,Alm.slid uden restværdi,1,2108,73,30155C97D461A7C000B5C74C,"PLC, Product detaljeret, Aarhus, Feb. 2023.xlsx",1.054136622390892,T-shirt
01589 T-shirt unisex mblå k/æ,Alm.slid uden restværdi,1,2088,119,30155C97D461A7C0002D7E46,"PLC, Product detaljeret, Aarhus, Feb. 2023.xlsx",1.7348467432950192,T-shirt
01589 T-shirt unisex mblå k/æ,Alm.slid uden restværdi,1,2031,117,30155C97D461A7C0002D70D0,"PLC, Product detaljeret, Aarhus, Feb. 2023.xlsx",1.7535598227474152,T-shirt
03885 T-Shirt Lysblå Lady K/Æ P/B,Alm.slid uden restværdi,1,2025,13,30155C97D461A7C0007D1134,"PLC, Product detaljeret, Aarhus, Feb. 2023.xlsx",0.19541728395061728,T-shirt
03885 T-Shirt Lysblå Lady K/Æ P/B,Alm.slid uden restværdi,1,2001,33,00D0097760F4,"PLC, Product detaljeret, Aarhus, Feb. 2023.xlsx",0.502008995502249,T-shirt
01589 T-shirt unisex mblå k/æ,Alm.slid uden restværdi,1,1993,121,30155C97D461A7C000BC173D,"PLC, Product detaljeret, Aarhus, Feb. 2023.xlsx",1.8480883090817863,T-shirt
01589 T-shirt unisex mblå k/æ,Alm.slid uden restværdi,1,1974,82,30155C97D461A7C000BAC02A,"PLC, Product detaljeret, Aarhus, Feb. 2023.xlsx",1.2644782168186426,T-shirt
01589 T-shirt unisex mblå k/æ,Alm.slid uden restværdi,1,1950,50,300ED89F3350007FE266A193,"PLC, Product detaljeret, Aarhus, Feb. 2023.xlsx",0.7805128205128206,T-shirt
01589 T-shirt unisex mblå k/æ,Alm.slid uden restværdi,1,1950,49,300ED89F3350007FE267DF2E,"PLC, Product detaljeret, Aarhus, Feb. 2023.xlsx",0.7649025641025641,T-shirt
13658 T-shirt dame lyseblå Prowear,Alm.slid uden restværdi,1,1945,54,300ED89F335000400183D115,"PLC, Product detaljeret, Aarhus, Feb. 2023.xlsx",0.845120822622108,T-shirt
01589 T-shirt unisex mblå k/æ,Alm.slid uden restværdi,1,1943,107,300ED89F3350007FE266A77C,"PLC, Product detaljeret, Aarhus, Feb. 2023.xlsx",1.6763149768399384,T-shirt
01589 T-shirt unisex mblå k/æ,Alm.slid uden restværdi,1,1940,88,300ED89F3350007FE267DF95,"PLC, Product detaljeret, Aarhus, Feb. 2023.xlsx",1.380783505154639,T-shirt
13658 T-shirt dame lyseblå Prowear,Alm.slid uden restværdi,1,1930,78,300ED89F335000400183AE70,"PLC, Product detaljeret, Aarhus, Feb. 2023.xlsx",1.230217616580311,T-shirt
13658 T-shirt dame lyseblå Prowear,Alm.slid uden restværdi,1,1929,67,300ED89F335000400183D84F,"PLC, Product detaljeret, Aarhus, Feb. 2023.xlsx",1.057273198548471,T-shirt
01589 T-shirt unisex mblå k/æ,Alm.slid uden restværdi,1,1846,77,300ED89F33500060009D8933,"PLC, Product detaljeret, Aarhus, Feb. 2023.xlsx",1.2697074756229687,T-shirt
01427 T-shirt unisex lyseblå pb,Alm.slid uden restværdi,1,1824,94,300ED89F33500060009D9877,"PLC, Product detaljeret, Aarhus, Feb. 2023.xlsx",1.5687280701754387,T-shirt
01589 T-shirt unisex mblå k/æ,Alm.slid uden restværdi,1,1824,70,300ED89F33500060009D9886,"PLC, Product detaljeret, Aarhus, Feb. 2023.xlsx",1.168201754385965,T-shirt
03885 T-Shirt Lysblå Lady K/Æ P/B,Alm.slid uden restværdi,1,1793,107,30155C97D461A7C00102F87D,"PLC, Product detaljeret, Aarhus, Feb. 2023.xlsx",1.8165532626882321,T-shirt
03885 T-Shirt Lysblå Lady K/Æ P/B,Alm.slid uden restværdi,1,1788,13,30155C97D461A7C000E90773,"PLC, Product detaljeret, Aarhus, Feb. 2023.xlsx",0.2213199105145414,T-shirt
03885 T-Shirt Lysblå Lady K/Æ P/B,Alm.slid uden restværdi,1,1788,20,30155C97D461A7C001036474,"PLC, Product detaljeret, Aarhus, Feb. 2023.xlsx",0.3404921700223714,T-shirt
01427 T-shirt unisex lyseblå pb,Alm.slid uden restværdi,1,1787,35,30155C97D461A7C001186A11,"PLC, Product detaljeret, Aarhus, Feb. 2023.xlsx",0.5961947397873532,T-shirt
01589 T-shirt unisex mblå k/æ,Alm.slid uden restværdi,1,1787,97,30155C97D461A7C001186AE7,"PLC, Product detaljeret, Aarhus, Feb. 2023.xlsx",1.6523111359820928,T-shirt
03885 T-Shirt Lysblå Lady K/Æ P/B,Alm.slid uden restværdi,1,1787,79,30155C97D461A7C00102F85F,"PLC, Product detaljeret, Aarhus, Feb. 2023.xlsx",1.3456966983771685,T-shirt
03885 T-Shirt Lysblå Lady K/Æ P/B,Alm.slid uden restværdi,1,1786,85,30155C97D461A7C00102F8CA,"PLC, Product detaljeret, Aarhus, Feb. 2023.xlsx",1.4487122060470325,T-shirt
03885 T-Shirt Lysblå Lady K/Æ P/B,Alm.slid uden restværdi,1,1786,101,30155C97D461A7C00102F95D,"PLC, Product detaljeret, Aarhus, Feb. 2023.xlsx",1.721410974244121,T-shirt
03885 T-Shirt Lysblå Lady K/Æ P/B,Alm.slid uden restværdi,1,1786,101,30155C97D461A7C00103530A,"PLC, Product detaljeret, Aarhus, Feb. 2023.xlsx",1.721410974244121,T-shirt
03885 T-Shirt Lysblå Lady K/Æ P/B,Alm.slid uden restværdi,1,1774,7,30155C97D461A7C000CBE2F3,"PLC, Product detaljeret, Aarhus, Feb. 2023.xlsx",0.12011273957158963,T-shirt
03885 T-Shirt Lysblå Lady K/Æ P/B,Alm.slid uden restværdi,1,1771,23,30155C97D461A7C0007D137D,"PLC, Product detaljeret, Aarhus, Feb. 2023.xlsx",0.39532467532467536,T-shirt
03885 T-Shirt Lysblå Lady K/Æ P/B,Alm.slid uden restværdi,1,1770,15,30155C97D461A7C000E7F5F3,"PLC, Product detaljeret, Aarhus, Feb. 2023.xlsx",0.25796610169491524,T-shirt
03885 T-Shirt Lysblå Lady K/Æ P/B,Alm.slid uden restværdi,1,1770,82,30155C97D461A7C001035316,"PLC, Product detaljeret, Aarhus, Feb. 2023.xlsx",1.4102146892655367,T-shirt
03885 T-Shirt Lysblå Lady K/Æ P/B,Alm.slid uden restværdi,1,1770,84,30155C97D461A7C001036468,"PLC, Product detaljeret, Aarhus, Feb. 2023.xlsx",1.4446101694915254,T-shirt
03885 T-Shirt Lysblå Lady K/Æ P/B,Alm.slid uden restværdi,1,1765,83,30155C97D461A7C000E0EDB3,"PLC, Product detaljeret, Aarhus, Feb. 2023.xlsx",1.4314560906515583,T-shirt
03885 T-Shirt Lysblå Lady K/Æ P/B,Alm.slid uden restværdi,1,1763,103,30155C97D461A7C0007D1273,"PLC, Product detaljeret, Aarhus, Feb. 2023.xlsx",1.7784004537719798,T-shirt
03885 T-Shirt Lysblå Lady K/Æ P/B,Alm.slid uden restværdi,1,1763,98,30155C97D461A7C000E8FCA1,"PLC, Product detaljeret, Aarhus, Feb. 2023.xlsx",1.692070334656835,T-shirt
03885 T-Shirt Lysblå Lady K/Æ P/B,Alm.slid uden restværdi,1,1763,110,30155C97D461A7C000E922CD,"PLC, Product detaljeret, Aarhus, Feb. 2023.xlsx",1.8992626205331822,T-shirt
03885 T-Shirt Lysblå Lady K/Æ P/B,Alm.slid uden restværdi,1,1763,20,30155C97D461A7C001036DE7,"PLC, Product detaljeret, Aarhus, Feb. 2023.xlsx",0.34532047646057856,T-shirt
03885 T-Shirt Lysblå Lady K/Æ P/B,Alm.slid uden restværdi,1,1763,16,30155C97D461A7C001036E4A,"PLC, Product detaljeret, Aarhus, Feb. 2023.xlsx",0.2762563811684629,T-shirt
03885 T-Shirt Lysblå Lady K/Æ P/B,Alm.slid uden restværdi,1,1763,13,30155C97D461A7C001036E71,"PLC, Product detaljeret, Aarhus, Feb. 2023.xlsx",0.22445830969937608,T-shirt
03885 T-Shirt Lysblå Lady K/Æ P/B,Alm.slid uden restværdi,1,1759,103,30155C97D461A7C00103AF6C,"PLC, Product detaljeret, Aarhus, Feb. 2023.xlsx",1.7824445707788517,T-shirt
03885 T-Shirt Lysblå Lady K/Æ P/B,Alm.slid uden restværdi,1,1759,8,30155C97D461A7C00103BBD2,"PLC, Product detaljeret, Aarhus, Feb. 2023.xlsx",0.13844229675952247,T-shirt
03885 T-Shirt Lysblå Lady K/Æ P/B,Alm.slid uden restværdi,1,1759,13,30155C97D461A7C00103BC72,"PLC, Product detaljeret, Aarhus, Feb. 2023.xlsx",0.224968732234224,T-shirt
03885 T-Shirt Lysblå Lady K/Æ P/B,Alm.slid uden restværdi,1,1757,34,30155C97D461A7C000DF1F2B,"PLC, Product detaljeret, Aarhus, Feb. 2023.xlsx",0.589049516220831,T-shirt
03885 T-Shirt Lysblå Lady K/Æ P/B,Alm.slid uden restværdi,1,1757,45,30155C97D461A7C000DF222A,"PLC, Product detaljeret, Aarhus, Feb. 2023.xlsx",0.779624359704041,T-shirt
03885 T-Shirt Lysblå Lady K/Æ P/B,Alm.slid uden restværdi,1,1757,57,30155C97D461A7C000DF2257,"PLC, Product detaljeret, Aarhus, Feb. 2023.xlsx",0.9875241889584518,T-shirt
03885 T-Shirt Lysblå Lady K/Æ P/B,Alm.slid uden restværdi,1,1757,48,30155C97D461A7C00103AE23,"PLC, Product detaljeret, Aarhus, Feb. 2023.xlsx",0.8315993170176438,T-shirt
03885 T-Shirt Lysblå Lady K/Æ P/B,Alm.slid uden restværdi,1,1756,89,30155C97D461A7C000E7F7B8,"PLC, Product detaljeret, Aarhus, Feb. 2023.xlsx",1.5428018223234625,T-shirt
03885 T-Shirt Lysblå Lady K/Æ P/B,Alm.slid uden restværdi,1,1756,85,30155C97D461A7C00102F832,"PLC, Product detaljeret, Aarhus, Feb. 2023.xlsx",1.4734624145785877,T-shirt
03885 T-Shirt Lysblå Lady K/Æ P/B,Alm.slid uden restværdi,1,1756,77,30155C97D461A7C00102F8A7,"PLC, Product detaljeret, Aarhus, Feb. 2023.xlsx",1.3347835990888384,T-shirt
03885 T-Shirt Lysblå Lady K/Æ P/B,Alm.slid uden restværdi,1,1755,98,30155C97D461A7C000E8756D,"PLC, Product detaljeret, Aarhus, Feb. 2023.xlsx",1.6997834757834758,T-shirt
03885 T-Shirt Lysblå Lady K/Æ P/B,Alm.slid uden restværdi,1,1753,85,30155C97D461A7C001036EB2,"PLC, Product detaljeret, Aarhus, Feb. 2023.xlsx",1.4759840273816314,T-shirt
03885 T-Shirt Lysblå Lady K/Æ P/B,Alm.slid uden restværdi,1,1752,118,30155C97D461A7C000DF21B5,"PLC, Product detaljeret, Aarhus, Feb. 2023.xlsx",2.0501826484018264,T-shirt
03885 T-Shirt Lysblå Lady K/Æ P/B,Alm.slid uden restværdi,1,1752,104,30155C97D461A7C001036E57,"PLC, Product detaljeret, Aarhus, Feb. 2023.xlsx",1.8069406392694063,T-shirt
01589 T-shirt unisex mblå k/æ,Alm.slid uden restværdi,1,1751,19,30155C97D461A7C0010DBCD2,"PLC, Product detaljeret, Aarhus, Feb. 2023.xlsx",0.3303026841804683,T-shirt
01589 T-shirt unisex mblå k/æ,Alm.slid uden restværdi,1,1751,30,30155C97D461A7C0010DBD0B,"PLC, Product detaljeret, Aarhus, Feb. 2023.xlsx",0.5215305539691605,T-shirt
01589 T-shirt unisex mblå k/æ,Alm.slid uden restværdi,1,1751,18,30155C97D461A7C0010DBDDA,"PLC, Product detaljeret, Aarhus, Feb. 2023.xlsx",0.3129183323814963,T-shirt
01589 T-shirt unisex mblå k/æ,Alm.slid uden restværdi,1,1751,20,30155C97D461A7C0010DBDF7,"PLC, Product detaljeret, Aarhus, Feb. 2023.xlsx",0.34768703597944034,T-shirt
01589 T-shirt unisex mblå k/æ,Alm.slid uden restværdi,1,1751,27,30155C97D461A7C0010DBE27,"PLC, Product detaljeret, Aarhus, Feb. 2023.xlsx",0.4693774985722444,T-shirt
01589 T-shirt unisex mblå k/æ,Alm.slid uden restværdi,1,1751,17,30155C97D461A7C0010DBE29,"PLC, Product detaljeret, Aarhus, Feb. 2023.xlsx",0.2955339805825243,T-shirt
01589 T-shirt unisex mblå k/æ,Alm.slid uden restværdi,1,1751,20,30155C97D461A7C0011716CA,"PLC, Product detaljeret, Aarhus, Feb. 2023.xlsx",0.34768703597944034,T-shirt
01427 T-shirt unisex lyseblå pb,Alm.slid uden restværdi,1,1737,115,30155C97D461A7C00122F3C2,"PLC, Product detaljeret, Aarhus, Feb. 2023.xlsx",2.01531375935521,T-shirt
03885 T-Shirt Lysblå Lady K/Æ P/B,Alm.slid uden restværdi,1,1731,7,30155C97D461A7C00102F803,"PLC, Product detaljeret, Aarhus, Feb. 2023.xlsx",0.12309647602541884,T-shirt
03885 T-Shirt Lysblå Lady K/Æ P/B,Alm.slid uden restværdi,1,1724,11,30155C97D461A7C000E7F611,"PLC, Product detaljeret, Aarhus, Feb. 2023.xlsx",0.19422273781902552,T-shirt
01427 T-shirt unisex lyseblå pb,Alm.slid uden restværdi,1,1715,87,30155C97D461A7C0010E17DA,"PLC, Product detaljeret, Aarhus, Feb. 2023.xlsx",1.544186588921283,T-shirt
03885 T-Shirt Lysblå Lady K/Æ P/B,Alm.slid uden restværdi,1,1713,32,30155C97D461A7C00092EF61,"PLC, Product detaljeret, Aarhus, Feb. 2023.xlsx",0.5686398131932283,T-shirt
03885 T-Shirt Lysblå Lady K/Æ P/B,Alm.slid uden restværdi,1,1712,33,30155C97D461A7C00091FB53,"PLC, Product detaljeret, Aarhus, Feb. 2023.xlsx",0.5867523364485981,T-shirt
03885 T-Shirt Lysblå Lady K/Æ P/B,Alm.slid uden restværdi,1,1710,38,30155C97D461A7C00091FC6C,"PLC, Product detaljeret, Aarhus, Feb. 2023.xlsx",0.6764444444444445,T-shirt
03885 T-Shirt Lysblå Lady K/Æ P/B,Alm.slid uden restværdi,1,1709,36,30155C97D461A7C000E0ACE8,"PLC, Product detaljeret, Aarhus, Feb. 2023.xlsx",0.6412170860152135,T-shirt
01589 T-shirt unisex mblå k/æ,Alm.slid uden restværdi,1,1704,13,30155C97D461A7C00110C9FF,"PLC, Product detaljeret, Aarhus, Feb. 2023.xlsx",0.2322300469483568,T-shirt
01589 T-shirt unisex mblå k/æ,Alm.slid uden restværdi,1,1703,35,30155C97D461A7C00111EDDC,"PLC, Product detaljeret, Aarhus, Feb. 2023.xlsx",0.6256018790369935,T-shirt
01589 T-shirt unisex mblå k/æ,Alm.slid uden restværdi,1,1696,25,30155C97D461A7C0002C6793,"PLC, Product detaljeret, Aarhus, Feb. 2023.xlsx",0.4487028301886793,T-shirt
03885 T-Shirt Lysblå Lady K/Æ P/B,Alm.slid uden restværdi,1,1696,24,30155C97D461A7C000E0DFB8,"PLC, Product detaljeret, Aarhus, Feb. 2023.xlsx",0.4307547169811321,T-shirt
03885 T-Shirt Lysblå Lady K/Æ P/B,Alm.slid uden restværdi,1,1693,22,30155C97D461A7C000E022AC,"PLC, Product detaljeret, Aarhus, Feb. 2023.xlsx",0.395558180744241,T-shirt
03885 T-Shirt Lysblå Lady K/Æ P/B,Alm.slid uden restværdi,1,1692,51,30155C97D461A7C00103BCE0,"PLC, Product detaljeret, Aarhus, Feb. 2023.xlsx",0.9175177304964539,T-shirt
01589 T-shirt unisex mblå k/æ,Alm.slid uden restværdi,1,1691,80,30155C97D461A7C00137DF84,"PLC, Product detaljeret, Aarhus, Feb. 2023.xlsx",1.4400946185688943,T-shirt
01589 T-shirt unisex mblå k/æ,Alm.slid uden restværdi,1,1687,12,30155C97D461A7C0015F89D0,"PLC, Product detaljeret, Aarhus, Feb. 2023.xlsx",0.21652637818612924,T-shirt
01589 T-shirt unisex mblå k/æ,Alm.slid uden restværdi,1,1670,34,300ED89F3350007FE267DF53,"PLC, Product detaljeret, Aarhus, Feb. 2023.xlsx",0.6197365269461078,T-shirt
13658 T-shirt dame lyseblå Prowear,Alm.slid uden restværdi,1,1670,113,300ED89F33500060009D7720,"PLC, Product detaljeret, Aarhus, Feb. 2023.xlsx",2.0597125748502996,T-shirt
03885 T-Shirt Lysblå Lady K/Æ P/B,Alm.slid uden restværdi,1,1660,9,30155C97D461A7C000E884D5,"PLC, Product detaljeret, Aarhus, Feb. 2023.xlsx",0.16503614457831325,T-shirt
01589 T-shirt unisex mblå k/æ,Alm.slid uden restværdi,1,1618,97,30155C97D461A7C001370E2A,"PLC, Product detaljeret, Aarhus, Feb. 2023.xlsx",1.824894932014833,T-shirt
01589 T-shirt unisex mblå k/æ,Alm.slid uden restværdi,1,1618,104,30155C97D461A7C001370EBD,"PLC, Product detaljeret, Aarhus, Feb. 2023.xlsx",1.9565883807169346,T-shirt
01589 T-shirt unisex mblå k/æ,Alm.slid uden restværdi,1,1618,83,30155C97D461A7C00166E964,"PLC, Product detaljeret, Aarhus, Feb. 2023.xlsx",1.5615080346106305,T-shirt
01589 T-shirt unisex mblå k/æ,Alm.slid uden restværdi,1,1568,74,30155C97D461A7C00156A5D1,"PLC, Product detaljeret, Aarhus, Feb. 2023.xlsx",1.4365816326530612,T-shirt
01589 T-shirt unisex mblå k/æ,Alm.slid uden restværdi,1,1568,74,30155C97D461A7C00156A671,"PLC, Product detaljeret, Aarhus, Feb. 2023.xlsx",1.4365816326530612,T-shirt
01589 T-shirt unisex mblå k/æ,Alm.slid uden restværdi,1,1568,79,30155C97D461A7C00156A683,"PLC, Product detaljeret, Aarhus, Feb. 2023.xlsx",1.5336479591836736,T-shirt
03885 T-Shirt Lysblå Lady K/Æ P/B,Alm.slid uden restværdi,1,1564,59,30155C97D461A7C001330E6F,"PLC, Product detaljeret, Aarhus, Feb. 2023.xlsx",1.148312020460358,T-shirt
03885 T-Shirt Lysblå Lady K/Æ P/B,Alm.slid uden restværdi,1,1564,51,30155C97D461A7C0013315F7,"PLC, Product detaljeret, Aarhus, Feb. 2023.xlsx",0.9926086956521739,T-shirt
03885 T-Shirt Lysblå Lady K/Æ P/B,Alm.slid uden restværdi,1,1564,56,30155C97D461A7C00133168A,"PLC, Product detaljeret, Aarhus, Feb. 2023.xlsx",1.089923273657289,T-shirt
01427 T-shirt unisex lyseblå pb,Alm.slid uden restværdi,1,1528,96,30155C97D461A7C000F0A493,"PLC, Product detaljeret, Aarhus, Feb. 2023.xlsx",1.912460732984293,T-shirt
01427 T-shirt unisex lyseblå pb,Alm.slid uden restværdi,1,1528,89,30155C97D461A7C00140ACEF,"PLC, Product detaljeret, Aarhus, Feb. 2023.xlsx",1.7730104712041885,T-shirt
01589 T-shirt unisex mblå k/æ,Alm.slid uden restværdi,1,1499,89,30155C97D461A7C00140A2DA,"PLC, Product detaljeret, Aarhus, Feb. 2023.xlsx",1.8073115410273517,T-shirt
01427 T-shirt unisex lyseblå pb,Alm.slid uden restværdi,1,1491,13,30155C97D461A7C000E80384,"PLC, Product detaljeret, Aarhus, Feb. 2023.xlsx",0.26540576794097925,T-shirt
01589 T-shirt unisex mblå k/æ,Alm.slid uden restværdi,1,1489,18,30155C97D461A7C00140A23E,"PLC, Product detaljeret, Aarhus, Feb. 2023.xlsx",0.36797850906648755,T-shirt
01589 T-shirt unisex mblå k/æ,Alm.slid uden restværdi,1,1478,45,30155C97D461A7C00157259F,"PLC, Product detaljeret, Aarhus, Feb. 2023.xlsx",0.9267929634641409,T-shirt
01427 T-shirt unisex lyseblå pb,Alm.slid uden restværdi,1,1456,16,30155C97D461A7C00122F505,"PLC, Product detaljeret, Aarhus, Feb. 2023.xlsx",0.33450549450549455,T-shirt
01589 T-shirt unisex mblå k/æ,Alm.slid uden restværdi,1,1428,9,30155C97D461A7C00156FBCC,"PLC, Product detaljeret, Aarhus, Feb. 2023.xlsx",0.19184873949579834,T-shirt
01589 T-shirt unisex mblå k/æ,Alm.slid uden restværdi,1,1428,34,30155C97D461A7C001CC371E,"PLC, Product detaljeret, Aarhus, Feb. 2023.xlsx",0.7247619047619047,T-shirt
08398 T-shirt unisex mblå k/æ bom,Alm.slid uden restværdi,1,1412,28,30155C97D461A7C001CBAD97,"PLC, Product detaljeret, Aarhus, Feb. 2023.xlsx",0.6036260623229462,T-shirt
08398 T-shirt unisex mblå k/æ bom,Alm.slid uden restværdi,1,1411,18,30155C97D461A7C001CBAD26,"PLC, Product detaljeret, Aarhus, Feb. 2023.xlsx",0.3883203401842665,T-shirt
01589 T-shirt unisex mblå k/æ,Alm.slid uden restværdi,1,1352,72,300ED89F3350007FE266A6C9,"PLC, Product detaljeret, Aarhus, Feb. 2023.xlsx",1.6210650887573965,T-shirt
01589 T-shirt unisex mblå k/æ,Alm.slid uden restværdi,1,1331,50,30155C97D461A7C00210E5DE,"PLC, Product detaljeret, Aarhus, Feb. 2023.xlsx",1.1435011269722013,T-shirt
01589 T-shirt unisex mblå k/æ,Alm.slid uden restværdi,1,1308,51,30155C97D461A7C00218E07E,"PLC, Product detaljeret, Aarhus, Feb. 2023.xlsx",1.1868807339449543,T-shirt
01427 T-shirt unisex lyseblå pb,Alm.slid uden restværdi,1,1292,7,30155C97D461A7C00122F3AB,"PLC, Product detaljeret, Aarhus, Feb. 2023.xlsx",0.16492260061919506,T-shirt
03885 T-Shirt Lysblå Lady K/Æ P/B,Alm.slid uden restværdi,1,1281,59,30155C97D461A7C000E7F64B,"PLC, Product detaljeret, Aarhus, Feb. 2023.xlsx",1.4019984387197504,T-shirt
03885 T-Shirt Lysblå Lady K/Æ P/B,Alm.slid uden restværdi,1,1275,6,30155C97D461A7C0016AB919,"PLC, Product detaljeret, Aarhus, Feb. 2023.xlsx",0.1432470588235294,T-shirt
03885 T-Shirt Lysblå Lady K/Æ P/B,Alm.slid uden restværdi,1,1275,7,30155C97D461A7C0016AB935,"PLC, Product detaljeret, Aarhus, Feb. 2023.xlsx",0.16712156862745098,T-shirt
01427 T-shirt unisex lyseblå pb,Alm.slid uden restværdi,1,1261,8,30155C97D461A7C00123A5A4,"PLC, Product detaljeret, Aarhus, Feb. 2023.xlsx",0.193116574147502,T-shirt
01589 T-shirt unisex mblå k/æ,Alm.slid uden restværdi,1,1261,57,300ED89F33500060009D89D5,"PLC, Product detaljeret, Aarhus, Feb. 2023.xlsx",1.3759555908009518,T-shirt
01589 T-shirt unisex mblå k/æ,Alm.slid uden restværdi,1,1261,47,300ED89F33500060009D98C1,"PLC, Product detaljeret, Aarhus, Feb. 2023.xlsx",1.1345598731165742,T-shirt
03885 T-Shirt Lysblå Lady K/Æ P/B,Alm.slid uden restværdi,1,1247,60,30155C97D461A7C001330C13,"PLC, Product detaljeret, Aarhus, Feb. 2023.xlsx",1.464635124298316,T-shirt
08398 T-shirt unisex mblå k/æ bom,Alm.slid uden restværdi,1,1242,18,30155C97D461A7C0021118C7,"PLC, Product detaljeret, Aarhus, Feb. 2023.xlsx",0.4411594202898551,T-shirt
01589 T-shirt unisex mblå k/æ,Alm.slid uden restværdi,1,1223,47,30155C97D461A7C0022AF195,"PLC, Product detaljeret, Aarhus, Feb. 2023.xlsx",1.169811937857727,T-shirt
01589 T-shirt unisex mblå k/æ,Alm.slid uden restværdi,1,1223,53,30155C97D461A7C0022AF1F8,"PLC, Product detaljeret, Aarhus, Feb. 2023.xlsx",1.3191496320523304,T-shirt
01589 T-shirt unisex mblå k/æ,Alm.slid uden restværdi,1,1223,48,30155C97D461A7C0022AF203,"PLC, Product detaljeret, Aarhus, Feb. 2023.xlsx",1.1947015535568275,T-shirt
01589 T-shirt unisex mblå k/æ,Alm.slid uden restværdi,1,1223,56,30155C97D461A7C0022AF213,"PLC, Product detaljeret, Aarhus, Feb. 2023.xlsx",1.393818479149632,T-shirt
01589 T-shirt unisex mblå k/æ,Alm.slid uden restværdi,1,1223,50,30155C97D461A7C0022AF229,"PLC, Product detaljeret, Aarhus, Feb. 2023.xlsx",1.2444807849550288,T-shirt
01589 T-shirt unisex mblå k/æ,Alm.slid uden restværdi,1,1223,47,30155C97D461A7C0022AF23A,"PLC, Product detaljeret, Aarhus, Feb. 2023.xlsx",1.169811937857727,T-shirt
01589 T-shirt unisex mblå k/æ,Alm.slid uden restværdi,1,1223,48,30155C97D461A7C0022AF241,"PLC, Product detaljeret, Aarhus, Feb. 2023.xlsx",1.1947015535568275,T-shirt
01589 T-shirt unisex mblå k/æ,Alm.slid uden restværdi,1,1223,48,30155C97D461A7C0022AF243,"PLC, Product detaljeret, Aarhus, Feb. 2023.xlsx",1.1947015535568275,T-shirt
01589 T-shirt unisex mblå k/æ,Alm.slid uden restværdi,1,1223,41,30155C97D461A7C0022AF263,"PLC, Product detaljeret, Aarhus, Feb. 2023.xlsx",1.0204742436631236,T-shirt
01589 T-shirt unisex mblå k/æ,Alm.slid uden restværdi,1,1223,56,30155C97D461A7C0022AF265,"PLC, Product detaljeret, Aarhus, Feb. 2023.xlsx",1.393818479149632,T-shirt
01589 T-shirt unisex mblå k/æ,Alm.slid uden restværdi,1,1223,50,30155C97D461A7C0022AF28C,"PLC, Product detaljeret, Aarhus, Feb. 2023.xlsx",1.2444807849550288,T-shirt
01589 T-shirt unisex mblå k/æ,Alm.slid uden restværdi,1,1206,55,30155C97D461A7C002294E0C,"PLC, Product detaljeret, Aarhus, Feb. 2023.xlsx",1.3882255389718077,T-shirt
01589 T-shirt unisex mblå k/æ,Alm.slid uden restværdi,1,1203,116,30155C97D461A7C00229554B,"PLC, Product detaljeret, Aarhus, Feb. 2023.xlsx",2.9351953449709063,T-shirt
01589 T-shirt unisex mblå k/æ,Alm.slid uden restværdi,1,1190,20,30155C97D461A7C0022956D3,"PLC, Product detaljeret, Aarhus, Feb. 2023.xlsx",0.5115966386554622,T-shirt
26056 T-shirt k/æ dame lyseblå,Alm.slid uden restværdi,1,1183,79,30155C97D461A7C0021BEFC9,"PLC, Product detaljeret, Aarhus, Feb. 2023.xlsx",2.032764158918005,T-shirt
26056 T-shirt k/æ dame lyseblå,Alm.slid uden restværdi,1,1183,77,30155C97D461A7C0021BEFF2,"PLC, Product detaljeret, Aarhus, Feb. 2023.xlsx",1.9813017751479292,T-shirt
26056 T-shirt k/æ dame lyseblå,Alm.slid uden restværdi,1,1183,49,30155C97D461A7C0021BF01F,"PLC, Product detaljeret, Aarhus, Feb. 2023.xlsx",1.260828402366864,T-shirt
26056 T-shirt k/æ dame lyseblå,Alm.slid uden restværdi,1,1179,81,30155C97D461A7C0005C45DB,"PLC, Product detaljeret, Aarhus, Feb. 2023.xlsx",2.0912977099236643,T-shirt
26056 T-shirt k/æ dame lyseblå,Alm.slid uden restværdi,1,1168,94,30155C97D461A7C00219DD16,"PLC, Product detaljeret, Aarhus, Feb. 2023.xlsx",2.4497945205479454,T-shirt
26056 T-shirt k/æ dame lyseblå,Alm.slid uden restværdi,1,1168,81,30155C97D461A7C00219DD6F,"PLC, Product detaljeret, Aarhus, Feb. 2023.xlsx",2.1109931506849318,T-shirt
26056 T-shirt k/æ dame lyseblå,Alm.slid uden restværdi,1,1168,101,30155C97D461A7C00219DDA1,"PLC, Product detaljeret, Aarhus, Feb. 2023.xlsx",2.63222602739726,T-shirt
26056 T-shirt k/æ dame lyseblå,Alm.slid uden restværdi,1,1168,93,30155C97D461A7C00219DE1E,"PLC, Product detaljeret, Aarhus, Feb. 2023.xlsx",2.4237328767123287,T-shirt
26056 T-shirt k/æ dame lyseblå,Alm.slid uden restværdi,1,1168,77,30155C97D461A7C00219DE34,"PLC, Product detaljeret, Aarhus, Feb. 2023.xlsx",2.006746575342466,T-shirt
26056 T-shirt k/æ dame lyseblå,Alm.slid uden restværdi,1,1168,96,30155C97D461A7C00219DE6F,"PLC, Product detaljeret, Aarhus, Feb. 2023.xlsx",2.501917808219178,T-shirt
26056 T-shirt k/æ dame lyseblå,Alm.slid uden restværdi,1,1168,84,30155C97D461A7C0021BF00F,"PLC, Product detaljeret, Aarhus, Feb. 2023.xlsx",2.189178082191781,T-shirt
26056 T-shirt k/æ dame lyseblå,Alm.slid uden restværdi,1,1163,56,30155C97D461A7C0006A9DAD,"PLC, Product detaljeret, Aarhus, Feb. 2023.xlsx",1.465726569217541,T-shirt
26056 T-shirt k/æ dame lyseblå,Alm.slid uden restværdi,1,1162,87,30155C97D461A7C00219DD96,"PLC, Product detaljeret, Aarhus, Feb. 2023.xlsx",2.279070567986231,T-shirt
26056 T-shirt k/æ dame lyseblå,Alm.slid uden restværdi,1,1162,88,30155C97D461A7C0021A9D4F,"PLC, Product detaljeret, Aarhus, Feb. 2023.xlsx",2.3052667814113597,T-shirt
26056 T-shirt k/æ dame lyseblå,Alm.slid uden restværdi,1,1162,88,30155C97D461A7C0021BEF67,"PLC, Product detaljeret, Aarhus, Feb. 2023.xlsx",2.3052667814113597,T-shirt
26056 T-shirt k/æ dame lyseblå,Alm.slid uden restværdi,1,1161,70,30155C97D461A7C001EF7007,"PLC, Product detaljeret, Aarhus, Feb. 2023.xlsx",1.8353143841515935,T-shirt
26056 T-shirt k/æ dame lyseblå,Alm.slid uden restværdi,1,1156,84,30155C97D461A7C001EF7056,"PLC, Product detaljeret, Aarhus, Feb. 2023.xlsx",2.2119031141868515,T-shirt
01589 T-shirt unisex mblå k/æ,Alm.slid uden restværdi,1,1143,103,30155C97D461A7C00266DC26,"PLC, Product detaljeret, Aarhus, Feb. 2023.xlsx",2.7430621172353455,T-shirt
26056 T-shirt k/æ dame lyseblå,Alm.slid uden restværdi,1,1140,71,30155C97D461A7C0006A9D82,"PLC, Product detaljeret, Aarhus, Feb. 2023.xlsx",1.8958245614035087,T-shirt
26056 T-shirt k/æ dame lyseblå,Alm.slid uden restværdi,1,1140,60,30155C97D461A7C0006A9DB0,"PLC, Product detaljeret, Aarhus, Feb. 2023.xlsx",1.6021052631578947,T-shirt
26056 T-shirt k/æ dame lyseblå,Alm.slid uden restværdi,1,1126,84,30155C97D461A7C0006A9DAC,"PLC, Product detaljeret, Aarhus, Feb. 2023.xlsx",2.270834813499112,T-shirt
26056 T-shirt k/æ dame lyseblå,Alm.slid uden restværdi,1,1125,66,30155C97D461A7C0006A9DA9,"PLC, Product detaljeret, Aarhus, Feb. 2023.xlsx",1.7858133333333335,T-shirt
26056 T-shirt k/æ dame lyseblå,Alm.slid uden restværdi,1,1125,36,30155C97D461A7C001EF7084,"PLC, Product detaljeret, Aarhus, Feb. 2023.xlsx",0.9740800000000001,T-shirt
26056 T-shirt k/æ dame lyseblå,Alm.slid uden restværdi,1,1125,42,30155C97D461A7C001EF70B0,"PLC, Product detaljeret, Aarhus, Feb. 2023.xlsx",1.136426666666667,T-shirt
26056 T-shirt k/æ dame lyseblå,Alm.slid uden restværdi,1,1125,35,30155C97D461A7C001EF718B,"PLC, Product detaljeret, Aarhus, Feb. 2023.xlsx",0.9470222222222222,T-shirt
01589 T-shirt unisex mblå k/æ,Alm.slid uden restværdi,1,1123,42,30155C97D461A7C00228C2E9,"PLC, Product detaljeret, Aarhus, Feb. 2023.xlsx",1.1384505788067678,T-shirt
01589 T-shirt unisex mblå k/æ,Alm.slid uden restværdi,1,1116,5,30155C97D461A7C002765385,"PLC, Product detaljeret, Aarhus, Feb. 2023.xlsx",0.13637992831541218,T-shirt
26056 T-shirt k/æ dame lyseblå,Alm.slid uden restværdi,1,1115,66,30155C97D461A7C001FC57A1,"PLC, Product detaljeret, Aarhus, Feb. 2023.xlsx",1.8018295964125561,T-shirt
01427 T-shirt unisex lyseblå pb,Alm.slid uden restværdi,1,1103,26,30155C97D461A7C000E7F7EE,"PLC, Product detaljeret, Aarhus, Feb. 2023.xlsx",0.7175339981867634,T-shirt
01589 T-shirt unisex mblå k/æ,Alm.slid uden restværdi,1,1091,46,30155C97D461A7C001F70EC4,"PLC, Product detaljeret, Aarhus, Feb. 2023.xlsx",1.2834463794683777,T-shirt
24593 T-shirt You dame Kornblå,Alm.slid uden restværdi,1,1090,72,30155C97D461A7C00231730B,"PLC, Product detaljeret, Aarhus, Feb. 2023.xlsx",2.0107155963302756,T-shirt
26056 T-shirt k/æ dame lyseblå,Alm.slid uden restværdi,1,1088,67,30155C97D461A7C0006A9C0C,"PLC, Product detaljeret, Aarhus, Feb. 2023.xlsx",1.8745220588235296,T-shirt
26056 T-shirt k/æ dame lyseblå,Alm.slid uden restværdi,1,1088,57,30155C97D461A7C0006A9D0D,"PLC, Product detaljeret, Aarhus, Feb. 2023.xlsx",1.5947426470588237,T-shirt
12151 T-shirt 1/2 æ lady lblå PB,Alm.slid uden restværdi,1,1085,27,30155C97D461A7C00120F126,"PLC, Product detaljeret, Aarhus, Feb. 2023.xlsx",0.7574930875576037,T-shirt
12151 T-shirt 1/2 æ lady lblå PB,Alm.slid uden restværdi,1,1085,43,30155C97D461A7C001C85264,"PLC, Product detaljeret, Aarhus, Feb. 2023.xlsx",1.206377880184332,T-shirt
24593 T-shirt You dame Kornblå,Alm.slid uden restværdi,1,1085,27,30155C97D461A7C00231743E,"PLC, Product detaljeret, Aarhus, Feb. 2023.xlsx",0.7574930875576037,T-shirt
24593 T-shirt You dame Kornblå,Alm.slid uden restværdi,1,1085,46,30155C97D461A7C002317449,"PLC, Product detaljeret, Aarhus, Feb. 2023.xlsx",1.2905437788018432,T-shirt
24593 T-shirt You dame Kornblå,Alm.slid uden restværdi,1,1085,53,30155C97D461A7C002317497,"PLC, Product detaljeret, Aarhus, Feb. 2023.xlsx",1.4869308755760369,T-shirt
24593 T-shirt You dame Kornblå,Alm.slid uden restværdi,1,1085,30,30155C97D461A7C0023174A3,"PLC, Product detaljeret, Aarhus, Feb. 2023.xlsx",0.8416589861751153,T-shirt
24593 T-shirt You dame Kornblå,Alm.slid uden restværdi,1,1085,50,30155C97D461A7C0023174AD,"PLC, Product detaljeret, Aarhus, Feb. 2023.xlsx",1.4027649769585255,T-shirt
24593 T-shirt You dame Kornblå,Alm.slid uden restværdi,1,1085,59,30155C97D461A7C0023174F0,"PLC, Product detaljeret, Aarhus, Feb. 2023.xlsx",1.65526267281106,T-shirt
01589 T-shirt unisex mblå k/æ,Alm.slid uden restværdi,1,1079,15,30155C97D461A7C002295224,"PLC, Product detaljeret, Aarhus, Feb. 2023.xlsx",0.4231696014828545,T-shirt
01589 T-shirt unisex mblå k/æ,Alm.slid uden restværdi,1,1072,59,30155C97D461A7C002399837,"PLC, Product detaljeret, Aarhus, Feb. 2023.xlsx",1.6753358208955225,T-shirt
12151 T-shirt 1/2 æ lady lblå PB,Alm.slid uden restværdi,1,1068,44,30155C97D461A7C001C84103,"PLC, Product detaljeret, Aarhus, Feb. 2023.xlsx",1.2540823970037454,T-shirt
12151 T-shirt 1/2 æ lady lblå PB,Alm.slid uden restværdi,1,1068,66,30155C97D461A7C001C85266,"PLC, Product detaljeret, Aarhus, Feb. 2023.xlsx",1.881123595505618,T-shirt
12151 T-shirt 1/2 æ lady lblå PB,Alm.slid uden restværdi,1,1068,47,30155C97D461A7C001C85284,"PLC, Product detaljeret, Aarhus, Feb. 2023.xlsx",1.3395880149812736,T-shirt
03885 T-Shirt Lysblå Lady K/Æ P/B,Alm.slid uden restværdi,1,1063,64,30155C97D461A7C001330D8D,"PLC, Product detaljeret, Aarhus, Feb. 2023.xlsx",1.832699905926623,T-shirt
03885 T-Shirt Lysblå Lady K/Æ P/B,Alm.slid uden restværdi,1,1063,49,30155C97D461A7C001330DBA,"PLC, Product detaljeret, Aarhus, Feb. 2023.xlsx",1.4031608654750707,T-shirt
03885 T-Shirt Lysblå Lady K/Æ P/B,Alm.slid uden restværdi,1,1063,63,30155C97D461A7C001330E21,"PLC, Product detaljeret, Aarhus, Feb. 2023.xlsx",1.8040639698965193,T-shirt
03885 T-Shirt Lysblå Lady K/Æ P/B,Alm.slid uden restværdi,1,1063,47,30155C97D461A7C001330EC6,"PLC, Product detaljeret, Aarhus, Feb. 2023.xlsx",1.3458889934148637,T-shirt
03885 T-Shirt Lysblå Lady K/Æ P/B,Alm.slid uden restværdi,1,1063,62,30155C97D461A7C001331308,"PLC, Product detaljeret, Aarhus, Feb. 2023.xlsx",1.775428033866416,T-shirt
03885 T-Shirt Lysblå Lady K/Æ P/B,Alm.slid uden restværdi,1,1063,55,30155C97D461A7C00133148F,"PLC, Product detaljeret, Aarhus, Feb. 2023.xlsx",1.5749764816556915,T-shirt
01589 T-shirt unisex mblå k/æ,Alm.slid uden restværdi,1,1061,43,30155C97D461A7C00229016A,"PLC, Product detaljeret, Aarhus, Feb. 2023.xlsx",1.2336663524976437,T-shirt
01589 T-shirt unisex mblå k/æ,Alm.slid uden restværdi,1,1061,28,30155C97D461A7C00229043A,"PLC, Product detaljeret, Aarhus, Feb. 2023.xlsx",0.8033176248821866,T-shirt
01589 T-shirt unisex mblå k/æ,Alm.slid uden restværdi,1,1056,37,30155C97D461A7C00229F834,"PLC, Product detaljeret, Aarhus, Feb. 2023.xlsx",1.0665530303030302,T-shirt
24593 T-shirt You dame Kornblå,Alm.slid uden restværdi,1,1032,30,30155C97D461A7C002317262,"PLC, Product detaljeret, Aarhus, Feb. 2023.xlsx",0.8848837209302326,T-shirt
24593 T-shirt You dame Kornblå,Alm.slid uden restværdi,1,1032,18,30155C97D461A7C00231740A,"PLC, Product detaljeret, Aarhus, Feb. 2023.xlsx",0.5309302325581395,T-shirt
24593 T-shirt You dame Kornblå,Alm.slid uden restværdi,1,1024,16,30155C97D461A7C0023167AE,"PLC, Product detaljeret, Aarhus, Feb. 2023.xlsx",0.475625,T-shirt
24593 T-shirt You dame Kornblå,Alm.slid uden restværdi,1,1004,61,30155C97D461A7C00230721D,"PLC, Product detaljeret, Aarhus, Feb. 2023.xlsx",1.8494422310756973,T-shirt
01589 T-shirt unisex mblå k/æ,Alm.slid uden restværdi,1,980,11,30155C97D461A7C00295256A,"PLC, Product detaljeret, Aarhus, Feb. 2023.xlsx",0.3416734693877551,T-shirt
01589 T-shirt unisex mblå k/æ,Alm.slid uden restværdi,1,974,8,30155C97D461A7C002952553,"PLC, Product detaljeret, Aarhus, Feb. 2023.xlsx",0.2500205338809035,T-shirt
01589 T-shirt unisex mblå k/æ,Alm.slid uden restværdi,1,974,1,30155C97D461A7C00295268B,"PLC, Product detaljeret, Aarhus, Feb. 2023.xlsx",0.03125256673511294,T-shirt
12151 T-shirt 1/2 æ lady lblå PB,Alm.slid uden restværdi,1,973,5,30155C97D461A7C001F5C316,"PLC, Product detaljeret, Aarhus, Feb. 2023.xlsx",0.15642343268242548,T-shirt
26056 T-shirt k/æ dame lyseblå,Alm.slid uden restværdi,1,964,51,30155C97D461A7C0021BEFC6,"PLC, Product detaljeret, Aarhus, Feb. 2023.xlsx",1.6104149377593362,T-shirt
01589 T-shirt unisex mblå k/æ,Alm.slid uden restværdi,1,911,15,30155C97D461A7C001D4F5EE,"PLC, Product detaljeret, Aarhus, Feb. 2023.xlsx",0.5012074643249177,T-shirt
01589 T-shirt unisex mblå k/æ,Alm.slid uden restværdi,1,892,41,30155C97D461A7C0027CD00F,"PLC, Product detaljeret, Aarhus, Feb. 2023.xlsx",1.3991479820627803,T-shirt
03885 T-Shirt Lysblå Lady K/Æ P/B,Alm.slid uden restværdi,1,884,24,30155C97D461A6C0000E777C,"PLC, Product detaljeret, Aarhus, Feb. 2023.xlsx",0.8264253393665159,T-shirt
03885 T-Shirt Lysblå Lady K/Æ P/B,Alm.slid uden restværdi,1,884,24,30155C97D461A6C0000E780A,"PLC, Product detaljeret, Aarhus, Feb. 2023.xlsx",0.8264253393665159,T-shirt
03885 T-Shirt Lysblå Lady K/Æ P/B,Alm.slid uden restværdi,1,884,25,30155C97D461A6C0000E7821,"PLC, Product detaljeret, Aarhus, Feb. 2023.xlsx",0.8608597285067874,T-shirt
13658 T-shirt dame lyseblå Prowear,Alm.slid uden restværdi,1,879,15,30155C97D461A6C0000E7815,"PLC, Product detaljeret, Aarhus, Feb. 2023.xlsx",0.5194539249146758,T-shirt
01589 T-shirt unisex mblå k/æ,Alm.slid uden restværdi,1,878,33,30155C97D461A7C00268FFE6,"PLC, Product detaljeret, Aarhus, Feb. 2023.xlsx",1.1441002277904329,T-shirt
13658 T-shirt dame lyseblå Prowear,Alm.slid uden restværdi,1,860,34,30155C97D461A7C002448EF6,"PLC, Product detaljeret, Aarhus, Feb. 2023.xlsx",1.2034418604651163,T-shirt
01589 T-shirt unisex mblå k/æ,Alm.slid uden restværdi,1,857,54,30155C97D461A6C0000F1F5F,"PLC, Product detaljeret, Aarhus, Feb. 2023.xlsx",1.9180396732788798,T-shirt
13658 T-shirt dame lyseblå Prowear,Alm.slid uden restværdi,1,853,45,30155C97D461A6C0000EA7CC,"PLC, Product detaljeret, Aarhus, Feb. 2023.xlsx",1.6058616647127786,T-shirt
01589 T-shirt unisex mblå k/æ,Alm.slid uden restværdi,1,849,33,30155C97D461A7C0023B5C96,"PLC, Product detaljeret, Aarhus, Feb. 2023.xlsx",1.1831802120141344,T-shirt
25055 T-shirt uni k/æ blåmelan Pro,Alm.slid uden restværdi,1,835,80,30155C97D461A6C0000F0944,"PLC, Product detaljeret, Aarhus, Feb. 2023.xlsx",2.916407185628743,T-shirt
13658 T-shirt dame lyseblå Prowear,Alm.slid uden restværdi,1,833,3,30155C97D461A6C00035AEE2,"PLC, Product detaljeret, Aarhus, Feb. 2023.xlsx",0.10962785114045619,T-shirt
01589 T-shirt unisex mblå k/æ,Alm.slid uden restværdi,1,826,13,30155C97D461A6C0000E8D4F,"PLC, Product detaljeret, Aarhus, Feb. 2023.xlsx",0.4790799031476998,T-shirt
01589 T-shirt unisex mblå k/æ,Alm.slid uden restværdi,1,826,36,30155C97D461A6C0000E8E87,"PLC, Product detaljeret, Aarhus, Feb. 2023.xlsx",1.326682808716707,T-shirt
01589 T-shirt unisex mblå k/æ,Alm.slid uden restværdi,1,823,31,30155C97D461A7C001D4D332,"PLC, Product detaljeret, Aarhus, Feb. 2023.xlsx",1.1465856622114217,T-shirt
01589 T-shirt unisex mblå k/æ,Alm.slid uden restværdi,1,814,25,30155C97D461A6C0000E8D45,"PLC, Product detaljeret, Aarhus, Feb. 2023.xlsx",0.934889434889435,T-shirt
13658 T-shirt dame lyseblå Prowear,Alm.slid uden restværdi,1,812,50,30155C97D461A6C00012A9A9,"PLC, Product detaljeret, Aarhus, Feb. 2023.xlsx",1.8743842364532022,T-shirt
13658 T-shirt dame lyseblå Prowear,Alm.slid uden restværdi,1,812,33,30155C97D461A6C00012A9E5,"PLC, Product detaljeret, Aarhus, Feb. 2023.xlsx",1.2370935960591134,T-shirt
13658 T-shirt dame lyseblå Prowear,Alm.slid uden restværdi,1,812,43,30155C97D461A6C00012AAE9,"PLC, Product detaljeret, Aarhus, Feb. 2023.xlsx",1.6119704433497537,T-shirt
26056 T-shirt k/æ dame lyseblå,Alm.slid uden restværdi,1,807,44,30155C97D461A7C002300743,"PLC, Product detaljeret, Aarhus, Feb. 2023.xlsx",1.6596778190830237,T-shirt
26056 T-shirt k/æ dame lyseblå,Alm.slid uden restværdi,1,807,55,30155C97D461A7C002300760,"PLC, Product detaljeret, Aarhus, Feb. 2023.xlsx",2.07459727385378,T-shirt
13658 T-shirt dame lyseblå Prowear,Alm.slid uden restværdi,1,806,40,30155C97D461A6C00016FB08,"PLC, Product detaljeret, Aarhus, Feb. 2023.xlsx",1.5106699751861044,T-shirt
24597 T-shirt You unisex Kornblå,Alm.slid uden restværdi,1,806,28,30155C97D461A7C002315D86,"PLC, Product detaljeret, Aarhus, Feb. 2023.xlsx",1.057468982630273,T-shirt
01589 T-shirt unisex mblå k/æ,Alm.slid uden restværdi,1,805,26,30155C97D461A7C0013068E0,"PLC, Product detaljeret, Aarhus, Feb. 2023.xlsx",0.9831552795031057,T-shirt
26056 T-shirt k/æ dame lyseblå,Alm.slid uden restværdi,1,803,42,30155C97D461A7C002A412FC,"PLC, Product detaljeret, Aarhus, Feb. 2023.xlsx",1.5921295143212952,T-shirt
26056 T-shirt k/æ dame lyseblå,Alm.slid uden restværdi,1,801,49,30155C97D461A7C002300615,"PLC, Product detaljeret, Aarhus, Feb. 2023.xlsx",1.8621223470661672,T-shirt
01589 T-shirt unisex mblå k/æ,Alm.slid uden restværdi,1,791,35,300ED89F33500060009D98A7,"PLC, Product detaljeret, Aarhus, Feb. 2023.xlsx",1.3469026548672567,T-shirt
13658 T-shirt dame lyseblå Prowear,Alm.slid uden restværdi,1,787,37,30155C97D461A6C00012BDD8,"PLC, Product detaljeret, Aarhus, Feb. 2023.xlsx",1.4311054637865313,T-shirt
01589 T-shirt unisex mblå k/æ,Alm.slid uden restværdi,1,782,38,30155C97D461A6C0000F6BDB,"PLC, Product detaljeret, Aarhus, Feb. 2023.xlsx",1.4791815856777493,T-shirt
26056 T-shirt k/æ dame lyseblå,Alm.slid uden restværdi,1,782,43,30155C97D461A7C00219DCE5,"PLC, Product detaljeret, Aarhus, Feb. 2023.xlsx",1.6738107416879797,T-shirt
01589 T-shirt unisex mblå k/æ,Alm.slid uden restværdi,1,778,37,30155C97D461A6C0000F6E5F,"PLC, Product detaljeret, Aarhus, Feb. 2023.xlsx",1.4476606683804627,T-shirt
01589 T-shirt unisex mblå k/æ,Alm.slid uden restværdi,1,776,35,30155C97D461A6C0000F7C35,"PLC, Product detaljeret, Aarhus, Feb. 2023.xlsx",1.372938144329897,T-shirt
01589 T-shirt unisex mblå k/æ,Alm.slid uden restværdi,1,776,34,30155C97D461A6C0000F7CB1,"PLC, Product detaljeret, Aarhus, Feb. 2023.xlsx",1.3337113402061855,T-shirt
01589 T-shirt unisex mblå k/æ,Alm.slid uden restværdi,1,776,30,30155C97D461A6C0000F7CFC,"PLC, Product detaljeret, Aarhus, Feb. 2023.xlsx",1.1768041237113402,T-shirt
01589 T-shirt unisex mblå k/æ,Alm.slid uden restværdi,1,776,40,30155C97D461A6C0000F7CFE,"PLC, Product detaljeret, Aarhus, Feb. 2023.xlsx",1.5690721649484536,T-shirt
26056 T-shirt k/æ dame lyseblå,Alm.slid uden restværdi,1,764,43,30155C97D461A7C002300741,"PLC, Product detaljeret, Aarhus, Feb. 2023.xlsx",1.7132460732984294,T-shirt
26056 T-shirt k/æ dame lyseblå,Alm.slid uden restværdi,1,755,57,30155C97D461A7C00219DD2E,"PLC, Product detaljeret, Aarhus, Feb. 2023.xlsx",2.2981192052980135,T-shirt
13658 T-shirt dame lyseblå Prowear,Alm.slid uden restværdi,1,753,12,30155C97D461A7C0023018AA,"PLC, Product detaljeret, Aarhus, Feb. 2023.xlsx",0.48509960159362553,T-shirt
13658 T-shirt dame lyseblå Prowear,Alm.slid uden restværdi,1,753,11,30155C97D461A7C00294CC10,"PLC, Product detaljeret, Aarhus, Feb. 2023.xlsx",0.4446746347941567,T-shirt
26665 T-shirt dame 1/2 ærme lblå,Alm.slid uden restværdi,1,741,10,30155C97D461A7C0027CC4E7,"PLC, Product detaljeret, Aarhus, Feb. 2023.xlsx",0.4107962213225371,T-shirt
26665 T-shirt dame 1/2 ærme lblå,Alm.slid uden restværdi,1,741,7,30155C97D461A7C0027CC5D8,"PLC, Product detaljeret, Aarhus, Feb. 2023.xlsx",0.287557354925776,T-shirt
13658 T-shirt dame lyseblå Prowear,Alm.slid uden restværdi,1,740,31,30155C97D461A6C000210144,"PLC, Product detaljeret, Aarhus, Feb. 2023.xlsx",1.2751891891891893,T-shirt
08398 T-shirt unisex mblå k/æ bom,Alm.slid uden restværdi,1,739,40,30155C97D461A6C00030D7C5,"PLC, Product detaljeret, Aarhus, Feb. 2023.xlsx",1.6476319350473614,T-shirt
08398 T-shirt unisex mblå k/æ bom,Alm.slid uden restværdi,1,739,36,30155C97D461A6C00030D80B,"PLC, Product detaljeret, Aarhus, Feb. 2023.xlsx",1.4828687415426252,T-shirt
01589 T-shirt unisex mblå k/æ,Alm.slid uden restværdi,1,730,28,30155C97D461A6C00020FB7C,"PLC, Product detaljeret, Aarhus, Feb. 2023.xlsx",1.1675616438356164,T-shirt
13658 T-shirt dame lyseblå Prowear,Alm.slid uden restværdi,1,728,27,30155C97D461A6C0002F2D45,"PLC, Product detaljeret, Aarhus, Feb. 2023.xlsx",1.128956043956044,T-shirt
01589 T-shirt unisex mblå k/æ,Alm.slid uden restværdi,1,716,37,30155C97D461A7C000B135BF,"PLC, Product detaljeret, Aarhus, Feb. 2023.xlsx",1.5730167597765363,T-shirt
01589 T-shirt unisex mblå k/æ,Alm.slid uden restværdi,1,691,36,30155C97D461A6C0001B1AB0,"PLC, Product detaljeret, Aarhus, Feb. 2023.xlsx",1.5858755426917512,T-shirt
13658 T-shirt dame lyseblå Prowear,Alm.slid uden restværdi,1,685,23,30155C97D461A6C000210180,"PLC, Product detaljeret, Aarhus, Feb. 2023.xlsx",1.02207299270073,T-shirt
01589 T-shirt unisex mblå k/æ,Alm.slid uden restværdi,1,676,45,30155C97D461A6C00053DE46,"PLC, Product detaljeret, Aarhus, Feb. 2023.xlsx",2.0263313609467457,T-shirt
13658 T-shirt dame lyseblå Prowear,Alm.slid uden restværdi,1,675,35,30155C97D461A6C00039E4E7,"PLC, Product detaljeret, Aarhus, Feb. 2023.xlsx",1.5783703703703704,T-shirt
13658 T-shirt dame lyseblå Prowear,Alm.slid uden restværdi,1,672,14,30155C97D461A6C000143056,"PLC, Product detaljeret, Aarhus, Feb. 2023.xlsx",0.6341666666666667,T-shirt
13658 T-shirt dame lyseblå Prowear,Alm.slid uden restværdi,1,672,18,30155C97D461A6C0001430BF,"PLC, Product detaljeret, Aarhus, Feb. 2023.xlsx",0.8153571428571429,T-shirt
01589 T-shirt unisex mblå k/æ,Alm.slid uden restværdi,1,670,5,30155C97D461A6C00081760F,"PLC, Product detaljeret, Aarhus, Feb. 2023.xlsx",0.22716417910447761,T-shirt
03885 T-Shirt Lysblå Lady K/Æ P/B,Alm.slid uden restværdi,1,668,5,30155C97D461A7C00103AF1D,"PLC, Product detaljeret, Aarhus, Feb. 2023.xlsx",0.2278443113772455,T-shirt
13658 T-shirt dame lyseblå Prowear,Alm.slid uden restværdi,1,665,28,30155C97D461A6C0002F2E80,"PLC, Product detaljeret, Aarhus, Feb. 2023.xlsx",1.2816842105263158,T-shirt
01589 T-shirt unisex mblå k/æ,Alm.slid uden restværdi,1,664,29,30155C97D461A6C00081750E,"PLC, Product detaljeret, Aarhus, Feb. 2023.xlsx",1.3294578313253014,T-shirt
01589 T-shirt unisex mblå k/æ,Alm.slid uden restværdi,1,664,36,30155C97D461A6C00081757A,"PLC, Product detaljeret, Aarhus, Feb. 2023.xlsx",1.6503614457831326,T-shirt
01589 T-shirt unisex mblå k/æ,Alm.slid uden restværdi,1,664,28,30155C97D461A6C0008176CA,"PLC, Product detaljeret, Aarhus, Feb. 2023.xlsx",1.2836144578313253,T-shirt
01589 T-shirt unisex mblå k/æ,Alm.slid uden restværdi,1,661,49,30155C97D461A6C00080BCE4,"PLC, Product detaljeret, Aarhus, Feb. 2023.xlsx",2.2565204236006053,T-shirt
01589 T-shirt unisex mblå k/æ,Alm.slid uden restværdi,1,651,29,30155C97D461A6C000B04E04,"PLC, Product detaljeret, Aarhus, Feb. 2023.xlsx",1.3560061443932412,T-shirt
13658 T-shirt dame lyseblå Prowear,Alm.slid uden restværdi,1,651,19,30155C97D461A6C000818192,"PLC, Product detaljeret, Aarhus, Feb. 2023.xlsx",0.8884178187403995,T-shirt
13658 T-shirt dame lyseblå Prowear,Alm.slid uden restværdi,1,651,20,30155C97D461A6C000818240,"PLC, Product detaljeret, Aarhus, Feb. 2023.xlsx",0.9351766513056836,T-shirt
01589 T-shirt unisex mblå k/æ,Alm.slid uden restværdi,1,648,42,30155C97D461A6C0008175D5,"PLC, Product detaljeret, Aarhus, Feb. 2023.xlsx",1.972962962962963,T-shirt
01427 T-shirt unisex lyseblå pb,Alm.slid uden restværdi,1,641,13,30155C97D461A6C000807F5C,"PLC, Product detaljeret, Aarhus, Feb. 2023.xlsx",0.6173478939157567,T-shirt
26056 T-shirt k/æ dame lyseblå,Alm.slid uden restværdi,1,640,53,30155C97D461A7C002697590,"PLC, Product detaljeret, Aarhus, Feb. 2023.xlsx",2.5208125,T-shirt
01589 T-shirt unisex mblå k/æ,Alm.slid uden restværdi,1,618,20,30155C97D461A6C00053DF14,"PLC, Product detaljeret, Aarhus, Feb. 2023.xlsx",0.9851132686084142,T-shirt
26665 T-shirt dame 1/2 ærme lblå,Alm.slid uden restværdi,1,593,1,30155C97D461A6C000140CA4,"PLC, Product detaljeret, Aarhus, Feb. 2023.xlsx",0.05133220910623946,T-shirt
01427 T-shirt unisex lyseblå pb,Alm.slid uden restværdi,1,573,7,30155C97D461A6C0002FEF56,"PLC, Product detaljeret, Aarhus, Feb. 2023.xlsx",0.3718673647469459,T-shirt
01427 T-shirt unisex lyseblå pb,Alm.slid uden restværdi,1,573,13,30155C97D461A6C0002FEF5F,"PLC, Product detaljeret, Aarhus, Feb. 2023.xlsx",0.6906108202443281,T-shirt
01427 T-shirt unisex lyseblå pb,Alm.slid uden restværdi,1,572,5,30155C97D461A6C0002FEEBF,"PLC, Product detaljeret, Aarhus, Feb. 2023.xlsx",0.2660839160839161,T-shirt
01427 T-shirt unisex lyseblå pb,Alm.slid uden restværdi,1,572,8,30155C97D461A6C0002FEF4A,"PLC, Product detaljeret, Aarhus, Feb. 2023.xlsx",0.42573426573426576,T-shirt
01589 T-shirt unisex mblå k/æ,Alm.slid uden restværdi,1,566,30,30155C97D461A6C000B20B95,"PLC, Product detaljeret, Aarhus, Feb. 2023.xlsx",1.613427561837456,T-shirt
01589 T-shirt unisex mblå k/æ,Alm.slid uden restværdi,1,563,16,30155C97D461A6C000B161BC,"PLC, Product detaljeret, Aarhus, Feb. 2023.xlsx",0.8650799289520427,T-shirt
03885 T-Shirt Lysblå Lady K/Æ P/B,Alm.slid uden restværdi,1,560,23,30155C97D461A7C0015B0881,"PLC, Product detaljeret, Aarhus, Feb. 2023.xlsx",1.2502142857142857,T-shirt
13658 T-shirt dame lyseblå Prowear,Alm.slid uden restværdi,1,560,8,30155C97D461A6C0008428D0,"PLC, Product detaljeret, Aarhus, Feb. 2023.xlsx",0.4348571428571429,T-shirt
26056 T-shirt k/æ dame lyseblå,Alm.slid uden restværdi,1,553,21,30155C97D461A6C000839F2F,"PLC, Product detaljeret, Aarhus, Feb. 2023.xlsx",1.1559493670886076,T-shirt
01589 T-shirt unisex mblå k/æ,Alm.slid uden restværdi,1,552,53,30155C97D461A6C000B121EB,"PLC, Product detaljeret, Aarhus, Feb. 2023.xlsx",2.9226811594202897,T-shirt
13658 T-shirt dame lyseblå Prowear,Alm.slid uden restværdi,1,548,38,30155C97D461A6C000B09B50,"PLC, Product detaljeret, Aarhus, Feb. 2023.xlsx",2.1108029197080294,T-shirt
13658 T-shirt dame lyseblå Prowear,Alm.slid uden restværdi,1,538,26,30155C97D461A6C000B0996C,"PLC, Product detaljeret, Aarhus, Feb. 2023.xlsx",1.4710780669144983,T-shirt
01427 T-shirt unisex lyseblå pb,Alm.slid uden restværdi,1,534,9,30155C97D461A6C000843D49,"PLC, Product detaljeret, Aarhus, Feb. 2023.xlsx",0.5130337078651686,T-shirt
13658 T-shirt dame lyseblå Prowear,Alm.slid uden restværdi,1,532,19,30155C97D461A6C000B2016D,"PLC, Product detaljeret, Aarhus, Feb. 2023.xlsx",1.0871428571428572,T-shirt
24762 T-shirt da k/æ blåmela Pro,Alm.slid uden restværdi,1,531,41,30155C97D461A7C00228DB18,"PLC, Product detaljeret, Aarhus, Feb. 2023.xlsx",2.3503578154425613,T-shirt
01589 T-shirt unisex mblå k/æ,Alm.slid uden restværdi,1,529,28,30155C97D461A6C000BA03CD,"PLC, Product detaljeret, Aarhus, Feb. 2023.xlsx",1.6111909262759925,T-shirt
01427 T-shirt unisex lyseblå pb,Alm.slid uden restværdi,1,524,6,30155C97D461A6C000843E1A,"PLC, Product detaljeret, Aarhus, Feb. 2023.xlsx",0.3485496183206107,T-shirt
01427 T-shirt unisex lyseblå pb,Alm.slid uden restværdi,1,524,1,30155C97D461A6C000B18CD7,"PLC, Product detaljeret, Aarhus, Feb. 2023.xlsx",0.058091603053435116,T-shirt
13658 T-shirt dame lyseblå Prowear,Alm.slid uden restværdi,1,519,14,30155C97D461A6C000B0B1BA,"PLC, Product detaljeret, Aarhus, Feb. 2023.xlsx",0.8211175337186898,T-shirt
13658 T-shirt dame lyseblå Prowear,Alm.slid uden restværdi,1,519,18,30155C97D461A6C000B0B1CB,"PLC, Product detaljeret, Aarhus, Feb. 2023.xlsx",1.0557225433526012,T-shirt
13658 T-shirt dame lyseblå Prowear,Alm.slid uden restværdi,1,519,18,30155C97D461A6C000B0B1DD,"PLC, Product detaljeret, Aarhus, Feb. 2023.xlsx",1.0557225433526012,T-shirt
01427 T-shirt unisex lyseblå pb,Alm.slid uden restværdi,1,518,50,30155C97D461A6C000843CE0,"PLC, Product detaljeret, Aarhus, Feb. 2023.xlsx",2.9382239382239383,T-shirt
01427 T-shirt unisex lyseblå pb,Alm.slid uden restværdi,1,518,45,30155C97D461A6C000843D3F,"PLC, Product detaljeret, Aarhus, Feb. 2023.xlsx",2.6444015444015445,T-shirt
01427 T-shirt unisex lyseblå pb,Alm.slid uden restværdi,1,518,9,30155C97D461A6C0008C37CF,"PLC, Product detaljeret, Aarhus, Feb. 2023.xlsx",0.5288803088803089,T-shirt
01427 T-shirt unisex lyseblå pb,Alm.slid uden restværdi,1,518,33,30155C97D461A6C0008C3880,"PLC, Product detaljeret, Aarhus, Feb. 2023.xlsx",1.9392277992277993,T-shirt
01427 T-shirt unisex lyseblå pb,Alm.slid uden restværdi,1,518,18,30155C97D461A6C0008C3924,"PLC, Product detaljeret, Aarhus, Feb. 2023.xlsx",1.0577606177606178,T-shirt
24762 T-shirt da k/æ blåmela Pro,Alm.slid uden restværdi,1,517,45,30155C97D461A6C000B195BD,"PLC, Product detaljeret, Aarhus, Feb. 2023.xlsx",2.6495164410058027,T-shirt
01589 T-shirt unisex mblå k/æ,Alm.slid uden restværdi,1,514,43,30155C97D461A6C000BAB6E1,"PLC, Product detaljeret, Aarhus, Feb. 2023.xlsx",2.5465369649805445,T-shirt
13658 T-shirt dame lyseblå Prowear,Alm.slid uden restværdi,1,508,50,30155C97D461A6C0008BDF7A,"PLC, Product detaljeret, Aarhus, Feb. 2023.xlsx",2.9960629921259847,T-shirt
13658 T-shirt dame lyseblå Prowear,Alm.slid uden restværdi,1,508,31,30155C97D461A6C0008BDF8F,"PLC, Product detaljeret, Aarhus, Feb. 2023.xlsx",1.8575590551181105,T-shirt
13658 T-shirt dame lyseblå Prowear,Alm.slid uden restværdi,1,508,42,30155C97D461A6C0008BDFBC,"PLC, Product detaljeret, Aarhus, Feb. 2023.xlsx",2.516692913385827,T-shirt
13658 T-shirt dame lyseblå Prowear,Alm.slid uden restværdi,1,508,25,30155C97D461A6C0008BDFC7,"PLC, Product detaljeret, Aarhus, Feb. 2023.xlsx",1.4980314960629924,T-shirt
13658 T-shirt dame lyseblå Prowear,Alm.slid uden restværdi,1,494,23,30155C97D461A6C0007208C8,"PLC, Product detaljeret, Aarhus, Feb. 2023.xlsx",1.4172469635627531,T-shirt
13658 T-shirt dame lyseblå Prowear,Alm.slid uden restværdi,1,484,33,30155C97D461A6C000B09977,"PLC, Product detaljeret, Aarhus, Feb. 2023.xlsx",2.075454545454545,T-shirt
01589 T-shirt unisex mblå k/æ,Alm.slid uden restværdi,1,482,20,30155C97D461A6C0008BFFF0,"PLC, Product detaljeret, Aarhus, Feb. 2023.xlsx",1.263070539419087,T-shirt
01589 T-shirt unisex mblå k/æ,Alm.slid uden restværdi,1,479,19,00D00B4E86F9,"PLC, Product detaljeret, Aarhus, Feb. 2023.xlsx",1.2074321503131524,T-shirt
01589 T-shirt unisex mblå k/æ,Alm.slid uden restværdi,1,475,44,30155C97D461A6C0012EBAF5,"PLC, Product detaljeret, Aarhus, Feb. 2023.xlsx",2.819705263157895,T-shirt
08398 T-shirt unisex mblå k/æ bom,Alm.slid uden restværdi,1,475,3,30155C97D461A6C0015B3CEA,"PLC, Product detaljeret, Aarhus, Feb. 2023.xlsx",0.19225263157894737,T-shirt
08398 T-shirt unisex mblå k/æ bom,Alm.slid uden restværdi,1,475,3,30155C97D461A6C0015B3D66,"PLC, Product detaljeret, Aarhus, Feb. 2023.xlsx",0.19225263157894737,T-shirt
08398 T-shirt unisex mblå k/æ bom,Alm.slid uden restværdi,1,474,3,30155C97D461A6C0015B3D53,"PLC, Product detaljeret, Aarhus, Feb. 2023.xlsx",0.19265822784810127,T-shirt
13658 T-shirt dame lyseblå Prowear,Alm.slid uden restværdi,1,470,6,30155C97D461A6C000B0B1CE,"PLC, Product detaljeret, Aarhus, Feb. 2023.xlsx",0.38859574468085106,T-shirt
13658 T-shirt dame lyseblå Prowear,Alm.slid uden restværdi,1,470,4,30155C97D461A6C000B0B278,"PLC, Product detaljeret, Aarhus, Feb. 2023.xlsx",0.2590638297872341,T-shirt
24597 T-shirt You unisex Kornblå,Alm.slid uden restværdi,1,470,4,30155C97D461A6C000CD579E,"PLC, Product detaljeret, Aarhus, Feb. 2023.xlsx",0.2590638297872341,T-shirt
13658 T-shirt dame lyseblå Prowear,Alm.slid uden restværdi,1,463,17,30155C97D461A6C0008CBB2E,"PLC, Product detaljeret, Aarhus, Feb. 2023.xlsx",1.1176673866090714,T-shirt
13658 T-shirt dame lyseblå Prowear,Alm.slid uden restværdi,1,454,12,30155C97D461A6C0008BF796,"PLC, Product detaljeret, Aarhus, Feb. 2023.xlsx",0.8045814977973569,T-shirt
01589 T-shirt unisex mblå k/æ,Alm.slid uden restværdi,1,451,31,30155C97D461A6C000B169EA,"PLC, Product detaljeret, Aarhus, Feb. 2023.xlsx",2.092328159645233,T-shirt
08398 T-shirt unisex mblå k/æ bom,Alm.slid uden restværdi,1,449,1,30155C97D461A6C0015C63BD,"PLC, Product detaljeret, Aarhus, Feb. 2023.xlsx",0.06779510022271715,T-shirt
08398 T-shirt unisex mblå k/æ bom,Alm.slid uden restværdi,1,449,1,30155C97D461A6C0015C63F6,"PLC, Product detaljeret, Aarhus, Feb. 2023.xlsx",0.06779510022271715,T-shirt
08398 T-shirt unisex mblå k/æ bom,Alm.slid uden restværdi,1,449,1,30155C97D461A6C0015C6404,"PLC, Product detaljeret, Aarhus, Feb. 2023.xlsx",0.06779510022271715,T-shirt
08398 T-shirt unisex mblå k/æ bom,Alm.slid uden restværdi,1,449,1,30155C97D461A6C0015C6407,"PLC, Product detaljeret, Aarhus, Feb. 2023.xlsx",0.06779510022271715,T-shirt
08398 T-shirt unisex mblå k/æ bom,Alm.slid uden restværdi,1,449,1,30155C97D461A6C0015C640E,"PLC, Product detaljeret, Aarhus, Feb. 2023.xlsx",0.06779510022271715,T-shirt
08398 T-shirt unisex mblå k/æ bom,Alm.slid uden restværdi,1,449,1,30155C97D461A6C0015C644C,"PLC, Product detaljeret, Aarhus, Feb. 2023.xlsx",0.06779510022271715,T-shirt
01589 T-shirt unisex mblå k/æ,Alm.slid uden restværdi,1,446,11,30155C97D461A6C0012ED9F0,"PLC, Product detaljeret, Aarhus, Feb. 2023.xlsx",0.750762331838565,T-shirt
01589 T-shirt unisex mblå k/æ,Alm.slid uden restværdi,1,445,16,30155C97D461A6C0012ED996,"PLC, Product detaljeret, Aarhus, Feb. 2023.xlsx",1.0944719101123597,T-shirt
01589 T-shirt unisex mblå k/æ,Alm.slid uden restværdi,1,445,19,30155C97D461A6C0012EDA10,"PLC, Product detaljeret, Aarhus, Feb. 2023.xlsx",1.2996853932584271,T-shirt
01589 T-shirt unisex mblå k/æ,Alm.slid uden restværdi,1,445,14,30155C97D461A6C0012EDA13,"PLC, Product detaljeret, Aarhus, Feb. 2023.xlsx",0.9576629213483147,T-shirt
01589 T-shirt unisex mblå k/æ,Alm.slid uden restværdi,1,445,12,30155C97D461A6C0012EDA32,"PLC, Product detaljeret, Aarhus, Feb. 2023.xlsx",0.8208539325842698,T-shirt
01589 T-shirt unisex mblå k/æ,Alm.slid uden restværdi,1,440,36,30155C97D461A6C0015B36F9,"PLC, Product detaljeret, Aarhus, Feb. 2023.xlsx",2.4905454545454546,T-shirt
13658 T-shirt dame lyseblå Prowear,Alm.slid uden restværdi,1,437,16,30155C97D461A6C0008429A9,"PLC, Product detaljeret, Aarhus, Feb. 2023.xlsx",1.1145080091533182,T-shirt
26056 T-shirt k/æ dame lyseblå,Alm.slid uden restværdi,1,436,19,30155C97D461A6C00083A40F,"PLC, Product detaljeret, Aarhus, Feb. 2023.xlsx",1.3265137614678901,T-shirt
13658 T-shirt dame lyseblå Prowear,Alm.slid uden restværdi,1,408,4,30155C97D461A6C000CD4B67,"PLC, Product detaljeret, Aarhus, Feb. 2023.xlsx",0.29843137254901964,T-shirt
13658 T-shirt dame lyseblå Prowear,Alm.slid uden restværdi,1,404,13,30155C97D461A6C0008FEE05,"PLC, Product detaljeret, Aarhus, Feb. 2023.xlsx",0.9795049504950496,T-shirt
01427 T-shirt unisex lyseblå pb,Alm.slid uden restværdi,1,402,31,30155C97D461A6C000E321BF,"PLC, Product detaljeret, Aarhus, Feb. 2023.xlsx",2.347363184079602,T-shirt
08398 T-shirt unisex mblå k/æ bom,Alm.slid uden restværdi,1,378,1,30155C97D461A6C000637D20,"PLC, Product detaljeret, Aarhus, Feb. 2023.xlsx",0.08052910052910053,T-shirt
01589 T-shirt unisex mblå k/æ,Alm.slid uden restværdi,1,376,24,30155C97D461A6C0006393C6,"PLC, Product detaljeret, Aarhus, Feb. 2023.xlsx",1.9429787234042553,T-shirt
26056 T-shirt k/æ dame lyseblå,Alm.slid uden restværdi,1,370,7,30155C97D461A7C002A41345,"PLC, Product detaljeret, Aarhus, Feb. 2023.xlsx",0.5758918918918919,T-shirt
01589 T-shirt unisex mblå k/æ,Alm.slid uden restværdi,1,359,22,30155C97D461A6C00063797C,"PLC, Product detaljeret, Aarhus, Feb. 2023.xlsx",1.8654038997214484,T-shirt
26056 T-shirt k/æ dame lyseblå,Alm.slid uden restværdi,1,359,8,30155C97D461A7C001FC4AD3,"PLC, Product detaljeret, Aarhus, Feb. 2023.xlsx",0.6783286908077995,T-shirt
01589 T-shirt unisex mblå k/æ,Alm.slid uden restværdi,1,350,3,30155C97D461A6C0009E973B,"PLC, Product detaljeret, Aarhus, Feb. 2023.xlsx",0.26091428571428577,T-shirt
01589 T-shirt unisex mblå k/æ,Alm.slid uden restværdi,1,347,22,30155C97D461A6C0015B56B0,"PLC, Product detaljeret, Aarhus, Feb. 2023.xlsx",1.929913544668588,T-shirt
13658 T-shirt dame lyseblå Prowear,Alm.slid uden restværdi,1,347,13,30155C97D461A6C000D88860,"PLC, Product detaljeret, Aarhus, Feb. 2023.xlsx",1.1404034582132565,T-shirt
01589 T-shirt unisex mblå k/æ,Alm.slid uden restværdi,1,346,20,30155C97D461A6C000708041,"PLC, Product detaljeret, Aarhus, Feb. 2023.xlsx",1.7595375722543354,T-shirt
01589 T-shirt unisex mblå k/æ,Alm.slid uden restværdi,1,342,22,30155C97D461A6C0007081FD,"PLC, Product detaljeret, Aarhus, Feb. 2023.xlsx",1.9581286549707602,T-shirt
01589 T-shirt unisex mblå k/æ,Alm.slid uden restværdi,1,342,24,30155C97D461A6C00070820A,"PLC, Product detaljeret, Aarhus, Feb. 2023.xlsx",2.136140350877193,T-shirt
01589 T-shirt unisex mblå k/æ,Alm.slid uden restværdi,1,325,19,30155C97D461A4C00066ABAC,"PLC, Product detaljeret, Aarhus, Feb. 2023.xlsx",1.7795692307692308,T-shirt
01589 T-shirt unisex mblå k/æ,Alm.slid uden restværdi,1,325,17,30155C97D461A6C0015B5F53,"PLC, Product detaljeret, Aarhus, Feb. 2023.xlsx",1.5922461538461539,T-shirt
01589 T-shirt unisex mblå k/æ,Alm.slid uden restværdi,1,325,14,30155C97D461A6C0015B5F6B,"PLC, Product detaljeret, Aarhus, Feb. 2023.xlsx",1.3112615384615385,T-shirt
13658 T-shirt dame lyseblå Prowear,Alm.slid uden restværdi,1,325,15,30155C97D461A6C000647CE6,"PLC, Product detaljeret, Aarhus, Feb. 2023.xlsx",1.4049230769230772,T-shirt
24762 T-shirt da k/æ blåmela Pro,Alm.slid uden restværdi,1,322,43,30155C97D461A7C002910198,"PLC, Product detaljeret, Aarhus, Feb. 2023.xlsx",4.0649689440993795,T-shirt
01427 T-shirt unisex lyseblå pb,Alm.slid uden restværdi,1,314,10,30155C97D461A6C0015B6034,"PLC, Product detaljeret, Aarhus, Feb. 2023.xlsx",0.9694267515923567,T-shirt
26665 T-shirt dame 1/2 ærme lblå,Alm.slid uden restværdi,1,275,9,30155C97D461A6C00063422A,"PLC, Product detaljeret, Aarhus, Feb. 2023.xlsx",0.9962181818181819,T-shirt
13658 T-shirt dame lyseblå Prowear,Alm.slid uden restværdi,1,273,16,30155C97D461A4C00092B4A1,"PLC, Product detaljeret, Aarhus, Feb. 2023.xlsx",1.784029304029304,T-shirt
08398 T-shirt unisex mblå k/æ bom,Alm.slid uden restværdi,1,270,14,30155C97D461A6C0006454F1,"PLC, Product detaljeret, Aarhus, Feb. 2023.xlsx",1.5783703703703704,T-shirt
01589 T-shirt unisex mblå k/æ,Alm.slid uden restværdi,1,268,28,30155C97D461A6C000BA1AD7,"PLC, Product detaljeret, Aarhus, Feb. 2023.xlsx",3.1802985074626866,T-shirt
08398 T-shirt unisex mblå k/æ bom,Alm.slid uden restværdi,1,266,14,30155C97D461A6C00162615E,"PLC, Product detaljeret, Aarhus, Feb. 2023.xlsx",1.6021052631578947,T-shirt
08398 T-shirt unisex mblå k/æ bom,Alm.slid uden restværdi,1,264,7,30155C97D461A6C000910591,"PLC, Product detaljeret, Aarhus, Feb. 2023.xlsx",0.8071212121212121,T-shirt
08398 T-shirt unisex mblå k/æ bom,Alm.slid uden restværdi,1,260,16,30155C97D461A6C001626037,"PLC, Product detaljeret, Aarhus, Feb. 2023.xlsx",1.8732307692307695,T-shirt
08398 T-shirt unisex mblå k/æ bom,Alm.slid uden restværdi,1,260,12,30155C97D461A6C0016264AD,"PLC, Product detaljeret, Aarhus, Feb. 2023.xlsx",1.4049230769230772,T-shirt
08398 T-shirt unisex mblå k/æ bom,Alm.slid uden restværdi,1,259,11,30155C97D461A6C001625FA8,"PLC, Product detaljeret, Aarhus, Feb. 2023.xlsx",1.2928185328185329,T-shirt
13658 T-shirt dame lyseblå Prowear,Alm.slid uden restværdi,1,256,8,30155C97D461A6C0009E8A68,"PLC, Product detaljeret, Aarhus, Feb. 2023.xlsx",0.95125,T-shirt
01427 T-shirt unisex lyseblå pb,Alm.slid uden restværdi,1,252,8,30155C97D461A6C00064068C,"PLC, Product detaljeret, Aarhus, Feb. 2023.xlsx",0.9663492063492063,T-shirt
01427 T-shirt unisex lyseblå pb,Alm.slid uden restværdi,1,252,14,30155C97D461A6C0009E97A9,"PLC, Product detaljeret, Aarhus, Feb. 2023.xlsx",1.691111111111111,T-shirt
26056 T-shirt k/æ dame lyseblå,Alm.slid uden restværdi,1,251,16,30155C97D461A6C001104985,"PLC, Product detaljeret, Aarhus, Feb. 2023.xlsx",1.9403984063745021,T-shirt
01589 T-shirt unisex mblå k/æ,Alm.slid uden restværdi,1,243,14,30155C97D461A4C00064D55A,"PLC, Product detaljeret, Aarhus, Feb. 2023.xlsx",1.7537448559670783,T-shirt
01589 T-shirt unisex mblå k/æ,Alm.slid uden restværdi,1,238,7,30155C97D461A6C001626DB9,"PLC, Product detaljeret, Aarhus, Feb. 2023.xlsx",0.8952941176470588,T-shirt
13658 T-shirt dame lyseblå Prowear,Alm.slid uden restværdi,1,237,12,30155C97D461A6C00185D8C4,"PLC, Product detaljeret, Aarhus, Feb. 2023.xlsx",1.5412658227848102,T-shirt
13658 T-shirt dame lyseblå Prowear,Alm.slid uden restværdi,1,226,17,30155C97D461A4C00064E0F9,"PLC, Product detaljeret, Aarhus, Feb. 2023.xlsx",2.2897345132743365,T-shirt
01589 T-shirt unisex mblå k/æ,Alm.slid uden restværdi,1,222,8,30155C97D461A4C00093436D,"PLC, Product detaljeret, Aarhus, Feb. 2023.xlsx",1.096936936936937,T-shirt
01589 T-shirt unisex mblå k/æ,Alm.slid uden restværdi,1,222,8,30155C97D461A4C000935557,"PLC, Product detaljeret, Aarhus, Feb. 2023.xlsx",1.096936936936937,T-shirt
01589 T-shirt unisex mblå k/æ,Alm.slid uden restværdi,1,222,4,30155C97D461A4C00093555D,"PLC, Product detaljeret, Aarhus, Feb. 2023.xlsx",0.5484684684684685,T-shirt
01589 T-shirt unisex mblå k/æ,Alm.slid uden restværdi,1,222,9,30155C97D461A4C000935633,"PLC, Product detaljeret, Aarhus, Feb. 2023.xlsx",1.234054054054054,T-shirt
01589 T-shirt unisex mblå k/æ,Alm.slid uden restværdi,1,221,4,30155C97D461A4C000934339,"PLC, Product detaljeret, Aarhus, Feb. 2023.xlsx",0.550950226244344,T-shirt
01589 T-shirt unisex mblå k/æ,Alm.slid uden restværdi,1,221,8,30155C97D461A4C000934346,"PLC, Product detaljeret, Aarhus, Feb. 2023.xlsx",1.101900452488688,T-shirt
01589 T-shirt unisex mblå k/æ,Alm.slid uden restværdi,1,221,4,30155C97D461A4C0009355C0,"PLC, Product detaljeret, Aarhus, Feb. 2023.xlsx",0.550950226244344,T-shirt
01589 T-shirt unisex mblå k/æ,Alm.slid uden restværdi,1,221,7,30155C97D461A4C00093561E,"PLC, Product detaljeret, Aarhus, Feb. 2023.xlsx",0.9641628959276018,T-shirt
08398 T-shirt unisex mblå k/æ bom,Alm.slid uden restværdi,1,203,4,30155C97D461A6C000EAD301,"PLC, Product detaljeret, Aarhus, Feb. 2023.xlsx",0.5998029556650246,T-shirt
08398 T-shirt unisex mblå k/æ bom,Alm.slid uden restværdi,1,203,6,30155C97D461A6C000EAD3D7,"PLC, Product detaljeret, Aarhus, Feb. 2023.xlsx",0.8997044334975369,T-shirt
08398 T-shirt unisex mblå k/æ bom,Alm.slid uden restværdi,1,203,8,30155C97D461A6C000EAD41A,"PLC, Product detaljeret, Aarhus, Feb. 2023.xlsx",1.1996059113300492,T-shirt
01427 T-shirt unisex lyseblå pb,Alm.slid uden restværdi,1,199,6,30155C97D461A6C00063FE56,"PLC, Product detaljeret, Aarhus, Feb. 2023.xlsx",0.917788944723618,T-shirt
01427 T-shirt unisex lyseblå pb,Alm.slid uden restværdi,1,195,15,30155C97D461A6C000E3216C,"PLC, Product detaljeret, Aarhus, Feb. 2023.xlsx",2.3415384615384616,T-shirt
08398 T-shirt unisex mblå k/æ bom,Alm.slid uden restværdi,1,182,2,30155C97D461A6C00185B0D8,"PLC, Product detaljeret, Aarhus, Feb. 2023.xlsx",0.33450549450549455,T-shirt
08398 T-shirt unisex mblå k/æ bom,Alm.slid uden restværdi,1,182,2,30155C97D461A6C00185B1A0,"PLC, Product detaljeret, Aarhus, Feb. 2023.xlsx",0.33450549450549455,T-shirt
08398 T-shirt unisex mblå k/æ bom,Alm.slid uden restværdi,1,182,2,30155C97D461A6C001B33CD4,"PLC, Product detaljeret, Aarhus, Feb. 2023.xlsx",0.33450549450549455,T-shirt
08398 T-shirt unisex mblå k/æ bom,Alm.slid uden restværdi,1,182,2,30155C97D461A6C001B33CD8,"PLC, Product detaljeret, Aarhus, Feb. 2023.xlsx",0.33450549450549455,T-shirt
08398 T-shirt unisex mblå k/æ bom,Alm.slid uden restværdi,1,182,2,30155C97D461A6C001B33D10,"PLC, Product detaljeret, Aarhus, Feb. 2023.xlsx",0.33450549450549455,T-shirt
08398 T-shirt unisex mblå k/æ bom,Alm.slid uden restværdi,1,182,2,30155C97D461A6C001B33D32,"PLC, Product detaljeret, Aarhus, Feb. 2023.xlsx",0.33450549450549455,T-shirt
08398 T-shirt unisex mblå k/æ bom,Alm.slid uden restværdi,1,182,2,30155C97D461A6C001B33D79,"PLC, Product detaljeret, Aarhus, Feb. 2023.xlsx",0.33450549450549455,T-shirt
01589 T-shirt unisex mblå k/æ,Alm.slid uden restværdi,1,175,8,30155C97D461A6C0016008D7,"PLC, Product detaljeret, Aarhus, Feb. 2023.xlsx",1.3915428571428572,T-shirt
01589 T-shirt unisex mblå k/æ,Alm.slid uden restværdi,1,175,2,30155C97D461A6C00186161C,"PLC, Product detaljeret, Aarhus, Feb. 2023.xlsx",0.3478857142857143,T-shirt
01589 T-shirt unisex mblå k/æ,Alm.slid uden restværdi,1,175,10,30155C97D461A6C0018616A0,"PLC, Product detaljeret, Aarhus, Feb. 2023.xlsx",1.7394285714285715,T-shirt
01589 T-shirt unisex mblå k/æ,Alm.slid uden restværdi,1,175,5,30155C97D461A6C00186177B,"PLC, Product detaljeret, Aarhus, Feb. 2023.xlsx",0.8697142857142858,T-shirt
01589 T-shirt unisex mblå k/æ,Alm.slid uden restværdi,1,175,4,30155C97D461A6C0018617AC,"PLC, Product detaljeret, Aarhus, Feb. 2023.xlsx",0.6957714285714286,T-shirt
01589 T-shirt unisex mblå k/æ,Alm.slid uden restværdi,1,175,7,30155C97D461A6C0018617C2,"PLC, Product detaljeret, Aarhus, Feb. 2023.xlsx",1.2176,T-shirt
01589 T-shirt unisex mblå k/æ,Alm.slid uden restværdi,1,175,1,30155C97D461A6C001861BFD,"PLC, Product detaljeret, Aarhus, Feb. 2023.xlsx",0.17394285714285715,T-shirt
01589 T-shirt unisex mblå k/æ,Alm.slid uden restværdi,1,175,1,30155C97D461A6C001861D92,"PLC, Product detaljeret, Aarhus, Feb. 2023.xlsx",0.17394285714285715,T-shirt
01589 T-shirt unisex mblå k/æ,Alm.slid uden restværdi,1,175,10,30155C97D461A6C001861DAE,"PLC, Product detaljeret, Aarhus, Feb. 2023.xlsx",1.7394285714285715,T-shirt
26665 T-shirt dame 1/2 ærme lblå,Alm.slid uden restværdi,1,160,6,30155C97D461A6C00091070F,"PLC, Product detaljeret, Aarhus, Feb. 2023.xlsx",1.1415,T-shirt
13658 T-shirt dame lyseblå Prowear,Alm.slid uden restværdi,1,135,8,30155C97D461A6C000EB0F7C,"PLC, Product detaljeret, Aarhus, Feb. 2023.xlsx",1.803851851851852,T-shirt
13658 T-shirt dame lyseblå Prowear,Alm.slid uden restværdi,1,135,9,30155C97D461A6C000EB10F4,"PLC, Product detaljeret, Aarhus, Feb. 2023.xlsx",2.029333333333333,T-shirt
01427 T-shirt unisex lyseblå pb,Alm.slid uden restværdi,1,101,1,30155C97D461A6C001A5B5B8,"PLC, Product detaljeret, Aarhus, Feb. 2023.xlsx",0.3013861386138614,T-shirt
26961 T-shirt CSR dame lysblå,Alm.slid uden restværdi,1,98,7,30155C97D461A6C0010F3A18,"PLC, Product detaljeret, Aarhus, Feb. 2023.xlsx",2.1742857142857144,T-shirt
01589 T-shirt unisex mblå k/æ,Alm.slid uden restværdi,1,95,2,30155C97D461A6C00135E821,"PLC, Product detaljeret, Aarhus, Feb. 2023.xlsx",0.6408421052631579,T-shirt
26961 T-shirt CSR dame lysblå,Alm.slid uden restværdi,1,91,5,30155C97D461A6C00135FDC9,"PLC, Product detaljeret, Aarhus, Feb. 2023.xlsx",1.6725274725274726,T-shirt
26961 T-shirt CSR dame lysblå,Alm.slid uden restværdi,1,89,1,30155C97D461A6C000EAA92D,"PLC, Product detaljeret, Aarhus, Feb. 2023.xlsx",0.34202247191011237,T-shirt
26961 T-shirt CSR dame lysblå,Alm.slid uden restværdi,1,89,1,30155C97D461A6C0010DE7DA,"PLC, Product detaljeret, Aarhus, Feb. 2023.xlsx",0.34202247191011237,T-shirt
27110 T-Shirt Csr Unisex Lysblå,Alm.slid uden restværdi,1,89,1,30155C97D461A6C00135F99C,"PLC, Product detaljeret, Aarhus, Feb. 2023.xlsx",0.34202247191011237,T-shirt
26961 T-shirt CSR dame lysblå,Alm.slid uden restværdi,1,88,9,30155C97D461A6C000EAA7AE,"PLC, Product detaljeret, Aarhus, Feb. 2023.xlsx",3.1131818181818187,T-shirt
26961 T-shirt CSR dame lysblå,Alm.slid uden restværdi,1,88,5,30155C97D461A6C0010E0AB4,"PLC, Product detaljeret, Aarhus, Feb. 2023.xlsx",1.7295454545454545,T-shirt
26961 T-shirt CSR dame lysblå,Alm.slid uden restværdi,1,88,5,30155C97D461A6C0010E0ABA,"PLC, Product detaljeret, Aarhus, Feb. 2023.xlsx",1.7295454545454545,T-shirt
26961 T-shirt CSR dame lysblå,Alm.slid uden restværdi,1,86,4,30155C97D461A6C0010E8D7E,"PLC, Product detaljeret, Aarhus, Feb. 2023.xlsx",1.415813953488372,T-shirt
26961 T-shirt CSR dame lysblå,Alm.slid uden restværdi,1,85,4,30155C97D461A6C00135FB35,"PLC, Product detaljeret, Aarhus, Feb. 2023.xlsx",1.4324705882352942,T-shirt
26961 T-shirt CSR dame lysblå,Alm.slid uden restværdi,1,84,4,30155C97D461A6C0010E1511,"PLC, Product detaljeret, Aarhus, Feb. 2023.xlsx",1.4495238095238094,T-shirt
26961 T-shirt CSR dame lysblå,Alm.slid uden restværdi,1,83,5,30155C97D461A6C0015FD532,"PLC, Product detaljeret, Aarhus, Feb. 2023.xlsx",1.8337349397590361,T-shirt
26961 T-shirt CSR dame lysblå,Alm.slid uden restværdi,1,80,4,30155C97D461A6C00135FB3C,"PLC, Product detaljeret, Aarhus, Feb. 2023.xlsx",1.5220000000000002,T-shirt
08398 T-shirt unisex mblå k/æ bom,Alm.slid uden restværdi,1,78,1,30155C97D461A6C001A5B4E7,"PLC, Product detaljeret, Aarhus, Feb. 2023.xlsx",0.3902564102564103,T-shirt
08398 T-shirt unisex mblå k/æ bom,Alm.slid uden restværdi,1,78,1,30155C97D461A6C001A5B587,"PLC, Product detaljeret, Aarhus, Feb. 2023.xlsx",0.3902564102564103,T-shirt
26961 T-shirt CSR dame lysblå,Alm.slid uden restværdi,1,78,4,30155C97D461A6C00135FE34,"PLC, Product detaljeret, Aarhus, Feb. 2023.xlsx",1.5610256410256411,T-shirt
26961 T-shirt CSR dame lysblå,Alm.slid uden restværdi,1,78,7,30155C97D461A6C0015FD4E7,"PLC, Product detaljeret, Aarhus, Feb. 2023.xlsx",2.731794871794872,T-shirt
26961 T-shirt CSR dame lysblå,Alm.slid uden restværdi,1,77,5,30155C97D461A6C0015FEDB1,"PLC, Product detaljeret, Aarhus, Feb. 2023.xlsx",1.9766233766233765,T-shirt
26961 T-shirt CSR dame lysblå,Alm.slid uden restværdi,1,76,2,30155C97D461A6C0015FD4DA,"PLC, Product detaljeret, Aarhus, Feb. 2023.xlsx",0.8010526315789473,T-shirt
27110 T-Shirt Csr Unisex Lysblå,Alm.slid uden restværdi,1,75,3,30155C97D461A6C0010DE9AA,"PLC, Product detaljeret, Aarhus, Feb. 2023.xlsx",1.2176,T-shirt
26961 T-shirt CSR dame lysblå,Alm.slid uden restværdi,1,74,2,30155C97D461A6C0015FEF12,"PLC, Product detaljeret, Aarhus, Feb. 2023.xlsx",0.8227027027027027,T-shirt
26961 T-shirt CSR dame lysblå,Alm.slid uden restværdi,1,73,3,30155C97D461A6C0010E8D83,"PLC, Product detaljeret, Aarhus, Feb. 2023.xlsx",1.250958904109589,T-shirt
26961 T-shirt CSR dame lysblå,Alm.slid uden restværdi,1,68,7,30155C97D461A6C00135F4B0,"PLC, Product detaljeret, Aarhus, Feb. 2023.xlsx",3.1335294117647057,T-shirt
27110 T-Shirt Csr Unisex Lysblå,Alm.slid uden restværdi,1,67,2,30155C97D461A6C0010DE919,"PLC, Product detaljeret, Aarhus, Feb. 2023.xlsx",0.9086567164179105,T-shirt
01589 T-shirt unisex mblå k/æ,Alm.slid uden restværdi,1,61,3,30155C97D461A6C0018F5023,"PLC, Product detaljeret, Aarhus, Feb. 2023.xlsx",1.497049180327869,T-shirt
13658 T-shirt dame lyseblå Prowear,Alm.slid uden restværdi,1,61,2,30155C97D461A6C001A65510,"PLC, Product detaljeret, Aarhus, Feb. 2023.xlsx",0.998032786885246,T-shirt
13658 T-shirt dame lyseblå Prowear,Alm.slid uden restværdi,1,61,2,30155C97D461A6C001A65592,"PLC, Product detaljeret, Aarhus, Feb. 2023.xlsx",0.998032786885246,T-shirt
26961 T-shirt CSR dame lysblå,Alm.slid uden restværdi,1,51,5,30155C97D461A6C0010D70CE,"PLC, Product detaljeret, Aarhus, Feb. 2023.xlsx",2.984313725490196,T-shirt
26056 T-shirt k/æ dame lyseblå,Alm.slid uden restværdi,1,43,1,30155C97D461A6C0020E8F7D,"PLC, Product detaljeret, Aarhus, Feb. 2023.xlsx",0.707906976744186,T-shirt
01589 T-shirt unisex mblå k/æ,Alm.slid uden restværdi,1,39,1,30155C97D461A6C001A670F1,"PLC, Product detaljeret, Aarhus, Feb. 2023.xlsx",0.7805128205128206,T-shirt
01589 T-shirt unisex mblå k/æ,Alm.slid uden restværdi,1,39,1,30155C97D461A6C001A6C237,"PLC, Product detaljeret, Aarhus, Feb. 2023.xlsx",0.7805128205128206,T-shirt
13658 T-shirt dame lyseblå Prowear,Alm.slid uden restværdi,1,39,4,300ED89F335000400183AE17,"PLC, Product detaljeret, Aarhus, Feb. 2023.xlsx",3.1220512820512822,T-shirt
01589 T-shirt unisex mblå k/æ,Alm.slid uden restværdi,1,2909,84,00D00950E19C,"PLC, Product detaljeret, Aarhus, Jan. 2023.xlsx",0.8789824682021313,T-shirt
03885 T-Shirt Lysblå Lady K/Æ P/B,Alm.slid uden restværdi,1,2872,18,00D00997812B,"PLC, Product detaljeret, Aarhus, Jan. 2023.xlsx",0.1907799442896936,T-shirt
01589 T-shirt unisex mblå k/æ,Alm.slid uden restværdi,1,2714,90,00D009511C83,"PLC, Product detaljeret, Aarhus, Jan. 2023.xlsx",1.0094325718496684,T-shirt
01589 T-shirt unisex mblå k/æ,Alm.slid uden restværdi,1,2565,119,00D0098BEC5B,"PLC, Product detaljeret, Aarhus, Jan. 2023.xlsx",1.4122261208576998,T-shirt
01589 T-shirt unisex mblå k/æ,Alm.slid uden restværdi,1,2559,16,00D009AFCE6D,"PLC, Product detaljeret, Aarhus, Jan. 2023.xlsx",0.19032434544744042,T-shirt
03885 T-Shirt Lysblå Lady K/Æ P/B,Alm.slid uden restværdi,1,2259,73,00D0097292CE,"PLC, Product detaljeret, Aarhus, Jan. 2023.xlsx",0.9836741921204072,T-shirt
03885 T-Shirt Lysblå Lady K/Æ P/B,Alm.slid uden restværdi,1,2197,10,00D00971FE91,"PLC, Product detaljeret, Aarhus, Jan. 2023.xlsx",0.13855257168866636,T-shirt
03885 T-Shirt Lysblå Lady K/Æ P/B,Alm.slid uden restværdi,1,2128,15,00D00975C397,"PLC, Product detaljeret, Aarhus, Jan. 2023.xlsx",0.21456766917293232,T-shirt
01427 T-shirt unisex lyseblå pb,Alm.slid uden restværdi,1,2073,50,30155C97D461A7C0006CAF88,"PLC, Product detaljeret, Aarhus, Jan. 2023.xlsx",0.73420164013507,T-shirt
01589 T-shirt unisex mblå k/æ,Alm.slid uden restværdi,1,2066,50,30155C97D461A7C0002D5B99,"PLC, Product detaljeret, Aarhus, Jan. 2023.xlsx",0.7366892545982575,T-shirt
01589 T-shirt unisex mblå k/æ,Alm.slid uden restværdi,1,2063,42,30155C97D461A7C0002D7F20,"PLC, Product detaljeret, Aarhus, Jan. 2023.xlsx",0.6197188560349006,T-shirt
13658 T-shirt dame lyseblå Prowear,Alm.slid uden restværdi,1,1906,70,300ED89F335000400183D373,"PLC, Product detaljeret, Aarhus, Jan. 2023.xlsx",1.1179433368310598,T-shirt
01589 T-shirt unisex mblå k/æ,Alm.slid uden restværdi,1,1904,48,300ED89F3350007FE266A656,"PLC, Product detaljeret, Aarhus, Jan. 2023.xlsx",0.7673949579831933,T-shirt
13658 T-shirt dame lyseblå Prowear,Alm.slid uden restværdi,1,1900,115,300ED89F3350007FE266C0EA,"PLC, Product detaljeret, Aarhus, Jan. 2023.xlsx",1.842421052631579,T-shirt
13658 T-shirt dame lyseblå Prowear,Alm.slid uden restværdi,1,1889,71,300ED89F335000400183DA1F,"PLC, Product detaljeret, Aarhus, Jan. 2023.xlsx",1.144118581259926,T-shirt
01427 T-shirt unisex lyseblå pb,Alm.slid uden restværdi,1,1825,77,300ED89F33500060009D9507,"PLC, Product detaljeret, Aarhus, Jan. 2023.xlsx",1.2843178082191782,T-shirt
01589 T-shirt unisex mblå k/æ,Alm.slid uden restværdi,1,1812,118,300ED89F33500060009D8EAD,"PLC, Product detaljeret, Aarhus, Jan. 2023.xlsx",1.9822958057395144,T-shirt
03885 T-Shirt Lysblå Lady K/Æ P/B,Alm.slid uden restværdi,1,1777,72,30155C97D461A7C000E8FD65,"PLC, Product detaljeret, Aarhus, Jan. 2023.xlsx",1.233359594822735,T-shirt
03885 T-Shirt Lysblå Lady K/Æ P/B,Alm.slid uden restværdi,1,1776,83,30155C97D461A7C000E8FD96,"PLC, Product detaljeret, Aarhus, Jan. 2023.xlsx",1.4225900900900903,T-shirt
01427 T-shirt unisex lyseblå pb,Alm.slid uden restværdi,1,1765,8,30155C97D461A7C00122F424,"PLC, Product detaljeret, Aarhus, Jan. 2023.xlsx",0.13797167138810199,T-shirt
03885 T-Shirt Lysblå Lady K/Æ P/B,Alm.slid uden restværdi,1,1765,20,30155C97D461A7C001037AD1,"PLC, Product detaljeret, Aarhus, Jan. 2023.xlsx",0.344929178470255,T-shirt
03885 T-Shirt Lysblå Lady K/Æ P/B,Alm.slid uden restværdi,1,1758,77,30155C97D461A7C000E8FDCC,"PLC, Product detaljeret, Aarhus, Jan. 2023.xlsx",1.333265073947668,T-shirt
03885 T-Shirt Lysblå Lady K/Æ P/B,Alm.slid uden restværdi,1,1757,1,30155C97D461A7C00102F87C,"PLC, Product detaljeret, Aarhus, Jan. 2023.xlsx",0.017324985771200913,T-shirt
03885 T-Shirt Lysblå Lady K/Æ P/B,Alm.slid uden restværdi,1,1757,1,30155C97D461A7C00103640A,"PLC, Product detaljeret, Aarhus, Jan. 2023.xlsx",0.017324985771200913,T-shirt
03885 T-Shirt Lysblå Lady K/Æ P/B,Alm.slid uden restværdi,1,1754,1,30155C97D461A7C00102F84C,"PLC, Product detaljeret, Aarhus, Jan. 2023.xlsx",0.017354618015963514,T-shirt
03885 T-Shirt Lysblå Lady K/Æ P/B,Alm.slid uden restværdi,1,1754,1,30155C97D461A7C00102F880,"PLC, Product detaljeret, Aarhus, Jan. 2023.xlsx",0.017354618015963514,T-shirt
03885 T-Shirt Lysblå Lady K/Æ P/B,Alm.slid uden restværdi,1,1754,1,30155C97D461A7C001035267,"PLC, Product detaljeret, Aarhus, Jan. 2023.xlsx",0.017354618015963514,T-shirt
03885 T-Shirt Lysblå Lady K/Æ P/B,Alm.slid uden restværdi,1,1754,1,30155C97D461A7C0010363D0,"PLC, Product detaljeret, Aarhus, Jan. 2023.xlsx",0.017354618015963514,T-shirt
03885 T-Shirt Lysblå Lady K/Æ P/B,Alm.slid uden restværdi,1,1754,2,30155C97D461A7C00103648A,"PLC, Product detaljeret, Aarhus, Jan. 2023.xlsx",0.03470923603192703,T-shirt
03885 T-Shirt Lysblå Lady K/Æ P/B,Alm.slid uden restværdi,1,1754,1,30155C97D461A7C00103653C,"PLC, Product detaljeret, Aarhus, Jan. 2023.xlsx",0.017354618015963514,T-shirt
03885 T-Shirt Lysblå Lady K/Æ P/B,Alm.slid uden restværdi,1,1754,3,30155C97D461A7C00103AEA0,"PLC, Product detaljeret, Aarhus, Jan. 2023.xlsx",0.05206385404789054,T-shirt
03885 T-Shirt Lysblå Lady K/Æ P/B,Alm.slid uden restværdi,1,1753,6,30155C97D461A7C000E8867F,"PLC, Product detaljeret, Aarhus, Jan. 2023.xlsx",0.104187107815174,T-shirt
03885 T-Shirt Lysblå Lady K/Æ P/B,Alm.slid uden restværdi,1,1753,70,30155C97D461A7C0010353C0,"PLC, Product detaljeret, Aarhus, Jan. 2023.xlsx",1.2155162578436967,T-shirt
03885 T-Shirt Lysblå Lady K/Æ P/B,Alm.slid uden restværdi,1,1753,28,30155C97D461A7C001037A51,"PLC, Product detaljeret, Aarhus, Jan. 2023.xlsx",0.48620650313747865,T-shirt
03885 T-Shirt Lysblå Lady K/Æ P/B,Alm.slid uden restværdi,1,1747,93,30155C97D461A7C000E7F5EB,"PLC, Product detaljeret, Aarhus, Jan. 2023.xlsx",1.6204464796794504,T-shirt
03885 T-Shirt Lysblå Lady K/Æ P/B,Alm.slid uden restværdi,1,1747,117,30155C97D461A7C000E8FD54,"PLC, Product detaljeret, Aarhus, Jan. 2023.xlsx",2.0386262163709215,T-shirt
03885 T-Shirt Lysblå Lady K/Æ P/B,Alm.slid uden restværdi,1,1747,104,30155C97D461A7C000E901D4,"PLC, Product detaljeret, Aarhus, Jan. 2023.xlsx",1.812112192329708,T-shirt
09610 T-Shirt Lady Lysblå Bom,Alm.slid uden restværdi,1,1746,69,30155C97D461A7C001131008,"PLC, Product detaljeret, Aarhus, Jan. 2023.xlsx",1.202955326460481,T-shirt
09610 T-Shirt Lady Lysblå Bom,Alm.slid uden restværdi,1,1746,63,30155C97D461A7C001131052,"PLC, Product detaljeret, Aarhus, Jan. 2023.xlsx",1.0983505154639175,T-shirt
09610 T-Shirt Lady Lysblå Bom,Alm.slid uden restværdi,1,1746,56,30155C97D461A7C0011310BC,"PLC, Product detaljeret, Aarhus, Jan. 2023.xlsx",0.97631156930126,T-shirt
09610 T-Shirt Lady Lysblå Bom,Alm.slid uden restværdi,1,1746,52,30155C97D461A7C0011310C2,"PLC, Product detaljeret, Aarhus, Jan. 2023.xlsx",0.9065750286368843,T-shirt
09610 T-Shirt Lady Lysblå Bom,Alm.slid uden restværdi,1,1746,59,30155C97D461A7C0011310D5,"PLC, Product detaljeret, Aarhus, Jan. 2023.xlsx",1.0286139747995418,T-shirt
03885 T-Shirt Lysblå Lady K/Æ P/B,Alm.slid uden restværdi,1,1745,2,30155C97D461A7C001035217,"PLC, Product detaljeret, Aarhus, Jan. 2023.xlsx",0.034888252148997136,T-shirt
03885 T-Shirt Lysblå Lady K/Æ P/B,Alm.slid uden restværdi,1,1745,2,30155C97D461A7C00103649E,"PLC, Product detaljeret, Aarhus, Jan. 2023.xlsx",0.034888252148997136,T-shirt
03885 T-Shirt Lysblå Lady K/Æ P/B,Alm.slid uden restværdi,1,1745,3,30155C97D461A7C001036549,"PLC, Product detaljeret, Aarhus, Jan. 2023.xlsx",0.05233237822349571,T-shirt
03885 T-Shirt Lysblå Lady K/Æ P/B,Alm.slid uden restværdi,1,1744,102,30155C97D461A7C0007D1380,"PLC, Product detaljeret, Aarhus, Jan. 2023.xlsx",1.7803211009174313,T-shirt
09610 T-Shirt Lady Lysblå Bom,Alm.slid uden restværdi,1,1743,40,30155C97D461A7C0011310BD,"PLC, Product detaljeret, Aarhus, Jan. 2023.xlsx",0.6985656913367757,T-shirt
09610 T-Shirt Lady Lysblå Bom,Alm.slid uden restværdi,1,1743,40,30155C97D461A7C001131126,"PLC, Product detaljeret, Aarhus, Jan. 2023.xlsx",0.6985656913367757,T-shirt
03885 T-Shirt Lysblå Lady K/Æ P/B,Alm.slid uden restværdi,1,1739,26,30155C97D461A7C000E7F65D,"PLC, Product detaljeret, Aarhus, Jan. 2023.xlsx",0.4551121334100058,T-shirt
03885 T-Shirt Lysblå Lady K/Æ P/B,Alm.slid uden restværdi,1,1739,25,30155C97D461A7C000E88668,"PLC, Product detaljeret, Aarhus, Jan. 2023.xlsx",0.437607820586544,T-shirt
03885 T-Shirt Lysblå Lady K/Æ P/B,Alm.slid uden restværdi,1,1739,22,30155C97D461A7C000E900DB,"PLC, Product detaljeret, Aarhus, Jan. 2023.xlsx",0.3850948821161587,T-shirt
03885 T-Shirt Lysblå Lady K/Æ P/B,Alm.slid uden restværdi,1,1739,25,30155C97D461A7C000E90765,"PLC, Product detaljeret, Aarhus, Jan. 2023.xlsx",0.437607820586544,T-shirt
03885 T-Shirt Lysblå Lady K/Æ P/B,Alm.slid uden restværdi,1,1736,57,30155C97D461A7C000E88556,"PLC, Product detaljeret, Aarhus, Jan. 2023.xlsx",0.9994700460829492,T-shirt
03885 T-Shirt Lysblå Lady K/Æ P/B,Alm.slid uden restværdi,1,1736,13,30155C97D461A7C000E8F7D7,"PLC, Product detaljeret, Aarhus, Jan. 2023.xlsx",0.22794930875576036,T-shirt
03885 T-Shirt Lysblå Lady K/Æ P/B,Alm.slid uden restværdi,1,1725,10,30155C97D461A7C000E8F6FF,"PLC, Product detaljeret, Aarhus, Jan. 2023.xlsx",0.17646376811594203,T-shirt
03885 T-Shirt Lysblå Lady K/Æ P/B,Alm.slid uden restværdi,1,1725,7,30155C97D461A7C000E8FC84,"PLC, Product detaljeret, Aarhus, Jan. 2023.xlsx",0.12352463768115943,T-shirt
03885 T-Shirt Lysblå Lady K/Æ P/B,Alm.slid uden restværdi,1,1708,29,30155C97D461A7C000E885FB,"PLC, Product detaljeret, Aarhus, Jan. 2023.xlsx",0.5168384074941452,T-shirt
03885 T-Shirt Lysblå Lady K/Æ P/B,Alm.slid uden restværdi,1,1707,47,30155C97D461A7C0008F7DED,"PLC, Product detaljeret, Aarhus, Jan. 2023.xlsx",0.8381253661394259,T-shirt
03885 T-Shirt Lysblå Lady K/Æ P/B,Alm.slid uden restværdi,1,1705,55,30155C97D461A7C000E87536,"PLC, Product detaljeret, Aarhus, Jan. 2023.xlsx",0.9819354838709677,T-shirt
03885 T-Shirt Lysblå Lady K/Æ P/B,Alm.slid uden restværdi,1,1701,37,30155C97D461A7C000E022A7,"PLC, Product detaljeret, Aarhus, Jan. 2023.xlsx",0.6621281599059378,T-shirt
01589 T-shirt unisex mblå k/æ,Alm.slid uden restværdi,1,1699,65,30155C97D461A7C001170C52,"PLC, Product detaljeret, Aarhus, Jan. 2023.xlsx",1.1645673925838729,T-shirt
01589 T-shirt unisex mblå k/æ,Alm.slid uden restværdi,1,1699,60,30155C97D461A7C001170D82,"PLC, Product detaljeret, Aarhus, Jan. 2023.xlsx",1.0749852854620365,T-shirt
01589 T-shirt unisex mblå k/æ,Alm.slid uden restværdi,1,1697,61,30155C97D461A7C001170CC8,"PLC, Product detaljeret, Aarhus, Jan. 2023.xlsx",1.0941897466116677,T-shirt
01589 T-shirt unisex mblå k/æ,Alm.slid uden restværdi,1,1697,68,30155C97D461A7C001170CD1,"PLC, Product detaljeret, Aarhus, Jan. 2023.xlsx",1.219752504419564,T-shirt
03885 T-Shirt Lysblå Lady K/Æ P/B,Alm.slid uden restværdi,1,1689,11,30155C97D461A7C000DF1FFF,"PLC, Product detaljeret, Aarhus, Jan. 2023.xlsx",0.19824748371817644,T-shirt
01589 T-shirt unisex mblå k/æ,Alm.slid uden restværdi,1,1679,74,30155C97D461A7C000E7FAD4,"PLC, Product detaljeret, Aarhus, Jan. 2023.xlsx",1.3416081000595592,T-shirt
09610 T-Shirt Lady Lysblå Bom,Alm.slid uden restværdi,1,1669,23,00D00837A2E8,"PLC, Product detaljeret, Aarhus, Jan. 2023.xlsx",0.419484721390054,T-shirt
01589 T-shirt unisex mblå k/æ,Alm.slid uden restværdi,1,1663,111,30155C97D461A7C00136EED1,"PLC, Product detaljeret, Aarhus, Jan. 2023.xlsx",2.0317739025856887,T-shirt
03885 T-Shirt Lysblå Lady K/Æ P/B,Alm.slid uden restværdi,1,1658,53,30155C97D461A7C00103B25D,"PLC, Product detaljeret, Aarhus, Jan. 2023.xlsx",0.9730518697225573,T-shirt
03885 T-Shirt Lysblå Lady K/Æ P/B,Alm.slid uden restværdi,1,1655,8,30155C97D461A7C000E90048,"PLC, Product detaljeret, Aarhus, Jan. 2023.xlsx",0.14714199395770394,T-shirt
01589 T-shirt unisex mblå k/æ,Alm.slid uden restværdi,1,1650,134,30155C97D461A7C00136EEBD,"PLC, Product detaljeret, Aarhus, Jan. 2023.xlsx",2.4720969696969695,T-shirt
01589 T-shirt unisex mblå k/æ,Alm.slid uden restværdi,1,1650,126,30155C97D461A7C00136EFBA,"PLC, Product detaljeret, Aarhus, Jan. 2023.xlsx",2.3245090909090913,T-shirt
01589 T-shirt unisex mblå k/æ,Alm.slid uden restværdi,1,1650,115,30155C97D461A7C001530BB1,"PLC, Product detaljeret, Aarhus, Jan. 2023.xlsx",2.1215757575757577,T-shirt
01589 T-shirt unisex mblå k/æ,Alm.slid uden restværdi,1,1646,24,30155C97D461A7C00122AE07,"PLC, Product detaljeret, Aarhus, Jan. 2023.xlsx",0.4438396111786148,T-shirt
03885 T-Shirt Lysblå Lady K/Æ P/B,Alm.slid uden restværdi,1,1646,37,30155C97D461A7C000E900C9,"PLC, Product detaljeret, Aarhus, Jan. 2023.xlsx",0.6842527339003646,T-shirt
01589 T-shirt unisex mblå k/æ,Alm.slid uden restværdi,1,1642,115,30155C97D461A7C00136EF4E,"PLC, Product detaljeret, Aarhus, Jan. 2023.xlsx",2.1319123020706456,T-shirt
01589 T-shirt unisex mblå k/æ,Alm.slid uden restværdi,1,1642,110,30155C97D461A7C00136F008,"PLC, Product detaljeret, Aarhus, Jan. 2023.xlsx",2.039220462850183,T-shirt
03885 T-Shirt Lysblå Lady K/Æ P/B,Alm.slid uden restværdi,1,1637,73,30155C97D461A7C0013315BB,"PLC, Product detaljeret, Aarhus, Jan. 2023.xlsx",1.3574343310934636,T-shirt
01589 T-shirt unisex mblå k/æ,Alm.slid uden restværdi,1,1630,51,30155C97D461A7C0015E982A,"PLC, Product detaljeret, Aarhus, Jan. 2023.xlsx",0.9524171779141105,T-shirt
09610 T-Shirt Lady Lysblå Bom,Alm.slid uden restværdi,1,1607,57,30155C97D461A7C00156C348,"PLC, Product detaljeret, Aarhus, Jan. 2023.xlsx",1.0797013067828252,T-shirt
03885 T-Shirt Lysblå Lady K/Æ P/B,Alm.slid uden restværdi,1,1599,44,00D009701E56,"PLC, Product detaljeret, Aarhus, Jan. 2023.xlsx",0.8376235146966855,T-shirt
01717 T-shirt unisex kblå pb,Alm.slid uden restværdi,1,1575,26,30155C97D461A7C00166E858,"PLC, Product detaljeret, Aarhus, Jan. 2023.xlsx",0.5025015873015873,T-shirt
01589 T-shirt unisex mblå k/æ,Alm.slid uden restværdi,1,1554,73,30155C97D461A7C00156A526,"PLC, Product detaljeret, Aarhus, Jan. 2023.xlsx",1.42993564993565,T-shirt
01589 T-shirt unisex mblå k/æ,Alm.slid uden restværdi,1,1554,61,30155C97D461A7C00156A573,"PLC, Product detaljeret, Aarhus, Jan. 2023.xlsx",1.194877734877735,T-shirt
01589 T-shirt unisex mblå k/æ,Alm.slid uden restværdi,1,1554,73,30155C97D461A7C00156A678,"PLC, Product detaljeret, Aarhus, Jan. 2023.xlsx",1.42993564993565,T-shirt
03885 T-Shirt Lysblå Lady K/Æ P/B,Alm.slid uden restværdi,1,1517,60,30155C97D461A7C000E0DE4D,"PLC, Product detaljeret, Aarhus, Jan. 2023.xlsx",1.2039551746868822,T-shirt
01427 T-shirt unisex lyseblå pb,Alm.slid uden restværdi,1,1503,34,30155C97D461A7C00117495C,"PLC, Product detaljeret, Aarhus, Jan. 2023.xlsx",0.6885961410512309,T-shirt
01589 T-shirt unisex mblå k/æ,Alm.slid uden restværdi,1,1500,94,30155C97D461A7C0013FF1F2,"PLC, Product detaljeret, Aarhus, Jan. 2023.xlsx",1.9075733333333333,T-shirt
01589 T-shirt unisex mblå k/æ,Alm.slid uden restværdi,1,1498,37,30155C97D461A7C001572443,"PLC, Product detaljeret, Aarhus, Jan. 2023.xlsx",0.7518558077436582,T-shirt
03885 T-Shirt Lysblå Lady K/Æ P/B,Alm.slid uden restværdi,1,1486,50,00D00911CDE1,"PLC, Product detaljeret, Aarhus, Jan. 2023.xlsx",1.0242261103633918,T-shirt
01589 T-shirt unisex mblå k/æ,Alm.slid uden restværdi,1,1484,89,30155C97D461A7C001572538,"PLC, Product detaljeret, Aarhus, Jan. 2023.xlsx",1.8255795148247977,T-shirt
03885 T-Shirt Lysblå Lady K/Æ P/B,Alm.slid uden restværdi,1,1475,44,30155C97D461A7C0013316BF,"PLC, Product detaljeret, Aarhus, Jan. 2023.xlsx",0.9080406779661018,T-shirt
03885 T-Shirt Lysblå Lady K/Æ P/B,Alm.slid uden restværdi,1,1446,20,30155C97D461A7C000CBDBA9,"PLC, Product detaljeret, Aarhus, Jan. 2023.xlsx",0.4210235131396957,T-shirt
01589 T-shirt unisex mblå k/æ,Alm.slid uden restværdi,1,1442,112,30155C97D461A7C0016DDD57,"PLC, Product detaljeret, Aarhus, Jan. 2023.xlsx",2.3642718446601942,T-shirt
01717 T-shirt unisex kblå pb,Alm.slid uden restværdi,1,1436,19,30155C97D461A7C00166CBD5,"PLC, Product detaljeret, Aarhus, Jan. 2023.xlsx",0.40275766016713094,T-shirt
01589 T-shirt unisex mblå k/æ,Alm.slid uden restværdi,1,1435,64,30155C97D461A7C001CBF2FF,"PLC, Product detaljeret, Aarhus, Jan. 2023.xlsx",1.357602787456446,T-shirt
01589 T-shirt unisex mblå k/æ,Alm.slid uden restværdi,1,1435,54,30155C97D461A7C001CBF38B,"PLC, Product detaljeret, Aarhus, Jan. 2023.xlsx",1.1454773519163763,T-shirt
01589 T-shirt unisex mblå k/æ,Alm.slid uden restværdi,1,1435,62,30155C97D461A7C001CBF3D5,"PLC, Product detaljeret, Aarhus, Jan. 2023.xlsx",1.3151777003484322,T-shirt
01589 T-shirt unisex mblå k/æ,Alm.slid uden restværdi,1,1435,55,30155C97D461A7C001CBF407,"PLC, Product detaljeret, Aarhus, Jan. 2023.xlsx",1.1666898954703833,T-shirt
01589 T-shirt unisex mblå k/æ,Alm.slid uden restværdi,1,1435,64,30155C97D461A7C001CBF408,"PLC, Product detaljeret, Aarhus, Jan. 2023.xlsx",1.357602787456446,T-shirt
01589 T-shirt unisex mblå k/æ,Alm.slid uden restværdi,1,1435,69,30155C97D461A7C001CBF410,"PLC, Product detaljeret, Aarhus, Jan. 2023.xlsx",1.4636655052264809,T-shirt
01589 T-shirt unisex mblå k/æ,Alm.slid uden restværdi,1,1435,44,30155C97D461A7C001CBF452,"PLC, Product detaljeret, Aarhus, Jan. 2023.xlsx",0.9333519163763067,T-shirt
01589 T-shirt unisex mblå k/æ,Alm.slid uden restværdi,1,1435,62,30155C97D461A7C001CBF45E,"PLC, Product detaljeret, Aarhus, Jan. 2023.xlsx",1.3151777003484322,T-shirt
01589 T-shirt unisex mblå k/æ,Alm.slid uden restværdi,1,1435,67,30155C97D461A7C001CBF49B,"PLC, Product detaljeret, Aarhus, Jan. 2023.xlsx",1.421240418118467,T-shirt
01589 T-shirt unisex mblå k/æ,Alm.slid uden restværdi,1,1435,58,30155C97D461A7C001CBF4B6,"PLC, Product detaljeret, Aarhus, Jan. 2023.xlsx",1.2303275261324043,T-shirt
01717 T-shirt unisex kblå pb,Alm.slid uden restværdi,1,1423,31,30155C97D461A7C001CB8F2E,"PLC, Product detaljeret, Aarhus, Jan. 2023.xlsx",0.663134223471539,T-shirt
01589 T-shirt unisex mblå k/æ,Alm.slid uden restværdi,1,1410,32,30155C97D461A7C001CC3585,"PLC, Product detaljeret, Aarhus, Jan. 2023.xlsx",0.6908368794326242,T-shirt
01427 T-shirt unisex lyseblå pb,Alm.slid uden restværdi,1,1389,31,30155C97D461A7C0016E22B5,"PLC, Product detaljeret, Aarhus, Jan. 2023.xlsx",0.6793664506839453,T-shirt
08398 T-shirt unisex mblå k/æ bom,Alm.slid uden restværdi,1,1377,26,30155C97D461A7C001CB6FE1,"PLC, Product detaljeret, Aarhus, Jan. 2023.xlsx",0.5747567175018156,T-shirt
08398 T-shirt unisex mblå k/æ bom,Alm.slid uden restværdi,1,1377,18,30155C97D461A7C001CB7001,"PLC, Product detaljeret, Aarhus, Jan. 2023.xlsx",0.39790849673202616,T-shirt
08398 T-shirt unisex mblå k/æ bom,Alm.slid uden restværdi,1,1377,20,30155C97D461A7C001CB7021,"PLC, Product detaljeret, Aarhus, Jan. 2023.xlsx",0.4421205519244735,T-shirt
01589 T-shirt unisex mblå k/æ,Alm.slid uden restværdi,1,1371,7,30155C97D461A7C0013FDCC4,"PLC, Product detaljeret, Aarhus, Jan. 2023.xlsx",0.15541940189642597,T-shirt
01589 T-shirt unisex mblå k/æ,Alm.slid uden restværdi,1,1314,97,30155C97D461A7C002040049,"PLC, Product detaljeret, Aarhus, Jan. 2023.xlsx",2.2470928462709283,T-shirt
01589 T-shirt unisex mblå k/æ,Alm.slid uden restværdi,1,1314,102,30155C97D461A7C00204010D,"PLC, Product detaljeret, Aarhus, Jan. 2023.xlsx",2.362922374429224,T-shirt
01589 T-shirt unisex mblå k/æ,Alm.slid uden restværdi,1,1309,103,30155C97D461A7C00204005F,"PLC, Product detaljeret, Aarhus, Jan. 2023.xlsx",2.3952024446142093,T-shirt
01589 T-shirt unisex mblå k/æ,Alm.slid uden restværdi,1,1309,114,30155C97D461A7C002040062,"PLC, Product detaljeret, Aarhus, Jan. 2023.xlsx",2.6510007639419406,T-shirt
01589 T-shirt unisex mblå k/æ,Alm.slid uden restværdi,1,1237,38,30155C97D461A7C00218E055,"PLC, Product detaljeret, Aarhus, Jan. 2023.xlsx",0.9351010509296686,T-shirt
01589 T-shirt unisex mblå k/æ,Alm.slid uden restværdi,1,1236,35,30155C97D461A7C00218DF14,"PLC, Product detaljeret, Aarhus, Jan. 2023.xlsx",0.8619741100323625,T-shirt
09610 T-Shirt Lady Lysblå Bom,Alm.slid uden restværdi,1,1212,18,30155C97D461A7C00156A4F3,"PLC, Product detaljeret, Aarhus, Jan. 2023.xlsx",0.4520792079207921,T-shirt
01589 T-shirt unisex mblå k/æ,Alm.slid uden restværdi,1,1169,13,30155C97D461A7C001F6AF67,"PLC, Product detaljeret, Aarhus, Jan. 2023.xlsx",0.3385115483319076,T-shirt
09610 T-Shirt Lady Lysblå Bom,Alm.slid uden restværdi,1,1154,28,30155C97D461A7C002290C01,"PLC, Product detaljeret, Aarhus, Jan. 2023.xlsx",0.7385788561525131,T-shirt
26056 T-shirt k/æ dame lyseblå,Alm.slid uden restværdi,1,1151,95,30155C97D461A7C0005C4611,"PLC, Product detaljeret, Aarhus, Jan. 2023.xlsx",2.5124239791485663,T-shirt
01717 T-shirt unisex kblå pb,Alm.slid uden restværdi,1,1144,1,30155C97D461A7C00266FD03,"PLC, Product detaljeret, Aarhus, Jan. 2023.xlsx",0.02660839160839161,T-shirt
26056 T-shirt k/æ dame lyseblå,Alm.slid uden restværdi,1,1139,92,30155C97D461A7C0005C4633,"PLC, Product detaljeret, Aarhus, Jan. 2023.xlsx",2.458718173836699,T-shirt
26056 T-shirt k/æ dame lyseblå,Alm.slid uden restværdi,1,1139,99,30155C97D461A7C0005C4661,"PLC, Product detaljeret, Aarhus, Jan. 2023.xlsx",2.645794556628622,T-shirt
26056 T-shirt k/æ dame lyseblå,Alm.slid uden restværdi,1,1139,88,30155C97D461A7C0005C466A,"PLC, Product detaljeret, Aarhus, Jan. 2023.xlsx",2.351817383669886,T-shirt
26056 T-shirt k/æ dame lyseblå,Alm.slid uden restværdi,1,1139,80,30155C97D461A7C0005C46C0,"PLC, Product detaljeret, Aarhus, Jan. 2023.xlsx",2.13801580333626,T-shirt
26056 T-shirt k/æ dame lyseblå,Alm.slid uden restværdi,1,1132,88,30155C97D461A7C0005C45BE,"PLC, Product detaljeret, Aarhus, Jan. 2023.xlsx",2.3663604240282687,T-shirt
26056 T-shirt k/æ dame lyseblå,Alm.slid uden restværdi,1,1128,68,30155C97D461A7C001EF7108,"PLC, Product detaljeret, Aarhus, Jan. 2023.xlsx",1.8350354609929078,T-shirt
26056 T-shirt k/æ dame lyseblå,Alm.slid uden restværdi,1,1128,61,30155C97D461A7C001EF710E,"PLC, Product detaljeret, Aarhus, Jan. 2023.xlsx",1.6461347517730498,T-shirt
01589 T-shirt unisex mblå k/æ,Alm.slid uden restværdi,1,1121,104,00D00AE2EED7,"PLC, Product detaljeret, Aarhus, Jan. 2023.xlsx",2.824049955396967,T-shirt
01589 T-shirt unisex mblå k/æ,Alm.slid uden restværdi,1,1121,116,00D00AE2F055,"PLC, Product detaljeret, Aarhus, Jan. 2023.xlsx",3.1499018733273862,T-shirt
26056 T-shirt k/æ dame lyseblå,Alm.slid uden restværdi,1,1115,56,30155C97D461A7C0006A9C45,"PLC, Product detaljeret, Aarhus, Jan. 2023.xlsx",1.5288251121076233,T-shirt
03885 T-Shirt Lysblå Lady K/Æ P/B,Alm.slid uden restværdi,1,1113,6,30155C97D461A7C001C84F82,"PLC, Product detaljeret, Aarhus, Jan. 2023.xlsx",0.16409703504043127,T-shirt
26056 T-shirt k/æ dame lyseblå,Alm.slid uden restværdi,1,1091,54,30155C97D461A7C0008A64AC,"PLC, Product detaljeret, Aarhus, Jan. 2023.xlsx",1.5066544454628783,T-shirt
26056 T-shirt k/æ dame lyseblå,Alm.slid uden restværdi,1,1090,54,30155C97D461A7C0008A649A,"PLC, Product detaljeret, Aarhus, Jan. 2023.xlsx",1.5080366972477066,T-shirt
26056 T-shirt k/æ dame lyseblå,Alm.slid uden restværdi,1,1085,55,30155C97D461A7C0006A9D0B,"PLC, Product detaljeret, Aarhus, Jan. 2023.xlsx",1.5430414746543781,T-shirt
24762 T-shirt da k/æ blåmela Pro,Alm.slid uden restværdi,1,1077,99,30155C97D461A7C001F400E2,"PLC, Product detaljeret, Aarhus, Jan. 2023.xlsx",2.7981058495821727,T-shirt
01589 T-shirt unisex mblå k/æ,Alm.slid uden restværdi,1,1069,38,30155C97D461A7C001F6E148,"PLC, Product detaljeret, Aarhus, Jan. 2023.xlsx",1.0820579981290925,T-shirt
26056 T-shirt k/æ dame lyseblå,Alm.slid uden restværdi,1,1062,64,30155C97D461A7C0006A9D0E,"PLC, Product detaljeret, Aarhus, Jan. 2023.xlsx",1.8344256120527307,T-shirt
01589 T-shirt unisex mblå k/æ,Alm.slid uden restværdi,1,1053,40,30155C97D461A7C0022903D8,"PLC, Product detaljeret, Aarhus, Jan. 2023.xlsx",1.156315289648623,T-shirt
24762 T-shirt da k/æ blåmela Pro,Alm.slid uden restværdi,1,1051,40,30155C97D461A7C0022A071C,"PLC, Product detaljeret, Aarhus, Jan. 2023.xlsx",1.1585156993339676,T-shirt
12151 T-shirt 1/2 æ lady lblå PB,Alm.slid uden restværdi,1,1030,2,30155C97D461A7C001F687E8,"PLC, Product detaljeret, Aarhus, Jan. 2023.xlsx",0.05910679611650486,T-shirt
24762 T-shirt da k/æ blåmela Pro,Alm.slid uden restværdi,1,1025,12,30155C97D461A7C00228739C,"PLC, Product detaljeret, Aarhus, Jan. 2023.xlsx",0.3563707317073171,T-shirt
24597 T-shirt You unisex Kornblå,Alm.slid uden restværdi,1,1007,33,30155C97D461A7C00231755F,"PLC, Product detaljeret, Aarhus, Jan. 2023.xlsx",0.9975372393247268,T-shirt
24762 T-shirt da k/æ blåmela Pro,Alm.slid uden restværdi,1,1007,40,30155C97D461A7C0022A1A20,"PLC, Product detaljeret, Aarhus, Jan. 2023.xlsx",1.2091360476663358,T-shirt
24593 T-shirt You dame Kornblå,Alm.slid uden restværdi,1,1001,39,30155C97D461A7C002317430,"PLC, Product detaljeret, Aarhus, Jan. 2023.xlsx",1.185974025974026,T-shirt
24593 T-shirt You dame Kornblå,Alm.slid uden restværdi,1,995,55,30155C97D461A7C002679D87,"PLC, Product detaljeret, Aarhus, Jan. 2023.xlsx",1.6826130653266334,T-shirt
24593 T-shirt You dame Kornblå,Alm.slid uden restværdi,1,995,42,30155C97D461A7C002679D88,"PLC, Product detaljeret, Aarhus, Jan. 2023.xlsx",1.2849045226130653,T-shirt
24593 T-shirt You dame Kornblå,Alm.slid uden restværdi,1,995,51,30155C97D461A7C002679DA5,"PLC, Product detaljeret, Aarhus, Jan. 2023.xlsx",1.560241206030151,T-shirt
24593 T-shirt You dame Kornblå,Alm.slid uden restværdi,1,995,33,30155C97D461A7C002679DBF,"PLC, Product detaljeret, Aarhus, Jan. 2023.xlsx",1.00956783919598,T-shirt
24593 T-shirt You dame Kornblå,Alm.slid uden restværdi,1,995,46,30155C97D461A7C002679DFF,"PLC, Product detaljeret, Aarhus, Jan. 2023.xlsx",1.4072763819095477,T-shirt
24593 T-shirt You dame Kornblå,Alm.slid uden restværdi,1,995,31,30155C97D461A7C002679E36,"PLC, Product detaljeret, Aarhus, Jan. 2023.xlsx",0.9483819095477387,T-shirt
24593 T-shirt You dame Kornblå,Alm.slid uden restværdi,1,995,48,30155C97D461A7C002679E4E,"PLC, Product detaljeret, Aarhus, Jan. 2023.xlsx",1.4684623115577888,T-shirt
24593 T-shirt You dame Kornblå,Alm.slid uden restværdi,1,994,44,30155C97D461A7C0023175A1,"PLC, Product detaljeret, Aarhus, Jan. 2023.xlsx",1.3474446680080483,T-shirt
24762 T-shirt da k/æ blåmela Pro,Alm.slid uden restværdi,1,981,53,30155C97D461A7C002302FC6,"PLC, Product detaljeret, Aarhus, Jan. 2023.xlsx",1.644566768603466,T-shirt
13658 T-shirt dame lyseblå Prowear,Alm.slid uden restværdi,1,956,17,30155C97D461A7C0023C2311,"PLC, Product detaljeret, Aarhus, Jan. 2023.xlsx",0.5412970711297072,T-shirt
01589 T-shirt unisex mblå k/æ,Alm.slid uden restværdi,1,931,37,30155C97D461A7C00268D08F,"PLC, Product detaljeret, Aarhus, Jan. 2023.xlsx",1.2097529538131042,T-shirt
09610 T-Shirt Lady Lysblå Bom,Alm.slid uden restværdi,1,930,9,30155C97D461A7C002443647,"PLC, Product detaljeret, Aarhus, Jan. 2023.xlsx",0.29458064516129034,T-shirt
01589 T-shirt unisex mblå k/æ,Alm.slid uden restværdi,1,929,49,30155C97D461A7C00295263F,"PLC, Product detaljeret, Aarhus, Jan. 2023.xlsx",1.6055543595263726,T-shirt
09610 T-Shirt Lady Lysblå Bom,Alm.slid uden restværdi,1,921,13,30155C97D461A7C00244361F,"PLC, Product detaljeret, Aarhus, Jan. 2023.xlsx",0.42966340933767644,T-shirt
01589 T-shirt unisex mblå k/æ,Alm.slid uden restværdi,1,920,79,30155C97D461A7C0023C57EE,"PLC, Product detaljeret, Aarhus, Jan. 2023.xlsx",2.6138695652173913,T-shirt
26055 T-shirt 1/2 ærme da lyseblå,Alm.slid uden restværdi,1,902,27,30155C97D461A7C00219DCE7,"PLC, Product detaljeret, Aarhus, Jan. 2023.xlsx",0.9111751662971176,T-shirt
26055 T-shirt 1/2 ærme da lyseblå,Alm.slid uden restværdi,1,902,15,30155C97D461A7C00219DD74,"PLC, Product detaljeret, Aarhus, Jan. 2023.xlsx",0.5062084257206209,T-shirt
26055 T-shirt 1/2 ærme da lyseblå,Alm.slid uden restværdi,1,902,25,30155C97D461A7C00219DDB8,"PLC, Product detaljeret, Aarhus, Jan. 2023.xlsx",0.8436807095343681,T-shirt
26055 T-shirt 1/2 ærme da lyseblå,Alm.slid uden restværdi,1,902,33,30155C97D461A7C00219DEB2,"PLC, Product detaljeret, Aarhus, Jan. 2023.xlsx",1.1136585365853657,T-shirt
25055 T-shirt uni k/æ blåmelan Pro,Alm.slid uden restværdi,1,885,73,30155C97D461A7C00229AD45,"PLC, Product detaljeret, Aarhus, Jan. 2023.xlsx",2.510870056497175,T-shirt
01589 T-shirt unisex mblå k/æ,Alm.slid uden restværdi,1,882,40,30155C97D461A7C00268EF8F,"PLC, Product detaljeret, Aarhus, Jan. 2023.xlsx",1.3804988662131519,T-shirt
01717 T-shirt unisex kblå pb,Alm.slid uden restværdi,1,846,7,30155C97D461A7C002913C9D,"PLC, Product detaljeret, Aarhus, Jan. 2023.xlsx",0.2518676122931442,T-shirt
13658 T-shirt dame lyseblå Prowear,Alm.slid uden restværdi,1,845,22,30155C97D461A6C0000E77FC,"PLC, Product detaljeret, Aarhus, Jan. 2023.xlsx",0.7925207100591716,T-shirt
13658 T-shirt dame lyseblå Prowear,Alm.slid uden restværdi,1,845,35,30155C97D461A6C0000E780C,"PLC, Product detaljeret, Aarhus, Jan. 2023.xlsx",1.260828402366864,T-shirt
13658 T-shirt dame lyseblå Prowear,Alm.slid uden restværdi,1,845,31,30155C97D461A6C0000E78C7,"PLC, Product detaljeret, Aarhus, Jan. 2023.xlsx",1.1167337278106508,T-shirt
09610 T-Shirt Lady Lysblå Bom,Alm.slid uden restværdi,1,839,7,30155C97D461A7C002443641,"PLC, Product detaljeret, Aarhus, Jan. 2023.xlsx",0.253969010727056,T-shirt
09610 T-Shirt Lady Lysblå Bom,Alm.slid uden restværdi,1,839,6,30155C97D461A7C002443776,"PLC, Product detaljeret, Aarhus, Jan. 2023.xlsx",0.21768772348033372,T-shirt
01717 T-shirt unisex kblå pb,Alm.slid uden restværdi,1,834,30,30155C97D461A6C0000E9711,"PLC, Product detaljeret, Aarhus, Jan. 2023.xlsx",1.0949640287769784,T-shirt
01589 T-shirt unisex mblå k/æ,Alm.slid uden restværdi,1,832,38,30155C97D461A6C0000E7967,"PLC, Product detaljeret, Aarhus, Jan. 2023.xlsx",1.3902884615384614,T-shirt
01589 T-shirt unisex mblå k/æ,Alm.slid uden restværdi,1,832,33,30155C97D461A6C0000E7AF9,"PLC, Product detaljeret, Aarhus, Jan. 2023.xlsx",1.2073557692307693,T-shirt
01589 T-shirt unisex mblå k/æ,Alm.slid uden restværdi,1,828,38,30155C97D461A6C0000E7F83,"PLC, Product detaljeret, Aarhus, Jan. 2023.xlsx",1.3970048309178746,T-shirt
01589 T-shirt unisex mblå k/æ,Alm.slid uden restværdi,1,828,38,30155C97D461A6C0000E8038,"PLC, Product detaljeret, Aarhus, Jan. 2023.xlsx",1.3970048309178746,T-shirt
01589 T-shirt unisex mblå k/æ,Alm.slid uden restværdi,1,828,41,30155C97D461A6C0000E80EF,"PLC, Product detaljeret, Aarhus, Jan. 2023.xlsx",1.5072946859903382,T-shirt
01717 T-shirt unisex kblå pb,Alm.slid uden restværdi,1,824,11,30155C97D461A6C0000E9896,"PLC, Product detaljeret, Aarhus, Jan. 2023.xlsx",0.40635922330097085,T-shirt
26665 T-shirt dame 1/2 ærme lblå,Alm.slid uden restværdi,1,821,20,30155C97D461A7C0027CF249,"PLC, Product detaljeret, Aarhus, Jan. 2023.xlsx",0.7415347137637028,T-shirt
03885 T-Shirt Lysblå Lady K/Æ P/B,Alm.slid uden restværdi,1,817,9,30155C97D461A7C001C84EE8,"PLC, Product detaljeret, Aarhus, Jan. 2023.xlsx",0.33532435740514077,T-shirt
03885 T-Shirt Lysblå Lady K/Æ P/B,Alm.slid uden restværdi,1,817,8,30155C97D461A7C001C84F89,"PLC, Product detaljeret, Aarhus, Jan. 2023.xlsx",0.2980660954712362,T-shirt
03885 T-Shirt Lysblå Lady K/Æ P/B,Alm.slid uden restværdi,1,817,8,30155C97D461A7C001C84FDD,"PLC, Product detaljeret, Aarhus, Jan. 2023.xlsx",0.2980660954712362,T-shirt
03885 T-Shirt Lysblå Lady K/Æ P/B,Alm.slid uden restværdi,1,817,8,30155C97D461A7C001C85805,"PLC, Product detaljeret, Aarhus, Jan. 2023.xlsx",0.2980660954712362,T-shirt
03885 T-Shirt Lysblå Lady K/Æ P/B,Alm.slid uden restværdi,1,817,6,30155C97D461A7C001C8598F,"PLC, Product detaljeret, Aarhus, Jan. 2023.xlsx",0.2235495716034272,T-shirt
01589 T-shirt unisex mblå k/æ,Alm.slid uden restværdi,1,812,45,30155C97D461A6C0000E7952,"PLC, Product detaljeret, Aarhus, Jan. 2023.xlsx",1.6869458128078818,T-shirt
01589 T-shirt unisex mblå k/æ,Alm.slid uden restværdi,1,812,49,30155C97D461A6C0000E7A76,"PLC, Product detaljeret, Aarhus, Jan. 2023.xlsx",1.836896551724138,T-shirt
01589 T-shirt unisex mblå k/æ,Alm.slid uden restværdi,1,812,39,30155C97D461A6C0000E7AC6,"PLC, Product detaljeret, Aarhus, Jan. 2023.xlsx",1.4620197044334975,T-shirt
01589 T-shirt unisex mblå k/æ,Alm.slid uden restværdi,1,812,47,30155C97D461A6C0000E7B13,"PLC, Product detaljeret, Aarhus, Jan. 2023.xlsx",1.76192118226601,T-shirt
01589 T-shirt unisex mblå k/æ,Alm.slid uden restværdi,1,812,50,30155C97D461A6C0000EED18,"PLC, Product detaljeret, Aarhus, Jan. 2023.xlsx",1.8743842364532022,T-shirt
13658 T-shirt dame lyseblå Prowear,Alm.slid uden restværdi,1,808,22,30155C97D461A6C00035AE76,"PLC, Product detaljeret, Aarhus, Jan. 2023.xlsx",0.8288118811881189,T-shirt
01589 T-shirt unisex mblå k/æ,Alm.slid uden restværdi,1,804,43,30155C97D461A6C0000F2DAC,"PLC, Product detaljeret, Aarhus, Jan. 2023.xlsx",1.6280099502487562,T-shirt
01589 T-shirt unisex mblå k/æ,Alm.slid uden restværdi,1,804,43,30155C97D461A6C0000F2E36,"PLC, Product detaljeret, Aarhus, Jan. 2023.xlsx",1.6280099502487562,T-shirt
13658 T-shirt dame lyseblå Prowear,Alm.slid uden restværdi,1,804,28,30155C97D461A6C00035AE66,"PLC, Product detaljeret, Aarhus, Jan. 2023.xlsx",1.0600995024875624,T-shirt
01589 T-shirt unisex mblå k/æ,Alm.slid uden restværdi,1,801,46,30155C97D461A6C0000E7A9E,"PLC, Product detaljeret, Aarhus, Jan. 2023.xlsx",1.7481148564294633,T-shirt
13658 T-shirt dame lyseblå Prowear,Alm.slid uden restværdi,1,791,34,30155C97D461A6C00012C8D4,"PLC, Product detaljeret, Aarhus, Jan. 2023.xlsx",1.3084197218710494,T-shirt
13658 T-shirt dame lyseblå Prowear,Alm.slid uden restværdi,1,791,32,30155C97D461A6C00012CA06,"PLC, Product detaljeret, Aarhus, Jan. 2023.xlsx",1.2314538558786348,T-shirt
13658 T-shirt dame lyseblå Prowear,Alm.slid uden restværdi,1,764,56,30155C97D461A6C000170AAF,"PLC, Product detaljeret, Aarhus, Jan. 2023.xlsx",2.231204188481675,T-shirt
13658 T-shirt dame lyseblå Prowear,Alm.slid uden restværdi,1,759,40,30155C97D461A6C000173989,"PLC, Product detaljeret, Aarhus, Jan. 2023.xlsx",1.6042160737812912,T-shirt
24597 T-shirt You unisex Kornblå,Alm.slid uden restværdi,1,755,42,30155C97D461A7C002315D36,"PLC, Product detaljeret, Aarhus, Jan. 2023.xlsx",1.6933509933774835,T-shirt
01589 T-shirt unisex mblå k/æ,Alm.slid uden restværdi,1,749,30,30155C97D461A6C0001736B9,"PLC, Product detaljeret, Aarhus, Jan. 2023.xlsx",1.2192256341789054,T-shirt
01589 T-shirt unisex mblå k/æ,Alm.slid uden restværdi,1,748,30,30155C97D461A6C000142E7D,"PLC, Product detaljeret, Aarhus, Jan. 2023.xlsx",1.2208556149732621,T-shirt
01589 T-shirt unisex mblå k/æ,Alm.slid uden restværdi,1,748,54,30155C97D461A6C000173974,"PLC, Product detaljeret, Aarhus, Jan. 2023.xlsx",2.197540106951872,T-shirt
01589 T-shirt unisex mblå k/æ,Alm.slid uden restværdi,1,746,52,30155C97D461A6C0001739AB,"PLC, Product detaljeret, Aarhus, Jan. 2023.xlsx",2.1218230563002685,T-shirt
01589 T-shirt unisex mblå k/æ,Alm.slid uden restværdi,1,746,44,30155C97D461A6C0001739F8,"PLC, Product detaljeret, Aarhus, Jan. 2023.xlsx",1.7953887399463806,T-shirt
01589 T-shirt unisex mblå k/æ,Alm.slid uden restværdi,1,746,45,30155C97D461A6C0001739FE,"PLC, Product detaljeret, Aarhus, Jan. 2023.xlsx",1.8361930294906166,T-shirt
01427 T-shirt unisex lyseblå pb,Alm.slid uden restværdi,1,745,25,30155C97D461A6C0000F5E84,"PLC, Product detaljeret, Aarhus, Jan. 2023.xlsx",1.0214765100671142,T-shirt
01589 T-shirt unisex mblå k/æ,Alm.slid uden restværdi,1,736,54,00D00934ACC9,"PLC, Product detaljeret, Aarhus, Jan. 2023.xlsx",2.2333695652173917,T-shirt
01589 T-shirt unisex mblå k/æ,Alm.slid uden restværdi,1,736,35,00D00B2A1098,"PLC, Product detaljeret, Aarhus, Jan. 2023.xlsx",1.447554347826087,T-shirt
01589 T-shirt unisex mblå k/æ,Alm.slid uden restværdi,1,734,29,00D0099943A0,"PLC, Product detaljeret, Aarhus, Jan. 2023.xlsx",1.2026702997275205,T-shirt
01717 T-shirt unisex kblå pb,Alm.slid uden restværdi,1,731,11,30155C97D461A6C0001431A0,"PLC, Product detaljeret, Aarhus, Jan. 2023.xlsx",0.4580574555403557,T-shirt
01717 T-shirt unisex kblå pb,Alm.slid uden restværdi,1,730,23,30155C97D461A6C0000E79EE,"PLC, Product detaljeret, Aarhus, Jan. 2023.xlsx",0.9590684931506851,T-shirt
01589 T-shirt unisex mblå k/æ,Alm.slid uden restværdi,1,729,17,30155C97D461A6C0000FE701,"PLC, Product detaljeret, Aarhus, Jan. 2023.xlsx",0.7098491083676269,T-shirt
13658 T-shirt dame lyseblå Prowear,Alm.slid uden restværdi,1,727,58,30155C97D461A6C00017110E,"PLC, Product detaljeret, Aarhus, Jan. 2023.xlsx",2.428500687757909,T-shirt
13658 T-shirt dame lyseblå Prowear,Alm.slid uden restværdi,1,727,56,30155C97D461A6C000171219,"PLC, Product detaljeret, Aarhus, Jan. 2023.xlsx",2.344759284731775,T-shirt
01427 T-shirt unisex lyseblå pb,Alm.slid uden restværdi,1,724,63,30155C97D461A7C0023C9D13,"PLC, Product detaljeret, Aarhus, Jan. 2023.xlsx",2.6487845303867403,T-shirt
01427 T-shirt unisex lyseblå pb,Alm.slid uden restværdi,1,724,74,30155C97D461A7C0023C9EF7,"PLC, Product detaljeret, Aarhus, Jan. 2023.xlsx",3.1112707182320443,T-shirt
13658 T-shirt dame lyseblå Prowear,Alm.slid uden restværdi,1,718,32,30155C97D461A6C0002F2CC6,"PLC, Product detaljeret, Aarhus, Jan. 2023.xlsx",1.356657381615599,T-shirt
13658 T-shirt dame lyseblå Prowear,Alm.slid uden restværdi,1,718,29,30155C97D461A6C000303D50,"PLC, Product detaljeret, Aarhus, Jan. 2023.xlsx",1.2294707520891366,T-shirt
26055 T-shirt 1/2 ærme da lyseblå,Alm.slid uden restværdi,1,714,42,30155C97D461A7C00214D473,"PLC, Product detaljeret, Aarhus, Jan. 2023.xlsx",1.7905882352941176,T-shirt
12151 T-shirt 1/2 æ lady lblå PB,Alm.slid uden restværdi,1,700,3,00D008FF79D0,"PLC, Product detaljeret, Aarhus, Jan. 2023.xlsx",0.13045714285714288,T-shirt
13658 T-shirt dame lyseblå Prowear,Alm.slid uden restværdi,1,689,4,30155C97D461A6C000303CF0,"PLC, Product detaljeret, Aarhus, Jan. 2023.xlsx",0.17671988388969523,T-shirt
01589 T-shirt unisex mblå k/æ,Alm.slid uden restværdi,1,680,32,30155C97D461A6C00020FC01,"PLC, Product detaljeret, Aarhus, Jan. 2023.xlsx",1.4324705882352942,T-shirt
01589 T-shirt unisex mblå k/æ,Alm.slid uden restværdi,1,680,45,30155C97D461A6C00020FC0B,"PLC, Product detaljeret, Aarhus, Jan. 2023.xlsx",2.0144117647058826,T-shirt
01717 T-shirt unisex kblå pb,Alm.slid uden restværdi,1,671,2,30155C97D461A6C00039E56B,"PLC, Product detaljeret, Aarhus, Jan. 2023.xlsx",0.09073025335320417,T-shirt
01717 T-shirt unisex kblå pb,Alm.slid uden restværdi,1,668,2,30155C97D461A6C00039E511,"PLC, Product detaljeret, Aarhus, Jan. 2023.xlsx",0.09113772455089822,T-shirt
01717 T-shirt unisex kblå pb,Alm.slid uden restværdi,1,668,2,30155C97D461A6C00039E524,"PLC, Product detaljeret, Aarhus, Jan. 2023.xlsx",0.09113772455089822,T-shirt
01717 T-shirt unisex kblå pb,Alm.slid uden restværdi,1,668,2,30155C97D461A6C00039E54D,"PLC, Product detaljeret, Aarhus, Jan. 2023.xlsx",0.09113772455089822,T-shirt
13658 T-shirt dame lyseblå Prowear,Alm.slid uden restværdi,1,665,38,30155C97D461A6C00039E510,"PLC, Product detaljeret, Aarhus, Jan. 2023.xlsx",1.7394285714285715,T-shirt
24762 T-shirt da k/æ blåmela Pro,Alm.slid uden restværdi,1,664,27,30155C97D461A6C0000F8EE6,"PLC, Product detaljeret, Aarhus, Jan. 2023.xlsx",1.2377710843373495,T-shirt
01717 T-shirt unisex kblå pb,Alm.slid uden restværdi,1,654,20,30155C97D461A6C0001416D6,"PLC, Product detaljeret, Aarhus, Jan. 2023.xlsx",0.9308868501529052,T-shirt
01717 T-shirt unisex kblå pb,Alm.slid uden restværdi,1,654,13,30155C97D461A6C00014180F,"PLC, Product detaljeret, Aarhus, Jan. 2023.xlsx",0.6050764525993884,T-shirt
01717 T-shirt unisex kblå pb,Alm.slid uden restværdi,1,654,11,30155C97D461A6C00014185F,"PLC, Product detaljeret, Aarhus, Jan. 2023.xlsx",0.5119877675840978,T-shirt
01717 T-shirt unisex kblå pb,Alm.slid uden restværdi,1,654,14,30155C97D461A6C000141864,"PLC, Product detaljeret, Aarhus, Jan. 2023.xlsx",0.6516207951070336,T-shirt
26498 T-shirt L/Æ kongeblå P/B,Alm.slid uden restværdi,1,652,25,30155C97D461A6C0002FD8DA,"PLC, Product detaljeret, Aarhus, Jan. 2023.xlsx",1.1671779141104295,T-shirt
01589 T-shirt unisex mblå k/æ,Alm.slid uden restværdi,1,651,12,30155C97D461A6C000357178,"PLC, Product detaljeret, Aarhus, Jan. 2023.xlsx",0.5611059907834102,T-shirt
26055 T-shirt 1/2 ærme da lyseblå,Alm.slid uden restværdi,1,651,38,30155C97D461A7C00214D2BC,"PLC, Product detaljeret, Aarhus, Jan. 2023.xlsx",1.776835637480799,T-shirt
01589 T-shirt unisex mblå k/æ,Alm.slid uden restværdi,1,648,10,30155C97D461A6C0000E7A56,"PLC, Product detaljeret, Aarhus, Jan. 2023.xlsx",0.4697530864197531,T-shirt
13658 T-shirt dame lyseblå Prowear,Alm.slid uden restværdi,1,642,39,30155C97D461A6C00039E3C5,"PLC, Product detaljeret, Aarhus, Jan. 2023.xlsx",1.8491588785046729,T-shirt
01717 T-shirt unisex kblå pb,Alm.slid uden restværdi,1,641,24,30155C97D461A6C00039E3A8,"PLC, Product detaljeret, Aarhus, Jan. 2023.xlsx",1.1397191887675509,T-shirt
26055 T-shirt 1/2 ærme da lyseblå,Alm.slid uden restværdi,1,638,27,30155C97D461A7C00214D395,"PLC, Product detaljeret, Aarhus, Jan. 2023.xlsx",1.2882131661442007,T-shirt
01717 T-shirt unisex kblå pb,Alm.slid uden restværdi,1,631,19,30155C97D461A6C0002B8860,"PLC, Product detaljeret, Aarhus, Jan. 2023.xlsx",0.9165768621236133,T-shirt
01717 T-shirt unisex kblå pb,Alm.slid uden restværdi,1,631,9,30155C97D461A6C0002B8881,"PLC, Product detaljeret, Aarhus, Jan. 2023.xlsx",0.4341679873217116,T-shirt
01717 T-shirt unisex kblå pb,Alm.slid uden restværdi,1,631,23,30155C97D461A6C0002B8918,"PLC, Product detaljeret, Aarhus, Jan. 2023.xlsx",1.109540412044374,T-shirt
01717 T-shirt unisex kblå pb,Alm.slid uden restværdi,1,631,25,30155C97D461A6C0002B893E,"PLC, Product detaljeret, Aarhus, Jan. 2023.xlsx",1.2060221870047543,T-shirt
26056 T-shirt k/æ dame lyseblå,Alm.slid uden restværdi,1,630,36,30155C97D461A7C0006A9DC7,"PLC, Product detaljeret, Aarhus, Jan. 2023.xlsx",1.7394285714285715,T-shirt
01589 T-shirt unisex mblå k/æ,Alm.slid uden restværdi,1,612,28,30155C97D461A6C000B14B43,"PLC, Product detaljeret, Aarhus, Jan. 2023.xlsx",1.3926797385620915,T-shirt
01589 T-shirt unisex mblå k/æ,Alm.slid uden restværdi,1,612,36,30155C97D461A6C000B14BC7,"PLC, Product detaljeret, Aarhus, Jan. 2023.xlsx",1.7905882352941176,T-shirt
01589 T-shirt unisex mblå k/æ,Alm.slid uden restværdi,1,612,27,30155C97D461A6C000B14BF2,"PLC, Product detaljeret, Aarhus, Jan. 2023.xlsx",1.3429411764705883,T-shirt
01589 T-shirt unisex mblå k/æ,Alm.slid uden restværdi,1,612,39,30155C97D461A6C000B14C31,"PLC, Product detaljeret, Aarhus, Jan. 2023.xlsx",1.9398039215686274,T-shirt
01589 T-shirt unisex mblå k/æ,Alm.slid uden restværdi,1,612,31,30155C97D461A6C000B14C50,"PLC, Product detaljeret, Aarhus, Jan. 2023.xlsx",1.5418954248366015,T-shirt
01589 T-shirt unisex mblå k/æ,Alm.slid uden restværdi,1,612,38,30155C97D461A6C000B14C69,"PLC, Product detaljeret, Aarhus, Jan. 2023.xlsx",1.8900653594771244,T-shirt
01589 T-shirt unisex mblå k/æ,Alm.slid uden restværdi,1,612,38,30155C97D461A6C000B14C7A,"PLC, Product detaljeret, Aarhus, Jan. 2023.xlsx",1.8900653594771244,T-shirt
01589 T-shirt unisex mblå k/æ,Alm.slid uden restværdi,1,612,30,30155C97D461A6C000B14C85,"PLC, Product detaljeret, Aarhus, Jan. 2023.xlsx",1.492156862745098,T-shirt
01589 T-shirt unisex mblå k/æ,Alm.slid uden restværdi,1,612,36,30155C97D461A6C000B14CAE,"PLC, Product detaljeret, Aarhus, Jan. 2023.xlsx",1.7905882352941176,T-shirt
01589 T-shirt unisex mblå k/æ,Alm.slid uden restværdi,1,612,30,30155C97D461A6C000B14CD6,"PLC, Product detaljeret, Aarhus, Jan. 2023.xlsx",1.492156862745098,T-shirt
01589 T-shirt unisex mblå k/æ,Alm.slid uden restværdi,1,612,33,30155C97D461A6C000B14CF6,"PLC, Product detaljeret, Aarhus, Jan. 2023.xlsx",1.641372549019608,T-shirt
13658 T-shirt dame lyseblå Prowear,Alm.slid uden restværdi,1,608,4,30155C97D461A6C00081752F,"PLC, Product detaljeret, Aarhus, Jan. 2023.xlsx",0.20026315789473684,T-shirt
01717 T-shirt unisex kblå pb,Alm.slid uden restværdi,1,591,23,30155C97D461A6C00039D875,"PLC, Product detaljeret, Aarhus, Jan. 2023.xlsx",1.184636209813875,T-shirt
01717 T-shirt unisex kblå pb,Alm.slid uden restværdi,1,591,21,30155C97D461A6C00039D94E,"PLC, Product detaljeret, Aarhus, Jan. 2023.xlsx",1.0816243654822337,T-shirt
01717 T-shirt unisex kblå pb,Alm.slid uden restværdi,1,591,23,30155C97D461A6C00039D960,"PLC, Product detaljeret, Aarhus, Jan. 2023.xlsx",1.184636209813875,T-shirt
01717 T-shirt unisex kblå pb,Alm.slid uden restværdi,1,591,13,30155C97D461A6C00039D99F,"PLC, Product detaljeret, Aarhus, Jan. 2023.xlsx",0.6695769881556685,T-shirt
01427 T-shirt unisex lyseblå pb,Alm.slid uden restværdi,1,587,45,30155C97D461A7C0027CACE5,"PLC, Product detaljeret, Aarhus, Jan. 2023.xlsx",2.3335604770017038,T-shirt
01589 T-shirt unisex mblå k/æ,Alm.slid uden restværdi,1,579,34,30155C97D461A6C000B169A1,"PLC, Product detaljeret, Aarhus, Jan. 2023.xlsx",1.7874956822107082,T-shirt
01589 T-shirt unisex mblå k/æ,Alm.slid uden restværdi,1,579,28,30155C97D461A6C000B16A26,"PLC, Product detaljeret, Aarhus, Jan. 2023.xlsx",1.4720552677029362,T-shirt
01589 T-shirt unisex mblå k/æ,Alm.slid uden restværdi,1,538,10,00D00B29EC26,"PLC, Product detaljeret, Aarhus, Jan. 2023.xlsx",0.5657992565055763,T-shirt
01589 T-shirt unisex mblå k/æ,Alm.slid uden restværdi,1,538,13,00D00B2A15B7,"PLC, Product detaljeret, Aarhus, Jan. 2023.xlsx",0.7355390334572491,T-shirt
01589 T-shirt unisex mblå k/æ,Alm.slid uden restværdi,1,538,7,00D00B2A2335,"PLC, Product detaljeret, Aarhus, Jan. 2023.xlsx",0.39605947955390336,T-shirt
01589 T-shirt unisex mblå k/æ,Alm.slid uden restværdi,1,528,22,30155C97D461A6C000B20C0F,"PLC, Product detaljeret, Aarhus, Jan. 2023.xlsx",1.2683333333333333,T-shirt
01589 T-shirt unisex mblå k/æ,Alm.slid uden restværdi,1,526,26,30155C97D461A6C000B12053,"PLC, Product detaljeret, Aarhus, Jan. 2023.xlsx",1.504638783269962,T-shirt
01589 T-shirt unisex mblå k/æ,Alm.slid uden restværdi,1,526,25,30155C97D461A6C000B121D1,"PLC, Product detaljeret, Aarhus, Jan. 2023.xlsx",1.446768060836502,T-shirt
01589 T-shirt unisex mblå k/æ,Alm.slid uden restværdi,1,523,16,30155C97D461A6C000B85D3C,"PLC, Product detaljeret, Aarhus, Jan. 2023.xlsx",0.9312428298279158,T-shirt
13658 T-shirt dame lyseblå Prowear,Alm.slid uden restværdi,1,522,9,30155C97D461A6C000B19F35,"PLC, Product detaljeret, Aarhus, Jan. 2023.xlsx",0.5248275862068965,T-shirt
01717 T-shirt unisex kblå pb,Alm.slid uden restværdi,1,518,6,30155C97D461A6C000BA71BE,"PLC, Product detaljeret, Aarhus, Jan. 2023.xlsx",0.3525868725868726,T-shirt
01717 T-shirt unisex kblå pb,Alm.slid uden restværdi,1,518,7,30155C97D461A6C000BA71F1,"PLC, Product detaljeret, Aarhus, Jan. 2023.xlsx",0.41135135135135137,T-shirt
01717 T-shirt unisex kblå pb,Alm.slid uden restværdi,1,518,8,30155C97D461A6C000BA7359,"PLC, Product detaljeret, Aarhus, Jan. 2023.xlsx",0.47011583011583014,T-shirt
13658 T-shirt dame lyseblå Prowear,Alm.slid uden restværdi,1,511,20,30155C97D461A6C00081858F,"PLC, Product detaljeret, Aarhus, Jan. 2023.xlsx",1.191389432485323,T-shirt
01717 T-shirt unisex kblå pb,Alm.slid uden restværdi,1,500,15,30155C97D461A6C0005CDC40,"PLC, Product detaljeret, Aarhus, Jan. 2023.xlsx",0.9132,T-shirt
01717 T-shirt unisex kblå pb,Alm.slid uden restværdi,1,500,15,30155C97D461A6C0005CDD4D,"PLC, Product detaljeret, Aarhus, Jan. 2023.xlsx",0.9132,T-shirt
01717 T-shirt unisex kblå pb,Alm.slid uden restværdi,1,500,20,30155C97D461A6C0005CDE17,"PLC, Product detaljeret, Aarhus, Jan. 2023.xlsx",1.2176,T-shirt
13658 T-shirt dame lyseblå Prowear,Alm.slid uden restværdi,1,487,39,30155C97D461A7C002300705,"PLC, Product detaljeret, Aarhus, Jan. 2023.xlsx",2.437700205338809,T-shirt
01717 T-shirt unisex kblå pb,Alm.slid uden restværdi,1,486,4,30155C97D461A6C000B08935,"PLC, Product detaljeret, Aarhus, Jan. 2023.xlsx",0.2505349794238683,T-shirt
01589 T-shirt unisex mblå k/æ,Alm.slid uden restværdi,1,483,4,30155C97D461A6C00053DE8F,"PLC, Product detaljeret, Aarhus, Jan. 2023.xlsx",0.25209109730848867,T-shirt
01427 T-shirt unisex lyseblå pb,Alm.slid uden restværdi,1,482,40,30155C97D461A6C0008C38E7,"PLC, Product detaljeret, Aarhus, Jan. 2023.xlsx",2.526141078838174,T-shirt
25055 T-shirt uni k/æ blåmelan Pro,Alm.slid uden restværdi,1,479,29,30155C97D461A6C000841056,"PLC, Product detaljeret, Aarhus, Jan. 2023.xlsx",1.8429227557411274,T-shirt
13658 T-shirt dame lyseblå Prowear,Alm.slid uden restværdi,1,469,31,30155C97D461A6C0008BE07D,"PLC, Product detaljeret, Aarhus, Jan. 2023.xlsx",2.0120255863539445,T-shirt
01589 T-shirt unisex mblå k/æ,Alm.slid uden restværdi,1,459,9,30155C97D461A6C0008BF498,"PLC, Product detaljeret, Aarhus, Jan. 2023.xlsx",0.5968627450980393,T-shirt
08398 T-shirt unisex mblå k/æ bom,Alm.slid uden restværdi,1,452,1,30155C97D461A6C0015B802D,"PLC, Product detaljeret, Aarhus, Jan. 2023.xlsx",0.06734513274336283,T-shirt
08398 T-shirt unisex mblå k/æ bom,Alm.slid uden restværdi,1,452,1,30155C97D461A6C0015B803D,"PLC, Product detaljeret, Aarhus, Jan. 2023.xlsx",0.06734513274336283,T-shirt
08398 T-shirt unisex mblå k/æ bom,Alm.slid uden restværdi,1,452,1,30155C97D461A6C0015B8042,"PLC, Product detaljeret, Aarhus, Jan. 2023.xlsx",0.06734513274336283,T-shirt
08398 T-shirt unisex mblå k/æ bom,Alm.slid uden restværdi,1,452,1,30155C97D461A6C0015B80B9,"PLC, Product detaljeret, Aarhus, Jan. 2023.xlsx",0.06734513274336283,T-shirt
01589 T-shirt unisex mblå k/æ,Alm.slid uden restværdi,1,445,10,30155C97D461A6C0008BF372,"PLC, Product detaljeret, Aarhus, Jan. 2023.xlsx",0.6840449438202247,T-shirt
01717 T-shirt unisex kblå pb,Alm.slid uden restværdi,1,435,3,30155C97D461A6C0012ECB33,"PLC, Product detaljeret, Aarhus, Jan. 2023.xlsx",0.20993103448275863,T-shirt
09610 T-Shirt Lady Lysblå Bom,Alm.slid uden restværdi,1,425,2,30155C97D461A6C0012F784F,"PLC, Product detaljeret, Aarhus, Jan. 2023.xlsx",0.1432470588235294,T-shirt
26056 T-shirt k/æ dame lyseblå,Alm.slid uden restværdi,1,423,21,30155C97D461A6C0004A0B90,"PLC, Product detaljeret, Aarhus, Jan. 2023.xlsx",1.5112056737588653,T-shirt
08398 T-shirt unisex mblå k/æ bom,Alm.slid uden restværdi,1,413,10,30155C97D461A6C000E2178E,"PLC, Product detaljeret, Aarhus, Jan. 2023.xlsx",0.7370460048426151,T-shirt
13658 T-shirt dame lyseblå Prowear,Alm.slid uden restværdi,1,396,7,30155C97D461A6C000E22A9C,"PLC, Product detaljeret, Aarhus, Jan. 2023.xlsx",0.538080808080808,T-shirt
26056 T-shirt k/æ dame lyseblå,Alm.slid uden restværdi,1,348,13,30155C97D461A6C0004A2137,"PLC, Product detaljeret, Aarhus, Jan. 2023.xlsx",1.1371264367816094,T-shirt
24593 T-shirt You dame Kornblå,Alm.slid uden restværdi,1,346,14,30155C97D461A6C0015B6163,"PLC, Product detaljeret, Aarhus, Jan. 2023.xlsx",1.2316763005780347,T-shirt
01717 T-shirt unisex kblå pb,Alm.slid uden restværdi,1,341,14,30155C97D461A6C000E29132,"PLC, Product detaljeret, Aarhus, Jan. 2023.xlsx",1.2497360703812317,T-shirt
01717 T-shirt unisex kblå pb,Alm.slid uden restværdi,1,338,10,30155C97D461A6C0006395B4,"PLC, Product detaljeret, Aarhus, Jan. 2023.xlsx",0.9005917159763314,T-shirt
01717 T-shirt unisex kblå pb,Alm.slid uden restværdi,1,338,7,30155C97D461A6C0006395DA,"PLC, Product detaljeret, Aarhus, Jan. 2023.xlsx",0.630414201183432,T-shirt
01717 T-shirt unisex kblå pb,Alm.slid uden restværdi,1,338,9,30155C97D461A6C0006396C7,"PLC, Product detaljeret, Aarhus, Jan. 2023.xlsx",0.8105325443786983,T-shirt
01717 T-shirt unisex kblå pb,Alm.slid uden restværdi,1,337,9,30155C97D461A6C000E2909F,"PLC, Product detaljeret, Aarhus, Jan. 2023.xlsx",0.8129376854599407,T-shirt
01717 T-shirt unisex kblå pb,Alm.slid uden restværdi,1,334,6,30155C97D461A6C00063953A,"PLC, Product detaljeret, Aarhus, Jan. 2023.xlsx",0.5468263473053893,T-shirt
13658 T-shirt dame lyseblå Prowear,Alm.slid uden restværdi,1,333,9,30155C97D461A6C000B85CB5,"PLC, Product detaljeret, Aarhus, Jan. 2023.xlsx",0.8227027027027027,T-shirt
01589 T-shirt unisex mblå k/æ,Alm.slid uden restværdi,1,323,14,30155C97D461A6C0009E986A,"PLC, Product detaljeret, Aarhus, Jan. 2023.xlsx",1.3193808049535605,T-shirt
13658 T-shirt dame lyseblå Prowear,Alm.slid uden restværdi,1,321,7,30155C97D461A6C000707703,"PLC, Product detaljeret, Aarhus, Jan. 2023.xlsx",0.6638006230529595,T-shirt
13658 T-shirt dame lyseblå Prowear,Alm.slid uden restværdi,1,321,8,30155C97D461A6C00070777D,"PLC, Product detaljeret, Aarhus, Jan. 2023.xlsx",0.7586292834890965,T-shirt
01589 T-shirt unisex mblå k/æ,Alm.slid uden restværdi,1,315,2,30155C97D461A6C0009E97C1,"PLC, Product detaljeret, Aarhus, Jan. 2023.xlsx",0.19326984126984129,T-shirt
08398 T-shirt unisex mblå k/æ bom,Alm.slid uden restværdi,1,314,2,30155C97D461A6C000910584,"PLC, Product detaljeret, Aarhus, Jan. 2023.xlsx",0.19388535031847134,T-shirt
08398 T-shirt unisex mblå k/æ bom,Alm.slid uden restværdi,1,314,2,30155C97D461A6C0009106A2,"PLC, Product detaljeret, Aarhus, Jan. 2023.xlsx",0.19388535031847134,T-shirt
24597 T-shirt You unisex Kornblå,Alm.slid uden restværdi,1,314,8,30155C97D461A7C002316882,"PLC, Product detaljeret, Aarhus, Jan. 2023.xlsx",0.7755414012738854,T-shirt
13658 T-shirt dame lyseblå Prowear,Alm.slid uden restværdi,1,313,8,30155C97D461A6C000D888CE,"PLC, Product detaljeret, Aarhus, Jan. 2023.xlsx",0.7780191693290734,T-shirt
01717 T-shirt unisex kblå pb,Alm.slid uden restværdi,1,312,5,30155C97D461A6C0008D07FD,"PLC, Product detaljeret, Aarhus, Jan. 2023.xlsx",0.4878205128205128,T-shirt
24597 T-shirt You unisex Kornblå,Alm.slid uden restværdi,1,306,8,30155C97D461A7C0023169D8,"PLC, Product detaljeret, Aarhus, Jan. 2023.xlsx",0.7958169934640523,T-shirt
01717 T-shirt unisex kblå pb,Alm.slid uden restværdi,1,303,9,30155C97D461A6C0015C2F4E,"PLC, Product detaljeret, Aarhus, Jan. 2023.xlsx",0.9041584158415842,T-shirt
01717 T-shirt unisex kblå pb,Alm.slid uden restværdi,1,303,9,30155C97D461A6C0015C301B,"PLC, Product detaljeret, Aarhus, Jan. 2023.xlsx",0.9041584158415842,T-shirt
26056 T-shirt k/æ dame lyseblå,Alm.slid uden restværdi,1,296,9,30155C97D461A6C0004A20D5,"PLC, Product detaljeret, Aarhus, Jan. 2023.xlsx",0.9255405405405406,T-shirt
24762 T-shirt da k/æ blåmela Pro,Alm.slid uden restværdi,1,293,31,30155C97D461A6C000D86A92,"PLC, Product detaljeret, Aarhus, Jan. 2023.xlsx",3.22061433447099,T-shirt
24762 T-shirt da k/æ blåmela Pro,Alm.slid uden restværdi,1,293,22,30155C97D461A6C000D86BE2,"PLC, Product detaljeret, Aarhus, Jan. 2023.xlsx",2.285597269624574,T-shirt
24762 T-shirt da k/æ blåmela Pro,Alm.slid uden restværdi,1,292,26,30155C97D461A6C000D86AEE,"PLC, Product detaljeret, Aarhus, Jan. 2023.xlsx",2.7104109589041094,T-shirt
13658 T-shirt dame lyseblå Prowear,Alm.slid uden restværdi,1,291,9,30155C97D461A6C000BA6E17,"PLC, Product detaljeret, Aarhus, Jan. 2023.xlsx",0.9414432989690722,T-shirt
24762 T-shirt da k/æ blåmela Pro,Alm.slid uden restværdi,1,288,27,30155C97D461A6C000D86BF4,"PLC, Product detaljeret, Aarhus, Jan. 2023.xlsx",2.8537500000000002,T-shirt
26057 T-shirt k/æ uni lyseblå,Alm.slid uden restværdi,1,284,3,30155C97D461A6C00084F82B,"PLC, Product detaljeret, Aarhus, Jan. 2023.xlsx",0.3215492957746479,T-shirt
01589 T-shirt unisex mblå k/æ,Alm.slid uden restværdi,1,277,10,30155C97D461A6C000912F5C,"PLC, Product detaljeret, Aarhus, Jan. 2023.xlsx",1.0989169675090253,T-shirt
01589 T-shirt unisex mblå k/æ,Alm.slid uden restværdi,1,275,10,30155C97D461A6C000912F5D,"PLC, Product detaljeret, Aarhus, Jan. 2023.xlsx",1.1069090909090908,T-shirt
09610 T-Shirt Lady Lysblå Bom,Alm.slid uden restværdi,1,254,10,30155C97D461A4C0009391B4,"PLC, Product detaljeret, Aarhus, Jan. 2023.xlsx",1.1984251968503938,T-shirt
09610 T-Shirt Lady Lysblå Bom,Alm.slid uden restværdi,1,254,15,30155C97D461A4C00093925E,"PLC, Product detaljeret, Aarhus, Jan. 2023.xlsx",1.7976377952755906,T-shirt
09610 T-Shirt Lady Lysblå Bom,Alm.slid uden restværdi,1,254,15,30155C97D461A4C00093929E,"PLC, Product detaljeret, Aarhus, Jan. 2023.xlsx",1.7976377952755906,T-shirt
01589 T-shirt unisex mblå k/æ,Alm.slid uden restværdi,1,246,1,30155C97D461A6C000912EF0,"PLC, Product detaljeret, Aarhus, Jan. 2023.xlsx",0.123739837398374,T-shirt
09610 T-Shirt Lady Lysblå Bom,Alm.slid uden restværdi,1,246,20,30155C97D461A4C00092D913,"PLC, Product detaljeret, Aarhus, Jan. 2023.xlsx",2.4747967479674795,T-shirt
24597 T-shirt You unisex Kornblå,Alm.slid uden restværdi,1,239,5,30155C97D461A6C0015B673A,"PLC, Product detaljeret, Aarhus, Jan. 2023.xlsx",0.6368200836820084,T-shirt
01589 T-shirt unisex mblå k/æ,Alm.slid uden restværdi,1,231,13,30155C97D461A6C001626D47,"PLC, Product detaljeret, Aarhus, Jan. 2023.xlsx",1.7130735930735932,T-shirt
01589 T-shirt unisex mblå k/æ,Alm.slid uden restværdi,1,231,17,30155C97D461A6C001626E27,"PLC, Product detaljeret, Aarhus, Jan. 2023.xlsx",2.2401731601731605,T-shirt
24597 T-shirt You unisex Kornblå,Alm.slid uden restværdi,1,230,3,30155C97D461A6C0015B65A9,"PLC, Product detaljeret, Aarhus, Jan. 2023.xlsx",0.39704347826086955,T-shirt
24597 T-shirt You unisex Kornblå,Alm.slid uden restværdi,1,230,5,30155C97D461A6C0015B6781,"PLC, Product detaljeret, Aarhus, Jan. 2023.xlsx",0.6617391304347826,T-shirt
01717 T-shirt unisex kblå pb,Alm.slid uden restværdi,1,226,2,30155C97D461A6C000D86543,"PLC, Product detaljeret, Aarhus, Jan. 2023.xlsx",0.2693805309734513,T-shirt
01717 T-shirt unisex kblå pb,Alm.slid uden restværdi,1,226,2,30155C97D461A6C000D86562,"PLC, Product detaljeret, Aarhus, Jan. 2023.xlsx",0.2693805309734513,T-shirt
01717 T-shirt unisex kblå pb,Alm.slid uden restværdi,1,226,2,30155C97D461A6C000D865E5,"PLC, Product detaljeret, Aarhus, Jan. 2023.xlsx",0.2693805309734513,T-shirt
26056 T-shirt k/æ dame lyseblå,Alm.slid uden restværdi,1,222,10,30155C97D461A6C00084ECC2,"PLC, Product detaljeret, Aarhus, Jan. 2023.xlsx",1.3711711711711712,T-shirt
01717 T-shirt unisex kblå pb,Alm.slid uden restværdi,1,198,2,30155C97D461A4C000932E98,"PLC, Product detaljeret, Aarhus, Jan. 2023.xlsx",0.3074747474747475,T-shirt
01717 T-shirt unisex kblå pb,Alm.slid uden restværdi,1,198,2,30155C97D461A4C000932EAA,"PLC, Product detaljeret, Aarhus, Jan. 2023.xlsx",0.3074747474747475,T-shirt
01589 T-shirt unisex mblå k/æ,Alm.slid uden restværdi,1,197,9,30155C97D461A6C001626ECD,"PLC, Product detaljeret, Aarhus, Jan. 2023.xlsx",1.3906598984771574,T-shirt
24762 T-shirt da k/æ blåmela Pro,Alm.slid uden restværdi,1,161,1,30155C97D461A7C002287382,"PLC, Product detaljeret, Aarhus, Jan. 2023.xlsx",0.18906832298136644,T-shirt
01717 T-shirt unisex kblå pb,Alm.slid uden restværdi,1,136,1,30155C97D461A6C000E30A07,"PLC, Product detaljeret, Aarhus, Jan. 2023.xlsx",0.2238235294117647,T-shirt
01717 T-shirt unisex kblå pb,Alm.slid uden restværdi,1,136,3,30155C97D461A6C0018608AF,"PLC, Product detaljeret, Aarhus, Jan. 2023.xlsx",0.6714705882352942,T-shirt
01717 T-shirt unisex kblå pb,Alm.slid uden restværdi,1,136,2,30155C97D461A6C001860955,"PLC, Product detaljeret, Aarhus, Jan. 2023.xlsx",0.4476470588235294,T-shirt
01717 T-shirt unisex kblå pb,Alm.slid uden restværdi,1,127,5,30155C97D461A6C001360350,"PLC, Product detaljeret, Aarhus, Jan. 2023.xlsx",1.1984251968503938,T-shirt
01717 T-shirt unisex kblå pb,Alm.slid uden restværdi,1,121,5,30155C97D461A6C000E30970,"PLC, Product detaljeret, Aarhus, Jan. 2023.xlsx",1.2578512396694215,T-shirt
24597 T-shirt You unisex Kornblå,Alm.slid uden restværdi,1,118,1,30155C97D461A4C00066B4C3,"PLC, Product detaljeret, Aarhus, Jan. 2023.xlsx",0.25796610169491524,T-shirt
01589 T-shirt unisex mblå k/æ,Alm.slid uden restværdi,1,87,1,30155C97D461A6C0010E8EFA,"PLC, Product detaljeret, Aarhus, Jan. 2023.xlsx",0.34988505747126436,T-shirt
26961 T-shirt CSR dame lysblå,Alm.slid uden restværdi,1,80,1,30155C97D461A6C00136015D,"PLC, Product detaljeret, Aarhus, Jan. 2023.xlsx",0.38050000000000006,T-shirt
25055 T-shirt uni k/æ blåmelan Pro,Alm.slid uden restværdi,1,78,7,30155C97D461A6C00135F1F3,"PLC, Product detaljeret, Aarhus, Jan. 2023.xlsx",2.731794871794872,T-shirt
01589 T-shirt unisex mblå k/æ,Alm.slid uden restværdi,1,60,3,00D00B4E833D,"PLC, Product detaljeret, Aarhus, Jan. 2023.xlsx",1.5220000000000002,T-shirt
26070 T-shirt Geyser uni kongeblå,Alm.slid uden restværdi,1,53,1,30155C97D461A6C0010F39FB,"PLC, Product detaljeret, Aarhus, Jan. 2023.xlsx",0.5743396226415094,T-shirt
01589 T-shirt unisex mblå k/æ,Alm.slid uden restværdi,1,46,2,00D00BAC46F0,"PLC, Product detaljeret, Aarhus, Jan. 2023.xlsx",1.3234782608695652,T-shirt
01589 T-shirt unisex mblå k/æ,Alm.slid uden restværdi,1,46,2,00D00BAAD115,"PLC, Product detaljeret, Aarhus, Jan. 2023.xlsx",1.3234782608695652,T-shirt
01589 T-shirt unisex mblå k/æ,Alm.slid uden restværdi,1,46,2,00D00BAAD2D7,"PLC, Product detaljeret, Aarhus, Jan. 2023.xlsx",1.3234782608695652,T-shirt
01589 T-shirt unisex mblå k/æ,Alm.slid uden restværdi,1,46,2,00D00BAAD7CB,"PLC, Product detaljeret, Aarhus, Jan. 2023.xlsx",1.3234782608695652,T-shirt
26070 T-shirt Geyser uni kongeblå,Alm.slid uden restværdi,1,46,2,30155C97D461A6C001861839,"PLC, Product detaljeret, Aarhus, Jan. 2023.xlsx",1.3234782608695652,T-shirt
26070 T-shirt Geyser uni kongeblå,Alm.slid uden restværdi,1,33,2,30155C97D461A6C0010DDB32,"PLC, Product detaljeret, Aarhus, Jan. 2023.xlsx",1.844848484848485,T-shirt
26070 T-shirt Geyser uni kongeblå,Alm.slid uden restværdi,1,33,1,30155C97D461A6C0010DDB75,"PLC, Product detaljeret, Aarhus, Jan. 2023.xlsx",0.9224242424242425,T-shirt
26070 T-shirt Geyser uni kongeblå,Alm.slid uden restværdi,1,33,2,30155C97D461A6C001861969,"PLC, Product detaljeret, Aarhus, Jan. 2023.xlsx",1.844848484848485,T-shirt
26070 T-shirt Geyser uni kongeblå,Alm.slid uden restværdi,1,33,1,30155C97D461A6C0018628B7,"PLC, Product detaljeret, Aarhus, Jan. 2023.xlsx",0.9224242424242425,T-shirt
01589 T-shirt unisex mblå k/æ,Alm.slid uden restværdi,1,7,1,00D00BAC2468,"PLC, Product detaljeret, Aarhus, Jan. 2023.xlsx",4.348571428571429,T-shirt
01589 T-shirt unisex mblå k/æ,Alm.slid uden restværdi,1,7,1,00D00BAC46A6,"PLC, Product detaljeret, Aarhus, Jan. 2023.xlsx",4.348571428571429,T-shirt
01589 T-shirt unisex mblå k/æ,Alm.slid uden restværdi,1,7,1,00D00BAC630D,"PLC, Product detaljeret, Aarhus, Jan. 2023.xlsx",4.348571428571429,T-shirt
01589 T-shirt unisex mblå k/æ,Alm.slid uden restværdi,1,7,1,00D00BAAD714,"PLC, Product detaljeret, Aarhus, Jan. 2023.xlsx",4.348571428571429,T-shirt
01589 T-shirt unisex mblå k/æ,Alm.slid uden restværdi,1,7,1,00D00BAAF877,"PLC, Product detaljeret, Aarhus, Jan. 2023.xlsx",4.348571428571429,T-shirt
01589 T-shirt unisex mblå k/æ,Alm.slid uden restværdi,1,2891,117,00D0097F892E,"PLC, Product detaljeret, Aarhus, Jul. 2023.xlsx",1.231919750951228,T-shirt
01589 T-shirt unisex mblå k/æ,Alm.slid uden restværdi,1,2869,99,00D009992AB7,"PLC, Product detaljeret, Aarhus, Jul. 2023.xlsx",1.0503868943882886,T-shirt
01589 T-shirt unisex mblå k/æ,Alm.slid uden restværdi,1,2853,92,00D009793D31,"PLC, Product detaljeret, Aarhus, Jul. 2023.xlsx",0.9815913073957238,T-shirt
01717 T-shirt unisex kblå pb,Alm.slid uden restværdi,1,2780,106,00D00A43CB68,"PLC, Product detaljeret, Aarhus, Jul. 2023.xlsx",1.1606618705035971,T-shirt
01717 T-shirt unisex kblå pb,Alm.slid uden restværdi,1,2780,94,00D00A43CBAC,"PLC, Product detaljeret, Aarhus, Jul. 2023.xlsx",1.0292661870503597,T-shirt
01717 T-shirt unisex kblå pb,Alm.slid uden restværdi,1,2771,114,00D009ACF358,"PLC, Product detaljeret, Aarhus, Jul. 2023.xlsx",1.2523132443161316,T-shirt
01717 T-shirt unisex kblå pb,Alm.slid uden restværdi,1,2760,93,00D00A43D840,"PLC, Product detaljeret, Aarhus, Jul. 2023.xlsx",1.0256956521739131,T-shirt
01717 T-shirt unisex kblå pb,Alm.slid uden restværdi,1,2756,71,00D00A434523,"PLC, Product detaljeret, Aarhus, Jul. 2023.xlsx",0.7841944847605224,T-shirt
01717 T-shirt unisex kblå pb,Alm.slid uden restværdi,1,2643,89,00D00A4366E3,"PLC, Product detaljeret, Aarhus, Jul. 2023.xlsx",1.0250321604237609,T-shirt
01589 T-shirt unisex mblå k/æ,Alm.slid uden restværdi,1,2594,82,00D00A34287A,"PLC, Product detaljeret, Aarhus, Jul. 2023.xlsx",0.9622513492675405,T-shirt
01589 T-shirt unisex mblå k/æ,Alm.slid uden restværdi,1,2410,69,30155C97D461A7C0002C66CB,"PLC, Product detaljeret, Aarhus, Jul. 2023.xlsx",0.8715186721991701,T-shirt
01717 T-shirt unisex kblå pb,Alm.slid uden restværdi,1,2166,62,30155C97D461A7C000E2D34B,"PLC, Product detaljeret, Aarhus, Jul. 2023.xlsx",0.8713204062788551,T-shirt
01589 T-shirt unisex mblå k/æ,Alm.slid uden restværdi,1,2143,32,00D0097913D5,"PLC, Product detaljeret, Aarhus, Jul. 2023.xlsx",0.454540363975735,T-shirt
13658 T-shirt dame lyseblå Prowear,Alm.slid uden restværdi,1,2099,146,300ED89F335000400183D818,"PLC, Product detaljeret, Aarhus, Jul. 2023.xlsx",2.1173130061934256,T-shirt
13658 T-shirt dame lyseblå Prowear,Alm.slid uden restværdi,1,2093,44,300ED89F335000400183ADF4,"PLC, Product detaljeret, Aarhus, Jul. 2023.xlsx",0.6399235547061634,T-shirt
13658 T-shirt dame lyseblå Prowear,Alm.slid uden restværdi,1,2093,35,300ED89F335000400183AEBA,"PLC, Product detaljeret, Aarhus, Jul. 2023.xlsx",0.5090301003344482,T-shirt
13658 T-shirt dame lyseblå Prowear,Alm.slid uden restværdi,1,2092,72,300ED89F3350007FE266BFF0,"PLC, Product detaljeret, Aarhus, Jul. 2023.xlsx",1.0476481835564053,T-shirt
13658 T-shirt dame lyseblå Prowear,Alm.slid uden restværdi,1,2089,37,300ED89F335000400183AD47,"PLC, Product detaljeret, Aarhus, Jul. 2023.xlsx",0.5391479176639541,T-shirt
13658 T-shirt dame lyseblå Prowear,Alm.slid uden restværdi,1,2089,41,300ED89F335000400183ADBF,"PLC, Product detaljeret, Aarhus, Jul. 2023.xlsx",0.5974341790330302,T-shirt
13658 T-shirt dame lyseblå Prowear,Alm.slid uden restværdi,1,2089,38,300ED89F335000400183ADE5,"PLC, Product detaljeret, Aarhus, Jul. 2023.xlsx",0.5537194830062231,T-shirt
13658 T-shirt dame lyseblå Prowear,Alm.slid uden restværdi,1,2089,30,300ED89F335000400183AE18,"PLC, Product detaljeret, Aarhus, Jul. 2023.xlsx",0.43714696026807087,T-shirt
13658 T-shirt dame lyseblå Prowear,Alm.slid uden restværdi,1,2089,37,300ED89F335000400183AE93,"PLC, Product detaljeret, Aarhus, Jul. 2023.xlsx",0.5391479176639541,T-shirt
13658 T-shirt dame lyseblå Prowear,Alm.slid uden restværdi,1,2087,53,300ED89F335000400183D478,"PLC, Product detaljeret, Aarhus, Jul. 2023.xlsx",0.7730330618112123,T-shirt
13658 T-shirt dame lyseblå Prowear,Alm.slid uden restværdi,1,2087,57,300ED89F335000400183DA51,"PLC, Product detaljeret, Aarhus, Jul. 2023.xlsx",0.8313751796837566,T-shirt
01589 T-shirt unisex mblå k/æ,Alm.slid uden restværdi,1,2086,42,300ED89F3350007FE266A185,"PLC, Product detaljeret, Aarhus, Jul. 2023.xlsx",0.6128859060402685,T-shirt
01589 T-shirt unisex mblå k/æ,Alm.slid uden restværdi,1,2086,57,300ED89F3350007FE266A1A9,"PLC, Product detaljeret, Aarhus, Jul. 2023.xlsx",0.8317737296260787,T-shirt
01589 T-shirt unisex mblå k/æ,Alm.slid uden restværdi,1,2086,70,300ED89F3350007FE266A69E,"PLC, Product detaljeret, Aarhus, Jul. 2023.xlsx",1.0214765100671142,T-shirt
13658 T-shirt dame lyseblå Prowear,Alm.slid uden restværdi,1,2086,114,300ED89F335000400183CCF7,"PLC, Product detaljeret, Aarhus, Jul. 2023.xlsx",1.6635474592521573,T-shirt
13658 T-shirt dame lyseblå Prowear,Alm.slid uden restværdi,1,2086,101,300ED89F335000400183CD43,"PLC, Product detaljeret, Aarhus, Jul. 2023.xlsx",1.473844678811122,T-shirt
13658 T-shirt dame lyseblå Prowear,Alm.slid uden restværdi,1,2086,121,300ED89F335000400183D5B4,"PLC, Product detaljeret, Aarhus, Jul. 2023.xlsx",1.7656951102588687,T-shirt
13658 T-shirt dame lyseblå Prowear,Alm.slid uden restværdi,1,2086,105,300ED89F335000400183D5C2,"PLC, Product detaljeret, Aarhus, Jul. 2023.xlsx",1.532214765100671,T-shirt
13658 T-shirt dame lyseblå Prowear,Alm.slid uden restværdi,1,2086,93,300ED89F3350007FE266BFAB,"PLC, Product detaljeret, Aarhus, Jul. 2023.xlsx",1.357104506232023,T-shirt
13658 T-shirt dame lyseblå Prowear,Alm.slid uden restværdi,1,2085,84,300ED89F335000400183CBFD,"PLC, Product detaljeret, Aarhus, Jul. 2023.xlsx",1.2263597122302157,T-shirt
13658 T-shirt dame lyseblå Prowear,Alm.slid uden restværdi,1,2085,48,300ED89F335000400183CC72,"PLC, Product detaljeret, Aarhus, Jul. 2023.xlsx",0.7007769784172663,T-shirt
13658 T-shirt dame lyseblå Prowear,Alm.slid uden restværdi,1,2085,87,300ED89F335000400183CD2A,"PLC, Product detaljeret, Aarhus, Jul. 2023.xlsx",1.270158273381295,T-shirt
13658 T-shirt dame lyseblå Prowear,Alm.slid uden restværdi,1,2083,61,300ED89F3350007FE266C124,"PLC, Product detaljeret, Aarhus, Jul. 2023.xlsx",0.8914258281325013,T-shirt
13658 T-shirt dame lyseblå Prowear,Alm.slid uden restværdi,1,2082,100,300ED89F335000400183CA1A,"PLC, Product detaljeret, Aarhus, Jul. 2023.xlsx",1.4620557156580212,T-shirt
13658 T-shirt dame lyseblå Prowear,Alm.slid uden restværdi,1,2082,62,300ED89F335000400183CEEF,"PLC, Product detaljeret, Aarhus, Jul. 2023.xlsx",0.9064745437079732,T-shirt
13658 T-shirt dame lyseblå Prowear,Alm.slid uden restværdi,1,2082,74,300ED89F335000400183D03A,"PLC, Product detaljeret, Aarhus, Jul. 2023.xlsx",1.0819212295869358,T-shirt
13658 T-shirt dame lyseblå Prowear,Alm.slid uden restværdi,1,2082,109,300ED89F3350007FE266BFAC,"PLC, Product detaljeret, Aarhus, Jul. 2023.xlsx",1.593640730067243,T-shirt
13658 T-shirt dame lyseblå Prowear,Alm.slid uden restværdi,1,2081,52,300ED89F335000400183AD34,"PLC, Product detaljeret, Aarhus, Jul. 2023.xlsx",0.760634310427679,T-shirt
13658 T-shirt dame lyseblå Prowear,Alm.slid uden restværdi,1,2081,120,300ED89F335000400183CA0D,"PLC, Product detaljeret, Aarhus, Jul. 2023.xlsx",1.7553099471407978,T-shirt
13658 T-shirt dame lyseblå Prowear,Alm.slid uden restværdi,1,2081,96,300ED89F335000400183CBA5,"PLC, Product detaljeret, Aarhus, Jul. 2023.xlsx",1.404247957712638,T-shirt
13658 T-shirt dame lyseblå Prowear,Alm.slid uden restværdi,1,2081,88,300ED89F335000400183D1CC,"PLC, Product detaljeret, Aarhus, Jul. 2023.xlsx",1.2872272945699184,T-shirt
13658 T-shirt dame lyseblå Prowear,Alm.slid uden restværdi,1,2081,52,300ED89F335000400183D34D,"PLC, Product detaljeret, Aarhus, Jul. 2023.xlsx",0.760634310427679,T-shirt
13658 T-shirt dame lyseblå Prowear,Alm.slid uden restværdi,1,2081,93,300ED89F3350007FE266B639,"PLC, Product detaljeret, Aarhus, Jul. 2023.xlsx",1.3603652090341183,T-shirt
13658 T-shirt dame lyseblå Prowear,Alm.slid uden restværdi,1,2081,49,300ED89F3350007FE266B740,"PLC, Product detaljeret, Aarhus, Jul. 2023.xlsx",0.7167515617491591,T-shirt
13658 T-shirt dame lyseblå Prowear,Alm.slid uden restværdi,1,2081,112,300ED89F3350007FE266B79F,"PLC, Product detaljeret, Aarhus, Jul. 2023.xlsx",1.6382892839980778,T-shirt
13658 T-shirt dame lyseblå Prowear,Alm.slid uden restværdi,1,2080,98,300ED89F335000400183CEB8,"PLC, Product detaljeret, Aarhus, Jul. 2023.xlsx",1.4341923076923078,T-shirt
13658 T-shirt dame lyseblå Prowear,Alm.slid uden restværdi,1,2077,84,300ED89F335000400183AEF4,"PLC, Product detaljeret, Aarhus, Jul. 2023.xlsx",1.2310832932113627,T-shirt
13658 T-shirt dame lyseblå Prowear,Alm.slid uden restværdi,1,2077,149,300ED89F335000400183B3C0,"PLC, Product detaljeret, Aarhus, Jul. 2023.xlsx",2.1837072701011073,T-shirt
01427 T-shirt unisex lyseblå pb,Alm.slid uden restværdi,1,2073,34,300ED89F3350007FE2669D0F,"PLC, Product detaljeret, Aarhus, Jul. 2023.xlsx",0.4992571152918475,T-shirt
13658 T-shirt dame lyseblå Prowear,Alm.slid uden restværdi,1,2058,18,300ED89F3350007FE266CD77,"PLC, Product detaljeret, Aarhus, Jul. 2023.xlsx",0.26623906705539363,T-shirt
13658 T-shirt dame lyseblå Prowear,Alm.slid uden restværdi,1,2058,33,300ED89F3350007FE266CDA2,"PLC, Product detaljeret, Aarhus, Jul. 2023.xlsx",0.4881049562682216,T-shirt
01589 T-shirt unisex mblå k/æ,Alm.slid uden restværdi,1,2016,80,30155C97D461A7C0011875EE,"PLC, Product detaljeret, Aarhus, Jul. 2023.xlsx",1.2079365079365079,T-shirt
01589 T-shirt unisex mblå k/æ,Alm.slid uden restværdi,1,1983,93,300ED89F3350007FE2685AA7,"PLC, Product detaljeret, Aarhus, Jul. 2023.xlsx",1.4275945537065053,T-shirt
01589 T-shirt unisex mblå k/æ,Alm.slid uden restværdi,1,1976,61,30155C97D461A7C000E80512,"PLC, Product detaljeret, Aarhus, Jul. 2023.xlsx",0.9396963562753037,T-shirt
13658 T-shirt dame lyseblå Prowear,Alm.slid uden restværdi,1,1962,38,300ED89F33500060009D9823,"PLC, Product detaljeret, Aarhus, Jul. 2023.xlsx",0.5895616717635066,T-shirt
01589 T-shirt unisex mblå k/æ,Alm.slid uden restværdi,1,1960,16,300ED89F33500060009D9997,"PLC, Product detaljeret, Aarhus, Jul. 2023.xlsx",0.24848979591836737,T-shirt
01589 T-shirt unisex mblå k/æ,Alm.slid uden restværdi,1,1959,19,300ED89F33500060009D98A5,"PLC, Product detaljeret, Aarhus, Jul. 2023.xlsx",0.29523226135783565,T-shirt
03885 T-Shirt Lysblå Lady K/Æ P/B,Alm.slid uden restværdi,1,1946,9,30155C97D461A7C00102F8E2,"PLC, Product detaljeret, Aarhus, Jul. 2023.xlsx",0.14078108941418294,T-shirt
03885 T-Shirt Lysblå Lady K/Æ P/B,Alm.slid uden restværdi,1,1943,9,30155C97D461A7C00102F853,"PLC, Product detaljeret, Aarhus, Jul. 2023.xlsx",0.14099845599588268,T-shirt
03885 T-Shirt Lysblå Lady K/Æ P/B,Alm.slid uden restværdi,1,1919,62,30155C97D461A7C000E8F716,"PLC, Product detaljeret, Aarhus, Jul. 2023.xlsx",0.9834705575820739,T-shirt
01589 T-shirt unisex mblå k/æ,Alm.slid uden restværdi,1,1914,77,30155C97D461A7C001169E22,"PLC, Product detaljeret, Aarhus, Jul. 2023.xlsx",1.2245977011494253,T-shirt
03885 T-Shirt Lysblå Lady K/Æ P/B,Alm.slid uden restværdi,1,1904,27,30155C97D461A7C00103AB18,"PLC, Product detaljeret, Aarhus, Jul. 2023.xlsx",0.4316596638655462,T-shirt
03885 T-Shirt Lysblå Lady K/Æ P/B,Alm.slid uden restværdi,1,1898,98,30155C97D461A7C000E8855B,"PLC, Product detaljeret, Aarhus, Jul. 2023.xlsx",1.5717175974710222,T-shirt
03885 T-Shirt Lysblå Lady K/Æ P/B,Alm.slid uden restværdi,1,1892,6,30155C97D461A7C000E7F616,"PLC, Product detaljeret, Aarhus, Jul. 2023.xlsx",0.09653276955602537,T-shirt
03885 T-Shirt Lysblå Lady K/Æ P/B,Alm.slid uden restværdi,1,1892,8,30155C97D461A7C000E8FDE8,"PLC, Product detaljeret, Aarhus, Jul. 2023.xlsx",0.12871035940803383,T-shirt
01427 T-shirt unisex lyseblå pb,Alm.slid uden restværdi,1,1890,8,30155C97D461A7C00123A6D4,"PLC, Product detaljeret, Aarhus, Jul. 2023.xlsx",0.12884656084656085,T-shirt
03885 T-Shirt Lysblå Lady K/Æ P/B,Alm.slid uden restværdi,1,1888,26,30155C97D461A7C000E8F66C,"PLC, Product detaljeret, Aarhus, Jul. 2023.xlsx",0.4191949152542373,T-shirt
03885 T-Shirt Lysblå Lady K/Æ P/B,Alm.slid uden restværdi,1,1888,38,30155C97D461A7C000E8F6CA,"PLC, Product detaljeret, Aarhus, Jul. 2023.xlsx",0.6126694915254237,T-shirt
03885 T-Shirt Lysblå Lady K/Æ P/B,Alm.slid uden restværdi,1,1888,28,30155C97D461A7C000E8FE12,"PLC, Product detaljeret, Aarhus, Jul. 2023.xlsx",0.4514406779661017,T-shirt
01427 T-shirt unisex lyseblå pb,Alm.slid uden restværdi,1,1887,13,30155C97D461A7C00122F3A4,"PLC, Product detaljeret, Aarhus, Jul. 2023.xlsx",0.20970853206147325,T-shirt
01427 T-shirt unisex lyseblå pb,Alm.slid uden restværdi,1,1887,12,30155C97D461A7C00122F462,"PLC, Product detaljeret, Aarhus, Jul. 2023.xlsx",0.193577106518283,T-shirt
03885 T-Shirt Lysblå Lady K/Æ P/B,Alm.slid uden restværdi,1,1882,6,30155C97D461A7C000E9064C,"PLC, Product detaljeret, Aarhus, Jul. 2023.xlsx",0.09704569606801275,T-shirt
03885 T-Shirt Lysblå Lady K/Æ P/B,Alm.slid uden restværdi,1,1881,11,30155C97D461A7C000E907C4,"PLC, Product detaljeret, Aarhus, Jul. 2023.xlsx",0.17801169590643276,T-shirt
03885 T-Shirt Lysblå Lady K/Æ P/B,Alm.slid uden restværdi,1,1880,32,30155C97D461A7C00103AA05,"PLC, Product detaljeret, Aarhus, Jul. 2023.xlsx",0.5181276595744682,T-shirt
01427 T-shirt unisex lyseblå pb,Alm.slid uden restværdi,1,1875,93,30155C97D461A7C0011799FF,"PLC, Product detaljeret, Aarhus, Jul. 2023.xlsx",1.509824,T-shirt
03885 T-Shirt Lysblå Lady K/Æ P/B,Alm.slid uden restværdi,1,1870,15,30155C97D461A7C000DF12AC,"PLC, Product detaljeret, Aarhus, Jul. 2023.xlsx",0.24417112299465243,T-shirt
03885 T-Shirt Lysblå Lady K/Æ P/B,Alm.slid uden restværdi,1,1868,4,00D0098B040F,"PLC, Product detaljeret, Aarhus, Jul. 2023.xlsx",0.06518201284796575,T-shirt
03885 T-Shirt Lysblå Lady K/Æ P/B,Alm.slid uden restværdi,1,1868,63,30155C97D461A7C00103BD61,"PLC, Product detaljeret, Aarhus, Jul. 2023.xlsx",1.0266167023554604,T-shirt
03885 T-Shirt Lysblå Lady K/Æ P/B,Alm.slid uden restværdi,1,1867,15,30155C97D461A7C000E7F6DD,"PLC, Product detaljeret, Aarhus, Jul. 2023.xlsx",0.24456347080878416,T-shirt
03885 T-Shirt Lysblå Lady K/Æ P/B,Alm.slid uden restværdi,1,1867,78,30155C97D461A7C00103AEBF,"PLC, Product detaljeret, Aarhus, Jul. 2023.xlsx",1.2717300482056777,T-shirt
03885 T-Shirt Lysblå Lady K/Æ P/B,Alm.slid uden restværdi,1,1860,35,00D0093C321A,"PLC, Product detaljeret, Aarhus, Jul. 2023.xlsx",0.5727956989247313,T-shirt
03885 T-Shirt Lysblå Lady K/Æ P/B,Alm.slid uden restværdi,1,1860,37,00D0097937DF,"PLC, Product detaljeret, Aarhus, Jul. 2023.xlsx",0.6055268817204301,T-shirt
03885 T-Shirt Lysblå Lady K/Æ P/B,Alm.slid uden restværdi,1,1860,43,00D00979CC49,"PLC, Product detaljeret, Aarhus, Jul. 2023.xlsx",0.7037204301075268,T-shirt
03885 T-Shirt Lysblå Lady K/Æ P/B,Alm.slid uden restværdi,1,1860,45,00D00979D4FA,"PLC, Product detaljeret, Aarhus, Jul. 2023.xlsx",0.7364516129032258,T-shirt
01427 T-shirt unisex lyseblå pb,Alm.slid uden restværdi,1,1857,112,300ED89F33500060009D82C1,"PLC, Product detaljeret, Aarhus, Jul. 2023.xlsx",1.8359073774905763,T-shirt
01427 T-shirt unisex lyseblå pb,Alm.slid uden restværdi,1,1832,6,00D00998DA22,"PLC, Product detaljeret, Aarhus, Jul. 2023.xlsx",0.0996943231441048,T-shirt
03885 T-Shirt Lysblå Lady K/Æ P/B,Alm.slid uden restværdi,1,1799,16,30155C97D461A7C000DF150C,"PLC, Product detaljeret, Aarhus, Jul. 2023.xlsx",0.2707281823235131,T-shirt
03885 T-Shirt Lysblå Lady K/Æ P/B,Alm.slid uden restværdi,1,1799,21,30155C97D461A7C000DF2781,"PLC, Product detaljeret, Aarhus, Jul. 2023.xlsx",0.3553307392996109,T-shirt
03885 T-Shirt Lysblå Lady K/Æ P/B,Alm.slid uden restværdi,1,1799,16,30155C97D461A7C000DF27FB,"PLC, Product detaljeret, Aarhus, Jul. 2023.xlsx",0.2707281823235131,T-shirt
13658 T-shirt dame lyseblå Prowear,Alm.slid uden restværdi,1,1792,14,300ED89F33500060009D74B7,"PLC, Product detaljeret, Aarhus, Jul. 2023.xlsx",0.2378125,T-shirt
13658 T-shirt dame lyseblå Prowear,Alm.slid uden restværdi,1,1792,43,300ED89F33500060009D7615,"PLC, Product detaljeret, Aarhus, Jul. 2023.xlsx",0.7304241071428572,T-shirt
13658 T-shirt dame lyseblå Prowear,Alm.slid uden restværdi,1,1792,38,300ED89F33500060009D767F,"PLC, Product detaljeret, Aarhus, Jul. 2023.xlsx",0.6454910714285715,T-shirt
03885 T-Shirt Lysblå Lady K/Æ P/B,Alm.slid uden restværdi,1,1782,56,30155C97D461A7C000E0AD17,"PLC, Product detaljeret, Aarhus, Jul. 2023.xlsx",0.9565881032547701,T-shirt
01717 T-shirt unisex kblå pb,Alm.slid uden restværdi,1,1743,20,30155C97D461A7C001569490,"PLC, Product detaljeret, Aarhus, Jul. 2023.xlsx",0.34928284566838785,T-shirt
01717 T-shirt unisex kblå pb,Alm.slid uden restværdi,1,1737,109,30155C97D461A7C001107EE2,"PLC, Product detaljeret, Aarhus, Jul. 2023.xlsx",1.910166954519286,T-shirt
01589 T-shirt unisex mblå k/æ,Alm.slid uden restværdi,1,1720,133,30155C97D461A7C0015145D4,"PLC, Product detaljeret, Aarhus, Jul. 2023.xlsx",2.3537906976744187,T-shirt
03885 T-Shirt Lysblå Lady K/Æ P/B,Alm.slid uden restværdi,1,1707,45,30155C97D461A7C0014E6B6B,"PLC, Product detaljeret, Aarhus, Jul. 2023.xlsx",0.8024604569420035,T-shirt
03885 T-Shirt Lysblå Lady K/Æ P/B,Alm.slid uden restværdi,1,1671,106,30155C97D461A7C000E9017F,"PLC, Product detaljeret, Aarhus, Jul. 2023.xlsx",1.9309634949132255,T-shirt
01589 T-shirt unisex mblå k/æ,Alm.slid uden restværdi,1,1662,64,30155C97D461A7C00157248E,"PLC, Product detaljeret, Aarhus, Jul. 2023.xlsx",1.1721780986762937,T-shirt
01589 T-shirt unisex mblå k/æ,Alm.slid uden restværdi,1,1635,125,30155C97D461A7C0016DDC26,"PLC, Product detaljeret, Aarhus, Jul. 2023.xlsx",2.327217125382263,T-shirt
01589 T-shirt unisex mblå k/æ,Alm.slid uden restværdi,1,1634,31,30155C97D461A7C00157259A,"PLC, Product detaljeret, Aarhus, Jul. 2023.xlsx",0.5775030599755202,T-shirt
01589 T-shirt unisex mblå k/æ,Alm.slid uden restværdi,1,1633,76,30155C97D461A7C001CB7BC5,"PLC, Product detaljeret, Aarhus, Jul. 2023.xlsx",1.4166809552969994,T-shirt
01589 T-shirt unisex mblå k/æ,Alm.slid uden restværdi,1,1633,85,30155C97D461A7C001CB7CF8,"PLC, Product detaljeret, Aarhus, Jul. 2023.xlsx",1.584445805266381,T-shirt
01589 T-shirt unisex mblå k/æ,Alm.slid uden restværdi,1,1633,83,30155C97D461A7C001CB7D4F,"PLC, Product detaljeret, Aarhus, Jul. 2023.xlsx",1.5471647274954075,T-shirt
01589 T-shirt unisex mblå k/æ,Alm.slid uden restværdi,1,1626,75,30155C97D461A7C001CB7C09,"PLC, Product detaljeret, Aarhus, Jul. 2023.xlsx",1.4040590405904059,T-shirt
01589 T-shirt unisex mblå k/æ,Alm.slid uden restværdi,1,1626,89,30155C97D461A7C001CB7CD7,"PLC, Product detaljeret, Aarhus, Jul. 2023.xlsx",1.666150061500615,T-shirt
01589 T-shirt unisex mblå k/æ,Alm.slid uden restværdi,1,1626,72,30155C97D461A7C001CB7CF2,"PLC, Product detaljeret, Aarhus, Jul. 2023.xlsx",1.3478966789667897,T-shirt
01589 T-shirt unisex mblå k/æ,Alm.slid uden restværdi,1,1626,69,30155C97D461A7C001CB7D11,"PLC, Product detaljeret, Aarhus, Jul. 2023.xlsx",1.2917343173431735,T-shirt
08398 T-shirt unisex mblå k/æ bom,Alm.slid uden restværdi,1,1560,1,30155C97D461A7C001CB7013,"PLC, Product detaljeret, Aarhus, Jul. 2023.xlsx",0.019512820512820512,T-shirt
08398 T-shirt unisex mblå k/æ bom,Alm.slid uden restværdi,1,1560,5,30155C97D461A7C001CB70B8,"PLC, Product detaljeret, Aarhus, Jul. 2023.xlsx",0.09756410256410257,T-shirt
08398 T-shirt unisex mblå k/æ bom,Alm.slid uden restværdi,1,1560,4,30155C97D461A7C001D45159,"PLC, Product detaljeret, Aarhus, Jul. 2023.xlsx",0.07805128205128205,T-shirt
01589 T-shirt unisex mblå k/æ,Alm.slid uden restværdi,1,1558,60,30155C97D461A7C0020A8B8F,"PLC, Product detaljeret, Aarhus, Jul. 2023.xlsx",1.1722721437740695,T-shirt
03885 T-Shirt Lysblå Lady K/Æ P/B,Alm.slid uden restværdi,1,1449,34,00D00911F8B9,"PLC, Product detaljeret, Aarhus, Jul. 2023.xlsx",0.7142581090407178,T-shirt
01589 T-shirt unisex mblå k/æ,Alm.slid uden restværdi,1,1413,40,300ED89F33500060009D8999,"PLC, Product detaljeret, Aarhus, Jul. 2023.xlsx",0.8617126680820948,T-shirt
03885 T-Shirt Lysblå Lady K/Æ P/B,Alm.slid uden restværdi,1,1395,11,30155C97D461A7C000E0A132,"PLC, Product detaljeret, Aarhus, Jul. 2023.xlsx",0.2400286738351255,T-shirt
01589 T-shirt unisex mblå k/æ,Alm.slid uden restværdi,1,1378,61,30155C97D461A7C0020E94DA,"PLC, Product detaljeret, Aarhus, Jul. 2023.xlsx",1.347489114658926,T-shirt
01589 T-shirt unisex mblå k/æ,Alm.slid uden restværdi,1,1349,104,30155C97D461A7C00228AD89,"PLC, Product detaljeret, Aarhus, Jul. 2023.xlsx",2.346745737583395,T-shirt
01589 T-shirt unisex mblå k/æ,Alm.slid uden restværdi,1,1341,48,30155C97D461A7C002285FF4,"PLC, Product detaljeret, Aarhus, Jul. 2023.xlsx",1.0895749440715883,T-shirt
26056 T-shirt k/æ dame lyseblå,Alm.slid uden restværdi,1,1325,39,30155C97D461A7C001FC5676,"PLC, Product detaljeret, Aarhus, Jul. 2023.xlsx",0.8959698113207547,T-shirt
26056 T-shirt k/æ dame lyseblå,Alm.slid uden restværdi,1,1319,32,30155C97D461A7C001FC5766,"PLC, Product detaljeret, Aarhus, Jul. 2023.xlsx",0.7384988627748295,T-shirt
26056 T-shirt k/æ dame lyseblå,Alm.slid uden restværdi,1,1312,105,30155C97D461A7C0005C473D,"PLC, Product detaljeret, Aarhus, Jul. 2023.xlsx",2.436128048780488,T-shirt
01589 T-shirt unisex mblå k/æ,Alm.slid uden restværdi,1,1311,15,30155C97D461A7C00210DBFB,"PLC, Product detaljeret, Aarhus, Jul. 2023.xlsx",0.3482837528604119,T-shirt
26055 T-shirt 1/2 ærme da lyseblå,Alm.slid uden restværdi,1,1305,82,30155C97D461A7C00214D479,"PLC, Product detaljeret, Aarhus, Jul. 2023.xlsx",1.9127049808429117,T-shirt
26056 T-shirt k/æ dame lyseblå,Alm.slid uden restværdi,1,1264,46,30155C97D461A7C001EF71A8,"PLC, Product detaljeret, Aarhus, Jul. 2023.xlsx",1.1077848101265824,T-shirt
03885 T-Shirt Lysblå Lady K/Æ P/B,Alm.slid uden restværdi,1,1257,16,30155C97D461A7C0015B09DF,"PLC, Product detaljeret, Aarhus, Jul. 2023.xlsx",0.38746221161495625,T-shirt
26057 T-shirt k/æ uni lyseblå,Alm.slid uden restværdi,1,1253,52,30155C97D461A7C002399A72,"PLC, Product detaljeret, Aarhus, Jul. 2023.xlsx",1.2632721468475658,T-shirt
26057 T-shirt k/æ uni lyseblå,Alm.slid uden restværdi,1,1253,22,30155C97D461A7C002399A87,"PLC, Product detaljeret, Aarhus, Jul. 2023.xlsx",0.5344612928970471,T-shirt
26057 T-shirt k/æ uni lyseblå,Alm.slid uden restværdi,1,1253,22,30155C97D461A7C002399A91,"PLC, Product detaljeret, Aarhus, Jul. 2023.xlsx",0.5344612928970471,T-shirt
26057 T-shirt k/æ uni lyseblå,Alm.slid uden restværdi,1,1253,62,30155C97D461A7C002399B11,"PLC, Product detaljeret, Aarhus, Jul. 2023.xlsx",1.5062090981644056,T-shirt
26057 T-shirt k/æ uni lyseblå,Alm.slid uden restværdi,1,1253,65,30155C97D461A7C002399B26,"PLC, Product detaljeret, Aarhus, Jul. 2023.xlsx",1.5790901835594575,T-shirt
26057 T-shirt k/æ uni lyseblå,Alm.slid uden restværdi,1,1253,41,30155C97D461A7C002399B51,"PLC, Product detaljeret, Aarhus, Jul. 2023.xlsx",0.9960415003990423,T-shirt
26057 T-shirt k/æ uni lyseblå,Alm.slid uden restværdi,1,1253,61,30155C97D461A7C002399B6A,"PLC, Product detaljeret, Aarhus, Jul. 2023.xlsx",1.4819154030327215,T-shirt
24762 T-shirt da k/æ blåmela Pro,Alm.slid uden restværdi,1,1252,19,30155C97D461A7C002294B98,"PLC, Product detaljeret, Aarhus, Jul. 2023.xlsx",0.4619488817891374,T-shirt
26057 T-shirt k/æ uni lyseblå,Alm.slid uden restværdi,1,1252,46,30155C97D461A7C0023999F8,"PLC, Product detaljeret, Aarhus, Jul. 2023.xlsx",1.118402555910543,T-shirt
12151 T-shirt 1/2 æ lady lblå PB,Alm.slid uden restværdi,1,1242,42,30155C97D461A7C00120F156,"PLC, Product detaljeret, Aarhus, Jul. 2023.xlsx",1.0293719806763284,T-shirt
12151 T-shirt 1/2 æ lady lblå PB,Alm.slid uden restværdi,1,1242,37,30155C97D461A7C00120F1A5,"PLC, Product detaljeret, Aarhus, Jul. 2023.xlsx",0.9068276972624799,T-shirt
01589 T-shirt unisex mblå k/æ,Alm.slid uden restværdi,1,1229,64,30155C97D461A7C002290330,"PLC, Product detaljeret, Aarhus, Jul. 2023.xlsx",1.5851586655817738,T-shirt
01589 T-shirt unisex mblå k/æ,Alm.slid uden restværdi,1,1229,53,30155C97D461A7C002290438,"PLC, Product detaljeret, Aarhus, Jul. 2023.xlsx",1.3127095199349066,T-shirt
01589 T-shirt unisex mblå k/æ,Alm.slid uden restværdi,1,1229,62,30155C97D461A7C002296754,"PLC, Product detaljeret, Aarhus, Jul. 2023.xlsx",1.5356224572823434,T-shirt
01589 T-shirt unisex mblå k/æ,Alm.slid uden restværdi,1,1229,63,30155C97D461A7C0022968AC,"PLC, Product detaljeret, Aarhus, Jul. 2023.xlsx",1.5603905614320586,T-shirt
01589 T-shirt unisex mblå k/æ,Alm.slid uden restværdi,1,1222,50,30155C97D461A7C002290317,"PLC, Product detaljeret, Aarhus, Jul. 2023.xlsx",1.2454991816693946,T-shirt
01589 T-shirt unisex mblå k/æ,Alm.slid uden restværdi,1,1222,54,30155C97D461A7C002290318,"PLC, Product detaljeret, Aarhus, Jul. 2023.xlsx",1.345139116202946,T-shirt
01589 T-shirt unisex mblå k/æ,Alm.slid uden restværdi,1,1222,62,30155C97D461A7C002290357,"PLC, Product detaljeret, Aarhus, Jul. 2023.xlsx",1.5444189852700492,T-shirt
01589 T-shirt unisex mblå k/æ,Alm.slid uden restværdi,1,1222,62,30155C97D461A7C00229035D,"PLC, Product detaljeret, Aarhus, Jul. 2023.xlsx",1.5444189852700492,T-shirt
01589 T-shirt unisex mblå k/æ,Alm.slid uden restværdi,1,1222,52,30155C97D461A7C0022903D4,"PLC, Product detaljeret, Aarhus, Jul. 2023.xlsx",1.2953191489361702,T-shirt
01589 T-shirt unisex mblå k/æ,Alm.slid uden restværdi,1,1219,61,30155C97D461A7C0022904AC,"PLC, Product detaljeret, Aarhus, Jul. 2023.xlsx",1.5232485643970468,T-shirt
01589 T-shirt unisex mblå k/æ,Alm.slid uden restværdi,1,1219,56,30155C97D461A7C00229680A,"PLC, Product detaljeret, Aarhus, Jul. 2023.xlsx",1.398392124692371,T-shirt
24597 T-shirt You unisex Kornblå,Alm.slid uden restværdi,1,1219,1,30155C97D461A7C0023166A1,"PLC, Product detaljeret, Aarhus, Jul. 2023.xlsx",0.024971287940935196,T-shirt
26056 T-shirt k/æ dame lyseblå,Alm.slid uden restværdi,1,1219,60,30155C97D461A7C00214BE60,"PLC, Product detaljeret, Aarhus, Jul. 2023.xlsx",1.4982772764561116,T-shirt
03885 T-Shirt Lysblå Lady K/Æ P/B,Alm.slid uden restværdi,1,1216,1,30155C97D461A7C000E9064B,"PLC, Product detaljeret, Aarhus, Jul. 2023.xlsx",0.025032894736842105,T-shirt
03885 T-Shirt Lysblå Lady K/Æ P/B,Alm.slid uden restværdi,1,1148,20,30155C97D461A7C0007D170B,"PLC, Product detaljeret, Aarhus, Jul. 2023.xlsx",0.5303135888501742,T-shirt
26056 T-shirt k/æ dame lyseblå,Alm.slid uden restværdi,1,1147,52,30155C97D461A7C001FC62EB,"PLC, Product detaljeret, Aarhus, Jul. 2023.xlsx",1.3800174367916305,T-shirt
03885 T-Shirt Lysblå Lady K/Æ P/B,Alm.slid uden restværdi,1,1137,24,30155C97D461A7C0015B089C,"PLC, Product detaljeret, Aarhus, Jul. 2023.xlsx",0.642532981530343,T-shirt
26056 T-shirt k/æ dame lyseblå,Alm.slid uden restværdi,1,1124,34,30155C97D461A7C001EF7023,"PLC, Product detaljeret, Aarhus, Jul. 2023.xlsx",0.9207829181494662,T-shirt
24593 T-shirt You dame Kornblå,Alm.slid uden restværdi,1,1119,40,30155C97D461A7C002317526,"PLC, Product detaljeret, Aarhus, Jul. 2023.xlsx",1.0881143878462913,T-shirt
26056 T-shirt k/æ dame lyseblå,Alm.slid uden restværdi,1,1115,43,30155C97D461A7C0008A6499,"PLC, Product detaljeret, Aarhus, Jul. 2023.xlsx",1.1739192825112108,T-shirt
01717 T-shirt unisex kblå pb,Alm.slid uden restværdi,1,1099,62,30155C97D461A7C002769DDC,"PLC, Product detaljeret, Aarhus, Jul. 2023.xlsx",1.717270245677889,T-shirt
26056 T-shirt k/æ dame lyseblå,Alm.slid uden restværdi,1,1096,33,30155C97D461A7C00214BE8F,"PLC, Product detaljeret, Aarhus, Jul. 2023.xlsx",0.9165328467153285,T-shirt
13658 T-shirt dame lyseblå Prowear,Alm.slid uden restværdi,1,1074,43,30155C97D461A7C0023C2779,"PLC, Product detaljeret, Aarhus, Jul. 2023.xlsx",1.218733705772812,T-shirt
26056 T-shirt k/æ dame lyseblå,Alm.slid uden restværdi,1,1072,23,30155C97D461A7C001EF711A,"PLC, Product detaljeret, Aarhus, Jul. 2023.xlsx",0.6530970149253732,T-shirt
13658 T-shirt dame lyseblå Prowear,Alm.slid uden restværdi,1,1065,60,30155C97D461A7C00294DC1F,"PLC, Product detaljeret, Aarhus, Jul. 2023.xlsx",1.7149295774647888,T-shirt
01427 T-shirt unisex lyseblå pb,Alm.slid uden restværdi,1,1055,68,30155C97D461A7C00291199A,"PLC, Product detaljeret, Aarhus, Jul. 2023.xlsx",1.9620094786729858,T-shirt
12151 T-shirt 1/2 æ lady lblå PB,Alm.slid uden restværdi,1,1050,32,30155C97D461A7C000909180,"PLC, Product detaljeret, Aarhus, Jul. 2023.xlsx",0.9276952380952381,T-shirt
01589 T-shirt unisex mblå k/æ,Alm.slid uden restværdi,1,1035,36,30155C97D461A7C0027CAF59,"PLC, Product detaljeret, Aarhus, Jul. 2023.xlsx",1.0587826086956522,T-shirt
01589 T-shirt unisex mblå k/æ,Alm.slid uden restværdi,1,1027,58,30155C97D461A7C00294EF63,"PLC, Product detaljeret, Aarhus, Jul. 2023.xlsx",1.7191041869522883,T-shirt
13658 T-shirt dame lyseblå Prowear,Alm.slid uden restværdi,1,1026,32,30155C97D461A7C00294CB08,"PLC, Product detaljeret, Aarhus, Jul. 2023.xlsx",0.9493957115009747,T-shirt
01427 T-shirt unisex lyseblå pb,Alm.slid uden restværdi,1,1016,78,30155C97D461A7C002301750,"PLC, Product detaljeret, Aarhus, Jul. 2023.xlsx",2.336929133858268,T-shirt
24762 T-shirt da k/æ blåmela Pro,Alm.slid uden restværdi,1,1015,61,30155C97D461A7C002694660,"PLC, Product detaljeret, Aarhus, Jul. 2023.xlsx",1.8293990147783252,T-shirt
01589 T-shirt unisex mblå k/æ,Alm.slid uden restværdi,1,998,45,30155C97D461A6C0000E7A23,"PLC, Product detaljeret, Aarhus, Jul. 2023.xlsx",1.3725450901803609,T-shirt
01589 T-shirt unisex mblå k/æ,Alm.slid uden restværdi,1,998,33,30155C97D461A6C0000E7A7C,"PLC, Product detaljeret, Aarhus, Jul. 2023.xlsx",1.0065330661322645,T-shirt
13658 T-shirt dame lyseblå Prowear,Alm.slid uden restværdi,1,997,30,30155C97D461A6C0000F18F6,"PLC, Product detaljeret, Aarhus, Jul. 2023.xlsx",0.9159478435305918,T-shirt
01589 T-shirt unisex mblå k/æ,Alm.slid uden restværdi,1,995,24,30155C97D461A6C0000E79F6,"PLC, Product detaljeret, Aarhus, Jul. 2023.xlsx",0.7342311557788944,T-shirt
13658 T-shirt dame lyseblå Prowear,Alm.slid uden restværdi,1,983,17,30155C97D461A6C00013ED02,"PLC, Product detaljeret, Aarhus, Jul. 2023.xlsx",0.5264292980671414,T-shirt
01589 T-shirt unisex mblå k/æ,Alm.slid uden restværdi,1,964,36,30155C97D461A6C0001723FC,"PLC, Product detaljeret, Aarhus, Jul. 2023.xlsx",1.1367634854771784,T-shirt
01589 T-shirt unisex mblå k/æ,Alm.slid uden restværdi,1,961,39,30155C97D461A6C0001724C6,"PLC, Product detaljeret, Aarhus, Jul. 2023.xlsx",1.2353381893860564,T-shirt
01589 T-shirt unisex mblå k/æ,Alm.slid uden restværdi,1,961,34,30155C97D461A6C0001724D5,"PLC, Product detaljeret, Aarhus, Jul. 2023.xlsx",1.0769614984391258,T-shirt
01589 T-shirt unisex mblå k/æ,Alm.slid uden restværdi,1,961,38,30155C97D461A6C0001724AA,"PLC, Product detaljeret, Aarhus, Jul. 2023.xlsx",1.2036628511966703,T-shirt
01589 T-shirt unisex mblå k/æ,Alm.slid uden restværdi,1,961,34,30155C97D461A6C000172524,"PLC, Product detaljeret, Aarhus, Jul. 2023.xlsx",1.0769614984391258,T-shirt
01589 T-shirt unisex mblå k/æ,Alm.slid uden restværdi,1,961,35,30155C97D461A6C000172541,"PLC, Product detaljeret, Aarhus, Jul. 2023.xlsx",1.108636836628512,T-shirt
01589 T-shirt unisex mblå k/æ,Alm.slid uden restværdi,1,941,17,30155C97D461A6C000172529,"PLC, Product detaljeret, Aarhus, Jul. 2023.xlsx",0.5499256110520723,T-shirt
13658 T-shirt dame lyseblå Prowear,Alm.slid uden restværdi,1,939,35,30155C97D461A7C002449666,"PLC, Product detaljeret, Aarhus, Jul. 2023.xlsx",1.134611288604899,T-shirt
01589 T-shirt unisex mblå k/æ,Alm.slid uden restværdi,1,938,37,30155C97D461A6C00017244C,"PLC, Product detaljeret, Aarhus, Jul. 2023.xlsx",1.200724946695096,T-shirt
01589 T-shirt unisex mblå k/æ,Alm.slid uden restværdi,1,938,30,30155C97D461A6C0001724C2,"PLC, Product detaljeret, Aarhus, Jul. 2023.xlsx",0.9735607675906184,T-shirt
01589 T-shirt unisex mblå k/æ,Alm.slid uden restværdi,1,938,34,30155C97D461A6C000172562,"PLC, Product detaljeret, Aarhus, Jul. 2023.xlsx",1.103368869936034,T-shirt
01589 T-shirt unisex mblå k/æ,Alm.slid uden restværdi,1,938,29,30155C97D461A6C0001725CC,"PLC, Product detaljeret, Aarhus, Jul. 2023.xlsx",0.9411087420042644,T-shirt
13658 T-shirt dame lyseblå Prowear,Alm.slid uden restværdi,1,928,27,30155C97D461A6C0000E97C0,"PLC, Product detaljeret, Aarhus, Jul. 2023.xlsx",0.885646551724138,T-shirt
13658 T-shirt dame lyseblå Prowear,Alm.slid uden restværdi,1,913,24,30155C97D461A6C0001B3B16,"PLC, Product detaljeret, Aarhus, Jul. 2023.xlsx",0.8001752464403067,T-shirt
26056 T-shirt k/æ dame lyseblå,Alm.slid uden restværdi,1,897,58,30155C97D461A7C002399B92,"PLC, Product detaljeret, Aarhus, Jul. 2023.xlsx",1.9682497212931997,T-shirt
01589 T-shirt unisex mblå k/æ,Alm.slid uden restværdi,1,885,15,30155C97D461A6C00020FBFF,"PLC, Product detaljeret, Aarhus, Jul. 2023.xlsx",0.5159322033898305,T-shirt
01589 T-shirt unisex mblå k/æ,Alm.slid uden restværdi,1,885,13,30155C97D461A6C00020FC1E,"PLC, Product detaljeret, Aarhus, Jul. 2023.xlsx",0.4471412429378531,T-shirt
01589 T-shirt unisex mblå k/æ,Alm.slid uden restværdi,1,869,15,30155C97D461A6C00030EDA5,"PLC, Product detaljeret, Aarhus, Jul. 2023.xlsx",0.5254315304948216,T-shirt
01589 T-shirt unisex mblå k/æ,Alm.slid uden restværdi,1,855,50,30155C97D461A6C0002B9201,"PLC, Product detaljeret, Aarhus, Jul. 2023.xlsx",1.7801169590643275,T-shirt
01589 T-shirt unisex mblå k/æ,Alm.slid uden restværdi,1,855,58,30155C97D461A6C0002B922D,"PLC, Product detaljeret, Aarhus, Jul. 2023.xlsx",2.0649356725146197,T-shirt
01589 T-shirt unisex mblå k/æ,Alm.slid uden restværdi,1,855,62,30155C97D461A6C0002B9230,"PLC, Product detaljeret, Aarhus, Jul. 2023.xlsx",2.2073450292397663,T-shirt
01589 T-shirt unisex mblå k/æ,Alm.slid uden restværdi,1,855,48,30155C97D461A6C0002B924D,"PLC, Product detaljeret, Aarhus, Jul. 2023.xlsx",1.7089122807017545,T-shirt
01589 T-shirt unisex mblå k/æ,Alm.slid uden restværdi,1,855,45,30155C97D461A6C0002B929A,"PLC, Product detaljeret, Aarhus, Jul. 2023.xlsx",1.6021052631578947,T-shirt
01589 T-shirt unisex mblå k/æ,Alm.slid uden restværdi,1,855,54,30155C97D461A6C0002B92A5,"PLC, Product detaljeret, Aarhus, Jul. 2023.xlsx",1.9225263157894739,T-shirt
01589 T-shirt unisex mblå k/æ,Alm.slid uden restværdi,1,855,51,30155C97D461A6C0002B92B9,"PLC, Product detaljeret, Aarhus, Jul. 2023.xlsx",1.815719298245614,T-shirt
01589 T-shirt unisex mblå k/æ,Alm.slid uden restværdi,1,855,47,30155C97D461A6C0002B9314,"PLC, Product detaljeret, Aarhus, Jul. 2023.xlsx",1.673309941520468,T-shirt
01589 T-shirt unisex mblå k/æ,Alm.slid uden restværdi,1,855,54,30155C97D461A6C0002B932B,"PLC, Product detaljeret, Aarhus, Jul. 2023.xlsx",1.9225263157894739,T-shirt
01589 T-shirt unisex mblå k/æ,Alm.slid uden restværdi,1,855,39,30155C97D461A6C0002B9345,"PLC, Product detaljeret, Aarhus, Jul. 2023.xlsx",1.3884912280701756,T-shirt
01589 T-shirt unisex mblå k/æ,Alm.slid uden restværdi,1,855,44,30155C97D461A6C0002B9360,"PLC, Product detaljeret, Aarhus, Jul. 2023.xlsx",1.5665029239766084,T-shirt
01589 T-shirt unisex mblå k/æ,Alm.slid uden restværdi,1,855,64,30155C97D461A6C0002B93A9,"PLC, Product detaljeret, Aarhus, Jul. 2023.xlsx",2.2785497076023393,T-shirt
01589 T-shirt unisex mblå k/æ,Alm.slid uden restværdi,1,855,48,30155C97D461A6C00030D9EB,"PLC, Product detaljeret, Aarhus, Jul. 2023.xlsx",1.7089122807017545,T-shirt
13658 T-shirt dame lyseblå Prowear,Alm.slid uden restværdi,1,838,46,30155C97D461A6C00039E4D1,"PLC, Product detaljeret, Aarhus, Jul. 2023.xlsx",1.670930787589499,T-shirt
01589 T-shirt unisex mblå k/æ,Alm.slid uden restværdi,1,834,6,30155C97D461A6C00030D591,"PLC, Product detaljeret, Aarhus, Jul. 2023.xlsx",0.2189928057553957,T-shirt
01717 T-shirt unisex kblå pb,Alm.slid uden restværdi,1,819,63,30155C97D461A6C0001B3AE1,"PLC, Product detaljeret, Aarhus, Jul. 2023.xlsx",2.3415384615384616,T-shirt
13658 T-shirt dame lyseblå Prowear,Alm.slid uden restværdi,1,816,57,30155C97D461A6C000817548,"PLC, Product detaljeret, Aarhus, Jul. 2023.xlsx",2.126323529411765,T-shirt
26056 T-shirt k/æ dame lyseblå,Alm.slid uden restværdi,1,790,35,30155C97D461A7C0006A9D15,"PLC, Product detaljeret, Aarhus, Jul. 2023.xlsx",1.348607594936709,T-shirt
26056 T-shirt k/æ dame lyseblå,Alm.slid uden restværdi,1,783,40,30155C97D461A7C0006A9C38,"PLC, Product detaljeret, Aarhus, Jul. 2023.xlsx",1.5550446998722862,T-shirt
13658 T-shirt dame lyseblå Prowear,Alm.slid uden restværdi,1,760,15,30155C97D461A6C0002F2E86,"PLC, Product detaljeret, Aarhus, Jul. 2023.xlsx",0.6007894736842105,T-shirt
01589 T-shirt unisex mblå k/æ,Alm.slid uden restværdi,1,748,55,30155C97D461A6C000B13594,"PLC, Product detaljeret, Aarhus, Jul. 2023.xlsx",2.238235294117647,T-shirt
26056 T-shirt k/æ dame lyseblå,Alm.slid uden restværdi,1,727,39,30155C97D461A7C0006A9D33,"PLC, Product detaljeret, Aarhus, Jul. 2023.xlsx",1.6329573590096287,T-shirt
13658 T-shirt dame lyseblå Prowear,Alm.slid uden restværdi,1,719,60,30155C97D461A6C000B19E19,"PLC, Product detaljeret, Aarhus, Jul. 2023.xlsx",2.5401947148817805,T-shirt
13658 T-shirt dame lyseblå Prowear,Alm.slid uden restværdi,1,712,12,30155C97D461A6C0008D7B5F,"PLC, Product detaljeret, Aarhus, Jul. 2023.xlsx",0.5130337078651686,T-shirt
13658 T-shirt dame lyseblå Prowear,Alm.slid uden restværdi,1,708,42,30155C97D461A6C0000F74D1,"PLC, Product detaljeret, Aarhus, Jul. 2023.xlsx",1.8057627118644068,T-shirt
26056 T-shirt k/æ dame lyseblå,Alm.slid uden restværdi,1,697,37,30155C97D461A7C001EF6FFD,"PLC, Product detaljeret, Aarhus, Jul. 2023.xlsx",1.615896700143472,T-shirt
26056 T-shirt k/æ dame lyseblå,Alm.slid uden restværdi,1,679,29,30155C97D461A6C000839EBF,"PLC, Product detaljeret, Aarhus, Jul. 2023.xlsx",1.3000883652430044,T-shirt
26056 T-shirt k/æ dame lyseblå,Alm.slid uden restværdi,1,679,24,30155C97D461A6C000839EE1,"PLC, Product detaljeret, Aarhus, Jul. 2023.xlsx",1.075935198821797,T-shirt
26056 T-shirt k/æ dame lyseblå,Alm.slid uden restværdi,1,678,23,30155C97D461A7C001FC3990,"PLC, Product detaljeret, Aarhus, Jul. 2023.xlsx",1.0326253687315634,T-shirt
13658 T-shirt dame lyseblå Prowear,Alm.slid uden restværdi,1,674,38,30155C97D461A6C0008CBBC0,"PLC, Product detaljeret, Aarhus, Jul. 2023.xlsx",1.7162017804154301,T-shirt
26056 T-shirt k/æ dame lyseblå,Alm.slid uden restværdi,1,674,44,30155C97D461A6C00083A7FE,"PLC, Product detaljeret, Aarhus, Jul. 2023.xlsx",1.9871810089020774,T-shirt
01589 T-shirt unisex mblå k/æ,Alm.slid uden restværdi,1,669,23,30155C97D461A6C000BA01F5,"PLC, Product detaljeret, Aarhus, Jul. 2023.xlsx",1.0465171898355754,T-shirt
13658 T-shirt dame lyseblå Prowear,Alm.slid uden restværdi,1,665,48,30155C97D461A6C0008C37FB,"PLC, Product detaljeret, Aarhus, Jul. 2023.xlsx",2.1971729323308273,T-shirt
01427 T-shirt unisex lyseblå pb,Alm.slid uden restværdi,1,664,44,30155C97D461A6C0015854EF,"PLC, Product detaljeret, Aarhus, Jul. 2023.xlsx",2.01710843373494,T-shirt
13658 T-shirt dame lyseblå Prowear,Alm.slid uden restværdi,1,662,22,30155C97D461A6C0008CBC39,"PLC, Product detaljeret, Aarhus, Jul. 2023.xlsx",1.0116012084592145,T-shirt
26056 T-shirt k/æ dame lyseblå,Alm.slid uden restværdi,1,660,26,30155C97D461A6C000839DE6,"PLC, Product detaljeret, Aarhus, Jul. 2023.xlsx",1.199151515151515,T-shirt
01589 T-shirt unisex mblå k/æ,Alm.slid uden restværdi,1,648,10,30155C97D461A6C0000E83E4,"PLC, Product detaljeret, Aarhus, Jul. 2023.xlsx",0.4697530864197531,T-shirt
01589 T-shirt unisex mblå k/æ,Alm.slid uden restværdi,1,646,4,300ED89F33500060009D98B7,"PLC, Product detaljeret, Aarhus, Jul. 2023.xlsx",0.18848297213622292,T-shirt
13658 T-shirt dame lyseblå Prowear,Alm.slid uden restværdi,1,616,6,30155C97D461A6C00084297A,"PLC, Product detaljeret, Aarhus, Jul. 2023.xlsx",0.2964935064935065,T-shirt
01589 T-shirt unisex mblå k/æ,Alm.slid uden restværdi,1,612,51,00D00B4E8257,"PLC, Product detaljeret, Aarhus, Jul. 2023.xlsx",2.5366666666666666,T-shirt
01589 T-shirt unisex mblå k/æ,Alm.slid uden restværdi,1,612,31,00D00B4E83D1,"PLC, Product detaljeret, Aarhus, Jul. 2023.xlsx",1.5418954248366015,T-shirt
01589 T-shirt unisex mblå k/æ,Alm.slid uden restværdi,1,612,58,00D00B4E8715,"PLC, Product detaljeret, Aarhus, Jul. 2023.xlsx",2.8848366013071898,T-shirt
01589 T-shirt unisex mblå k/æ,Alm.slid uden restværdi,1,612,14,30155C97D461A6C000E223C2,"PLC, Product detaljeret, Aarhus, Jul. 2023.xlsx",0.6963398692810457,T-shirt
01589 T-shirt unisex mblå k/æ,Alm.slid uden restværdi,1,609,35,30155C97D461A6C000B007ED,"PLC, Product detaljeret, Aarhus, Jul. 2023.xlsx",1.7494252873563219,T-shirt
13658 T-shirt dame lyseblå Prowear,Alm.slid uden restværdi,1,608,13,30155C97D461A6C0012F8573,"PLC, Product detaljeret, Aarhus, Jul. 2023.xlsx",0.6508552631578948,T-shirt
13658 T-shirt dame lyseblå Prowear,Alm.slid uden restværdi,1,608,12,30155C97D461A6C0012F8669,"PLC, Product detaljeret, Aarhus, Jul. 2023.xlsx",0.6007894736842105,T-shirt
01589 T-shirt unisex mblå k/æ,Alm.slid uden restværdi,1,599,44,30155C97D461A6C000E2239B,"PLC, Product detaljeret, Aarhus, Jul. 2023.xlsx",2.2359933222036728,T-shirt
01589 T-shirt unisex mblå k/æ,Alm.slid uden restværdi,1,599,27,30155C97D461A6C0015C332B,"PLC, Product detaljeret, Aarhus, Jul. 2023.xlsx",1.3720868113522537,T-shirt
13658 T-shirt dame lyseblå Prowear,Alm.slid uden restværdi,1,598,13,30155C97D461A6C0008429DF,"PLC, Product detaljeret, Aarhus, Jul. 2023.xlsx",0.6617391304347826,T-shirt
01717 T-shirt unisex kblå pb,Alm.slid uden restværdi,1,594,0,30155C97D461A6C000BACF4C,"PLC, Product detaljeret, Aarhus, Jul. 2023.xlsx",0.0,T-shirt
01717 T-shirt unisex kblå pb,Alm.slid uden restværdi,1,594,0,30155C97D461A6C000BACF50,"PLC, Product detaljeret, Aarhus, Jul. 2023.xlsx",0.0,T-shirt
01717 T-shirt unisex kblå pb,Alm.slid uden restværdi,1,594,0,30155C97D461A6C000BAD029,"PLC, Product detaljeret, Aarhus, Jul. 2023.xlsx",0.0,T-shirt
01717 T-shirt unisex kblå pb,Alm.slid uden restværdi,1,594,0,30155C97D461A6C0015C4EE7,"PLC, Product detaljeret, Aarhus, Jul. 2023.xlsx",0.0,T-shirt
01717 T-shirt unisex kblå pb,Alm.slid uden restværdi,1,594,0,30155C97D461A6C0015C4F7D,"PLC, Product detaljeret, Aarhus, Jul. 2023.xlsx",0.0,T-shirt
13658 T-shirt dame lyseblå Prowear,Alm.slid uden restværdi,1,590,11,30155C97D461A6C0008429F2,"PLC, Product detaljeret, Aarhus, Jul. 2023.xlsx",0.5675254237288136,T-shirt
01589 T-shirt unisex mblå k/æ,Alm.slid uden restværdi,1,588,17,30155C97D461A6C0008175B6,"PLC, Product detaljeret, Aarhus, Jul. 2023.xlsx",0.8800680272108844,T-shirt
08398 T-shirt unisex mblå k/æ bom,Alm.slid uden restværdi,1,577,7,30155C97D461A6C0015C63CB,"PLC, Product detaljeret, Aarhus, Jul. 2023.xlsx",0.36928942807625653,T-shirt
24593 T-shirt You dame Kornblå,Alm.slid uden restværdi,1,572,2,30155C97D461A7C0026978D1,"PLC, Product detaljeret, Aarhus, Jul. 2023.xlsx",0.10643356643356644,T-shirt
13658 T-shirt dame lyseblå Prowear,Alm.slid uden restværdi,1,561,21,30155C97D461A6C00105DB5E,"PLC, Product detaljeret, Aarhus, Jul. 2023.xlsx",1.1394652406417112,T-shirt
13658 T-shirt dame lyseblå Prowear,Alm.slid uden restværdi,1,559,8,30155C97D461A6C0015C548B,"PLC, Product detaljeret, Aarhus, Jul. 2023.xlsx",0.43563506261180684,T-shirt
13658 T-shirt dame lyseblå Prowear,Alm.slid uden restværdi,1,558,42,30155C97D461A6C0008BF841,"PLC, Product detaljeret, Aarhus, Jul. 2023.xlsx",2.291182795698925,T-shirt
13658 T-shirt dame lyseblå Prowear,Alm.slid uden restværdi,1,555,29,30155C97D461A6C0008BF81C,"PLC, Product detaljeret, Aarhus, Jul. 2023.xlsx",1.5905585585585587,T-shirt
03885 T-Shirt Lysblå Lady K/Æ P/B,Alm.slid uden restværdi,1,542,21,30155C97D461A7C001384D4D,"PLC, Product detaljeret, Aarhus, Jul. 2023.xlsx",1.179409594095941,T-shirt
08398 T-shirt unisex mblå k/æ bom,Alm.slid uden restværdi,1,537,1,30155C97D461A6C000E32357,"PLC, Product detaljeret, Aarhus, Jul. 2023.xlsx",0.0566852886405959,T-shirt
08398 T-shirt unisex mblå k/æ bom,Alm.slid uden restværdi,1,512,7,30155C97D461A6C0009105A0,"PLC, Product detaljeret, Aarhus, Jul. 2023.xlsx",0.416171875,T-shirt
24593 T-shirt You dame Kornblå,Alm.slid uden restværdi,1,507,2,30155C97D461A7C0022FAABA,"PLC, Product detaljeret, Aarhus, Jul. 2023.xlsx",0.12007889546351086,T-shirt
01589 T-shirt unisex mblå k/æ,Alm.slid uden restværdi,1,495,12,30155C97D461A6C0008D2565,"PLC, Product detaljeret, Aarhus, Jul. 2023.xlsx",0.737939393939394,T-shirt
01589 T-shirt unisex mblå k/æ,Alm.slid uden restværdi,1,484,28,30155C97D461A6C000BA188B,"PLC, Product detaljeret, Aarhus, Jul. 2023.xlsx",1.7609917355371902,T-shirt
08398 T-shirt unisex mblå k/æ bom,Alm.slid uden restværdi,1,483,1,30155C97D461A7C001CBAE29,"PLC, Product detaljeret, Aarhus, Jul. 2023.xlsx",0.06302277432712217,T-shirt
13658 T-shirt dame lyseblå Prowear,Alm.slid uden restværdi,1,481,8,30155C97D461A6C000D887B5,"PLC, Product detaljeret, Aarhus, Jul. 2023.xlsx",0.5062785862785864,T-shirt
01589 T-shirt unisex mblå k/æ,Alm.slid uden restværdi,1,476,11,30155C97D461A6C0008C65E2,"PLC, Product detaljeret, Aarhus, Jul. 2023.xlsx",0.7034453781512605,T-shirt
01589 T-shirt unisex mblå k/æ,Alm.slid uden restværdi,1,471,19,30155C97D461A6C0007083F4,"PLC, Product detaljeret, Aarhus, Jul. 2023.xlsx",1.227940552016985,T-shirt
01589 T-shirt unisex mblå k/æ,Alm.slid uden restværdi,1,471,18,30155C97D461A6C00070844E,"PLC, Product detaljeret, Aarhus, Jul. 2023.xlsx",1.1633121019108281,T-shirt
01589 T-shirt unisex mblå k/æ,Alm.slid uden restværdi,1,456,17,30155C97D461A6C00090B3C3,"PLC, Product detaljeret, Aarhus, Jul. 2023.xlsx",1.1348245614035088,T-shirt
01589 T-shirt unisex mblå k/æ,Alm.slid uden restværdi,1,455,30,30155C97D461A6C00090A8A2,"PLC, Product detaljeret, Aarhus, Jul. 2023.xlsx",2.007032967032967,T-shirt
24597 T-shirt You unisex Kornblå,Alm.slid uden restværdi,1,445,18,30155C97D461A6C0015B66BD,"PLC, Product detaljeret, Aarhus, Jul. 2023.xlsx",1.2312808988764046,T-shirt
01589 T-shirt unisex mblå k/æ,Alm.slid uden restværdi,1,439,28,30155C97D461A6C001626DFE,"PLC, Product detaljeret, Aarhus, Jul. 2023.xlsx",1.9415034168564922,T-shirt
01589 T-shirt unisex mblå k/æ,Alm.slid uden restværdi,1,439,27,30155C97D461A6C001626EC9,"PLC, Product detaljeret, Aarhus, Jul. 2023.xlsx",1.8721640091116174,T-shirt
01589 T-shirt unisex mblå k/æ,Alm.slid uden restværdi,1,439,24,30155C97D461A6C001626EE3,"PLC, Product detaljeret, Aarhus, Jul. 2023.xlsx",1.6641457858769932,T-shirt
24597 T-shirt You unisex Kornblå,Alm.slid uden restværdi,1,435,13,30155C97D461A6C0015B667D,"PLC, Product detaljeret, Aarhus, Jul. 2023.xlsx",0.9097011494252873,T-shirt
01717 T-shirt unisex kblå pb,Alm.slid uden restværdi,1,432,2,30155C97D461A6C000639582,"PLC, Product detaljeret, Aarhus, Jul. 2023.xlsx",0.14092592592592593,T-shirt
08398 T-shirt unisex mblå k/æ bom,Alm.slid uden restværdi,1,430,1,30155C97D461A6C00162615C,"PLC, Product detaljeret, Aarhus, Jul. 2023.xlsx",0.0707906976744186,T-shirt
24597 T-shirt You unisex Kornblå,Alm.slid uden restværdi,1,429,19,30155C97D461A6C0015B66A3,"PLC, Product detaljeret, Aarhus, Jul. 2023.xlsx",1.3481585081585081,T-shirt
01589 T-shirt unisex mblå k/æ,Alm.slid uden restværdi,1,399,10,30155C97D461A4C00093930E,"PLC, Product detaljeret, Aarhus, Jul. 2023.xlsx",0.7629072681704261,T-shirt
08398 T-shirt unisex mblå k/æ bom,Alm.slid uden restværdi,1,399,8,30155C97D461A6C00185E177,"PLC, Product detaljeret, Aarhus, Jul. 2023.xlsx",0.6103258145363408,T-shirt
08398 T-shirt unisex mblå k/æ bom,Alm.slid uden restværdi,1,399,5,30155C97D461A6C00185E25B,"PLC, Product detaljeret, Aarhus, Jul. 2023.xlsx",0.38145363408521304,T-shirt
01589 T-shirt unisex mblå k/æ,Alm.slid uden restværdi,1,366,8,30155C97D461A4C00092241B,"PLC, Product detaljeret, Aarhus, Jul. 2023.xlsx",0.6653551912568306,T-shirt
25055 T-shirt uni k/æ blåmelan Pro,Alm.slid uden restværdi,1,364,11,30155C97D461A4C00064F97A,"PLC, Product detaljeret, Aarhus, Jul. 2023.xlsx",0.9198901098901099,T-shirt
13658 T-shirt dame lyseblå Prowear,Alm.slid uden restværdi,1,363,16,30155C97D461A6C000913890,"PLC, Product detaljeret, Aarhus, Jul. 2023.xlsx",1.3417079889807164,T-shirt
01589 T-shirt unisex mblå k/æ,Alm.slid uden restværdi,1,323,0,30155C97D461A6C0010EF7E7,"PLC, Product detaljeret, Aarhus, Jul. 2023.xlsx",0.0,T-shirt
08398 T-shirt unisex mblå k/æ bom,Alm.slid uden restværdi,1,315,3,30155C97D461A6C001861EFF,"PLC, Product detaljeret, Aarhus, Jul. 2023.xlsx",0.28990476190476194,T-shirt
08398 T-shirt unisex mblå k/æ bom,Alm.slid uden restværdi,1,310,1,30155C97D461A6C001601EAD,"PLC, Product detaljeret, Aarhus, Jul. 2023.xlsx",0.09819354838709678,T-shirt
08398 T-shirt unisex mblå k/æ bom,Alm.slid uden restværdi,1,310,1,30155C97D461A6C001601F17,"PLC, Product detaljeret, Aarhus, Jul. 2023.xlsx",0.09819354838709678,T-shirt
08398 T-shirt unisex mblå k/æ bom,Alm.slid uden restværdi,1,310,1,30155C97D461A6C001601F1A,"PLC, Product detaljeret, Aarhus, Jul. 2023.xlsx",0.09819354838709678,T-shirt
08398 T-shirt unisex mblå k/æ bom,Alm.slid uden restværdi,1,310,2,30155C97D461A6C001601F8A,"PLC, Product detaljeret, Aarhus, Jul. 2023.xlsx",0.19638709677419355,T-shirt
08398 T-shirt unisex mblå k/æ bom,Alm.slid uden restværdi,1,310,1,30155C97D461A6C001602049,"PLC, Product detaljeret, Aarhus, Jul. 2023.xlsx",0.09819354838709678,T-shirt
08398 T-shirt unisex mblå k/æ bom,Alm.slid uden restværdi,1,310,1,30155C97D461A6C00160204B,"PLC, Product detaljeret, Aarhus, Jul. 2023.xlsx",0.09819354838709678,T-shirt
13658 T-shirt dame lyseblå Prowear,Alm.slid uden restværdi,1,307,13,30155C97D461A6C00160378E,"PLC, Product detaljeret, Aarhus, Jul. 2023.xlsx",1.2889902280130292,T-shirt
08398 T-shirt unisex mblå k/æ bom,Alm.slid uden restværdi,1,306,1,30155C97D461A6C001601FD5,"PLC, Product detaljeret, Aarhus, Jul. 2023.xlsx",0.09947712418300654,T-shirt
01589 T-shirt unisex mblå k/æ,Alm.slid uden restværdi,1,302,3,30155C97D461A6C0018617C7,"PLC, Product detaljeret, Aarhus, Jul. 2023.xlsx",0.30238410596026494,T-shirt
01589 T-shirt unisex mblå k/æ,Alm.slid uden restværdi,1,301,16,00D00B6557BE,"PLC, Product detaljeret, Aarhus, Jul. 2023.xlsx",1.6180730897009967,T-shirt
13658 T-shirt dame lyseblå Prowear,Alm.slid uden restværdi,1,284,8,30155C97D461A6C00160375C,"PLC, Product detaljeret, Aarhus, Jul. 2023.xlsx",0.8574647887323944,T-shirt
13658 T-shirt dame lyseblå Prowear,Alm.slid uden restværdi,1,278,9,30155C97D461A4C00092E190,"PLC, Product detaljeret, Aarhus, Jul. 2023.xlsx",0.9854676258992806,T-shirt
13658 T-shirt dame lyseblå Prowear,Alm.slid uden restværdi,1,278,11,30155C97D461A4C00092E2B6,"PLC, Product detaljeret, Aarhus, Jul. 2023.xlsx",1.2044604316546763,T-shirt
25055 T-shirt uni k/æ blåmelan Pro,Alm.slid uden restværdi,1,274,19,30155C97D461A6C000EB19A4,"PLC, Product detaljeret, Aarhus, Jul. 2023.xlsx",2.1108029197080294,T-shirt
13658 T-shirt dame lyseblå Prowear,Alm.slid uden restværdi,1,249,1,30155C97D461A6C0010F145F,"PLC, Product detaljeret, Aarhus, Jul. 2023.xlsx",0.12224899598393574,T-shirt
27110 T-Shirt Csr Unisex Lysblå,Alm.slid uden restværdi,1,242,12,30155C97D461A6C0015FE26E,"PLC, Product detaljeret, Aarhus, Jul. 2023.xlsx",1.5094214876033059,T-shirt
01589 T-shirt unisex mblå k/æ,Alm.slid uden restværdi,1,241,15,30155C97D461A6C001B9C3BD,"PLC, Product detaljeret, Aarhus, Jul. 2023.xlsx",1.8946058091286309,T-shirt
01589 T-shirt unisex mblå k/æ,Alm.slid uden restværdi,1,241,13,30155C97D461A6C001B9C419,"PLC, Product detaljeret, Aarhus, Jul. 2023.xlsx",1.6419917012448135,T-shirt
01589 T-shirt unisex mblå k/æ,Alm.slid uden restværdi,1,241,14,30155C97D461A6C001B9C43A,"PLC, Product detaljeret, Aarhus, Jul. 2023.xlsx",1.7682987551867222,T-shirt
27110 T-Shirt Csr Unisex Lysblå,Alm.slid uden restværdi,1,237,16,30155C97D461A6C00135FEB4,"PLC, Product detaljeret, Aarhus, Jul. 2023.xlsx",2.0550210970464136,T-shirt
08398 T-shirt unisex mblå k/æ bom,Alm.slid uden restværdi,1,236,16,30155C97D461A6C000817851,"PLC, Product detaljeret, Aarhus, Jul. 2023.xlsx",2.063728813559322,T-shirt
26961 T-shirt CSR dame lysblå,Alm.slid uden restværdi,1,235,10,30155C97D461A6C0010E8DFC,"PLC, Product detaljeret, Aarhus, Jul. 2023.xlsx",1.2953191489361702,T-shirt
26961 T-shirt CSR dame lysblå,Alm.slid uden restværdi,1,232,16,30155C97D461A6C00133AD2D,"PLC, Product detaljeret, Aarhus, Jul. 2023.xlsx",2.099310344827586,T-shirt
26961 T-shirt CSR dame lysblå,Alm.slid uden restværdi,1,232,17,30155C97D461A6C0015FEDC3,"PLC, Product detaljeret, Aarhus, Jul. 2023.xlsx",2.23051724137931,T-shirt
26961 T-shirt CSR dame lysblå,Alm.slid uden restværdi,1,232,15,30155C97D461A6C0015FEF84,"PLC, Product detaljeret, Aarhus, Jul. 2023.xlsx",1.9681034482758624,T-shirt
01589 T-shirt unisex mblå k/æ,Alm.slid uden restværdi,1,231,10,30155C97D461A4C000E98886,"PLC, Product detaljeret, Aarhus, Jul. 2023.xlsx",1.3177489177489177,T-shirt
26961 T-shirt CSR dame lysblå,Alm.slid uden restværdi,1,231,13,30155C97D461A6C0015FEEAF,"PLC, Product detaljeret, Aarhus, Jul. 2023.xlsx",1.7130735930735932,T-shirt
26961 T-shirt CSR dame lysblå,Alm.slid uden restværdi,1,231,7,30155C97D461A6C0015FEEB1,"PLC, Product detaljeret, Aarhus, Jul. 2023.xlsx",0.9224242424242425,T-shirt
26961 T-shirt CSR dame lysblå,Alm.slid uden restværdi,1,231,14,30155C97D461A6C0018619F0,"PLC, Product detaljeret, Aarhus, Jul. 2023.xlsx",1.844848484848485,T-shirt
24593 T-shirt You dame Kornblå,Alm.slid uden restværdi,1,229,5,30155C97D461A6C0015B6120,"PLC, Product detaljeret, Aarhus, Jul. 2023.xlsx",0.6646288209606986,T-shirt
01589 T-shirt unisex mblå k/æ,Alm.slid uden restværdi,1,228,10,30155C97D461A6C0018EA049,"PLC, Product detaljeret, Aarhus, Jul. 2023.xlsx",1.3350877192982455,T-shirt
26961 T-shirt CSR dame lysblå,Alm.slid uden restværdi,1,222,14,30155C97D461A6C0015FD5D8,"PLC, Product detaljeret, Aarhus, Jul. 2023.xlsx",1.9196396396396396,T-shirt
01589 T-shirt unisex mblå k/æ,Alm.slid uden restværdi,1,221,8,30155C97D461A6C0018F138E,"PLC, Product detaljeret, Aarhus, Jul. 2023.xlsx",1.101900452488688,T-shirt
26961 T-shirt CSR dame lysblå,Alm.slid uden restværdi,1,220,1,30155C97D461A6C0010E13A7,"PLC, Product detaljeret, Aarhus, Jul. 2023.xlsx",0.13836363636363636,T-shirt
26961 T-shirt CSR dame lysblå,Alm.slid uden restværdi,1,217,5,30155C97D461A6C0010DDB6D,"PLC, Product detaljeret, Aarhus, Jul. 2023.xlsx",0.7013824884792628,T-shirt
26961 T-shirt CSR dame lysblå,Alm.slid uden restværdi,1,217,20,30155C97D461A6C00133AC21,"PLC, Product detaljeret, Aarhus, Jul. 2023.xlsx",2.805529953917051,T-shirt
26961 T-shirt CSR dame lysblå,Alm.slid uden restværdi,1,217,18,30155C97D461A6C00133AD06,"PLC, Product detaljeret, Aarhus, Jul. 2023.xlsx",2.524976958525346,T-shirt
26961 T-shirt CSR dame lysblå,Alm.slid uden restværdi,1,217,16,30155C97D461A6C0015FEE25,"PLC, Product detaljeret, Aarhus, Jul. 2023.xlsx",2.2444239631336407,T-shirt
26961 T-shirt CSR dame lysblå,Alm.slid uden restværdi,1,217,15,30155C97D461A6C0015FEE88,"PLC, Product detaljeret, Aarhus, Jul. 2023.xlsx",2.104147465437788,T-shirt
26961 T-shirt CSR dame lysblå,Alm.slid uden restværdi,1,217,14,30155C97D461A6C0015FEE8D,"PLC, Product detaljeret, Aarhus, Jul. 2023.xlsx",1.9638709677419355,T-shirt
27110 T-Shirt Csr Unisex Lysblå,Alm.slid uden restværdi,1,215,6,30155C97D461A6C0010DEA22,"PLC, Product detaljeret, Aarhus, Jul. 2023.xlsx",0.8494883720930233,T-shirt
27110 T-Shirt Csr Unisex Lysblå,Alm.slid uden restværdi,1,215,5,30155C97D461A6C00135EC53,"PLC, Product detaljeret, Aarhus, Jul. 2023.xlsx",0.707906976744186,T-shirt
26056 T-shirt k/æ dame lyseblå,Alm.slid uden restværdi,1,214,6,30155C97D461A6C0018E5660,"PLC, Product detaljeret, Aarhus, Jul. 2023.xlsx",0.8534579439252337,T-shirt
26961 T-shirt CSR dame lysblå,Alm.slid uden restværdi,1,214,1,30155C97D461A6C0010E1470,"PLC, Product detaljeret, Aarhus, Jul. 2023.xlsx",0.1422429906542056,T-shirt
26961 T-shirt CSR dame lysblå,Alm.slid uden restværdi,1,214,1,30155C97D461A6C0010E1566,"PLC, Product detaljeret, Aarhus, Jul. 2023.xlsx",0.1422429906542056,T-shirt
24597 T-shirt You unisex Kornblå,Alm.slid uden restværdi,1,197,2,30155C97D461A4C00066B436,"PLC, Product detaljeret, Aarhus, Jul. 2023.xlsx",0.30903553299492387,T-shirt
01589 T-shirt unisex mblå k/æ,Alm.slid uden restværdi,1,193,6,30155C97D461A6C0018F4F7E,"PLC, Product detaljeret, Aarhus, Jul. 2023.xlsx",0.946321243523316,T-shirt
26056 T-shirt k/æ dame lyseblå,Alm.slid uden restværdi,1,183,7,30155C97D461A6C00084FBE9,"PLC, Product detaljeret, Aarhus, Jul. 2023.xlsx",1.1643715846994536,T-shirt
13658 T-shirt dame lyseblå Prowear,Alm.slid uden restværdi,1,168,13,30155C97D461A4C000D6E9CE,"PLC, Product detaljeret, Aarhus, Jul. 2023.xlsx",2.3554761904761907,T-shirt
26961 T-shirt CSR dame lysblå,Alm.slid uden restværdi,1,168,8,30155C97D461A6C0010D8895,"PLC, Product detaljeret, Aarhus, Jul. 2023.xlsx",1.4495238095238094,T-shirt
26961 T-shirt CSR dame lysblå,Alm.slid uden restværdi,1,166,10,30155C97D461A6C0010D86EF,"PLC, Product detaljeret, Aarhus, Jul. 2023.xlsx",1.8337349397590361,T-shirt
01427 T-shirt unisex lyseblå pb,Alm.slid uden restværdi,1,156,12,30155C97D461A6C0018F32C7,"PLC, Product detaljeret, Aarhus, Jul. 2023.xlsx",2.3415384615384616,T-shirt
27110 T-Shirt Csr Unisex Lysblå,Alm.slid uden restværdi,1,153,10,30155C97D461A6C001A68F10,"PLC, Product detaljeret, Aarhus, Jul. 2023.xlsx",1.989542483660131,T-shirt
26961 T-shirt CSR dame lysblå,Alm.slid uden restværdi,1,151,11,30155C97D461A6C0010DDC9A,"PLC, Product detaljeret, Aarhus, Jul. 2023.xlsx",2.2174834437086095,T-shirt
08398 T-shirt unisex mblå k/æ bom,Alm.slid uden restværdi,1,141,7,30155C97D461A6C001601F91,"PLC, Product detaljeret, Aarhus, Jul. 2023.xlsx",1.5112056737588653,T-shirt
08398 T-shirt unisex mblå k/æ bom,Alm.slid uden restværdi,1,133,5,30155C97D461A4C000F4BAFA,"PLC, Product detaljeret, Aarhus, Jul. 2023.xlsx",1.1443609022556391,T-shirt
08398 T-shirt unisex mblå k/æ bom,Alm.slid uden restværdi,1,133,13,30155C97D461A4C000F4BBA5,"PLC, Product detaljeret, Aarhus, Jul. 2023.xlsx",2.9753383458646616,T-shirt
08398 T-shirt unisex mblå k/æ bom,Alm.slid uden restværdi,1,133,11,30155C97D461A4C000F4BBE4,"PLC, Product detaljeret, Aarhus, Jul. 2023.xlsx",2.517593984962406,T-shirt
08398 T-shirt unisex mblå k/æ bom,Alm.slid uden restværdi,1,133,8,30155C97D461A4C000F4BC3F,"PLC, Product detaljeret, Aarhus, Jul. 2023.xlsx",1.8309774436090225,T-shirt
08398 T-shirt unisex mblå k/æ bom,Alm.slid uden restværdi,1,133,7,30155C97D461A4C000F4BC95,"PLC, Product detaljeret, Aarhus, Jul. 2023.xlsx",1.6021052631578947,T-shirt
13658 T-shirt dame lyseblå Prowear,Alm.slid uden restværdi,1,124,6,30155C97D461A4C000C03DF0,"PLC, Product detaljeret, Aarhus, Jul. 2023.xlsx",1.4729032258064516,T-shirt
13658 T-shirt dame lyseblå Prowear,Alm.slid uden restværdi,1,124,9,30155C97D461A4C000C03E03,"PLC, Product detaljeret, Aarhus, Jul. 2023.xlsx",2.2093548387096775,T-shirt
13658 T-shirt dame lyseblå Prowear,Alm.slid uden restværdi,1,124,10,30155C97D461A4C000C03E17,"PLC, Product detaljeret, Aarhus, Jul. 2023.xlsx",2.4548387096774196,T-shirt
13658 T-shirt dame lyseblå Prowear,Alm.slid uden restværdi,1,124,9,30155C97D461A4C000C03ED2,"PLC, Product detaljeret, Aarhus, Jul. 2023.xlsx",2.2093548387096775,T-shirt
13658 T-shirt dame lyseblå Prowear,Alm.slid uden restværdi,1,112,6,30155C97D461A4C0010BA899,"PLC, Product detaljeret, Aarhus, Jul. 2023.xlsx",1.6307142857142858,T-shirt
13658 T-shirt dame lyseblå Prowear,Alm.slid uden restværdi,1,111,5,30155C97D461A4C0010BA7B3,"PLC, Product detaljeret, Aarhus, Jul. 2023.xlsx",1.3711711711711712,T-shirt
13658 T-shirt dame lyseblå Prowear,Alm.slid uden restværdi,1,111,8,30155C97D461A4C0010BA7FE,"PLC, Product detaljeret, Aarhus, Jul. 2023.xlsx",2.193873873873874,T-shirt
13658 T-shirt dame lyseblå Prowear,Alm.slid uden restværdi,1,111,6,30155C97D461A4C0010BA82B,"PLC, Product detaljeret, Aarhus, Jul. 2023.xlsx",1.6454054054054055,T-shirt
13658 T-shirt dame lyseblå Prowear,Alm.slid uden restværdi,1,111,6,30155C97D461A4C0010BA85B,"PLC, Product detaljeret, Aarhus, Jul. 2023.xlsx",1.6454054054054055,T-shirt
13658 T-shirt dame lyseblå Prowear,Alm.slid uden restværdi,1,104,5,30155C97D461A4C0010BA2AB,"PLC, Product detaljeret, Aarhus, Jul. 2023.xlsx",1.4634615384615386,T-shirt
13658 T-shirt dame lyseblå Prowear,Alm.slid uden restværdi,1,104,7,30155C97D461A4C0010BA2BD,"PLC, Product detaljeret, Aarhus, Jul. 2023.xlsx",2.0488461538461538,T-shirt
13658 T-shirt dame lyseblå Prowear,Alm.slid uden restværdi,1,104,5,30155C97D461A4C0010BA863,"PLC, Product detaljeret, Aarhus, Jul. 2023.xlsx",1.4634615384615386,T-shirt
13658 T-shirt dame lyseblå Prowear,Alm.slid uden restværdi,1,104,6,30155C97D461A4C0010BA971,"PLC, Product detaljeret, Aarhus, Jul. 2023.xlsx",1.7561538461538464,T-shirt
13658 T-shirt dame lyseblå Prowear,Alm.slid uden restværdi,1,86,3,30155C97D461A4C000C2A6B2,"PLC, Product detaljeret, Aarhus, Jul. 2023.xlsx",1.061860465116279,T-shirt
27110 T-Shirt Csr Unisex Lysblå,Alm.slid uden restværdi,1,84,4,30155C97D461A4C0010C19B1,"PLC, Product detaljeret, Aarhus, Jul. 2023.xlsx",1.4495238095238094,T-shirt
01589 T-shirt unisex mblå k/æ,Alm.slid uden restværdi,1,79,1,30155C97D461A4C000B90015,"PLC, Product detaljeret, Aarhus, Jul. 2023.xlsx",0.38531645569620254,T-shirt
01589 T-shirt unisex mblå k/æ,Alm.slid uden restværdi,1,79,4,30155C97D461A4C000B9010E,"PLC, Product detaljeret, Aarhus, Jul. 2023.xlsx",1.5412658227848102,T-shirt
01589 T-shirt unisex mblå k/æ,Alm.slid uden restværdi,1,79,4,30155C97D461A4C000B9012D,"PLC, Product detaljeret, Aarhus, Jul. 2023.xlsx",1.5412658227848102,T-shirt
01589 T-shirt unisex mblå k/æ,Alm.slid uden restværdi,1,79,2,30155C97D461A4C000B9016E,"PLC, Product detaljeret, Aarhus, Jul. 2023.xlsx",0.7706329113924051,T-shirt
01589 T-shirt unisex mblå k/æ,Alm.slid uden restværdi,1,79,1,30155C97D461A4C000B901A1,"PLC, Product detaljeret, Aarhus, Jul. 2023.xlsx",0.38531645569620254,T-shirt
01589 T-shirt unisex mblå k/æ,Alm.slid uden restværdi,1,79,1,30155C97D461A4C000B901C8,"PLC, Product detaljeret, Aarhus, Jul. 2023.xlsx",0.38531645569620254,T-shirt
01589 T-shirt unisex mblå k/æ,Alm.slid uden restværdi,1,79,1,30155C97D461A6C001BA50DC,"PLC, Product detaljeret, Aarhus, Jul. 2023.xlsx",0.38531645569620254,T-shirt
12151 T-shirt 1/2 æ lady lblå PB,Alm.slid uden restværdi,1,77,2,30155C97D461A7C001F6868B,"PLC, Product detaljeret, Aarhus, Jul. 2023.xlsx",0.7906493506493507,T-shirt
12151 T-shirt 1/2 æ lady lblå PB,Alm.slid uden restværdi,1,77,2,30155C97D461A7C001F686A1,"PLC, Product detaljeret, Aarhus, Jul. 2023.xlsx",0.7906493506493507,T-shirt
13658 T-shirt dame lyseblå Prowear,Alm.slid uden restværdi,1,70,2,30155C97D461A4C000F44DC3,"PLC, Product detaljeret, Aarhus, Jul. 2023.xlsx",0.8697142857142858,T-shirt
01589 T-shirt unisex mblå k/æ,Alm.slid uden restværdi,1,63,3,30155C97D461A4C0011021F8,"PLC, Product detaljeret, Aarhus, Jul. 2023.xlsx",1.4495238095238094,T-shirt
26056 T-shirt k/æ dame lyseblå,Alm.slid uden restværdi,1,63,5,30155C97D461A6C0020E7739,"PLC, Product detaljeret, Aarhus, Jul. 2023.xlsx",2.4158730158730157,T-shirt
28993 T-shirt dame lysblå Lyocell,Alm.slid uden restværdi,1,57,4,30155C97D461A4C000F40C49,"PLC, Product detaljeret, Aarhus, Jul. 2023.xlsx",2.136140350877193,T-shirt
01589 T-shirt unisex mblå k/æ,Alm.slid uden restværdi,1,50,1,30155C97D461A4C0010C40DC,"PLC, Product detaljeret, Aarhus, Jul. 2023.xlsx",0.6088,T-shirt
01589 T-shirt unisex mblå k/æ,Alm.slid uden restværdi,1,50,2,30155C97D461A4C0010C4214,"PLC, Product detaljeret, Aarhus, Jul. 2023.xlsx",1.2176,T-shirt
01589 T-shirt unisex mblå k/æ,Alm.slid uden restværdi,1,41,1,30155C97D461A4C000C28286,"PLC, Product detaljeret, Aarhus, Jul. 2023.xlsx",0.742439024390244,T-shirt
28993 T-shirt dame lysblå Lyocell,Alm.slid uden restværdi,1,37,2,30155C97D461A6C0018F23B5,"PLC, Product detaljeret, Aarhus, Jul. 2023.xlsx",1.6454054054054055,T-shirt
01589 T-shirt unisex mblå k/æ,Alm.slid uden restværdi,1,19,0,30155C97D461A4C000D7A73C,"PLC, Product detaljeret, Aarhus, Jul. 2023.xlsx",0.0,T-shirt
01717 T-shirt unisex kblå pb,Alm.slid uden restværdi,1,2803,147,00D009AE773E,"PLC, Product detaljeret, Aarhus, Jun. 2023.xlsx",1.596389582590082,T-shirt
01717 T-shirt unisex kblå pb,Alm.slid uden restværdi,1,2768,137,00D009C211C7,"PLC, Product detaljeret, Aarhus, Jun. 2023.xlsx",1.5066040462427746,T-shirt
01717 T-shirt unisex kblå pb,Alm.slid uden restværdi,1,2765,112,00D00A43BE5C,"PLC, Product detaljeret, Aarhus, Jun. 2023.xlsx",1.2330126582278482,T-shirt
01717 T-shirt unisex kblå pb,Alm.slid uden restværdi,1,2765,73,00D00A43D3E9,"PLC, Product detaljeret, Aarhus, Jun. 2023.xlsx",0.8036600361663653,T-shirt
01717 T-shirt unisex kblå pb,Alm.slid uden restværdi,1,2750,110,00D00A43C558,"PLC, Product detaljeret, Aarhus, Jun. 2023.xlsx",1.2176,T-shirt
01717 T-shirt unisex kblå pb,Alm.slid uden restværdi,1,2746,129,00D009AD8B72,"PLC, Product detaljeret, Aarhus, Jun. 2023.xlsx",1.4299927166788056,T-shirt
01717 T-shirt unisex kblå pb,Alm.slid uden restværdi,1,2746,129,00D009AD9A5E,"PLC, Product detaljeret, Aarhus, Jun. 2023.xlsx",1.4299927166788056,T-shirt
01717 T-shirt unisex kblå pb,Alm.slid uden restværdi,1,2742,93,00D00A43526D,"PLC, Product detaljeret, Aarhus, Jun. 2023.xlsx",1.0324288840262583,T-shirt
01717 T-shirt unisex kblå pb,Alm.slid uden restværdi,1,2727,100,00D00A43D762,"PLC, Product detaljeret, Aarhus, Jun. 2023.xlsx",1.1162449578291163,T-shirt
01589 T-shirt unisex mblå k/æ,Alm.slid uden restværdi,1,2695,88,00D009971448,"PLC, Product detaljeret, Aarhus, Jun. 2023.xlsx",0.9939591836734695,T-shirt
01717 T-shirt unisex kblå pb,Alm.slid uden restværdi,1,2638,81,00D00A433F88,"PLC, Product detaljeret, Aarhus, Jun. 2023.xlsx",0.9346626231993935,T-shirt
01589 T-shirt unisex mblå k/æ,Alm.slid uden restværdi,1,2619,89,00D0098B7378,"PLC, Product detaljeret, Aarhus, Jun. 2023.xlsx",1.03442535318824,T-shirt
01717 T-shirt unisex kblå pb,Alm.slid uden restværdi,1,2617,99,00D00A516CC9,"PLC, Product detaljeret, Aarhus, Jun. 2023.xlsx",1.1515322888803974,T-shirt
01589 T-shirt unisex mblå k/æ,Alm.slid uden restværdi,1,2601,74,00D00978A77E,"PLC, Product detaljeret, Aarhus, Jun. 2023.xlsx",0.8660361399461746,T-shirt
01589 T-shirt unisex mblå k/æ,Alm.slid uden restværdi,1,2583,91,00D00A348FEF,"PLC, Product detaljeret, Aarhus, Jun. 2023.xlsx",1.0724119241192411,T-shirt
01589 T-shirt unisex mblå k/æ,Alm.slid uden restværdi,1,2570,33,00D00A341D53,"PLC, Product detaljeret, Aarhus, Jun. 2023.xlsx",0.390863813229572,T-shirt
01589 T-shirt unisex mblå k/æ,Alm.slid uden restværdi,1,2567,87,00D00A345F0E,"PLC, Product detaljeret, Aarhus, Jun. 2023.xlsx",1.0316634203350215,T-shirt
03885 T-Shirt Lysblå Lady K/Æ P/B,Alm.slid uden restværdi,1,2416,26,00D00978D8E3,"PLC, Product detaljeret, Aarhus, Jun. 2023.xlsx",0.32758278145695363,T-shirt
01717 T-shirt unisex kblå pb,Alm.slid uden restværdi,1,2380,129,30155C97D461A7C0008B07FF,"PLC, Product detaljeret, Aarhus, Jun. 2023.xlsx",1.6498991596638657,T-shirt
03885 T-Shirt Lysblå Lady K/Æ P/B,Alm.slid uden restværdi,1,2374,49,00D00979CFA8,"PLC, Product detaljeret, Aarhus, Jun. 2023.xlsx",0.6282898062342039,T-shirt
01589 T-shirt unisex mblå k/æ,Alm.slid uden restværdi,1,2307,166,30155C97D461A7C0002C63EC,"PLC, Product detaljeret, Aarhus, Jun. 2023.xlsx",2.190307758994365,T-shirt
01589 T-shirt unisex mblå k/æ,Alm.slid uden restværdi,1,2304,99,30155C97D461A7C0002D5BB0,"PLC, Product detaljeret, Aarhus, Jun. 2023.xlsx",1.3079687500000001,T-shirt
01717 T-shirt unisex kblå pb,Alm.slid uden restværdi,1,2250,93,30155C97D461A7C0009FFF2F,"PLC, Product detaljeret, Aarhus, Jun. 2023.xlsx",1.2581866666666668,T-shirt
01589 T-shirt unisex mblå k/æ,Alm.slid uden restværdi,1,2226,94,30155C97D461A7C0002D5F01,"PLC, Product detaljeret, Aarhus, Jun. 2023.xlsx",1.2854267744833783,T-shirt
12151 T-shirt 1/2 æ lady lblå PB,Alm.slid uden restværdi,1,2223,70,30155C97D461A7C0008F9322,"PLC, Product detaljeret, Aarhus, Jun. 2023.xlsx",0.9585245164192533,T-shirt
01717 T-shirt unisex kblå pb,Alm.slid uden restværdi,1,2222,77,30155C97D461A7C000B5C710,"PLC, Product detaljeret, Aarhus, Jun. 2023.xlsx",1.054851485148515,T-shirt
12151 T-shirt 1/2 æ lady lblå PB,Alm.slid uden restværdi,1,2216,20,30155C97D461A7C0008F9288,"PLC, Product detaljeret, Aarhus, Jun. 2023.xlsx",0.27472924187725634,T-shirt
12151 T-shirt 1/2 æ lady lblå PB,Alm.slid uden restværdi,1,2216,24,30155C97D461A7C0008F9303,"PLC, Product detaljeret, Aarhus, Jun. 2023.xlsx",0.3296750902527076,T-shirt
01717 T-shirt unisex kblå pb,Alm.slid uden restværdi,1,2189,76,30155C97D461A7C000B5AFC3,"PLC, Product detaljeret, Aarhus, Jun. 2023.xlsx",1.056847875742348,T-shirt
01717 T-shirt unisex kblå pb,Alm.slid uden restværdi,1,2183,123,30155C97D461A7C000B5C6D9,"PLC, Product detaljeret, Aarhus, Jun. 2023.xlsx",1.7151259734310582,T-shirt
01589 T-shirt unisex mblå k/æ,Alm.slid uden restværdi,1,2135,100,30155C97D461A7C000E2ADBB,"PLC, Product detaljeret, Aarhus, Jun. 2023.xlsx",1.42576112412178,T-shirt
03885 T-Shirt Lysblå Lady K/Æ P/B,Alm.slid uden restværdi,1,2115,124,30155C97D461A7C000CBDA66,"PLC, Product detaljeret, Aarhus, Jun. 2023.xlsx",1.784661938534279,T-shirt
13658 T-shirt dame lyseblå Prowear,Alm.slid uden restværdi,1,2069,87,300ED89F335000400183C9D0,"PLC, Product detaljeret, Aarhus, Jun. 2023.xlsx",1.2799806669888836,T-shirt
13658 T-shirt dame lyseblå Prowear,Alm.slid uden restværdi,1,2067,52,300ED89F3350007FE266B6B4,"PLC, Product detaljeret, Aarhus, Jun. 2023.xlsx",0.7657861635220127,T-shirt
01589 T-shirt unisex mblå k/æ,Alm.slid uden restværdi,1,2061,68,30155C97D461A7C000BA0AD1,"PLC, Product detaljeret, Aarhus, Jun. 2023.xlsx",1.0043279961183893,T-shirt
01427 T-shirt unisex lyseblå pb,Alm.slid uden restværdi,1,2058,66,300ED89F3350007FE2669E20,"PLC, Product detaljeret, Aarhus, Jun. 2023.xlsx",0.9762099125364432,T-shirt
01589 T-shirt unisex mblå k/æ,Alm.slid uden restværdi,1,2058,94,300ED89F3350007FE266A718,"PLC, Product detaljeret, Aarhus, Jun. 2023.xlsx",1.3903595724003888,T-shirt
13658 T-shirt dame lyseblå Prowear,Alm.slid uden restværdi,1,2057,92,300ED89F335000400183CB7A,"PLC, Product detaljeret, Aarhus, Jun. 2023.xlsx",1.361438988818668,T-shirt
13658 T-shirt dame lyseblå Prowear,Alm.slid uden restværdi,1,2056,124,300ED89F335000400183D58F,"PLC, Product detaljeret, Aarhus, Jun. 2023.xlsx",1.8358754863813231,T-shirt
01589 T-shirt unisex mblå k/æ,Alm.slid uden restværdi,1,2042,68,30155C97D461A7C000E2AE2B,"PLC, Product detaljeret, Aarhus, Jun. 2023.xlsx",1.0136728697355535,T-shirt
03885 T-Shirt Lysblå Lady K/Æ P/B,Alm.slid uden restværdi,1,2032,22,30155C97D461A7C0006894D4,"PLC, Product detaljeret, Aarhus, Jun. 2023.xlsx",0.32956692913385827,T-shirt
03885 T-Shirt Lysblå Lady K/Æ P/B,Alm.slid uden restværdi,1,2032,17,30155C97D461A7C000689506,"PLC, Product detaljeret, Aarhus, Jun. 2023.xlsx",0.2546653543307087,T-shirt
03885 T-Shirt Lysblå Lady K/Æ P/B,Alm.slid uden restværdi,1,2032,18,30155C97D461A7C00068959C,"PLC, Product detaljeret, Aarhus, Jun. 2023.xlsx",0.2696456692913386,T-shirt
01589 T-shirt unisex mblå k/æ,Alm.slid uden restværdi,1,2010,93,300ED89F3350007FE2685B17,"PLC, Product detaljeret, Aarhus, Jun. 2023.xlsx",1.4084179104477612,T-shirt
01589 T-shirt unisex mblå k/æ,Alm.slid uden restværdi,1,2003,117,30155C97D461A7C001177A31,"PLC, Product detaljeret, Aarhus, Jun. 2023.xlsx",1.7780728906640042,T-shirt
13658 T-shirt dame lyseblå Prowear,Alm.slid uden restværdi,1,1921,42,300ED89F33500060009D9937,"PLC, Product detaljeret, Aarhus, Jun. 2023.xlsx",0.6655283706402916,T-shirt
03885 T-Shirt Lysblå Lady K/Æ P/B,Alm.slid uden restværdi,1,1915,108,30155C97D461A7C000E8FC44,"PLC, Product detaljeret, Aarhus, Jun. 2023.xlsx",1.716720626631854,T-shirt
01589 T-shirt unisex mblå k/æ,Alm.slid uden restværdi,1,1914,75,30155C97D461A7C000F04976,"PLC, Product detaljeret, Aarhus, Jun. 2023.xlsx",1.1927899686520378,T-shirt
01589 T-shirt unisex mblå k/æ,Alm.slid uden restværdi,1,1913,93,30155C97D461A7C0010DBB72,"PLC, Product detaljeret, Aarhus, Jun. 2023.xlsx",1.479832723470988,T-shirt
01427 T-shirt unisex lyseblå pb,Alm.slid uden restværdi,1,1911,50,30155C97D461A7C00122F4D6,"PLC, Product detaljeret, Aarhus, Jun. 2023.xlsx",0.7964416535845108,T-shirt
01427 T-shirt unisex lyseblå pb,Alm.slid uden restværdi,1,1911,61,30155C97D461A7C00122F55B,"PLC, Product detaljeret, Aarhus, Jun. 2023.xlsx",0.9716588173731031,T-shirt
03885 T-Shirt Lysblå Lady K/Æ P/B,Alm.slid uden restværdi,1,1887,72,30155C97D461A7C00103ADCD,"PLC, Product detaljeret, Aarhus, Jun. 2023.xlsx",1.1614626391096978,T-shirt
03885 T-Shirt Lysblå Lady K/Æ P/B,Alm.slid uden restværdi,1,1885,12,30155C97D461A7C00103AE08,"PLC, Product detaljeret, Aarhus, Jun. 2023.xlsx",0.19378249336870026,T-shirt
03885 T-Shirt Lysblå Lady K/Æ P/B,Alm.slid uden restværdi,1,1883,82,30155C97D461A7C000CAAD5A,"PLC, Product detaljeret, Aarhus, Jun. 2023.xlsx",1.32558682952735,T-shirt
03885 T-Shirt Lysblå Lady K/Æ P/B,Alm.slid uden restværdi,1,1883,82,30155C97D461A7C001037AA9,"PLC, Product detaljeret, Aarhus, Jun. 2023.xlsx",1.32558682952735,T-shirt
03885 T-Shirt Lysblå Lady K/Æ P/B,Alm.slid uden restværdi,1,1883,13,30155C97D461A7C00103AED6,"PLC, Product detaljeret, Aarhus, Jun. 2023.xlsx",0.210154009559214,T-shirt
03885 T-Shirt Lysblå Lady K/Æ P/B,Alm.slid uden restværdi,1,1883,8,30155C97D461A7C00103AF1F,"PLC, Product detaljeret, Aarhus, Jun. 2023.xlsx",0.1293255443441317,T-shirt
01589 T-shirt unisex mblå k/æ,Alm.slid uden restværdi,1,1881,83,30155C97D461A7C00110C511,"PLC, Product detaljeret, Aarhus, Jun. 2023.xlsx",1.3431791600212653,T-shirt
03885 T-Shirt Lysblå Lady K/Æ P/B,Alm.slid uden restværdi,1,1880,70,30155C97D461A7C000DF27F3,"PLC, Product detaljeret, Aarhus, Jun. 2023.xlsx",1.133404255319149,T-shirt
03885 T-Shirt Lysblå Lady K/Æ P/B,Alm.slid uden restværdi,1,1879,33,30155C97D461A7C000E7F5F6,"PLC, Product detaljeret, Aarhus, Jun. 2023.xlsx",0.5346035125066525,T-shirt
03885 T-Shirt Lysblå Lady K/Æ P/B,Alm.slid uden restværdi,1,1879,22,30155C97D461A7C000E8FCD6,"PLC, Product detaljeret, Aarhus, Jun. 2023.xlsx",0.35640234167110163,T-shirt
03885 T-Shirt Lysblå Lady K/Æ P/B,Alm.slid uden restværdi,1,1879,30,30155C97D461A7C000E8FD04,"PLC, Product detaljeret, Aarhus, Jun. 2023.xlsx",0.4860031931878659,T-shirt
03885 T-Shirt Lysblå Lady K/Æ P/B,Alm.slid uden restværdi,1,1879,27,30155C97D461A7C000E8FD9E,"PLC, Product detaljeret, Aarhus, Jun. 2023.xlsx",0.4374028738690793,T-shirt
03885 T-Shirt Lysblå Lady K/Æ P/B,Alm.slid uden restværdi,1,1875,115,30155C97D461A7C000E8F69C,"PLC, Product detaljeret, Aarhus, Jun. 2023.xlsx",1.8669866666666666,T-shirt
03885 T-Shirt Lysblå Lady K/Æ P/B,Alm.slid uden restværdi,1,1872,96,30155C97D461A7C001036DBF,"PLC, Product detaljeret, Aarhus, Jun. 2023.xlsx",1.5610256410256411,T-shirt
03885 T-Shirt Lysblå Lady K/Æ P/B,Alm.slid uden restværdi,1,1872,87,30155C97D461A7C001036ED0,"PLC, Product detaljeret, Aarhus, Jun. 2023.xlsx",1.4146794871794872,T-shirt
03885 T-Shirt Lysblå Lady K/Æ P/B,Alm.slid uden restværdi,1,1861,86,30155C97D461A7C00103B306,"PLC, Product detaljeret, Aarhus, Jun. 2023.xlsx",1.4066845781837722,T-shirt
03885 T-Shirt Lysblå Lady K/Æ P/B,Alm.slid uden restværdi,1,1846,102,30155C97D461A7C000DF1FA8,"PLC, Product detaljeret, Aarhus, Jun. 2023.xlsx",1.681950162513543,T-shirt
03885 T-Shirt Lysblå Lady K/Æ P/B,Alm.slid uden restværdi,1,1846,88,30155C97D461A7C000DF26BA,"PLC, Product detaljeret, Aarhus, Jun. 2023.xlsx",1.4510942578548214,T-shirt
03885 T-Shirt Lysblå Lady K/Æ P/B,Alm.slid uden restværdi,1,1846,90,30155C97D461A7C00103B292,"PLC, Product detaljeret, Aarhus, Jun. 2023.xlsx",1.4840736728060673,T-shirt
01427 T-shirt unisex lyseblå pb,Alm.slid uden restværdi,1,1830,120,30155C97D461A7C00122B3E6,"PLC, Product detaljeret, Aarhus, Jun. 2023.xlsx",1.996065573770492,T-shirt
03885 T-Shirt Lysblå Lady K/Æ P/B,Alm.slid uden restværdi,1,1827,42,30155C97D461A7C0007D17A8,"PLC, Product detaljeret, Aarhus, Jun. 2023.xlsx",0.6997701149425287,T-shirt
03885 T-Shirt Lysblå Lady K/Æ P/B,Alm.slid uden restværdi,1,1827,37,30155C97D461A7C000DF1301,"PLC, Product detaljeret, Aarhus, Jun. 2023.xlsx",0.616464148877942,T-shirt
03885 T-Shirt Lysblå Lady K/Æ P/B,Alm.slid uden restværdi,1,1827,33,30155C97D461A7C000DF13F5,"PLC, Product detaljeret, Aarhus, Jun. 2023.xlsx",0.5498193760262725,T-shirt
03885 T-Shirt Lysblå Lady K/Æ P/B,Alm.slid uden restværdi,1,1827,38,30155C97D461A7C000DF1494,"PLC, Product detaljeret, Aarhus, Jun. 2023.xlsx",0.6331253420908594,T-shirt
03885 T-Shirt Lysblå Lady K/Æ P/B,Alm.slid uden restværdi,1,1827,35,30155C97D461A7C000DF150B,"PLC, Product detaljeret, Aarhus, Jun. 2023.xlsx",0.5831417624521072,T-shirt
03885 T-Shirt Lysblå Lady K/Æ P/B,Alm.slid uden restværdi,1,1823,108,30155C97D461A7C0007D1237,"PLC, Product detaljeret, Aarhus, Jun. 2023.xlsx",1.8033571036752605,T-shirt
01589 T-shirt unisex mblå k/æ,Alm.slid uden restværdi,1,1805,66,30155C97D461A7C0015E2DE9,"PLC, Product detaljeret, Aarhus, Jun. 2023.xlsx",1.1130415512465375,T-shirt
03885 T-Shirt Lysblå Lady K/Æ P/B,Alm.slid uden restværdi,1,1804,73,30155C97D461A7C001036F19,"PLC, Product detaljeret, Aarhus, Jun. 2023.xlsx",1.2317738359201775,T-shirt
01589 T-shirt unisex mblå k/æ,Alm.slid uden restværdi,1,1758,30,300ED89F33500060009D8053,"PLC, Product detaljeret, Aarhus, Jun. 2023.xlsx",0.5194539249146758,T-shirt
01589 T-shirt unisex mblå k/æ,Alm.slid uden restværdi,1,1722,60,30155C97D461A7C0015685B6,"PLC, Product detaljeret, Aarhus, Jun. 2023.xlsx",1.0606271777003484,T-shirt
01589 T-shirt unisex mblå k/æ,Alm.slid uden restværdi,1,1720,86,30155C97D461A7C00166982C,"PLC, Product detaljeret, Aarhus, Jun. 2023.xlsx",1.5220000000000002,T-shirt
01589 T-shirt unisex mblå k/æ,Alm.slid uden restværdi,1,1718,14,30155C97D461A7C000B17F72,"PLC, Product detaljeret, Aarhus, Jun. 2023.xlsx",0.24805587892898717,T-shirt
09610 T-Shirt Lady Lysblå Bom,Alm.slid uden restværdi,1,1695,71,30155C97D461A7C0016677FC,"PLC, Product detaljeret, Aarhus, Jun. 2023.xlsx",1.2750678466076697,T-shirt
09610 T-Shirt Lady Lysblå Bom,Alm.slid uden restværdi,1,1695,71,30155C97D461A7C00166788C,"PLC, Product detaljeret, Aarhus, Jun. 2023.xlsx",1.2750678466076697,T-shirt
01427 T-shirt unisex lyseblå pb,Alm.slid uden restværdi,1,1686,84,30155C97D461A7C000E80049,"PLC, Product detaljeret, Aarhus, Jun. 2023.xlsx",1.5165836298932385,T-shirt
01427 T-shirt unisex lyseblå pb,Alm.slid uden restværdi,1,1686,103,30155C97D461A7C000E800BB,"PLC, Product detaljeret, Aarhus, Jun. 2023.xlsx",1.859620403321471,T-shirt
01589 T-shirt unisex mblå k/æ,Alm.slid uden restværdi,1,1655,55,30155C97D461A7C001514532,"PLC, Product detaljeret, Aarhus, Jun. 2023.xlsx",1.0116012084592145,T-shirt
01589 T-shirt unisex mblå k/æ,Alm.slid uden restværdi,1,1651,78,30155C97D461A7C0015724BA,"PLC, Product detaljeret, Aarhus, Jun. 2023.xlsx",1.4381102362204725,T-shirt
03885 T-Shirt Lysblå Lady K/Æ P/B,Alm.slid uden restværdi,1,1627,6,30155C97D461A7C000E0DD69,"PLC, Product detaljeret, Aarhus, Jun. 2023.xlsx",0.11225568531038722,T-shirt
03885 T-Shirt Lysblå Lady K/Æ P/B,Alm.slid uden restværdi,1,1605,24,00D008D130E9,"PLC, Product detaljeret, Aarhus, Jun. 2023.xlsx",0.455177570093458,T-shirt
08398 T-shirt unisex mblå k/æ bom,Alm.slid uden restværdi,1,1547,1,30155C97D461A7C001CB718E,"PLC, Product detaljeret, Aarhus, Jun. 2023.xlsx",0.019676793794440855,T-shirt
01589 T-shirt unisex mblå k/æ,Alm.slid uden restværdi,1,1518,51,30155C97D461A7C0020B3B57,"PLC, Product detaljeret, Aarhus, Jun. 2023.xlsx",1.022687747035573,T-shirt
01589 T-shirt unisex mblå k/æ,Alm.slid uden restværdi,1,1488,91,30155C97D461A7C00203AEA0,"PLC, Product detaljeret, Aarhus, Jun. 2023.xlsx",1.8615860215053766,T-shirt
01589 T-shirt unisex mblå k/æ,Alm.slid uden restværdi,1,1477,26,30155C97D461A7C00204009D,"PLC, Product detaljeret, Aarhus, Jun. 2023.xlsx",0.5358429248476643,T-shirt
01589 T-shirt unisex mblå k/æ,Alm.slid uden restværdi,1,1452,51,30155C97D461A7C0016E2148,"PLC, Product detaljeret, Aarhus, Jun. 2023.xlsx",1.0691735537190084,T-shirt
01717 T-shirt unisex kblå pb,Alm.slid uden restværdi,1,1394,35,30155C97D461A7C0021114D4,"PLC, Product detaljeret, Aarhus, Jun. 2023.xlsx",0.7642754662840746,T-shirt
01717 T-shirt unisex kblå pb,Alm.slid uden restværdi,1,1383,24,30155C97D461A7C00211163E,"PLC, Product detaljeret, Aarhus, Jun. 2023.xlsx",0.5282429501084599,T-shirt
09610 T-Shirt Lady Lysblå Bom,Alm.slid uden restværdi,1,1350,1,30155C97D461A7C001F6B9DF,"PLC, Product detaljeret, Aarhus, Jun. 2023.xlsx",0.022548148148148147,T-shirt
01589 T-shirt unisex mblå k/æ,Alm.slid uden restværdi,1,1337,90,30155C97D461A7C0022A740A,"PLC, Product detaljeret, Aarhus, Jun. 2023.xlsx",2.0490650710545997,T-shirt
01589 T-shirt unisex mblå k/æ,Alm.slid uden restværdi,1,1334,48,30155C97D461A7C00219182F,"PLC, Product detaljeret, Aarhus, Jun. 2023.xlsx",1.0952923538230883,T-shirt
01589 T-shirt unisex mblå k/æ,Alm.slid uden restværdi,1,1334,44,30155C97D461A7C00228E532,"PLC, Product detaljeret, Aarhus, Jun. 2023.xlsx",1.004017991004498,T-shirt
01589 T-shirt unisex mblå k/æ,Alm.slid uden restværdi,1,1334,54,30155C97D461A7C0022A7450,"PLC, Product detaljeret, Aarhus, Jun. 2023.xlsx",1.2322038980509744,T-shirt
01589 T-shirt unisex mblå k/æ,Alm.slid uden restværdi,1,1329,30,30155C97D461A7C0020A7840,"PLC, Product detaljeret, Aarhus, Jun. 2023.xlsx",0.6871331828442439,T-shirt
01589 T-shirt unisex mblå k/æ,Alm.slid uden restværdi,1,1329,38,30155C97D461A7C0020A78E2,"PLC, Product detaljeret, Aarhus, Jun. 2023.xlsx",0.8703686982693756,T-shirt
01589 T-shirt unisex mblå k/æ,Alm.slid uden restværdi,1,1315,51,30155C97D461A7C001FC961A,"PLC, Product detaljeret, Aarhus, Jun. 2023.xlsx",1.1805627376425856,T-shirt
26056 T-shirt k/æ dame lyseblå,Alm.slid uden restværdi,1,1302,105,30155C97D461A7C0008A6535,"PLC, Product detaljeret, Aarhus, Jun. 2023.xlsx",2.4548387096774196,T-shirt
26055 T-shirt 1/2 ærme da lyseblå,Alm.slid uden restværdi,1,1268,99,30155C97D461A7C001FC4AAF,"PLC, Product detaljeret, Aarhus, Jun. 2023.xlsx",2.3766246056782334,T-shirt
26055 T-shirt 1/2 ærme da lyseblå,Alm.slid uden restværdi,1,1255,73,30155C97D461A7C0006A9C5B,"PLC, Product detaljeret, Aarhus, Jun. 2023.xlsx",1.7706135458167331,T-shirt
26055 T-shirt 1/2 ærme da lyseblå,Alm.slid uden restværdi,1,1253,95,30155C97D461A7C0006A9CB3,"PLC, Product detaljeret, Aarhus, Jun. 2023.xlsx",2.3079010375099758,T-shirt
26056 T-shirt k/æ dame lyseblå,Alm.slid uden restværdi,1,1253,114,30155C97D461A7C001EF7003,"PLC, Product detaljeret, Aarhus, Jun. 2023.xlsx",2.7694812450119715,T-shirt
26055 T-shirt 1/2 ærme da lyseblå,Alm.slid uden restværdi,1,1250,72,30155C97D461A7C0006A9CD3,"PLC, Product detaljeret, Aarhus, Jun. 2023.xlsx",1.753344,T-shirt
26055 T-shirt 1/2 ærme da lyseblå,Alm.slid uden restværdi,1,1245,86,30155C97D461A7C0006A9CD2,"PLC, Product detaljeret, Aarhus, Jun. 2023.xlsx",2.102682730923695,T-shirt
01589 T-shirt unisex mblå k/æ,Alm.slid uden restværdi,1,1222,46,300ED89F33500060009D88B5,"PLC, Product detaljeret, Aarhus, Jun. 2023.xlsx",1.1458592471358429,T-shirt
24593 T-shirt You dame Kornblå,Alm.slid uden restværdi,1,1208,67,30155C97D461A7C002317237,"PLC, Product detaljeret, Aarhus, Jun. 2023.xlsx",1.6883112582781457,T-shirt
24593 T-shirt You dame Kornblå,Alm.slid uden restværdi,1,1208,72,30155C97D461A7C002317347,"PLC, Product detaljeret, Aarhus, Jun. 2023.xlsx",1.8143046357615895,T-shirt
24593 T-shirt You dame Kornblå,Alm.slid uden restværdi,1,1205,41,30155C97D461A7C002317280,"PLC, Product detaljeret, Aarhus, Jun. 2023.xlsx",1.0357178423236515,T-shirt
24762 T-shirt da k/æ blåmela Pro,Alm.slid uden restværdi,1,1205,1,30155C97D461A7C00229FD97,"PLC, Product detaljeret, Aarhus, Jun. 2023.xlsx",0.025261410788381743,T-shirt
24762 T-shirt da k/æ blåmela Pro,Alm.slid uden restværdi,1,1201,16,30155C97D461A7C001FC7DD4,"PLC, Product detaljeret, Aarhus, Jun. 2023.xlsx",0.40552872606161533,T-shirt
12151 T-shirt 1/2 æ lady lblå PB,Alm.slid uden restværdi,1,1196,39,30155C97D461A7C000CDD8D9,"PLC, Product detaljeret, Aarhus, Jun. 2023.xlsx",0.9926086956521739,T-shirt
24593 T-shirt You dame Kornblå,Alm.slid uden restværdi,1,1196,62,30155C97D461A7C002317268,"PLC, Product detaljeret, Aarhus, Jun. 2023.xlsx",1.5779933110367894,T-shirt
24593 T-shirt You dame Kornblå,Alm.slid uden restværdi,1,1194,62,30155C97D461A7C00231726C,"PLC, Product detaljeret, Aarhus, Jun. 2023.xlsx",1.5806365159128979,T-shirt
24593 T-shirt You dame Kornblå,Alm.slid uden restværdi,1,1194,47,30155C97D461A7C00231727D,"PLC, Product detaljeret, Aarhus, Jun. 2023.xlsx",1.1982244556113903,T-shirt
26056 T-shirt k/æ dame lyseblå,Alm.slid uden restværdi,1,1188,92,30155C97D461A7C0005C471C,"PLC, Product detaljeret, Aarhus, Jun. 2023.xlsx",2.357306397306397,T-shirt
24762 T-shirt da k/æ blåmela Pro,Alm.slid uden restværdi,1,1183,17,30155C97D461A7C002299F1F,"PLC, Product detaljeret, Aarhus, Jun. 2023.xlsx",0.43743026204564667,T-shirt
01427 T-shirt unisex lyseblå pb,Alm.slid uden restværdi,1,1180,52,30155C97D461A7C002302350,"PLC, Product detaljeret, Aarhus, Jun. 2023.xlsx",1.3414237288135593,T-shirt
12151 T-shirt 1/2 æ lady lblå PB,Alm.slid uden restværdi,1,1173,52,30155C97D461A7C001F686EC,"PLC, Product detaljeret, Aarhus, Jun. 2023.xlsx",1.3494288150042626,T-shirt
01589 T-shirt unisex mblå k/æ,Alm.slid uden restværdi,1,1155,35,30155C97D461A7C001567F93,"PLC, Product detaljeret, Aarhus, Jun. 2023.xlsx",0.9224242424242425,T-shirt
01589 T-shirt unisex mblå k/æ,Alm.slid uden restværdi,1,1155,50,30155C97D461A7C001567FE8,"PLC, Product detaljeret, Aarhus, Jun. 2023.xlsx",1.3177489177489177,T-shirt
01589 T-shirt unisex mblå k/æ,Alm.slid uden restværdi,1,1155,35,30155C97D461A7C001630792,"PLC, Product detaljeret, Aarhus, Jun. 2023.xlsx",0.9224242424242425,T-shirt
01589 T-shirt unisex mblå k/æ,Alm.slid uden restværdi,1,1155,55,30155C97D461A7C00163082C,"PLC, Product detaljeret, Aarhus, Jun. 2023.xlsx",1.4495238095238094,T-shirt
01589 T-shirt unisex mblå k/æ,Alm.slid uden restværdi,1,1155,31,30155C97D461A7C001630834,"PLC, Product detaljeret, Aarhus, Jun. 2023.xlsx",0.8170043290043291,T-shirt
01589 T-shirt unisex mblå k/æ,Alm.slid uden restværdi,1,1155,46,30155C97D461A7C001630836,"PLC, Product detaljeret, Aarhus, Jun. 2023.xlsx",1.2123290043290045,T-shirt
01589 T-shirt unisex mblå k/æ,Alm.slid uden restværdi,1,1155,34,30155C97D461A7C00163085D,"PLC, Product detaljeret, Aarhus, Jun. 2023.xlsx",0.8960692640692641,T-shirt
12151 T-shirt 1/2 æ lady lblå PB,Alm.slid uden restværdi,1,1145,35,30155C97D461A7C001F5C2EE,"PLC, Product detaljeret, Aarhus, Jun. 2023.xlsx",0.9304803493449781,T-shirt
12151 T-shirt 1/2 æ lady lblå PB,Alm.slid uden restværdi,1,1145,70,30155C97D461A7C001F5C3A5,"PLC, Product detaljeret, Aarhus, Jun. 2023.xlsx",1.8609606986899563,T-shirt
03885 T-Shirt Lysblå Lady K/Æ P/B,Alm.slid uden restværdi,1,1142,25,30155C97D461A7C0015B09DC,"PLC, Product detaljeret, Aarhus, Jun. 2023.xlsx",0.6663747810858144,T-shirt
12151 T-shirt 1/2 æ lady lblå PB,Alm.slid uden restværdi,1,1114,75,30155C97D461A7C001F68671,"PLC, Product detaljeret, Aarhus, Jun. 2023.xlsx",2.0493716337522443,T-shirt
12151 T-shirt 1/2 æ lady lblå PB,Alm.slid uden restværdi,1,1105,66,30155C97D461A7C001F686E0,"PLC, Product detaljeret, Aarhus, Jun. 2023.xlsx",1.818135746606335,T-shirt
12151 T-shirt 1/2 æ lady lblå PB,Alm.slid uden restværdi,1,1105,72,30155C97D461A7C001F68755,"PLC, Product detaljeret, Aarhus, Jun. 2023.xlsx",1.9834208144796381,T-shirt
25055 T-shirt uni k/æ blåmelan Pro,Alm.slid uden restværdi,1,1102,19,30155C97D461A7C002299636,"PLC, Product detaljeret, Aarhus, Jun. 2023.xlsx",0.5248275862068965,T-shirt
13658 T-shirt dame lyseblå Prowear,Alm.slid uden restværdi,1,1080,26,30155C97D461A7C00294DAE7,"PLC, Product detaljeret, Aarhus, Jun. 2023.xlsx",0.7328148148148148,T-shirt
12151 T-shirt 1/2 æ lady lblå PB,Alm.slid uden restværdi,1,1076,69,30155C97D461A7C001F68652,"PLC, Product detaljeret, Aarhus, Jun. 2023.xlsx",1.952007434944238,T-shirt
12151 T-shirt 1/2 æ lady lblå PB,Alm.slid uden restværdi,1,1076,51,30155C97D461A7C001F686E2,"PLC, Product detaljeret, Aarhus, Jun. 2023.xlsx",1.4427881040892194,T-shirt
25055 T-shirt uni k/æ blåmelan Pro,Alm.slid uden restværdi,1,1074,50,30155C97D461A7C0023B81B7,"PLC, Product detaljeret, Aarhus, Jun. 2023.xlsx",1.4171322160148976,T-shirt
25055 T-shirt uni k/æ blåmelan Pro,Alm.slid uden restværdi,1,1070,51,30155C97D461A7C0023B803F,"PLC, Product detaljeret, Aarhus, Jun. 2023.xlsx",1.4508785046728974,T-shirt
25055 T-shirt uni k/æ blåmelan Pro,Alm.slid uden restværdi,1,1061,19,30155C97D461A7C0023C3243,"PLC, Product detaljeret, Aarhus, Jun. 2023.xlsx",0.5451083883129124,T-shirt
25055 T-shirt uni k/æ blåmelan Pro,Alm.slid uden restværdi,1,1061,28,30155C97D461A7C0023C32E7,"PLC, Product detaljeret, Aarhus, Jun. 2023.xlsx",0.8033176248821866,T-shirt
25055 T-shirt uni k/æ blåmelan Pro,Alm.slid uden restværdi,1,1061,30,30155C97D461A7C0023C71D6,"PLC, Product detaljeret, Aarhus, Jun. 2023.xlsx",0.8606974552309142,T-shirt
25055 T-shirt uni k/æ blåmelan Pro,Alm.slid uden restværdi,1,1060,25,30155C97D461A7C0023C7054,"PLC, Product detaljeret, Aarhus, Jun. 2023.xlsx",0.7179245283018869,T-shirt
25055 T-shirt uni k/æ blåmelan Pro,Alm.slid uden restværdi,1,1036,51,30155C97D461A7C002299613,"PLC, Product detaljeret, Aarhus, Jun. 2023.xlsx",1.4984942084942086,T-shirt
03885 T-Shirt Lysblå Lady K/Æ P/B,Alm.slid uden restværdi,1,995,54,30155C97D461A7C001330BE8,"PLC, Product detaljeret, Aarhus, Jun. 2023.xlsx",1.6520201005025126,T-shirt
26056 T-shirt k/æ dame lyseblå,Alm.slid uden restværdi,1,992,54,30155C97D461A7C0021BEFC3,"PLC, Product detaljeret, Aarhus, Jun. 2023.xlsx",1.657016129032258,T-shirt
26056 T-shirt k/æ dame lyseblå,Alm.slid uden restværdi,1,992,53,30155C97D461A7C0021BF049,"PLC, Product detaljeret, Aarhus, Jun. 2023.xlsx",1.6263306451612904,T-shirt
01589 T-shirt unisex mblå k/æ,Alm.slid uden restværdi,1,987,46,30155C97D461A6C0000F181C,"PLC, Product detaljeret, Aarhus, Jun. 2023.xlsx",1.4186828774062819,T-shirt
03885 T-Shirt Lysblå Lady K/Æ P/B,Alm.slid uden restværdi,1,984,37,30155C97D461A7C001C84FB3,"PLC, Product detaljeret, Aarhus, Jun. 2023.xlsx",1.1445934959349595,T-shirt
01589 T-shirt unisex mblå k/æ,Alm.slid uden restværdi,1,979,32,30155C97D461A7C002913B29,"PLC, Product detaljeret, Aarhus, Jun. 2023.xlsx",0.9949744637385087,T-shirt
09610 T-Shirt Lady Lysblå Bom,Alm.slid uden restværdi,1,977,11,30155C97D461A6C0000F2C3B,"PLC, Product detaljeret, Aarhus, Jun. 2023.xlsx",0.34272262026612077,T-shirt
24593 T-shirt You dame Kornblå,Alm.slid uden restværdi,1,968,50,30155C97D461A7C002696DB3,"PLC, Product detaljeret, Aarhus, Jun. 2023.xlsx",1.572314049586777,T-shirt
24762 T-shirt da k/æ blåmela Pro,Alm.slid uden restværdi,1,953,49,30155C97D461A6C0001749E6,"PLC, Product detaljeret, Aarhus, Jun. 2023.xlsx",1.5651206715634838,T-shirt
24762 T-shirt da k/æ blåmela Pro,Alm.slid uden restværdi,1,953,48,30155C97D461A7C002300584,"PLC, Product detaljeret, Aarhus, Jun. 2023.xlsx",1.5331794333683106,T-shirt
26056 T-shirt k/æ dame lyseblå,Alm.slid uden restværdi,1,953,67,30155C97D461A7C0008A6521,"PLC, Product detaljeret, Aarhus, Jun. 2023.xlsx",2.1400629590766003,T-shirt
13658 T-shirt dame lyseblå Prowear,Alm.slid uden restværdi,1,927,22,30155C97D461A6C00035AFE8,"PLC, Product detaljeret, Aarhus, Jun. 2023.xlsx",0.7224163969795039,T-shirt
09610 T-Shirt Lady Lysblå Bom,Alm.slid uden restværdi,1,924,17,30155C97D461A6C0000F2B84,"PLC, Product detaljeret, Aarhus, Jun. 2023.xlsx",0.5600432900432901,T-shirt
09610 T-Shirt Lady Lysblå Bom,Alm.slid uden restværdi,1,924,15,30155C97D461A6C0000F2C3E,"PLC, Product detaljeret, Aarhus, Jun. 2023.xlsx",0.4941558441558441,T-shirt
03885 T-Shirt Lysblå Lady K/Æ P/B,Alm.slid uden restværdi,1,921,22,30155C97D461A7C001C85971,"PLC, Product detaljeret, Aarhus, Jun. 2023.xlsx",0.7271226927252986,T-shirt
13658 T-shirt dame lyseblå Prowear,Alm.slid uden restværdi,1,908,54,30155C97D461A6C00013ED08,"PLC, Product detaljeret, Aarhus, Jun. 2023.xlsx",1.8103083700440528,T-shirt
13658 T-shirt dame lyseblå Prowear,Alm.slid uden restværdi,1,904,33,30155C97D461A6C00013EC48,"PLC, Product detaljeret, Aarhus, Jun. 2023.xlsx",1.1111946902654868,T-shirt
03885 T-Shirt Lysblå Lady K/Æ P/B,Alm.slid uden restværdi,1,898,6,30155C97D461A7C001C84F9D,"PLC, Product detaljeret, Aarhus, Jun. 2023.xlsx",0.20338530066815147,T-shirt
03885 T-Shirt Lysblå Lady K/Æ P/B,Alm.slid uden restværdi,1,898,28,30155C97D461A7C001C84FE9,"PLC, Product detaljeret, Aarhus, Jun. 2023.xlsx",0.9491314031180401,T-shirt
03885 T-Shirt Lysblå Lady K/Æ P/B,Alm.slid uden restværdi,1,898,23,30155C97D461A7C001C8581A,"PLC, Product detaljeret, Aarhus, Jun. 2023.xlsx",0.7796436525612472,T-shirt
03885 T-Shirt Lysblå Lady K/Æ P/B,Alm.slid uden restværdi,1,898,27,30155C97D461A7C001C85874,"PLC, Product detaljeret, Aarhus, Jun. 2023.xlsx",0.9152338530066816,T-shirt
03885 T-Shirt Lysblå Lady K/Æ P/B,Alm.slid uden restværdi,1,898,25,30155C97D461A7C001C85895,"PLC, Product detaljeret, Aarhus, Jun. 2023.xlsx",0.8474387527839644,T-shirt
03885 T-Shirt Lysblå Lady K/Æ P/B,Alm.slid uden restværdi,1,898,24,30155C97D461A7C001C859C9,"PLC, Product detaljeret, Aarhus, Jun. 2023.xlsx",0.8135412026726059,T-shirt
03885 T-Shirt Lysblå Lady K/Æ P/B,Alm.slid uden restværdi,1,897,27,30155C97D461A7C001C84EE7,"PLC, Product detaljeret, Aarhus, Jun. 2023.xlsx",0.9162541806020067,T-shirt
03885 T-Shirt Lysblå Lady K/Æ P/B,Alm.slid uden restværdi,1,897,24,30155C97D461A7C001C84F32,"PLC, Product detaljeret, Aarhus, Jun. 2023.xlsx",0.814448160535117,T-shirt
03885 T-Shirt Lysblå Lady K/Æ P/B,Alm.slid uden restværdi,1,897,16,30155C97D461A7C001C8580E,"PLC, Product detaljeret, Aarhus, Jun. 2023.xlsx",0.5429654403567448,T-shirt
13658 T-shirt dame lyseblå Prowear,Alm.slid uden restværdi,1,895,66,30155C97D461A6C00016FC48,"PLC, Product detaljeret, Aarhus, Jun. 2023.xlsx",2.244737430167598,T-shirt
26498 T-shirt L/Æ kongeblå P/B,Alm.slid uden restværdi,1,893,28,30155C97D461A6C0002CEF9C,"PLC, Product detaljeret, Aarhus, Jun. 2023.xlsx",0.9544456886898097,T-shirt
03885 T-Shirt Lysblå Lady K/Æ P/B,Alm.slid uden restværdi,1,878,63,30155C97D461A7C001BE4250,"PLC, Product detaljeret, Aarhus, Jun. 2023.xlsx",2.1841913439635534,T-shirt
25055 T-shirt uni k/æ blåmelan Pro,Alm.slid uden restværdi,1,878,15,30155C97D461A7C0023C7050,"PLC, Product detaljeret, Aarhus, Jun. 2023.xlsx",0.5200455580865604,T-shirt
13658 T-shirt dame lyseblå Prowear,Alm.slid uden restværdi,1,869,10,30155C97D461A6C0001B1CA1,"PLC, Product detaljeret, Aarhus, Jun. 2023.xlsx",0.3502876869965478,T-shirt
13658 T-shirt dame lyseblå Prowear,Alm.slid uden restværdi,1,861,40,30155C97D461A6C0002F10AF,"PLC, Product detaljeret, Aarhus, Jun. 2023.xlsx",1.4141695702671313,T-shirt
03885 T-Shirt Lysblå Lady K/Æ P/B,Alm.slid uden restværdi,1,838,22,30155C97D461A7C001C858D7,"PLC, Product detaljeret, Aarhus, Jun. 2023.xlsx",0.7991408114558473,T-shirt
26056 T-shirt k/æ dame lyseblå,Alm.slid uden restværdi,1,831,44,30155C97D461A7C002697C5D,"PLC, Product detaljeret, Aarhus, Jun. 2023.xlsx",1.6117448856799037,T-shirt
01589 T-shirt unisex mblå k/æ,Alm.slid uden restværdi,1,824,19,30155C97D461A7C002914130,"PLC, Product detaljeret, Aarhus, Jun. 2023.xlsx",0.7018932038834952,T-shirt
13658 T-shirt dame lyseblå Prowear,Alm.slid uden restværdi,1,808,53,30155C97D461A6C0008176A7,"PLC, Product detaljeret, Aarhus, Jun. 2023.xlsx",1.9966831683168318,T-shirt
01589 T-shirt unisex mblå k/æ,Alm.slid uden restværdi,1,806,40,30155C97D461A6C0002BA764,"PLC, Product detaljeret, Aarhus, Jun. 2023.xlsx",1.5106699751861044,T-shirt
01589 T-shirt unisex mblå k/æ,Alm.slid uden restværdi,1,803,29,30155C97D461A6C00053E9BF,"PLC, Product detaljeret, Aarhus, Jun. 2023.xlsx",1.0993275217932752,T-shirt
01589 T-shirt unisex mblå k/æ,Alm.slid uden restværdi,1,803,13,30155C97D461A6C00053E9C4,"PLC, Product detaljeret, Aarhus, Jun. 2023.xlsx",0.4928019925280199,T-shirt
01589 T-shirt unisex mblå k/æ,Alm.slid uden restværdi,1,801,32,30155C97D461A6C000304C99,"PLC, Product detaljeret, Aarhus, Jun. 2023.xlsx",1.216079900124844,T-shirt
01589 T-shirt unisex mblå k/æ,Alm.slid uden restværdi,1,801,35,30155C97D461A6C000304D77,"PLC, Product detaljeret, Aarhus, Jun. 2023.xlsx",1.3300873907615482,T-shirt
01589 T-shirt unisex mblå k/æ,Alm.slid uden restværdi,1,801,36,30155C97D461A6C000304DA5,"PLC, Product detaljeret, Aarhus, Jun. 2023.xlsx",1.3680898876404495,T-shirt
01589 T-shirt unisex mblå k/æ,Alm.slid uden restværdi,1,801,30,30155C97D461A6C000304E0D,"PLC, Product detaljeret, Aarhus, Jun. 2023.xlsx",1.1400749063670412,T-shirt
25055 T-shirt uni k/æ blåmelan Pro,Alm.slid uden restværdi,1,800,29,30155C97D461A6C0002BA852,"PLC, Product detaljeret, Aarhus, Jun. 2023.xlsx",1.10345,T-shirt
01717 T-shirt unisex kblå pb,Alm.slid uden restværdi,1,792,1,30155C97D461A6C000816B5F,"PLC, Product detaljeret, Aarhus, Jun. 2023.xlsx",0.03843434343434344,T-shirt
13658 T-shirt dame lyseblå Prowear,Alm.slid uden restværdi,1,791,42,30155C97D461A6C0002F2D7D,"PLC, Product detaljeret, Aarhus, Jun. 2023.xlsx",1.616283185840708,T-shirt
13658 T-shirt dame lyseblå Prowear,Alm.slid uden restværdi,1,791,30,30155C97D461A6C0002F2E24,"PLC, Product detaljeret, Aarhus, Jun. 2023.xlsx",1.1544879898862201,T-shirt
13658 T-shirt dame lyseblå Prowear,Alm.slid uden restværdi,1,783,25,30155C97D461A6C0002F2E89,"PLC, Product detaljeret, Aarhus, Jun. 2023.xlsx",0.9719029374201789,T-shirt
13658 T-shirt dame lyseblå Prowear,Alm.slid uden restværdi,1,779,23,30155C97D461A6C000143091,"PLC, Product detaljeret, Aarhus, Jun. 2023.xlsx",0.8987419768934531,T-shirt
01589 T-shirt unisex mblå k/æ,Alm.slid uden restværdi,1,774,36,30155C97D461A6C000B1061E,"PLC, Product detaljeret, Aarhus, Jun. 2023.xlsx",1.415813953488372,T-shirt
08398 T-shirt unisex mblå k/æ bom,Alm.slid uden restværdi,1,774,30,30155C97D461A6C00030D8E1,"PLC, Product detaljeret, Aarhus, Jun. 2023.xlsx",1.1798449612403101,T-shirt
25055 T-shirt uni k/æ blåmelan Pro,Alm.slid uden restværdi,1,774,13,30155C97D461A7C00281CA02,"PLC, Product detaljeret, Aarhus, Jun. 2023.xlsx",0.5112661498708011,T-shirt
01589 T-shirt unisex mblå k/æ,Alm.slid uden restværdi,1,768,36,30155C97D461A6C00031232C,"PLC, Product detaljeret, Aarhus, Jun. 2023.xlsx",1.4268750000000001,T-shirt
13658 T-shirt dame lyseblå Prowear,Alm.slid uden restværdi,1,765,39,30155C97D461A6C00031414D,"PLC, Product detaljeret, Aarhus, Jun. 2023.xlsx",1.551843137254902,T-shirt
13658 T-shirt dame lyseblå Prowear,Alm.slid uden restværdi,1,758,36,30155C97D461A6C0002F2E35,"PLC, Product detaljeret, Aarhus, Jun. 2023.xlsx",1.4456992084432718,T-shirt
13658 T-shirt dame lyseblå Prowear,Alm.slid uden restværdi,1,745,13,30155C97D461A6C000817501,"PLC, Product detaljeret, Aarhus, Jun. 2023.xlsx",0.5311677852348993,T-shirt
01589 T-shirt unisex mblå k/æ,Alm.slid uden restværdi,1,742,50,30155C97D461A6C000B00858,"PLC, Product detaljeret, Aarhus, Jun. 2023.xlsx",2.0512129380053907,T-shirt
01589 T-shirt unisex mblå k/æ,Alm.slid uden restværdi,1,742,37,30155C97D461A6C000B008AE,"PLC, Product detaljeret, Aarhus, Jun. 2023.xlsx",1.5178975741239893,T-shirt
01589 T-shirt unisex mblå k/æ,Alm.slid uden restværdi,1,738,27,30155C97D461A6C000B13403,"PLC, Product detaljeret, Aarhus, Jun. 2023.xlsx",1.1136585365853657,T-shirt
01589 T-shirt unisex mblå k/æ,Alm.slid uden restværdi,1,738,19,30155C97D461A6C000B13648,"PLC, Product detaljeret, Aarhus, Jun. 2023.xlsx",0.7836856368563686,T-shirt
01589 T-shirt unisex mblå k/æ,Alm.slid uden restværdi,1,737,19,30155C97D461A6C000B04D2E,"PLC, Product detaljeret, Aarhus, Jun. 2023.xlsx",0.7847489823609227,T-shirt
01589 T-shirt unisex mblå k/æ,Alm.slid uden restværdi,1,737,29,30155C97D461A6C000B04ED1,"PLC, Product detaljeret, Aarhus, Jun. 2023.xlsx",1.197774762550882,T-shirt
01589 T-shirt unisex mblå k/æ,Alm.slid uden restværdi,1,737,26,30155C97D461A6C000B10505,"PLC, Product detaljeret, Aarhus, Jun. 2023.xlsx",1.0738670284938943,T-shirt
01589 T-shirt unisex mblå k/æ,Alm.slid uden restværdi,1,737,25,30155C97D461A6C000B1065D,"PLC, Product detaljeret, Aarhus, Jun. 2023.xlsx",1.0325644504748983,T-shirt
01589 T-shirt unisex mblå k/æ,Alm.slid uden restværdi,1,728,31,30155C97D461A6C0008C3843,"PLC, Product detaljeret, Aarhus, Jun. 2023.xlsx",1.2962087912087914,T-shirt
25055 T-shirt uni k/æ blåmelan Pro,Alm.slid uden restværdi,1,714,17,30155C97D461A6C00030FF3F,"PLC, Product detaljeret, Aarhus, Jun. 2023.xlsx",0.7247619047619047,T-shirt
25055 T-shirt uni k/æ blåmelan Pro,Alm.slid uden restværdi,1,714,8,30155C97D461A6C00030FFA1,"PLC, Product detaljeret, Aarhus, Jun. 2023.xlsx",0.34106442577030815,T-shirt
25055 T-shirt uni k/æ blåmelan Pro,Alm.slid uden restværdi,1,714,14,30155C97D461A6C00039E8A0,"PLC, Product detaljeret, Aarhus, Jun. 2023.xlsx",0.5968627450980393,T-shirt
01589 T-shirt unisex mblå k/æ,Alm.slid uden restværdi,1,712,29,30155C97D461A6C000B182B0,"PLC, Product detaljeret, Aarhus, Jun. 2023.xlsx",1.2398314606741574,T-shirt
24762 T-shirt da k/æ blåmela Pro,Alm.slid uden restværdi,1,710,15,30155C97D461A6C000B16260,"PLC, Product detaljeret, Aarhus, Jun. 2023.xlsx",0.6430985915492958,T-shirt
24762 T-shirt da k/æ blåmela Pro,Alm.slid uden restværdi,1,710,12,30155C97D461A6C000B17ABB,"PLC, Product detaljeret, Aarhus, Jun. 2023.xlsx",0.5144788732394366,T-shirt
01589 T-shirt unisex mblå k/æ,Alm.slid uden restværdi,1,707,33,30155C97D461A6C0008C389E,"PLC, Product detaljeret, Aarhus, Jun. 2023.xlsx",1.420820367751061,T-shirt
01589 T-shirt unisex mblå k/æ,Alm.slid uden restværdi,1,707,13,30155C97D461A6C0008C3905,"PLC, Product detaljeret, Aarhus, Jun. 2023.xlsx",0.5597171145685997,T-shirt
01427 T-shirt unisex lyseblå pb,Alm.slid uden restværdi,1,691,10,30155C97D461A6C00030E914,"PLC, Product detaljeret, Aarhus, Jun. 2023.xlsx",0.44052098408104196,T-shirt
01589 T-shirt unisex mblå k/æ,Alm.slid uden restværdi,1,681,20,30155C97D461A6C000304DF5,"PLC, Product detaljeret, Aarhus, Jun. 2023.xlsx",0.8939794419970631,T-shirt
13658 T-shirt dame lyseblå Prowear,Alm.slid uden restværdi,1,676,41,30155C97D461A6C0002F2DCF,"PLC, Product detaljeret, Aarhus, Jun. 2023.xlsx",1.8462130177514793,T-shirt
09610 T-Shirt Lady Lysblå Bom,Alm.slid uden restværdi,1,666,2,30155C97D461A6C0000F2CCD,"PLC, Product detaljeret, Aarhus, Jun. 2023.xlsx",0.09141141141141142,T-shirt
01427 T-shirt unisex lyseblå pb,Alm.slid uden restværdi,1,664,7,30155C97D461A6C000843D8B,"PLC, Product detaljeret, Aarhus, Jun. 2023.xlsx",0.32090361445783133,T-shirt
13658 T-shirt dame lyseblå Prowear,Alm.slid uden restværdi,1,663,13,30155C97D461A6C0008D7B0A,"PLC, Product detaljeret, Aarhus, Jun. 2023.xlsx",0.5968627450980393,T-shirt
01589 T-shirt unisex mblå k/æ,Alm.slid uden restværdi,1,661,12,30155C97D461A6C0008CBB10,"PLC, Product detaljeret, Aarhus, Jun. 2023.xlsx",0.5526172465960666,T-shirt
01717 T-shirt unisex kblå pb,Alm.slid uden restværdi,1,658,12,30155C97D461A6C0008C45EC,"PLC, Product detaljeret, Aarhus, Jun. 2023.xlsx",0.5551367781155016,T-shirt
13658 T-shirt dame lyseblå Prowear,Alm.slid uden restværdi,1,628,8,30155C97D461A6C0008BF866,"PLC, Product detaljeret, Aarhus, Jun. 2023.xlsx",0.3877707006369427,T-shirt
13658 T-shirt dame lyseblå Prowear,Alm.slid uden restværdi,1,625,33,30155C97D461A6C0008BE06B,"PLC, Product detaljeret, Aarhus, Jun. 2023.xlsx",1.607232,T-shirt
01589 T-shirt unisex mblå k/æ,Alm.slid uden restværdi,1,624,16,30155C97D461A6C0008C0000,"PLC, Product detaljeret, Aarhus, Jun. 2023.xlsx",0.7805128205128206,T-shirt
01589 T-shirt unisex mblå k/æ,Alm.slid uden restværdi,1,624,18,30155C97D461A6C0012B7152,"PLC, Product detaljeret, Aarhus, Jun. 2023.xlsx",0.8780769230769232,T-shirt
01589 T-shirt unisex mblå k/æ,Alm.slid uden restværdi,1,624,14,30155C97D461A6C0012B71CA,"PLC, Product detaljeret, Aarhus, Jun. 2023.xlsx",0.682948717948718,T-shirt
01589 T-shirt unisex mblå k/æ,Alm.slid uden restværdi,1,624,22,30155C97D461A6C0012B725A,"PLC, Product detaljeret, Aarhus, Jun. 2023.xlsx",1.0732051282051283,T-shirt
01589 T-shirt unisex mblå k/æ,Alm.slid uden restværdi,1,624,19,30155C97D461A6C0012B72C1,"PLC, Product detaljeret, Aarhus, Jun. 2023.xlsx",0.9268589743589744,T-shirt
01589 T-shirt unisex mblå k/æ,Alm.slid uden restværdi,1,624,9,30155C97D461A6C0012B730E,"PLC, Product detaljeret, Aarhus, Jun. 2023.xlsx",0.4390384615384616,T-shirt
01589 T-shirt unisex mblå k/æ,Alm.slid uden restværdi,1,624,18,30155C97D461A6C0012B7316,"PLC, Product detaljeret, Aarhus, Jun. 2023.xlsx",0.8780769230769232,T-shirt
01589 T-shirt unisex mblå k/æ,Alm.slid uden restværdi,1,619,26,30155C97D461A6C0008C0377,"PLC, Product detaljeret, Aarhus, Jun. 2023.xlsx",1.278578352180937,T-shirt
01589 T-shirt unisex mblå k/æ,Alm.slid uden restværdi,1,608,8,30155C97D461A6C0015B36A4,"PLC, Product detaljeret, Aarhus, Jun. 2023.xlsx",0.4005263157894737,T-shirt
25055 T-shirt uni k/æ blåmelan Pro,Alm.slid uden restværdi,1,608,34,30155C97D461A6C000BA6301,"PLC, Product detaljeret, Aarhus, Jun. 2023.xlsx",1.7022368421052632,T-shirt
13658 T-shirt dame lyseblå Prowear,Alm.slid uden restværdi,1,604,13,30155C97D461A6C000720844,"PLC, Product detaljeret, Aarhus, Jun. 2023.xlsx",0.6551655629139073,T-shirt
01589 T-shirt unisex mblå k/æ,Alm.slid uden restværdi,1,603,27,30155C97D461A6C000B0076B,"PLC, Product detaljeret, Aarhus, Jun. 2023.xlsx",1.3629850746268657,T-shirt
01589 T-shirt unisex mblå k/æ,Alm.slid uden restværdi,1,603,32,30155C97D461A6C000B00785,"PLC, Product detaljeret, Aarhus, Jun. 2023.xlsx",1.6153897180762853,T-shirt
01589 T-shirt unisex mblå k/æ,Alm.slid uden restværdi,1,587,11,30155C97D461A6C0012B73DC,"PLC, Product detaljeret, Aarhus, Jun. 2023.xlsx",0.5704258943781942,T-shirt
01589 T-shirt unisex mblå k/æ,Alm.slid uden restværdi,1,583,26,30155C97D461A6C0015C5AB5,"PLC, Product detaljeret, Aarhus, Jun. 2023.xlsx",1.3575300171526588,T-shirt
01589 T-shirt unisex mblå k/æ,Alm.slid uden restværdi,1,576,19,30155C97D461A6C0015B37B2,"PLC, Product detaljeret, Aarhus, Jun. 2023.xlsx",1.0040972222222222,T-shirt
01589 T-shirt unisex mblå k/æ,Alm.slid uden restværdi,1,576,12,30155C97D461A6C0015B37C2,"PLC, Product detaljeret, Aarhus, Jun. 2023.xlsx",0.6341666666666667,T-shirt
01589 T-shirt unisex mblå k/æ,Alm.slid uden restværdi,1,572,45,30155C97D461A6C000E2225A,"PLC, Product detaljeret, Aarhus, Jun. 2023.xlsx",2.394755244755245,T-shirt
26498 T-shirt L/Æ kongeblå P/B,Alm.slid uden restværdi,1,564,35,30155C97D461A6C000305C01,"PLC, Product detaljeret, Aarhus, Jun. 2023.xlsx",1.8890070921985815,T-shirt
24593 T-shirt You dame Kornblå,Alm.slid uden restværdi,1,554,25,30155C97D461A7C002396A21,"PLC, Product detaljeret, Aarhus, Jun. 2023.xlsx",1.3736462093862818,T-shirt
24762 T-shirt da k/æ blåmela Pro,Alm.slid uden restværdi,1,552,22,30155C97D461A6C00105C6C3,"PLC, Product detaljeret, Aarhus, Jun. 2023.xlsx",1.2131884057971014,T-shirt
01427 T-shirt unisex lyseblå pb,Alm.slid uden restværdi,1,538,16,30155C97D461A6C00158319D,"PLC, Product detaljeret, Aarhus, Jun. 2023.xlsx",0.9052788104089219,T-shirt
01589 T-shirt unisex mblå k/æ,Alm.slid uden restværdi,1,531,31,30155C97D461A6C00105A328,"PLC, Product detaljeret, Aarhus, Jun. 2023.xlsx",1.777099811676083,T-shirt
01589 T-shirt unisex mblå k/æ,Alm.slid uden restværdi,1,524,34,30155C97D461A6C000E2F47A,"PLC, Product detaljeret, Aarhus, Jun. 2023.xlsx",1.9751145038167939,T-shirt
01589 T-shirt unisex mblå k/æ,Alm.slid uden restværdi,1,518,39,30155C97D461A6C000E2F454,"PLC, Product detaljeret, Aarhus, Jun. 2023.xlsx",2.291814671814672,T-shirt
01589 T-shirt unisex mblå k/æ,Alm.slid uden restværdi,1,518,31,30155C97D461A6C000E2F53F,"PLC, Product detaljeret, Aarhus, Jun. 2023.xlsx",1.8216988416988418,T-shirt
13658 T-shirt dame lyseblå Prowear,Alm.slid uden restværdi,1,515,15,30155C97D461A6C00106264A,"PLC, Product detaljeret, Aarhus, Jun. 2023.xlsx",0.8866019417475729,T-shirt
01589 T-shirt unisex mblå k/æ,Alm.slid uden restværdi,1,512,25,30155C97D461A6C0010659C3,"PLC, Product detaljeret, Aarhus, Jun. 2023.xlsx",1.486328125,T-shirt
01589 T-shirt unisex mblå k/æ,Alm.slid uden restværdi,1,509,28,30155C97D461A6C0012EB9BE,"PLC, Product detaljeret, Aarhus, Jun. 2023.xlsx",1.674499017681729,T-shirt
01589 T-shirt unisex mblå k/æ,Alm.slid uden restværdi,1,503,43,30155C97D461A6C000E2F39D,"PLC, Product detaljeret, Aarhus, Jun. 2023.xlsx",2.6022266401590457,T-shirt
01589 T-shirt unisex mblå k/æ,Alm.slid uden restværdi,1,502,38,30155C97D461A6C000E2F4DB,"PLC, Product detaljeret, Aarhus, Jun. 2023.xlsx",2.3042231075697215,T-shirt
01427 T-shirt unisex lyseblå pb,Alm.slid uden restværdi,1,501,15,30155C97D461A6C0015C4C0F,"PLC, Product detaljeret, Aarhus, Jun. 2023.xlsx",0.911377245508982,T-shirt
01589 T-shirt unisex mblå k/æ,Alm.slid uden restværdi,1,493,4,30155C97D461A6C0008CD9B6,"PLC, Product detaljeret, Aarhus, Jun. 2023.xlsx",0.24697768762677486,T-shirt
01589 T-shirt unisex mblå k/æ,Alm.slid uden restværdi,1,483,31,30155C97D461A6C00091052B,"PLC, Product detaljeret, Aarhus, Jun. 2023.xlsx",1.953706004140787,T-shirt
13658 T-shirt dame lyseblå Prowear,Alm.slid uden restværdi,1,473,10,30155C97D461A6C0009E99B5,"PLC, Product detaljeret, Aarhus, Jun. 2023.xlsx",0.6435517970401692,T-shirt
13658 T-shirt dame lyseblå Prowear,Alm.slid uden restværdi,1,473,7,30155C97D461A6C0009E99B6,"PLC, Product detaljeret, Aarhus, Jun. 2023.xlsx",0.4504862579281184,T-shirt
13658 T-shirt dame lyseblå Prowear,Alm.slid uden restværdi,1,473,16,30155C97D461A6C000D87E0D,"PLC, Product detaljeret, Aarhus, Jun. 2023.xlsx",1.0296828752642706,T-shirt
13658 T-shirt dame lyseblå Prowear,Alm.slid uden restværdi,1,469,12,30155C97D461A6C000D87F6A,"PLC, Product detaljeret, Aarhus, Jun. 2023.xlsx",0.7788486140724947,T-shirt
01589 T-shirt unisex mblå k/æ,Alm.slid uden restværdi,1,462,14,30155C97D461A6C001059BB7,"PLC, Product detaljeret, Aarhus, Jun. 2023.xlsx",0.9224242424242425,T-shirt
01589 T-shirt unisex mblå k/æ,Alm.slid uden restværdi,1,451,14,30155C97D461A6C000D864CE,"PLC, Product detaljeret, Aarhus, Jun. 2023.xlsx",0.9449223946784924,T-shirt
01589 T-shirt unisex mblå k/æ,Alm.slid uden restværdi,1,442,14,30155C97D461A6C0006479B3,"PLC, Product detaljeret, Aarhus, Jun. 2023.xlsx",0.9641628959276018,T-shirt
01589 T-shirt unisex mblå k/æ,Alm.slid uden restværdi,1,407,17,30155C97D461A6C0008C6543,"PLC, Product detaljeret, Aarhus, Jun. 2023.xlsx",1.2714496314496315,T-shirt
25055 T-shirt uni k/æ blåmelan Pro,Alm.slid uden restværdi,1,402,9,30155C97D461A7C0023BB652,"PLC, Product detaljeret, Aarhus, Jun. 2023.xlsx",0.6814925373134328,T-shirt
25055 T-shirt uni k/æ blåmelan Pro,Alm.slid uden restværdi,1,402,15,30155C97D461A7C0023BB7AD,"PLC, Product detaljeret, Aarhus, Jun. 2023.xlsx",1.135820895522388,T-shirt
13658 T-shirt dame lyseblå Prowear,Alm.slid uden restværdi,1,398,17,30155C97D461A4C0009227F0,"PLC, Product detaljeret, Aarhus, Jun. 2023.xlsx",1.3002010050251256,T-shirt
13658 T-shirt dame lyseblå Prowear,Alm.slid uden restværdi,1,394,12,30155C97D461A6C0009E8BBC,"PLC, Product detaljeret, Aarhus, Jun. 2023.xlsx",0.9271065989847717,T-shirt
01589 T-shirt unisex mblå k/æ,Alm.slid uden restværdi,1,380,19,30155C97D461A6C001626DDA,"PLC, Product detaljeret, Aarhus, Jun. 2023.xlsx",1.5220000000000002,T-shirt
01589 T-shirt unisex mblå k/æ,Alm.slid uden restværdi,1,359,11,30155C97D461A4C000934481,"PLC, Product detaljeret, Aarhus, Jun. 2023.xlsx",0.9327019498607242,T-shirt
13658 T-shirt dame lyseblå Prowear,Alm.slid uden restværdi,1,359,12,30155C97D461A6C0009E9947,"PLC, Product detaljeret, Aarhus, Jun. 2023.xlsx",1.0174930362116992,T-shirt
25055 T-shirt uni k/æ blåmelan Pro,Alm.slid uden restværdi,1,358,3,30155C97D461A4C00064F894,"PLC, Product detaljeret, Aarhus, Jun. 2023.xlsx",0.25508379888268157,T-shirt
25055 T-shirt uni k/æ blåmelan Pro,Alm.slid uden restværdi,1,358,3,30155C97D461A4C00064FA03,"PLC, Product detaljeret, Aarhus, Jun. 2023.xlsx",0.25508379888268157,T-shirt
01589 T-shirt unisex mblå k/æ,Alm.slid uden restværdi,1,357,9,30155C97D461A6C0008BD7D4,"PLC, Product detaljeret, Aarhus, Jun. 2023.xlsx",0.7673949579831933,T-shirt
25055 T-shirt uni k/æ blåmelan Pro,Alm.slid uden restværdi,1,357,3,30155C97D461A4C00064F8CB,"PLC, Product detaljeret, Aarhus, Jun. 2023.xlsx",0.2557983193277311,T-shirt
01589 T-shirt unisex mblå k/æ,Alm.slid uden restværdi,1,350,7,30155C97D461A4C00064B4A8,"PLC, Product detaljeret, Aarhus, Jun. 2023.xlsx",0.6088,T-shirt
01427 T-shirt unisex lyseblå pb,Alm.slid uden restværdi,1,347,5,30155C97D461A4C000921541,"PLC, Product detaljeret, Aarhus, Jun. 2023.xlsx",0.4386167146974063,T-shirt
01589 T-shirt unisex mblå k/æ,Alm.slid uden restværdi,1,328,3,30155C97D461A4C00092CFD2,"PLC, Product detaljeret, Aarhus, Jun. 2023.xlsx",0.27841463414634143,T-shirt
13658 T-shirt dame lyseblå Prowear,Alm.slid uden restværdi,1,318,14,30155C97D461A6C000D86483,"PLC, Product detaljeret, Aarhus, Jun. 2023.xlsx",1.340125786163522,T-shirt
01589 T-shirt unisex mblå k/æ,Alm.slid uden restværdi,1,286,15,30155C97D461A6C00186161F,"PLC, Product detaljeret, Aarhus, Jun. 2023.xlsx",1.5965034965034965,T-shirt
01589 T-shirt unisex mblå k/æ,Alm.slid uden restværdi,1,286,12,30155C97D461A6C0018617FB,"PLC, Product detaljeret, Aarhus, Jun. 2023.xlsx",1.2772027972027973,T-shirt
01589 T-shirt unisex mblå k/æ,Alm.slid uden restværdi,1,261,13,30155C97D461A6C0010E8D68,"PLC, Product detaljeret, Aarhus, Jun. 2023.xlsx",1.516168582375479,T-shirt
13658 T-shirt dame lyseblå Prowear,Alm.slid uden restværdi,1,244,13,30155C97D461A6C0008421B4,"PLC, Product detaljeret, Aarhus, Jun. 2023.xlsx",1.6218032786885246,T-shirt
13658 T-shirt dame lyseblå Prowear,Alm.slid uden restværdi,1,235,18,30155C97D461A6C001B9CB81,"PLC, Product detaljeret, Aarhus, Jun. 2023.xlsx",2.3315744680851065,T-shirt
01589 T-shirt unisex mblå k/æ,Alm.slid uden restværdi,1,229,8,30155C97D461A6C0010E7EBB,"PLC, Product detaljeret, Aarhus, Jun. 2023.xlsx",1.063406113537118,T-shirt
01589 T-shirt unisex mblå k/æ,Alm.slid uden restværdi,1,224,8,30155C97D461A6C0010E7E43,"PLC, Product detaljeret, Aarhus, Jun. 2023.xlsx",1.0871428571428572,T-shirt
01589 T-shirt unisex mblå k/æ,Alm.slid uden restværdi,1,214,22,30155C97D461A6C001B9C358,"PLC, Product detaljeret, Aarhus, Jun. 2023.xlsx",3.1293457943925236,T-shirt
13658 T-shirt dame lyseblå Prowear,Alm.slid uden restværdi,1,212,1,30155C97D461A6C001B9CB5B,"PLC, Product detaljeret, Aarhus, Jun. 2023.xlsx",0.14358490566037735,T-shirt
26961 T-shirt CSR dame lysblå,Alm.slid uden restværdi,1,205,11,30155C97D461A6C0015FEF09,"PLC, Product detaljeret, Aarhus, Jun. 2023.xlsx",1.6333658536585367,T-shirt
26961 T-shirt CSR dame lysblå,Alm.slid uden restværdi,1,199,14,30155C97D461A6C000EAA633,"PLC, Product detaljeret, Aarhus, Jun. 2023.xlsx",2.1415075376884425,T-shirt
27110 T-Shirt Csr Unisex Lysblå,Alm.slid uden restværdi,1,199,1,30155C97D461A6C00135FACA,"PLC, Product detaljeret, Aarhus, Jun. 2023.xlsx",0.15296482412060303,T-shirt
26961 T-shirt CSR dame lysblå,Alm.slid uden restværdi,1,197,14,30155C97D461A6C00135F1B5,"PLC, Product detaljeret, Aarhus, Jun. 2023.xlsx",2.1632487309644675,T-shirt
26961 T-shirt CSR dame lysblå,Alm.slid uden restværdi,1,197,13,30155C97D461A6C00135F2B9,"PLC, Product detaljeret, Aarhus, Jun. 2023.xlsx",2.0087309644670053,T-shirt
26961 T-shirt CSR dame lysblå,Alm.slid uden restværdi,1,197,18,30155C97D461A6C0015FE29C,"PLC, Product detaljeret, Aarhus, Jun. 2023.xlsx",2.781319796954315,T-shirt
26961 T-shirt CSR dame lysblå,Alm.slid uden restværdi,1,197,13,30155C97D461A6C0015FEDCB,"PLC, Product detaljeret, Aarhus, Jun. 2023.xlsx",2.0087309644670053,T-shirt
26961 T-shirt CSR dame lysblå,Alm.slid uden restværdi,1,196,15,30155C97D461A6C0010DDB8D,"PLC, Product detaljeret, Aarhus, Jun. 2023.xlsx",2.329591836734694,T-shirt
26961 T-shirt CSR dame lysblå,Alm.slid uden restværdi,1,196,15,30155C97D461A6C0010DDCB9,"PLC, Product detaljeret, Aarhus, Jun. 2023.xlsx",2.329591836734694,T-shirt
26961 T-shirt CSR dame lysblå,Alm.slid uden restværdi,1,196,14,30155C97D461A6C00135F9EF,"PLC, Product detaljeret, Aarhus, Jun. 2023.xlsx",2.1742857142857144,T-shirt
26961 T-shirt CSR dame lysblå,Alm.slid uden restværdi,1,196,12,30155C97D461A6C0015FEF36,"PLC, Product detaljeret, Aarhus, Jun. 2023.xlsx",1.8636734693877552,T-shirt
26961 T-shirt CSR dame lysblå,Alm.slid uden restværdi,1,196,12,30155C97D461A6C0018619FE,"PLC, Product detaljeret, Aarhus, Jun. 2023.xlsx",1.8636734693877552,T-shirt
26961 T-shirt CSR dame lysblå,Alm.slid uden restværdi,1,195,11,30155C97D461A6C00135F536,"PLC, Product detaljeret, Aarhus, Jun. 2023.xlsx",1.7171282051282053,T-shirt
27110 T-Shirt Csr Unisex Lysblå,Alm.slid uden restværdi,1,195,15,30155C97D461A6C0010DE9D4,"PLC, Product detaljeret, Aarhus, Jun. 2023.xlsx",2.3415384615384616,T-shirt
27110 T-Shirt Csr Unisex Lysblå,Alm.slid uden restværdi,1,195,11,30155C97D461A6C00135EC8E,"PLC, Product detaljeret, Aarhus, Jun. 2023.xlsx",1.7171282051282053,T-shirt
09610 T-Shirt Lady Lysblå Bom,Alm.slid uden restværdi,1,193,18,30155C97D461A6C0002B8C82,"PLC, Product detaljeret, Aarhus, Jun. 2023.xlsx",2.838963730569948,T-shirt
09610 T-Shirt Lady Lysblå Bom,Alm.slid uden restværdi,1,193,20,30155C97D461A6C0002B8D00,"PLC, Product detaljeret, Aarhus, Jun. 2023.xlsx",3.15440414507772,T-shirt
09610 T-Shirt Lady Lysblå Bom,Alm.slid uden restværdi,1,193,16,30155C97D461A6C0002B8D05,"PLC, Product detaljeret, Aarhus, Jun. 2023.xlsx",2.5235233160621764,T-shirt
09610 T-Shirt Lady Lysblå Bom,Alm.slid uden restværdi,1,193,19,30155C97D461A6C0002B8D90,"PLC, Product detaljeret, Aarhus, Jun. 2023.xlsx",2.9966839378238346,T-shirt
13658 T-shirt dame lyseblå Prowear,Alm.slid uden restværdi,1,193,9,30155C97D461A6C001B9998F,"PLC, Product detaljeret, Aarhus, Jun. 2023.xlsx",1.419481865284974,T-shirt
26961 T-shirt CSR dame lysblå,Alm.slid uden restværdi,1,183,5,30155C97D461A6C0010DDB6E,"PLC, Product detaljeret, Aarhus, Jun. 2023.xlsx",0.8316939890710383,T-shirt
26961 T-shirt CSR dame lysblå,Alm.slid uden restværdi,1,183,8,30155C97D461A6C00135F564,"PLC, Product detaljeret, Aarhus, Jun. 2023.xlsx",1.3307103825136612,T-shirt
01717 T-shirt unisex kblå pb,Alm.slid uden restværdi,1,176,12,30155C97D461A6C001A6324F,"PLC, Product detaljeret, Aarhus, Jun. 2023.xlsx",2.075454545454545,T-shirt
26961 T-shirt CSR dame lysblå,Alm.slid uden restværdi,1,172,6,30155C97D461A6C0010D86D7,"PLC, Product detaljeret, Aarhus, Jun. 2023.xlsx",1.061860465116279,T-shirt
26961 T-shirt CSR dame lysblå,Alm.slid uden restværdi,1,172,11,30155C97D461A6C0010DDC67,"PLC, Product detaljeret, Aarhus, Jun. 2023.xlsx",1.9467441860465118,T-shirt
26961 T-shirt CSR dame lysblå,Alm.slid uden restværdi,1,170,7,30155C97D461A6C001A6D539,"PLC, Product detaljeret, Aarhus, Jun. 2023.xlsx",1.2534117647058824,T-shirt
26056 T-shirt k/æ dame lyseblå,Alm.slid uden restværdi,1,169,6,30155C97D461A6C00084FC28,"PLC, Product detaljeret, Aarhus, Jun. 2023.xlsx",1.0807100591715977,T-shirt
26665 T-shirt dame 1/2 ærme lblå,Alm.slid uden restværdi,1,157,7,30155C97D461A6C001A61091,"PLC, Product detaljeret, Aarhus, Jun. 2023.xlsx",1.3571974522292993,T-shirt
01589 T-shirt unisex mblå k/æ,Alm.slid uden restværdi,1,147,1,00D00BAB293B,"PLC, Product detaljeret, Aarhus, Jun. 2023.xlsx",0.2070748299319728,T-shirt
01589 T-shirt unisex mblå k/æ,Alm.slid uden restværdi,1,147,1,00D00BAB3D69,"PLC, Product detaljeret, Aarhus, Jun. 2023.xlsx",0.2070748299319728,T-shirt
01589 T-shirt unisex mblå k/æ,Alm.slid uden restværdi,1,147,1,00D00BAC5089,"PLC, Product detaljeret, Aarhus, Jun. 2023.xlsx",0.2070748299319728,T-shirt
01589 T-shirt unisex mblå k/æ,Alm.slid uden restværdi,1,147,1,00D00BAAC7D9,"PLC, Product detaljeret, Aarhus, Jun. 2023.xlsx",0.2070748299319728,T-shirt
01589 T-shirt unisex mblå k/æ,Alm.slid uden restværdi,1,147,1,00D00BAAE382,"PLC, Product detaljeret, Aarhus, Jun. 2023.xlsx",0.2070748299319728,T-shirt
01589 T-shirt unisex mblå k/æ,Alm.slid uden restværdi,1,140,4,30155C97D461A6C0018ED488,"PLC, Product detaljeret, Aarhus, Jun. 2023.xlsx",0.8697142857142858,T-shirt
27110 T-Shirt Csr Unisex Lysblå,Alm.slid uden restværdi,1,133,10,30155C97D461A4C000F32341,"PLC, Product detaljeret, Aarhus, Jun. 2023.xlsx",2.2887218045112783,T-shirt
27110 T-Shirt Csr Unisex Lysblå,Alm.slid uden restværdi,1,133,8,30155C97D461A4C000F3250D,"PLC, Product detaljeret, Aarhus, Jun. 2023.xlsx",1.8309774436090225,T-shirt
27110 T-Shirt Csr Unisex Lysblå,Alm.slid uden restværdi,1,128,6,30155C97D461A4C000D531F5,"PLC, Product detaljeret, Aarhus, Jun. 2023.xlsx",1.4268750000000001,T-shirt
27110 T-Shirt Csr Unisex Lysblå,Alm.slid uden restværdi,1,128,11,30155C97D461A4C000D532F7,"PLC, Product detaljeret, Aarhus, Jun. 2023.xlsx",2.6159375000000002,T-shirt
24762 T-shirt da k/æ blåmela Pro,Alm.slid uden restværdi,1,122,10,30155C97D461A4C000F4A91A,"PLC, Product detaljeret, Aarhus, Jun. 2023.xlsx",2.495081967213115,T-shirt
13658 T-shirt dame lyseblå Prowear,Alm.slid uden restværdi,1,121,6,30155C97D461A4C000F32490,"PLC, Product detaljeret, Aarhus, Jun. 2023.xlsx",1.5094214876033059,T-shirt
26057 T-shirt k/æ uni lyseblå,Alm.slid uden restværdi,1,119,9,30155C97D461A6C0020E7F82,"PLC, Product detaljeret, Aarhus, Jun. 2023.xlsx",2.30218487394958,T-shirt
26057 T-shirt k/æ uni lyseblå,Alm.slid uden restværdi,1,119,7,30155C97D461A6C0020E7FA2,"PLC, Product detaljeret, Aarhus, Jun. 2023.xlsx",1.7905882352941176,T-shirt
26057 T-shirt k/æ uni lyseblå,Alm.slid uden restværdi,1,119,6,30155C97D461A6C0020E7FC8,"PLC, Product detaljeret, Aarhus, Jun. 2023.xlsx",1.5347899159663867,T-shirt
13658 T-shirt dame lyseblå Prowear,Alm.slid uden restværdi,1,109,2,30155C97D461A4C000F4C206,"PLC, Product detaljeret, Aarhus, Jun. 2023.xlsx",0.5585321100917432,T-shirt
13658 T-shirt dame lyseblå Prowear,Alm.slid uden restværdi,1,109,2,30155C97D461A4C000F4C21F,"PLC, Product detaljeret, Aarhus, Jun. 2023.xlsx",0.5585321100917432,T-shirt
13658 T-shirt dame lyseblå Prowear,Alm.slid uden restværdi,1,100,5,30155C97D461A4C0010BA022,"PLC, Product detaljeret, Aarhus, Jun. 2023.xlsx",1.5220000000000002,T-shirt
01589 T-shirt unisex mblå k/æ,Alm.slid uden restværdi,1,87,2,30155C97D461A6C0015B9EBF,"PLC, Product detaljeret, Aarhus, Jun. 2023.xlsx",0.6997701149425287,T-shirt
26055 T-shirt 1/2 ærme da lyseblå,Alm.slid uden restværdi,1,78,5,30155C97D461A6C000EE60D0,"PLC, Product detaljeret, Aarhus, Jun. 2023.xlsx",1.9512820512820512,T-shirt
01589 T-shirt unisex mblå k/æ,Alm.slid uden restværdi,1,57,4,30155C97D461A6C001A6B0A0,"PLC, Product detaljeret, Aarhus, Jun. 2023.xlsx",2.136140350877193,T-shirt
01589 T-shirt unisex mblå k/æ,Alm.slid uden restværdi,1,36,1,30155C97D461A4C000D95F11,"PLC, Product detaljeret, Aarhus, Jun. 2023.xlsx",0.8455555555555555,T-shirt
01589 T-shirt unisex mblå k/æ,Alm.slid uden restværdi,1,36,1,30155C97D461A4C000D95F80,"PLC, Product detaljeret, Aarhus, Jun. 2023.xlsx",0.8455555555555555,T-shirt
01589 T-shirt unisex mblå k/æ,Alm.slid uden restværdi,1,27,1,30155C97D461A4C000D6CB15,"PLC, Product detaljeret, Aarhus, Jun. 2023.xlsx",1.1274074074074074,T-shirt
01589 T-shirt unisex mblå k/æ,Alm.slid uden restværdi,1,2859,81,00D00970D46A,Maj,0.8624134312696747,T-shirt
01589 T-shirt unisex mblå k/æ,Alm.slid uden restværdi,1,2797,120,00D009876AD9,Maj,1.3059706828745083,T-shirt
01717 T-shirt unisex kblå pb,Alm.slid uden restværdi,1,2786,111,00D009AE8714,Maj,1.2127925340990666,T-shirt
01589 T-shirt unisex mblå k/æ,Alm.slid uden restværdi,1,2724,49,00D0099924D1,Maj,0.5475624082232012,T-shirt
01589 T-shirt unisex mblå k/æ,Alm.slid uden restværdi,1,2697,137,00D0098B5A8B,Maj,1.5462662217278458,T-shirt
01589 T-shirt unisex mblå k/æ,Alm.slid uden restværdi,1,2661,7,00D009AD4E6A,Maj,0.08007515971439308,T-shirt
01589 T-shirt unisex mblå k/æ,Alm.slid uden restværdi,1,2617,71,00D009AFD777,Maj,0.8258463889950326,T-shirt
01717 T-shirt unisex kblå pb,Alm.slid uden restværdi,1,2565,93,00D009F0BBA3,Maj,1.1036725146198831,T-shirt
01589 T-shirt unisex mblå k/æ,Alm.slid uden restværdi,1,2452,69,30155C97D461A7C0002C635D,Maj,0.8565905383360521,T-shirt
01589 T-shirt unisex mblå k/æ,Alm.slid uden restværdi,1,2452,20,30155C97D461A7C0002C6380,Maj,0.24828711256117453,T-shirt
01589 T-shirt unisex mblå k/æ,Alm.slid uden restværdi,1,2343,67,30155C97D461A7C0002D832E,Maj,0.870456679470764,T-shirt
03885 T-Shirt Lysblå Lady K/Æ P/B,Alm.slid uden restværdi,1,2330,3,00D0099724B4,Maj,0.0391931330472103,T-shirt
01589 T-shirt unisex mblå k/æ,Alm.slid uden restværdi,1,2305,118,30155C97D461A7C0002CB5FD,Maj,1.5583167028199567,T-shirt
01717 T-shirt unisex kblå pb,Alm.slid uden restværdi,1,2200,76,30155C97D461A7C000B5C73F,Maj,1.0515636363636365,T-shirt
01589 T-shirt unisex mblå k/æ,Alm.slid uden restværdi,1,2189,50,00D008F3466D,Maj,0.6952946550936501,T-shirt
01717 T-shirt unisex kblå pb,Alm.slid uden restværdi,1,2164,87,30155C97D461A7C000850F48,Maj,1.2237892791127543,T-shirt
01589 T-shirt unisex mblå k/æ,Alm.slid uden restværdi,1,2091,117,30155C97D461A7C000BD012D,Maj,1.703242467718795,T-shirt
13658 T-shirt dame lyseblå Prowear,Alm.slid uden restværdi,1,2041,107,300ED89F335000400183B460,Maj,1.5958255756981872,T-shirt
01589 T-shirt unisex mblå k/æ,Alm.slid uden restværdi,1,2039,111,300ED89F3350007FE266A858,Maj,1.657106424717999,T-shirt
01589 T-shirt unisex mblå k/æ,Alm.slid uden restværdi,1,2035,86,300ED89F3350007FE266A190,Maj,1.2864078624078625,T-shirt
01589 T-shirt unisex mblå k/æ,Alm.slid uden restværdi,1,2035,97,300ED89F3350007FE266A990,Maj,1.450948402948403,T-shirt
01589 T-shirt unisex mblå k/æ,Alm.slid uden restværdi,1,2034,63,300ED89F3350007FE266A61F,Maj,0.9428318584070797,T-shirt
01589 T-shirt unisex mblå k/æ,Alm.slid uden restværdi,1,2034,84,300ED89F3350007FE266A96D,Maj,1.257109144542773,T-shirt
01589 T-shirt unisex mblå k/æ,Alm.slid uden restværdi,1,2030,87,300ED89F3350007FE266A67A,Maj,1.3045714285714287,T-shirt
13658 T-shirt dame lyseblå Prowear,Alm.slid uden restværdi,1,2030,82,300ED89F335000400183D233,Maj,1.2295960591133006,T-shirt
13658 T-shirt dame lyseblå Prowear,Alm.slid uden restværdi,1,2024,50,300ED89F335000400183AECB,Maj,0.7519762845849802,T-shirt
01589 T-shirt unisex mblå k/æ,Alm.slid uden restværdi,1,2016,64,300ED89F3350007FE266A94A,Maj,0.9663492063492063,T-shirt
13658 T-shirt dame lyseblå Prowear,Alm.slid uden restværdi,1,2016,70,300ED89F335000400183D0AB,Maj,1.0569444444444445,T-shirt
01589 T-shirt unisex mblå k/æ,Alm.slid uden restværdi,1,2010,56,300ED89F3350007FE266A868,Maj,0.8480796019900498,T-shirt
01589 T-shirt unisex mblå k/æ,Alm.slid uden restværdi,1,2007,100,300ED89F3350007FE2685B4E,Maj,1.5166915794718487,T-shirt
13658 T-shirt dame lyseblå Prowear,Alm.slid uden restværdi,1,2007,90,300ED89F335000400183B4DF,Maj,1.3650224215246636,T-shirt
01589 T-shirt unisex mblå k/æ,Alm.slid uden restværdi,1,2004,75,300ED89F3350007FE2685A63,Maj,1.1392215568862274,T-shirt
01717 T-shirt unisex kblå pb,Alm.slid uden restværdi,1,2002,110,30155C97D461A7C000BA6EA2,Maj,1.6725274725274726,T-shirt
01589 T-shirt unisex mblå k/æ,Alm.slid uden restværdi,1,1938,88,300ED89F33500060009D8972,Maj,1.3822084623323014,T-shirt
01589 T-shirt unisex mblå k/æ,Alm.slid uden restværdi,1,1938,100,300ED89F33500060009D89EE,Maj,1.5706914344685243,T-shirt
01589 T-shirt unisex mblå k/æ,Alm.slid uden restværdi,1,1929,118,30155C97D461A7C00117030C,Maj,1.8620632452047694,T-shirt
13658 T-shirt dame lyseblå Prowear,Alm.slid uden restværdi,1,1928,55,300ED89F33500060009D8EBF,Maj,0.8683609958506224,T-shirt
03885 T-Shirt Lysblå Lady K/Æ P/B,Alm.slid uden restværdi,1,1870,59,30155C97D461A7C00102F78E,Maj,0.9604064171122995,T-shirt
03885 T-Shirt Lysblå Lady K/Æ P/B,Alm.slid uden restværdi,1,1869,116,30155C97D461A7C000E88667,Maj,1.889266987693954,T-shirt
03885 T-Shirt Lysblå Lady K/Æ P/B,Alm.slid uden restværdi,1,1869,83,30155C97D461A7C0010364CB,Maj,1.3518031032637774,T-shirt
03885 T-Shirt Lysblå Lady K/Æ P/B,Alm.slid uden restværdi,1,1857,105,30155C97D461A7C000E907BB,Maj,1.7211631663974152,T-shirt
03885 T-Shirt Lysblå Lady K/Æ P/B,Alm.slid uden restværdi,1,1855,43,30155C97D461A7C001036430,Maj,0.7056172506738544,T-shirt
03885 T-Shirt Lysblå Lady K/Æ P/B,Alm.slid uden restværdi,1,1851,2,30155C97D461A7C000CBE2A9,Maj,0.03289032955159373,T-shirt
03885 T-Shirt Lysblå Lady K/Æ P/B,Alm.slid uden restværdi,1,1849,109,30155C97D461A7C000DF2117,Maj,1.794461871281774,T-shirt
03885 T-Shirt Lysblå Lady K/Æ P/B,Alm.slid uden restværdi,1,1849,118,30155C97D461A7C000DF2123,Maj,1.9426284478096267,T-shirt
03885 T-Shirt Lysblå Lady K/Æ P/B,Alm.slid uden restværdi,1,1849,80,30155C97D461A7C000DF2869,Maj,1.317036235803137,T-shirt
03885 T-Shirt Lysblå Lady K/Æ P/B,Alm.slid uden restværdi,1,1849,106,30155C97D461A7C001192015,Maj,1.7450730124391565,T-shirt
03885 T-Shirt Lysblå Lady K/Æ P/B,Alm.slid uden restværdi,1,1849,115,30155C97D461A7C0011920CA,Maj,1.8932395889670093,T-shirt
01589 T-shirt unisex mblå k/æ,Alm.slid uden restværdi,1,1840,83,300ED89F3350007FE267FE26,Maj,1.373108695652174,T-shirt
03885 T-Shirt Lysblå Lady K/Æ P/B,Alm.slid uden restværdi,1,1838,6,30155C97D461A7C0007D12BC,Maj,0.09936887921653972,T-shirt
03885 T-Shirt Lysblå Lady K/Æ P/B,Alm.slid uden restværdi,1,1838,73,30155C97D461A7C000E0DD2B,Maj,1.2089880304679,T-shirt
01589 T-shirt unisex mblå k/æ,Alm.slid uden restværdi,1,1837,112,30155C97D461A7C001170D22,Maj,1.8558954817637454,T-shirt
03885 T-Shirt Lysblå Lady K/Æ P/B,Alm.slid uden restværdi,1,1835,141,30155C97D461A7C00103B209,Maj,2.3389863760217984,T-shirt
03885 T-Shirt Lysblå Lady K/Æ P/B,Alm.slid uden restværdi,1,1834,3,30155C97D461A7C000E7F77A,Maj,0.0497928026172301,T-shirt
03885 T-Shirt Lysblå Lady K/Æ P/B,Alm.slid uden restværdi,1,1834,3,30155C97D461A7C000E8759B,Maj,0.0497928026172301,T-shirt
03885 T-Shirt Lysblå Lady K/Æ P/B,Alm.slid uden restværdi,1,1830,3,30155C97D461A7C000E8FDF9,Maj,0.0499016393442623,T-shirt
01589 T-shirt unisex mblå k/æ,Alm.slid uden restværdi,1,1827,86,30155C97D461A7C001174F91,Maj,1.4328626163108924,T-shirt
03885 T-Shirt Lysblå Lady K/Æ P/B,Alm.slid uden restværdi,1,1824,35,00D0097794DA,Maj,0.5841008771929825,T-shirt
03885 T-Shirt Lysblå Lady K/Æ P/B,Alm.slid uden restværdi,1,1821,34,00D0093C507C,Maj,0.5683470620538167,T-shirt
03885 T-Shirt Lysblå Lady K/Æ P/B,Alm.slid uden restværdi,1,1821,32,00D0098B0DEF,Maj,0.5349148819330038,T-shirt
01427 T-shirt unisex lyseblå pb,Alm.slid uden restværdi,1,1819,5,30155C97D461A7C0011869A2,Maj,0.08367234744365036,T-shirt
01427 T-shirt unisex lyseblå pb,Alm.slid uden restværdi,1,1819,5,30155C97D461A7C00122F482,Maj,0.08367234744365036,T-shirt
01427 T-shirt unisex lyseblå pb,Alm.slid uden restværdi,1,1819,6,30155C97D461A7C00122F53C,Maj,0.10040681693238043,T-shirt
03885 T-Shirt Lysblå Lady K/Æ P/B,Alm.slid uden restværdi,1,1815,15,30155C97D461A7C000E8FD28,Maj,0.25157024793388433,T-shirt
03885 T-Shirt Lysblå Lady K/Æ P/B,Alm.slid uden restværdi,1,1808,12,30155C97D461A7C000DF271B,Maj,0.2020353982300885,T-shirt
03885 T-Shirt Lysblå Lady K/Æ P/B,Alm.slid uden restværdi,1,1807,18,30155C97D461A7C000DF26E4,Maj,0.3032208079690094,T-shirt
03885 T-Shirt Lysblå Lady K/Æ P/B,Alm.slid uden restværdi,1,1807,16,30155C97D461A7C000DF2773,Maj,0.26952960708356394,T-shirt
01589 T-shirt unisex mblå k/æ,Alm.slid uden restværdi,1,1791,92,300ED89F33500060001E8375,Maj,1.563640424343942,T-shirt
01589 T-shirt unisex mblå k/æ,Alm.slid uden restværdi,1,1785,83,300ED89F33500060009D85B4,Maj,1.4154173669467789,T-shirt
01427 T-shirt unisex lyseblå pb,Alm.slid uden restværdi,1,1771,71,300ED89F33500060009D7E0F,Maj,1.220350084697911,T-shirt
01589 T-shirt unisex mblå k/æ,Alm.slid uden restværdi,1,1712,86,300ED89F33500060009D7FE6,Maj,1.5291121495327102,T-shirt
01589 T-shirt unisex mblå k/æ,Alm.slid uden restværdi,1,1701,50,300ED89F33500060009D7FA7,Maj,0.8947677836566725,T-shirt
01427 T-shirt unisex lyseblå pb,Alm.slid uden restværdi,1,1700,82,30155C97D461A7C00117992E,Maj,1.4682823529411764,T-shirt
01717 T-shirt unisex kblå pb,Alm.slid uden restværdi,1,1695,2,30155C97D461A7C00165FD2F,Maj,0.03591740412979351,T-shirt
01427 T-shirt unisex lyseblå pb,Alm.slid uden restværdi,1,1693,103,30155C97D461A7C001179A10,Maj,1.8519314825753102,T-shirt
03885 T-Shirt Lysblå Lady K/Æ P/B,Alm.slid uden restværdi,1,1684,10,30155C97D461A7C00103AB26,Maj,0.18076009501187648,T-shirt
01427 T-shirt unisex lyseblå pb,Alm.slid uden restværdi,1,1678,31,300ED89F3350007FE2669E0F,Maj,0.5623599523241954,T-shirt
01589 T-shirt unisex mblå k/æ,Alm.slid uden restværdi,1,1644,32,30155C97D461A7C0016686E2,Maj,0.5925060827250609,T-shirt
01427 T-shirt unisex lyseblå pb,Alm.slid uden restværdi,1,1642,32,300ED89F3350007FE266A807,Maj,0.5932277710109622,T-shirt
01589 T-shirt unisex mblå k/æ,Alm.slid uden restværdi,1,1638,77,30155C97D461A7C0015731F0,Maj,1.430940170940171,T-shirt
01589 T-shirt unisex mblå k/æ,Alm.slid uden restværdi,1,1630,96,30155C97D461A7C0016709FB,Maj,1.7927852760736198,T-shirt
01427 T-shirt unisex lyseblå pb,Alm.slid uden restværdi,1,1628,97,30155C97D461A7C00140ABA2,Maj,1.8136855036855037,T-shirt
01427 T-shirt unisex lyseblå pb,Alm.slid uden restværdi,1,1609,112,30155C97D461A7C000F0A4CF,Maj,2.118881292728403,T-shirt
01589 T-shirt unisex mblå k/æ,Alm.slid uden restværdi,1,1606,113,30155C97D461A7C00157245E,Maj,2.141793275217933,T-shirt
01427 T-shirt unisex lyseblå pb,Alm.slid uden restværdi,1,1571,79,30155C97D461A7C0011798D4,Maj,1.5307192870782942,T-shirt
01589 T-shirt unisex mblå k/æ,Alm.slid uden restværdi,1,1440,72,30155C97D461A7C00204084A,Maj,1.5220000000000002,T-shirt
01717 T-shirt unisex kblå pb,Alm.slid uden restværdi,1,1435,41,30155C97D461A7C0015732AA,Maj,0.8697142857142858,T-shirt
01589 T-shirt unisex mblå k/æ,Alm.slid uden restværdi,1,1433,70,30155C97D461A7C002124580,Maj,1.4869504535938591,T-shirt
26498 T-shirt L/Æ kongeblå P/B,Alm.slid uden restværdi,1,1382,24,30155C97D461A7C00210FA87,Maj,0.5286251808972504,T-shirt
26498 T-shirt L/Æ kongeblå P/B,Alm.slid uden restværdi,1,1382,33,30155C97D461A7C00210FADA,Maj,0.7268596237337193,T-shirt
01589 T-shirt unisex mblå k/æ,Alm.slid uden restværdi,1,1341,19,30155C97D461A7C00166F685,Maj,0.4312900820283371,T-shirt
01589 T-shirt unisex mblå k/æ,Alm.slid uden restværdi,1,1339,65,30155C97D461A7C00218C584,Maj,1.4776699029126215,T-shirt
01589 T-shirt unisex mblå k/æ,Alm.slid uden restværdi,1,1339,87,30155C97D461A7C00218C5FC,Maj,1.9778043315907394,T-shirt
01589 T-shirt unisex mblå k/æ,Alm.slid uden restværdi,1,1338,71,30155C97D461A7C00218C598,Maj,1.6152765321375187,T-shirt
01589 T-shirt unisex mblå k/æ,Alm.slid uden restværdi,1,1338,71,30155C97D461A7C00218C5C8,Maj,1.6152765321375187,T-shirt
01589 T-shirt unisex mblå k/æ,Alm.slid uden restværdi,1,1338,60,30155C97D461A7C00218C638,Maj,1.3650224215246636,T-shirt
01589 T-shirt unisex mblå k/æ,Alm.slid uden restværdi,1,1338,68,30155C97D461A7C00218C65E,Maj,1.5470254110612855,T-shirt
01589 T-shirt unisex mblå k/æ,Alm.slid uden restværdi,1,1338,74,30155C97D461A7C00218C6C6,Maj,1.683527653213752,T-shirt
01589 T-shirt unisex mblå k/æ,Alm.slid uden restværdi,1,1338,82,30155C97D461A7C00218C71F,Maj,1.8655306427503737,T-shirt
09610 T-Shirt Lady Lysblå Bom,Alm.slid uden restværdi,1,1338,2,30155C97D461A7C001F6BAF9,Maj,0.04550074738415546,T-shirt
01589 T-shirt unisex mblå k/æ,Alm.slid uden restværdi,1,1337,67,30155C97D461A7C00218C6C9,Maj,1.5254151084517578,T-shirt
01589 T-shirt unisex mblå k/æ,Alm.slid uden restværdi,1,1337,80,30155C97D461A7C00218C6AA,Maj,1.8213911742707554,T-shirt
24597 T-shirt You unisex Kornblå,Alm.slid uden restværdi,1,1334,6,30155C97D461A7C001FC3FE9,Maj,0.13691154422788604,T-shirt
01717 T-shirt unisex kblå pb,Alm.slid uden restværdi,1,1314,70,30155C97D461A7C002191934,Maj,1.621613394216134,T-shirt
01589 T-shirt unisex mblå k/æ,Alm.slid uden restværdi,1,1290,73,30155C97D461A7C0022A7413,Maj,1.7225736434108527,T-shirt
03885 T-Shirt Lysblå Lady K/Æ P/B,Alm.slid uden restværdi,1,1268,18,30155C97D461A7C000E02127,Maj,0.43211356466876977,T-shirt
26055 T-shirt 1/2 ærme da lyseblå,Alm.slid uden restværdi,1,1258,80,30155C97D461A7C0021BF026,Maj,1.93577106518283,T-shirt
03885 T-Shirt Lysblå Lady K/Æ P/B,Alm.slid uden restværdi,1,1254,35,30155C97D461A7C001037972,Maj,0.8496012759170654,T-shirt
26055 T-shirt 1/2 ærme da lyseblå,Alm.slid uden restværdi,1,1253,79,30155C97D461A7C0021BEF63,Maj,1.9192019154030329,T-shirt
26055 T-shirt 1/2 ærme da lyseblå,Alm.slid uden restværdi,1,1252,83,30155C97D461A7C0021BEF1C,Maj,2.0179872204472846,T-shirt
26055 T-shirt 1/2 ærme da lyseblå,Alm.slid uden restværdi,1,1252,74,30155C97D461A7C0021BF0D6,Maj,1.7991693290734825,T-shirt
26057 T-shirt k/æ uni lyseblå,Alm.slid uden restværdi,1,1244,100,30155C97D461A7C00214BE69,Maj,2.446945337620579,T-shirt
26057 T-shirt k/æ uni lyseblå,Alm.slid uden restværdi,1,1244,91,30155C97D461A7C00214BEC6,Maj,2.226720257234727,T-shirt
26057 T-shirt k/æ uni lyseblå,Alm.slid uden restværdi,1,1244,115,30155C97D461A7C00214BEEB,Maj,2.813987138263666,T-shirt
01717 T-shirt unisex kblå pb,Alm.slid uden restværdi,1,1236,22,30155C97D461A7C00211161F,Maj,0.5418122977346279,T-shirt
03885 T-Shirt Lysblå Lady K/Æ P/B,Alm.slid uden restværdi,1,1232,7,30155C97D461A7C0015B08D2,Maj,0.17295454545454547,T-shirt
24762 T-shirt da k/æ blåmela Pro,Alm.slid uden restværdi,1,1169,42,30155C97D461A7C001FC93CB,Maj,1.0936526946107785,T-shirt
26056 T-shirt k/æ dame lyseblå,Alm.slid uden restværdi,1,1158,98,30155C97D461A7C0005C4627,Maj,2.576096718480138,T-shirt
01589 T-shirt unisex mblå k/æ,Alm.slid uden restværdi,1,1152,48,30155C97D461A7C001D42FBD,Maj,1.2683333333333333,T-shirt
26056 T-shirt k/æ dame lyseblå,Alm.slid uden restværdi,1,1147,79,30155C97D461A7C001EF70E6,Maj,2.096564952048823,T-shirt
24593 T-shirt You dame Kornblå,Alm.slid uden restværdi,1,1116,9,30155C97D461A7C0023166D3,Maj,0.24548387096774194,T-shirt
24593 T-shirt You dame Kornblå,Alm.slid uden restværdi,1,1108,11,30155C97D461A7C00230723E,Maj,0.30220216606498196,T-shirt
26056 T-shirt k/æ dame lyseblå,Alm.slid uden restværdi,1,1106,98,30155C97D461A7C0006A9C57,Maj,2.697215189873418,T-shirt
24593 T-shirt You dame Kornblå,Alm.slid uden restværdi,1,1081,22,30155C97D461A7C002316739,Maj,0.6195004625346902,T-shirt
13658 T-shirt dame lyseblå Prowear,Alm.slid uden restværdi,1,1061,46,30155C97D461A7C002951100,Maj,1.319736098020735,T-shirt
13658 T-shirt dame lyseblå Prowear,Alm.slid uden restværdi,1,1056,28,30155C97D461A7C0029499D8,Maj,0.8071212121212121,T-shirt
13658 T-shirt dame lyseblå Prowear,Alm.slid uden restværdi,1,1056,34,30155C97D461A7C002949BAF,Maj,0.9800757575757576,T-shirt
13658 T-shirt dame lyseblå Prowear,Alm.slid uden restværdi,1,1051,61,30155C97D461A7C00268C7E2,Maj,1.7667364414843008,T-shirt
13658 T-shirt dame lyseblå Prowear,Alm.slid uden restværdi,1,1051,42,30155C97D461A7C00268C90B,Maj,1.2164414843006661,T-shirt
01589 T-shirt unisex mblå k/æ,Alm.slid uden restværdi,1,1029,39,30155C97D461A7C0026932B1,Maj,1.1537026239067056,T-shirt
01589 T-shirt unisex mblå k/æ,Alm.slid uden restværdi,1,1029,52,30155C97D461A7C0028C47D2,Maj,1.5382701652089408,T-shirt
01589 T-shirt unisex mblå k/æ,Alm.slid uden restværdi,1,1029,45,30155C97D461A7C0028C4881,Maj,1.3311953352769679,T-shirt
26056 T-shirt k/æ dame lyseblå,Alm.slid uden restværdi,1,1023,74,30155C97D461A7C001EF7155,Maj,2.201915933528837,T-shirt
26056 T-shirt k/æ dame lyseblå,Alm.slid uden restværdi,1,1023,63,30155C97D461A7C001EF7195,Maj,1.8746041055718476,T-shirt
13658 T-shirt dame lyseblå Prowear,Alm.slid uden restværdi,1,1018,67,30155C97D461A7C00294DBE3,Maj,2.003418467583497,T-shirt
13658 T-shirt dame lyseblå Prowear,Alm.slid uden restværdi,1,1017,57,30155C97D461A7C00294DC38,Maj,1.7060766961651919,T-shirt
24593 T-shirt You dame Kornblå,Alm.slid uden restværdi,1,1006,6,30155C97D461A7C002317322,Maj,0.1815506958250497,T-shirt
01589 T-shirt unisex mblå k/æ,Alm.slid uden restværdi,1,980,34,30155C97D461A7C00294EF67,Maj,1.0560816326530613,T-shirt
01589 T-shirt unisex mblå k/æ,Alm.slid uden restværdi,1,977,9,30155C97D461A7C002913CA9,Maj,0.28040941658137153,T-shirt
13658 T-shirt dame lyseblå Prowear,Alm.slid uden restværdi,1,971,67,30155C97D461A6C0000E983A,Maj,2.100391349124614,T-shirt
13658 T-shirt dame lyseblå Prowear,Alm.slid uden restværdi,1,971,74,30155C97D461A6C0000EE8C8,Maj,2.3198352214212155,T-shirt
01717 T-shirt unisex kblå pb,Alm.slid uden restværdi,1,960,23,30155C97D461A6C0000E987D,Maj,0.7292916666666668,T-shirt
13658 T-shirt dame lyseblå Prowear,Alm.slid uden restværdi,1,944,3,30155C97D461A6C0000E7EFB,Maj,0.09673728813559324,T-shirt
01589 T-shirt unisex mblå k/æ,Alm.slid uden restværdi,1,943,34,30155C97D461A6C0000EEDB6,Maj,1.0975185577942737,T-shirt
26056 T-shirt k/æ dame lyseblå,Alm.slid uden restværdi,1,942,52,30155C97D461A7C00214BE8A,Maj,1.680339702760085,T-shirt
26056 T-shirt k/æ dame lyseblå,Alm.slid uden restværdi,1,942,56,30155C97D461A7C00214BEB5,Maj,1.8095966029723993,T-shirt
13658 T-shirt dame lyseblå Prowear,Alm.slid uden restværdi,1,930,22,30155C97D461A6C0000EA6DD,Maj,0.7200860215053764,T-shirt
26055 T-shirt 1/2 ærme da lyseblå,Alm.slid uden restværdi,1,926,63,30155C97D461A7C00219DD66,Maj,2.0709719222462204,T-shirt
26055 T-shirt 1/2 ærme da lyseblå,Alm.slid uden restværdi,1,916,56,30155C97D461A7C0021BEF7A,Maj,1.8609606986899563,T-shirt
26055 T-shirt 1/2 ærme da lyseblå,Alm.slid uden restværdi,1,916,80,30155C97D461A7C0021BF036,Maj,2.6585152838427946,T-shirt
26055 T-shirt 1/2 ærme da lyseblå,Alm.slid uden restværdi,1,907,59,30155C97D461A7C0021BEF64,Maj,1.9801102535832418,T-shirt
01589 T-shirt unisex mblå k/æ,Alm.slid uden restværdi,1,885,4,30155C97D461A6C00012A993,Maj,0.13758192090395482,T-shirt
01589 T-shirt unisex mblå k/æ,Alm.slid uden restværdi,1,885,25,30155C97D461A6C00012AB12,Maj,0.8598870056497175,T-shirt
01589 T-shirt unisex mblå k/æ,Alm.slid uden restværdi,1,885,18,30155C97D461A6C000141705,Maj,0.6191186440677966,T-shirt
13658 T-shirt dame lyseblå Prowear,Alm.slid uden restværdi,1,827,52,30155C97D461A6C00030DB4A,Maj,1.9140024183796855,T-shirt
26498 T-shirt L/Æ kongeblå P/B,Alm.slid uden restværdi,1,821,13,30155C97D461A6C0001AE398,Maj,0.4819975639464068,T-shirt
01589 T-shirt unisex mblå k/æ,Alm.slid uden restværdi,1,818,67,30155C97D461A6C000310EAD,Maj,2.4932518337408314,T-shirt
01589 T-shirt unisex mblå k/æ,Alm.slid uden restværdi,1,817,12,30155C97D461A6C0000F7B65,Maj,0.4470991432068544,T-shirt
01589 T-shirt unisex mblå k/æ,Alm.slid uden restværdi,1,815,51,30155C97D461A6C000310EF1,Maj,1.904834355828221,T-shirt
13658 T-shirt dame lyseblå Prowear,Alm.slid uden restværdi,1,813,26,30155C97D461A6C0003A3130,Maj,0.973480934809348,T-shirt
13658 T-shirt dame lyseblå Prowear,Alm.slid uden restværdi,1,812,27,30155C97D461A6C0003A316B,Maj,1.012167487684729,T-shirt
01589 T-shirt unisex mblå k/æ,Alm.slid uden restværdi,1,809,36,30155C97D461A6C0002F41CA,Maj,1.3545611866501854,T-shirt
13658 T-shirt dame lyseblå Prowear,Alm.slid uden restværdi,1,807,54,30155C97D461A6C000142E5E,Maj,2.0368773234200743,T-shirt
13658 T-shirt dame lyseblå Prowear,Alm.slid uden restværdi,1,802,22,30155C97D461A6C0003A30DE,Maj,0.8350124688279301,T-shirt
13658 T-shirt dame lyseblå Prowear,Alm.slid uden restværdi,1,802,5,30155C97D461A6C0003A3199,Maj,0.18977556109725688,T-shirt
01589 T-shirt unisex mblå k/æ,Alm.slid uden restværdi,1,797,34,30155C97D461A6C0002F4089,Maj,1.2985696361355084,T-shirt
01589 T-shirt unisex mblå k/æ,Alm.slid uden restværdi,1,797,40,30155C97D461A6C0002F418B,Maj,1.5277289836888333,T-shirt
01589 T-shirt unisex mblå k/æ,Alm.slid uden restværdi,1,797,30,30155C97D461A6C0002F41BF,Maj,1.1457967377666247,T-shirt
26056 T-shirt k/æ dame lyseblå,Alm.slid uden restværdi,1,780,49,30155C97D461A7C00214BEFF,Maj,1.9122564102564104,T-shirt
01427 T-shirt unisex lyseblå pb,Alm.slid uden restværdi,1,770,3,30155C97D461A6C000307FC1,Maj,0.1185974025974026,T-shirt
01589 T-shirt unisex mblå k/æ,Alm.slid uden restværdi,1,767,33,30155C97D461A6C000807DD7,Maj,1.3096740547588006,T-shirt
01717 T-shirt unisex kblå pb,Alm.slid uden restværdi,1,766,8,30155C97D461A6C00039E492,Maj,0.317911227154047,T-shirt
01717 T-shirt unisex kblå pb,Alm.slid uden restværdi,1,764,4,30155C97D461A6C00039E4C8,Maj,0.15937172774869113,T-shirt
26056 T-shirt k/æ dame lyseblå,Alm.slid uden restværdi,1,763,45,30155C97D461A7C00214CC63,Maj,1.7952817824377458,T-shirt
24762 T-shirt da k/æ blåmela Pro,Alm.slid uden restværdi,1,743,45,30155C97D461A6C00080A180,Maj,1.843606998654105,T-shirt
24762 T-shirt da k/æ blåmela Pro,Alm.slid uden restværdi,1,743,65,30155C97D461A6C00080A1AC,Maj,2.6629878869448182,T-shirt
24762 T-shirt da k/æ blåmela Pro,Alm.slid uden restværdi,1,743,41,30155C97D461A6C00080A1C7,Maj,1.6797308209959625,T-shirt
24762 T-shirt da k/æ blåmela Pro,Alm.slid uden restværdi,1,743,29,30155C97D461A6C00080A26B,Maj,1.1881022880215344,T-shirt
24762 T-shirt da k/æ blåmela Pro,Alm.slid uden restværdi,1,743,70,30155C97D461A6C00080A2EA,Maj,2.867833109017497,T-shirt
24762 T-shirt da k/æ blåmela Pro,Alm.slid uden restværdi,1,743,41,30155C97D461A7C0023CB708,Maj,1.6797308209959625,T-shirt
24762 T-shirt da k/æ blåmela Pro,Alm.slid uden restværdi,1,743,53,30155C97D461A7C0023CB7C8,Maj,2.1713593539703906,T-shirt
24762 T-shirt da k/æ blåmela Pro,Alm.slid uden restværdi,1,740,43,30155C97D461A6C00080A24B,Maj,1.768810810810811,T-shirt
24762 T-shirt da k/æ blåmela Pro,Alm.slid uden restværdi,1,740,60,30155C97D461A6C00080A2F8,Maj,2.468108108108108,T-shirt
24762 T-shirt da k/æ blåmela Pro,Alm.slid uden restværdi,1,740,54,30155C97D461A7C0023CB752,Maj,2.2212972972972973,T-shirt
01589 T-shirt unisex mblå k/æ,Alm.slid uden restværdi,1,736,20,30155C97D461A6C000B00854,Maj,0.8271739130434783,T-shirt
01589 T-shirt unisex mblå k/æ,Alm.slid uden restværdi,1,723,8,30155C97D461A6C000B007EA,Maj,0.3368188105117566,T-shirt
26056 T-shirt k/æ dame lyseblå,Alm.slid uden restværdi,1,723,43,30155C97D461A7C00219E37D,Maj,1.8104011065006915,T-shirt
01589 T-shirt unisex mblå k/æ,Alm.slid uden restværdi,1,721,17,30155C97D461A6C000B00752,Maj,0.7177253814147019,T-shirt
13658 T-shirt dame lyseblå Prowear,Alm.slid uden restværdi,1,715,20,30155C97D461A6C0008176C5,Maj,0.8514685314685315,T-shirt
13658 T-shirt dame lyseblå Prowear,Alm.slid uden restværdi,1,705,27,30155C97D461A6C0002FE5EB,Maj,1.1657872340425532,T-shirt
13658 T-shirt dame lyseblå Prowear,Alm.slid uden restværdi,1,703,33,30155C97D461A6C000143077,Maj,1.4289046941678523,T-shirt
13658 T-shirt dame lyseblå Prowear,Alm.slid uden restværdi,1,702,29,30155C97D461A6C0001430BA,Maj,1.2574928774928775,T-shirt
13658 T-shirt dame lyseblå Prowear,Alm.slid uden restværdi,1,702,38,30155C97D461A6C0001430BE,Maj,1.6477492877492879,T-shirt
26056 T-shirt k/æ dame lyseblå,Alm.slid uden restværdi,1,702,39,30155C97D461A7C0005C4726,Maj,1.691111111111111,T-shirt
01589 T-shirt unisex mblå k/æ,Alm.slid uden restværdi,1,694,10,30155C97D461A6C00053DE21,Maj,0.4386167146974063,T-shirt
01589 T-shirt unisex mblå k/æ,Alm.slid uden restværdi,1,679,30,30155C97D461A6C000B168E6,Maj,1.344918998527246,T-shirt
01589 T-shirt unisex mblå k/æ,Alm.slid uden restværdi,1,679,27,30155C97D461A6C000B17FA6,Maj,1.2104270986745214,T-shirt
01589 T-shirt unisex mblå k/æ,Alm.slid uden restværdi,1,679,33,30155C97D461A6C000B17FCA,Maj,1.4794108983799705,T-shirt
01589 T-shirt unisex mblå k/æ,Alm.slid uden restværdi,1,679,37,30155C97D461A6C000B17FF4,Maj,1.6587334315169369,T-shirt
26056 T-shirt k/æ dame lyseblå,Alm.slid uden restværdi,1,660,35,30155C97D461A7C0005C46C1,Maj,1.6142424242424243,T-shirt
26056 T-shirt k/æ dame lyseblå,Alm.slid uden restværdi,1,660,41,30155C97D461A7C0005C46C7,Maj,1.890969696969697,T-shirt
01589 T-shirt unisex mblå k/æ,Alm.slid uden restværdi,1,656,23,30155C97D461A6C0002F7FAB,Maj,1.0672560975609757,T-shirt
01589 T-shirt unisex mblå k/æ,Alm.slid uden restværdi,1,652,24,30155C97D461A6C000B210C2,Maj,1.1204907975460123,T-shirt
01589 T-shirt unisex mblå k/æ,Alm.slid uden restværdi,1,652,27,30155C97D461A6C000B210C8,Maj,1.2605521472392638,T-shirt
01589 T-shirt unisex mblå k/æ,Alm.slid uden restværdi,1,652,26,30155C97D461A6C000B21219,Maj,1.2138650306748466,T-shirt
01589 T-shirt unisex mblå k/æ,Alm.slid uden restværdi,1,645,27,30155C97D461A6C000B2112D,Maj,1.2742325581395348,T-shirt
01589 T-shirt unisex mblå k/æ,Alm.slid uden restværdi,1,645,32,30155C97D461A6C000B21153,Maj,1.510201550387597,T-shirt
01589 T-shirt unisex mblå k/æ,Alm.slid uden restværdi,1,645,30,30155C97D461A6C000B211DA,Maj,1.415813953488372,T-shirt
01589 T-shirt unisex mblå k/æ,Alm.slid uden restværdi,1,645,22,30155C97D461A6C000B2124E,Maj,1.038263565891473,T-shirt
13658 T-shirt dame lyseblå Prowear,Alm.slid uden restværdi,1,643,8,30155C97D461A6C0008D7BE0,Maj,0.37872472783825817,T-shirt
13658 T-shirt dame lyseblå Prowear,Alm.slid uden restværdi,1,643,15,30155C97D461A6C0008D7BF8,Maj,0.7101088646967341,T-shirt
01717 T-shirt unisex kblå pb,Alm.slid uden restværdi,1,632,13,30155C97D461A6C0000FE820,Maj,0.6261392405063291,T-shirt
01427 T-shirt unisex lyseblå pb,Alm.slid uden restværdi,1,623,63,30155C97D461A6C000843CFE,Maj,3.0782022471910113,T-shirt
01427 T-shirt unisex lyseblå pb,Alm.slid uden restværdi,1,622,68,30155C97D461A6C000843CFA,Maj,3.3278456591639873,T-shirt
01427 T-shirt unisex lyseblå pb,Alm.slid uden restværdi,1,622,67,30155C97D461A6C000843D3C,Maj,3.278906752411576,T-shirt
01427 T-shirt unisex lyseblå pb,Alm.slid uden restværdi,1,622,61,30155C97D461A6C000843D67,Maj,2.985273311897106,T-shirt
01427 T-shirt unisex lyseblå pb,Alm.slid uden restværdi,1,622,75,30155C97D461A6C000843DF0,Maj,3.6704180064308685,T-shirt
01427 T-shirt unisex lyseblå pb,Alm.slid uden restværdi,1,622,63,30155C97D461A6C000B18D06,Maj,3.0831511254019293,T-shirt
01427 T-shirt unisex lyseblå pb,Alm.slid uden restværdi,1,617,5,30155C97D461A6C000843D18,Maj,0.246677471636953,T-shirt
01427 T-shirt unisex lyseblå pb,Alm.slid uden restværdi,1,617,1,30155C97D461A6C0008C3870,Maj,0.0493354943273906,T-shirt
01427 T-shirt unisex lyseblå pb,Alm.slid uden restværdi,1,615,1,30155C97D461A6C000843DF8,Maj,0.0494959349593496,T-shirt
01589 T-shirt unisex mblå k/æ,Alm.slid uden restværdi,1,606,22,00D00BAB1BC5,Maj,1.105082508250825,T-shirt
01589 T-shirt unisex mblå k/æ,Alm.slid uden restværdi,1,601,36,30155C97D461A6C0008C0044,Maj,1.823361064891847,T-shirt
13658 T-shirt dame lyseblå Prowear,Alm.slid uden restværdi,1,591,7,30155C97D461A6C00035AE78,Maj,0.36054145516074454,T-shirt
13658 T-shirt dame lyseblå Prowear,Alm.slid uden restværdi,1,586,24,30155C97D461A6C0008CBADE,Maj,1.2466894197952219,T-shirt
26498 T-shirt L/Æ kongeblå P/B,Alm.slid uden restværdi,1,577,38,30155C97D461A6C000311C3A,Maj,2.0047140381282498,T-shirt
01589 T-shirt unisex mblå k/æ,Alm.slid uden restværdi,1,562,17,30155C97D461A6C0012EB336,Maj,0.9207829181494662,T-shirt
01717 T-shirt unisex kblå pb,Alm.slid uden restværdi,1,560,26,30155C97D461A6C000AFFF87,Maj,1.4132857142857145,T-shirt
01717 T-shirt unisex kblå pb,Alm.slid uden restværdi,1,560,21,30155C97D461A6C000B00010,Maj,1.1415,T-shirt
12151 T-shirt 1/2 æ lady lblå PB,Alm.slid uden restværdi,1,547,31,30155C97D461A7C00223D7D5,Maj,1.7251188299817184,T-shirt
01589 T-shirt unisex mblå k/æ,Alm.slid uden restværdi,1,536,21,30155C97D461A6C000B1830E,Maj,1.1926119402985076,T-shirt
13658 T-shirt dame lyseblå Prowear,Alm.slid uden restværdi,1,530,22,30155C97D461A6C0008D7B9E,Maj,1.2635471698113208,T-shirt
13658 T-shirt dame lyseblå Prowear,Alm.slid uden restværdi,1,520,11,30155C97D461A6C0008BE0AB,Maj,0.6439230769230769,T-shirt
13658 T-shirt dame lyseblå Prowear,Alm.slid uden restværdi,1,520,11,30155C97D461A6C0008BE0D2,Maj,0.6439230769230769,T-shirt
13658 T-shirt dame lyseblå Prowear,Alm.slid uden restværdi,1,520,10,30155C97D461A6C0008BE0FB,Maj,0.5853846153846154,T-shirt
01427 T-shirt unisex lyseblå pb,Alm.slid uden restværdi,1,515,17,30155C97D461A6C001059E1B,Maj,1.0048155339805827,T-shirt
01589 T-shirt unisex mblå k/æ,Alm.slid uden restværdi,1,499,16,30155C97D461A6C000E21743,Maj,0.9760320641282565,T-shirt
01589 T-shirt unisex mblå k/æ,Alm.slid uden restværdi,1,498,17,30155C97D461A6C0015C6537,Maj,1.039116465863454,T-shirt
13658 T-shirt dame lyseblå Prowear,Alm.slid uden restværdi,1,496,13,30155C97D461A6C0008BDFBE,Maj,0.7978225806451613,T-shirt
01589 T-shirt unisex mblå k/æ,Alm.slid uden restværdi,1,485,5,30155C97D461A6C00105A2F7,Maj,0.31381443298969075,T-shirt
13658 T-shirt dame lyseblå Prowear,Alm.slid uden restværdi,1,482,18,30155C97D461A6C0008BE02E,Maj,1.1367634854771784,T-shirt
13658 T-shirt dame lyseblå Prowear,Alm.slid uden restværdi,1,481,20,30155C97D461A6C0008BE104,Maj,1.2656964656964658,T-shirt
01589 T-shirt unisex mblå k/æ,Alm.slid uden restværdi,1,470,17,30155C97D461A6C001059B89,Maj,1.1010212765957446,T-shirt
13658 T-shirt dame lyseblå Prowear,Alm.slid uden restværdi,1,468,16,30155C97D461A6C000E2E183,Maj,1.040683760683761,T-shirt
13658 T-shirt dame lyseblå Prowear,Alm.slid uden restværdi,1,464,21,30155C97D461A6C0000F7424,Maj,1.3776724137931036,T-shirt
13658 T-shirt dame lyseblå Prowear,Alm.slid uden restværdi,1,464,14,30155C97D461A6C0000F749A,Maj,0.918448275862069,T-shirt
13658 T-shirt dame lyseblå Prowear,Alm.slid uden restværdi,1,464,41,30155C97D461A6C0000F74DA,Maj,2.6897413793103446,T-shirt
13658 T-shirt dame lyseblå Prowear,Alm.slid uden restværdi,1,464,29,30155C97D461A6C0000F752E,Maj,1.9025,T-shirt
13658 T-shirt dame lyseblå Prowear,Alm.slid uden restværdi,1,464,22,30155C97D461A6C0000F755D,Maj,1.4432758620689654,T-shirt
01589 T-shirt unisex mblå k/æ,Alm.slid uden restværdi,1,456,10,30155C97D461A6C0009104ED,Maj,0.6675438596491228,T-shirt
26056 T-shirt k/æ dame lyseblå,Alm.slid uden restværdi,1,446,31,30155C97D461A7C0006A9DB9,Maj,2.115784753363229,T-shirt
01589 T-shirt unisex mblå k/æ,Alm.slid uden restværdi,1,440,23,30155C97D461A6C0009E8B23,Maj,1.5911818181818183,T-shirt
26056 T-shirt k/æ dame lyseblå,Alm.slid uden restværdi,1,439,28,30155C97D461A7C0006A9D91,Maj,1.9415034168564922,T-shirt
13658 T-shirt dame lyseblå Prowear,Alm.slid uden restværdi,1,429,12,30155C97D461A6C000D88870,Maj,0.8514685314685315,T-shirt
01717 T-shirt unisex kblå pb,Alm.slid uden restværdi,1,427,3,30155C97D461A6C000B191D3,Maj,0.213864168618267,T-shirt
13658 T-shirt dame lyseblå Prowear,Alm.slid uden restværdi,1,418,14,30155C97D461A6C0002F441D,Maj,1.0195215311004786,T-shirt
01589 T-shirt unisex mblå k/æ,Alm.slid uden restværdi,1,410,28,30155C97D461A6C0008D1D10,Maj,2.078829268292683,T-shirt
01589 T-shirt unisex mblå k/æ,Alm.slid uden restværdi,1,410,30,30155C97D461A6C0008D1DEB,Maj,2.2273170731707315,T-shirt
01589 T-shirt unisex mblå k/æ,Alm.slid uden restværdi,1,402,21,30155C97D461A6C0008D1E36,Maj,1.5901492537313433,T-shirt
01589 T-shirt unisex mblå k/æ,Alm.slid uden restværdi,1,402,33,30155C97D461A6C0008D1E58,Maj,2.4988059701492538,T-shirt
01589 T-shirt unisex mblå k/æ,Alm.slid uden restværdi,1,399,2,30155C97D461A6C00070819A,Maj,0.1525814536340852,T-shirt
13658 T-shirt dame lyseblå Prowear,Alm.slid uden restværdi,1,395,23,30155C97D461A6C0009E8AC7,Maj,1.7724556962025317,T-shirt
13658 T-shirt dame lyseblå Prowear,Alm.slid uden restværdi,1,392,16,30155C97D461A6C0009E9801,Maj,1.2424489795918368,T-shirt
13658 T-shirt dame lyseblå Prowear,Alm.slid uden restværdi,1,386,6,30155C97D461A6C000B9C296,Maj,0.473160621761658,T-shirt
13658 T-shirt dame lyseblå Prowear,Alm.slid uden restværdi,1,365,19,30155C97D461A4C00064BF93,Maj,1.5845479452054796,T-shirt
13658 T-shirt dame lyseblå Prowear,Alm.slid uden restværdi,1,364,15,30155C97D461A6C0001B855D,Maj,1.2543956043956044,T-shirt
01589 T-shirt unisex mblå k/æ,Alm.slid uden restværdi,1,357,27,30155C97D461A4C00064BF95,Maj,2.30218487394958,T-shirt
01589 T-shirt unisex mblå k/æ,Alm.slid uden restværdi,1,347,12,30155C97D461A6C0015B5F03,Maj,1.0526801152737753,T-shirt
13658 T-shirt dame lyseblå Prowear,Alm.slid uden restværdi,1,347,7,30155C97D461A6C000842221,Maj,0.6140634005763689,T-shirt
13658 T-shirt dame lyseblå Prowear,Alm.slid uden restværdi,1,342,8,30155C97D461A4C00092B53E,Maj,0.712046783625731,T-shirt
01589 T-shirt unisex mblå k/æ,Alm.slid uden restværdi,1,323,10,30155C97D461A4C00064EEF7,Maj,0.9424148606811146,T-shirt
01589 T-shirt unisex mblå k/æ,Alm.slid uden restværdi,1,323,8,30155C97D461A4C00064EF8D,Maj,0.7539318885448917,T-shirt
01589 T-shirt unisex mblå k/æ,Alm.slid uden restværdi,1,319,28,00D00B655CFA,Maj,2.6718495297805642,T-shirt
01589 T-shirt unisex mblå k/æ,Alm.slid uden restværdi,1,319,15,00D00B655E0E,Maj,1.4313479623824452,T-shirt
01589 T-shirt unisex mblå k/æ,Alm.slid uden restværdi,1,318,22,30155C97D461A4C000920AE0,Maj,2.1059119496855345,T-shirt
01589 T-shirt unisex mblå k/æ,Alm.slid uden restværdi,1,309,9,30155C97D461A4C00064F022,Maj,0.8866019417475729,T-shirt
01589 T-shirt unisex mblå k/æ,Alm.slid uden restværdi,1,306,12,30155C97D461A6C0010F2D8F,Maj,1.1937254901960785,T-shirt
13658 T-shirt dame lyseblå Prowear,Alm.slid uden restværdi,1,292,15,30155C97D461A6C00080C452,Maj,1.5636986301369862,T-shirt
13658 T-shirt dame lyseblå Prowear,Alm.slid uden restværdi,1,281,13,30155C97D461A4C00064E24E,Maj,1.408256227758007,T-shirt
13658 T-shirt dame lyseblå Prowear,Alm.slid uden restværdi,1,281,18,30155C97D461A4C00064E2B6,Maj,1.9498932384341638,T-shirt
01589 T-shirt unisex mblå k/æ,Alm.slid uden restværdi,1,269,14,30155C97D461A6C001B31B68,Maj,1.5842379182156134,T-shirt
13658 T-shirt dame lyseblå Prowear,Alm.slid uden restværdi,1,236,4,30155C97D461A4C00092D8C8,Maj,0.5159322033898305,T-shirt
01589 T-shirt unisex mblå k/æ,Alm.slid uden restværdi,1,233,18,00D00B6546A0,Maj,2.3515879828326183,T-shirt
13658 T-shirt dame lyseblå Prowear,Alm.slid uden restværdi,1,217,10,30155C97D461A6C001861344,Maj,1.4027649769585255,T-shirt
13658 T-shirt dame lyseblå Prowear,Alm.slid uden restværdi,1,204,9,30155C97D461A6C0005CD1ED,Maj,1.3429411764705883,T-shirt
01589 T-shirt unisex mblå k/æ,Alm.slid uden restværdi,1,189,2,30155C97D461A6C001A5D260,Maj,0.32211640211640213,T-shirt
26961 T-shirt CSR dame lysblå,Alm.slid uden restværdi,1,184,14,30155C97D461A6C00135FECA,Maj,2.3160869565217395,T-shirt
26961 T-shirt CSR dame lysblå,Alm.slid uden restværdi,1,181,13,30155C97D461A6C00135FE1B,Maj,2.1862983425414364,T-shirt
27110 T-Shirt Csr Unisex Lysblå,Alm.slid uden restværdi,1,179,13,30155C97D461A6C0015FCBB1,Maj,2.2107262569832407,T-shirt
26961 T-shirt CSR dame lysblå,Alm.slid uden restværdi,1,176,12,30155C97D461A6C000EAA62E,Maj,2.075454545454545,T-shirt
27110 T-Shirt Csr Unisex Lysblå,Alm.slid uden restværdi,1,175,15,30155C97D461A6C0010DEA11,Maj,2.6091428571428574,T-shirt
26961 T-shirt CSR dame lysblå,Alm.slid uden restværdi,1,172,8,30155C97D461A6C000EAA745,Maj,1.415813953488372,T-shirt
26961 T-shirt CSR dame lysblå,Alm.slid uden restværdi,1,171,7,30155C97D461A6C0010DDC60,Maj,1.2460818713450292,T-shirt
27110 T-Shirt Csr Unisex Lysblå,Alm.slid uden restværdi,1,171,14,30155C97D461A6C0010DFB70,Maj,2.4921637426900585,T-shirt
26961 T-shirt CSR dame lysblå,Alm.slid uden restværdi,1,169,15,30155C97D461A6C0015FEF52,Maj,2.701775147928994,T-shirt
26961 T-shirt CSR dame lysblå,Alm.slid uden restværdi,1,168,6,30155C97D461A6C0010DDC22,Maj,1.0871428571428572,T-shirt
26961 T-shirt CSR dame lysblå,Alm.slid uden restværdi,1,168,10,30155C97D461A6C0010E0ADE,Maj,1.811904761904762,T-shirt
26961 T-shirt CSR dame lysblå,Alm.slid uden restværdi,1,168,10,30155C97D461A6C0010E0AEE,Maj,1.811904761904762,T-shirt
26961 T-shirt CSR dame lysblå,Alm.slid uden restværdi,1,167,16,30155C97D461A6C0010DDCA4,Maj,2.916407185628743,T-shirt
26961 T-shirt CSR dame lysblå,Alm.slid uden restværdi,1,167,11,30155C97D461A6C00135FDBC,Maj,2.0050299401197607,T-shirt
26961 T-shirt CSR dame lysblå,Alm.slid uden restværdi,1,167,5,30155C97D461A6C00135FE88,Maj,0.911377245508982,T-shirt
26961 T-shirt CSR dame lysblå,Alm.slid uden restværdi,1,166,13,30155C97D461A6C0010D886C,Maj,2.3838554216867474,T-shirt
27110 T-Shirt Csr Unisex Lysblå,Alm.slid uden restværdi,1,163,6,30155C97D461A6C0010DEA77,Maj,1.1204907975460123,T-shirt
26961 T-shirt CSR dame lysblå,Alm.slid uden restværdi,1,162,13,30155C97D461A6C0010DDBFD,Maj,2.442716049382716,T-shirt
26961 T-shirt CSR dame lysblå,Alm.slid uden restværdi,1,162,15,30155C97D461A6C0010DDC6B,Maj,2.8185185185185184,T-shirt
26961 T-shirt CSR dame lysblå,Alm.slid uden restværdi,1,162,8,30155C97D461A6C00135F3DD,Maj,1.5032098765432098,T-shirt
26961 T-shirt CSR dame lysblå,Alm.slid uden restværdi,1,162,11,30155C97D461A6C00135F56F,Maj,2.0669135802469136,T-shirt
26961 T-shirt CSR dame lysblå,Alm.slid uden restværdi,1,162,13,30155C97D461A6C00135FDD6,Maj,2.442716049382716,T-shirt
26961 T-shirt CSR dame lysblå,Alm.slid uden restværdi,1,162,12,30155C97D461A6C00135FE51,Maj,2.254814814814815,T-shirt
27110 T-Shirt Csr Unisex Lysblå,Alm.slid uden restværdi,1,162,8,30155C97D461A6C0010DE9FE,Maj,1.5032098765432098,T-shirt
26961 T-shirt CSR dame lysblå,Alm.slid uden restværdi,1,159,1,30155C97D461A6C00135FEDA,Maj,0.19144654088050317,T-shirt
26961 T-shirt CSR dame lysblå,Alm.slid uden restværdi,1,159,1,30155C97D461A6C0015FEEC3,Maj,0.19144654088050317,T-shirt
26961 T-shirt CSR dame lysblå,Alm.slid uden restværdi,1,158,9,30155C97D461A6C00135FDDF,Maj,1.7339240506329114,T-shirt
27110 T-Shirt Csr Unisex Lysblå,Alm.slid uden restværdi,1,158,7,30155C97D461A6C0010DE9CD,Maj,1.348607594936709,T-shirt
26961 T-shirt CSR dame lysblå,Alm.slid uden restværdi,1,153,11,30155C97D461A6C00135F481,Maj,2.188496732026144,T-shirt
26961 T-shirt CSR dame lysblå,Alm.slid uden restværdi,1,153,10,30155C97D461A6C0013602C1,Maj,1.989542483660131,T-shirt
26961 T-shirt CSR dame lysblå,Alm.slid uden restværdi,1,153,8,30155C97D461A6C0015FEE9E,Maj,1.5916339869281046,T-shirt
26961 T-shirt CSR dame lysblå,Alm.slid uden restværdi,1,153,8,30155C97D461A6C0015FEEA7,Maj,1.5916339869281046,T-shirt
27110 T-Shirt Csr Unisex Lysblå,Alm.slid uden restværdi,1,153,10,30155C97D461A6C00135FB1B,Maj,1.989542483660131,T-shirt
26961 T-shirt CSR dame lysblå,Alm.slid uden restværdi,1,152,8,30155C97D461A6C0010D8760,Maj,1.6021052631578947,T-shirt
26961 T-shirt CSR dame lysblå,Alm.slid uden restværdi,1,152,11,30155C97D461A6C0010D880A,Maj,2.2028947368421052,T-shirt
26961 T-shirt CSR dame lysblå,Alm.slid uden restværdi,1,152,8,30155C97D461A6C00135FD71,Maj,1.6021052631578947,T-shirt
08398 T-shirt unisex mblå k/æ bom,Alm.slid uden restværdi,1,149,1,30155C97D461A6C001A65E69,Maj,0.20429530201342283,T-shirt
08398 T-shirt unisex mblå k/æ bom,Alm.slid uden restværdi,1,149,1,30155C97D461A6C001A65FFB,Maj,0.20429530201342283,T-shirt
08398 T-shirt unisex mblå k/æ bom,Alm.slid uden restværdi,1,149,1,30155C97D461A6C001A65FFE,Maj,0.20429530201342283,T-shirt
26961 T-shirt CSR dame lysblå,Alm.slid uden restværdi,1,149,11,30155C97D461A6C0010DDB00,Maj,2.247248322147651,T-shirt
26961 T-shirt CSR dame lysblå,Alm.slid uden restværdi,1,149,9,30155C97D461A6C0010DDBD9,Maj,1.8386577181208055,T-shirt
26961 T-shirt CSR dame lysblå,Alm.slid uden restværdi,1,149,10,30155C97D461A6C0010DDC07,Maj,2.0429530201342283,T-shirt
26961 T-shirt CSR dame lysblå,Alm.slid uden restværdi,1,149,13,30155C97D461A6C0010DDC4A,Maj,2.655838926174497,T-shirt
26961 T-shirt CSR dame lysblå,Alm.slid uden restværdi,1,147,5,30155C97D461A6C0010D889E,Maj,1.035374149659864,T-shirt
27110 T-Shirt Csr Unisex Lysblå,Alm.slid uden restværdi,1,146,12,30155C97D461A6C00135FA0F,Maj,2.501917808219178,T-shirt
26961 T-shirt CSR dame lysblå,Alm.slid uden restværdi,1,143,6,30155C97D461A6C00135FD62,Maj,1.2772027972027973,T-shirt
26961 T-shirt CSR dame lysblå,Alm.slid uden restværdi,1,135,7,30155C97D461A6C0010DDAFE,Maj,1.5783703703703704,T-shirt
26961 T-shirt CSR dame lysblå,Alm.slid uden restværdi,1,135,9,30155C97D461A6C0010DDB05,Maj,2.029333333333333,T-shirt
26961 T-shirt CSR dame lysblå,Alm.slid uden restværdi,1,135,7,30155C97D461A6C0010DDC11,Maj,1.5783703703703704,T-shirt
26961 T-shirt CSR dame lysblå,Alm.slid uden restværdi,1,135,3,30155C97D461A6C001A6CCB1,Maj,0.6764444444444445,T-shirt
26961 T-shirt CSR dame lysblå,Alm.slid uden restværdi,1,127,13,30155C97D461A6C001A6CC35,Maj,3.115905511811024,T-shirt
01427 T-shirt unisex lyseblå pb,Alm.slid uden restværdi,1,120,2,30155C97D461A6C0018F31D8,Maj,0.5073333333333333,T-shirt
08398 T-shirt unisex mblå k/æ bom,Alm.slid uden restværdi,1,116,1,30155C97D461A6C0018ED476,Maj,0.26241379310344826,T-shirt
08398 T-shirt unisex mblå k/æ bom,Alm.slid uden restværdi,1,116,1,30155C97D461A6C0018ED4A1,Maj,0.26241379310344826,T-shirt
08398 T-shirt unisex mblå k/æ bom,Alm.slid uden restværdi,1,116,1,30155C97D461A6C0018ED4C0,Maj,0.26241379310344826,T-shirt
27110 T-Shirt Csr Unisex Lysblå,Alm.slid uden restværdi,1,111,6,30155C97D461A6C001A69253,Maj,1.6454054054054055,T-shirt
01589 T-shirt unisex mblå k/æ,Alm.slid uden restværdi,1,107,3,30155C97D461A6C0018F52F5,Maj,0.8534579439252337,T-shirt
13658 T-shirt dame lyseblå Prowear,Alm.slid uden restværdi,1,105,4,30155C97D461A6C0018F1E6D,Maj,1.1596190476190478,T-shirt
13658 T-shirt dame lyseblå Prowear,Alm.slid uden restværdi,1,105,7,30155C97D461A6C0018F1F75,Maj,2.029333333333333,T-shirt
27110 T-Shirt Csr Unisex Lysblå,Alm.slid uden restværdi,1,103,7,30155C97D461A4C000D531C2,Maj,2.06873786407767,T-shirt
27110 T-Shirt Csr Unisex Lysblå,Alm.slid uden restværdi,1,91,3,30155C97D461A4C000D6F440,Maj,1.0035164835164836,T-shirt
13658 T-shirt dame lyseblå Prowear,Alm.slid uden restværdi,1,90,5,30155C97D461A4C000D6F47C,Maj,1.691111111111111,T-shirt
13658 T-shirt dame lyseblå Prowear,Alm.slid uden restværdi,1,75,3,30155C97D461A4C000F48A65,Maj,1.2176,T-shirt
26056 T-shirt k/æ dame lyseblå,Alm.slid uden restværdi,1,74,6,30155C97D461A6C0020E77DF,Maj,2.468108108108108,T-shirt
13658 T-shirt dame lyseblå Prowear,Alm.slid uden restværdi,1,72,4,30155C97D461A4C000D72551,Maj,1.691111111111111,T-shirt
26056 T-shirt k/æ dame lyseblå,Alm.slid uden restværdi,1,71,2,30155C97D461A6C0020E8F11,Maj,0.8574647887323944,T-shirt
08398 T-shirt unisex mblå k/æ bom,Alm.slid uden restværdi,1,17,0,00D00B8EFDEC,Maj,0.0,T-shirt
01589 T-shirt unisex mblå k/æ,Alm.slid uden restværdi,1,2902,72,00D006EA44AA,"PLC, Product detaljeret, Aarhus, Mar. 2023.xlsx",0.7552308752584425,T-shirt
01589 T-shirt unisex mblå k/æ,Alm.slid uden restværdi,1,2393,90,00D0098B8721,"PLC, Product detaljeret, Aarhus, Mar. 2023.xlsx",1.1448391140827414,T-shirt
03885 T-Shirt Lysblå Lady K/Æ P/B,Alm.slid uden restværdi,1,2315,15,00D009703C1C,"PLC, Product detaljeret, Aarhus, Mar. 2023.xlsx",0.1972354211663067,T-shirt
03885 T-Shirt Lysblå Lady K/Æ P/B,Alm.slid uden restværdi,1,2271,71,00D00976B9F8,"PLC, Product detaljeret, Aarhus, Mar. 2023.xlsx",0.9516688683399385,T-shirt
03885 T-Shirt Lysblå Lady K/Æ P/B,Alm.slid uden restværdi,1,2271,86,00D0097F6A9A,"PLC, Product detaljeret, Aarhus, Mar. 2023.xlsx",1.1527256715103478,T-shirt
03885 T-Shirt Lysblå Lady K/Æ P/B,Alm.slid uden restværdi,1,2249,19,30155C97D461A7C000689500,"PLC, Product detaljeret, Aarhus, Mar. 2023.xlsx",0.2571631836371721,T-shirt
01589 T-shirt unisex mblå k/æ,Alm.slid uden restværdi,1,2233,86,30155C97D461A7C0002D7DA0,"PLC, Product detaljeret, Aarhus, Mar. 2023.xlsx",1.1723421406180026,T-shirt
01589 T-shirt unisex mblå k/æ,Alm.slid uden restværdi,1,2233,109,30155C97D461A7C0002D7DC4,"PLC, Product detaljeret, Aarhus, Mar. 2023.xlsx",1.4858755038065383,T-shirt
01589 T-shirt unisex mblå k/æ,Alm.slid uden restværdi,1,2230,98,30155C97D461A7C0002D7E26,"PLC, Product detaljeret, Aarhus, Mar. 2023.xlsx",1.3377219730941705,T-shirt
01589 T-shirt unisex mblå k/æ,Alm.slid uden restværdi,1,2125,82,30155C97D461A7C000BA680A,"PLC, Product detaljeret, Aarhus, Mar. 2023.xlsx",1.1746258823529412,T-shirt
01589 T-shirt unisex mblå k/æ,Alm.slid uden restværdi,1,2112,87,30155C97D461A7C000BA67C5,"PLC, Product detaljeret, Aarhus, Mar. 2023.xlsx",1.2539204545454545,T-shirt
01589 T-shirt unisex mblå k/æ,Alm.slid uden restværdi,1,2111,36,30155C97D461A7C0002D716B,"PLC, Product detaljeret, Aarhus, Mar. 2023.xlsx",0.5191094268119375,T-shirt
01589 T-shirt unisex mblå k/æ,Alm.slid uden restværdi,1,2095,26,30155C97D461A7C0002D74AA,"PLC, Product detaljeret, Aarhus, Mar. 2023.xlsx",0.3777756563245823,T-shirt
01717 T-shirt unisex kblå pb,Alm.slid uden restværdi,1,2079,70,30155C97D461A7C000BAFBB2,"PLC, Product detaljeret, Aarhus, Mar. 2023.xlsx",1.024915824915825,T-shirt
01589 T-shirt unisex mblå k/æ,Alm.slid uden restværdi,1,2041,17,30155C97D461A7C0002D711D,"PLC, Product detaljeret, Aarhus, Mar. 2023.xlsx",0.25354238118569333,T-shirt
01589 T-shirt unisex mblå k/æ,Alm.slid uden restværdi,1,1984,36,30155C97D461A7C000E2AE57,"PLC, Product detaljeret, Aarhus, Mar. 2023.xlsx",0.5523387096774194,T-shirt
01589 T-shirt unisex mblå k/æ,Alm.slid uden restværdi,1,1981,64,300ED89F3350007FE266A877,"PLC, Product detaljeret, Aarhus, Mar. 2023.xlsx",0.9834225138818778,T-shirt
13658 T-shirt dame lyseblå Prowear,Alm.slid uden restværdi,1,1979,97,300ED89F335000400183DA99,"PLC, Product detaljeret, Aarhus, Mar. 2023.xlsx",1.4920060636685195,T-shirt
13658 T-shirt dame lyseblå Prowear,Alm.slid uden restværdi,1,1979,106,300ED89F3350007FE266C011,"PLC, Product detaljeret, Aarhus, Mar. 2023.xlsx",1.6304396159676606,T-shirt
13658 T-shirt dame lyseblå Prowear,Alm.slid uden restværdi,1,1974,67,300ED89F335000400183D0AF,"PLC, Product detaljeret, Aarhus, Mar. 2023.xlsx",1.0331712259371835,T-shirt
13658 T-shirt dame lyseblå Prowear,Alm.slid uden restværdi,1,1974,51,300ED89F335000400183D226,"PLC, Product detaljeret, Aarhus, Mar. 2023.xlsx",0.7864437689969606,T-shirt
13658 T-shirt dame lyseblå Prowear,Alm.slid uden restværdi,1,1973,106,300ED89F335000400183C8F7,"PLC, Product detaljeret, Aarhus, Mar. 2023.xlsx",1.6353978712620376,T-shirt
13658 T-shirt dame lyseblå Prowear,Alm.slid uden restværdi,1,1973,63,300ED89F335000400183CE92,"PLC, Product detaljeret, Aarhus, Mar. 2023.xlsx",0.9719817536746072,T-shirt
13658 T-shirt dame lyseblå Prowear,Alm.slid uden restværdi,1,1967,113,300ED89F335000400183CE6B,"PLC, Product detaljeret, Aarhus, Mar. 2023.xlsx",1.7487137773258772,T-shirt
01589 T-shirt unisex mblå k/æ,Alm.slid uden restværdi,1,1966,128,30155C97D461A7C000BA6853,"PLC, Product detaljeret, Aarhus, Mar. 2023.xlsx",1.981851475076297,T-shirt
13658 T-shirt dame lyseblå Prowear,Alm.slid uden restværdi,1,1965,55,300ED89F335000400183CC8E,"PLC, Product detaljeret, Aarhus, Mar. 2023.xlsx",0.8520101781170484,T-shirt
13658 T-shirt dame lyseblå Prowear,Alm.slid uden restværdi,1,1965,45,300ED89F335000400183CD02,"PLC, Product detaljeret, Aarhus, Mar. 2023.xlsx",0.6970992366412214,T-shirt
13658 T-shirt dame lyseblå Prowear,Alm.slid uden restværdi,1,1965,49,300ED89F335000400183CD86,"PLC, Product detaljeret, Aarhus, Mar. 2023.xlsx",0.7590636132315522,T-shirt
13658 T-shirt dame lyseblå Prowear,Alm.slid uden restværdi,1,1965,40,300ED89F335000400183CDAD,"PLC, Product detaljeret, Aarhus, Mar. 2023.xlsx",0.6196437659033079,T-shirt
13658 T-shirt dame lyseblå Prowear,Alm.slid uden restværdi,1,1965,63,300ED89F335000400183D4E8,"PLC, Product detaljeret, Aarhus, Mar. 2023.xlsx",0.97593893129771,T-shirt
13658 T-shirt dame lyseblå Prowear,Alm.slid uden restværdi,1,1965,61,300ED89F335000400183D7DC,"PLC, Product detaljeret, Aarhus, Mar. 2023.xlsx",0.9449567430025446,T-shirt
13658 T-shirt dame lyseblå Prowear,Alm.slid uden restværdi,1,1965,55,300ED89F335000400183D80A,"PLC, Product detaljeret, Aarhus, Mar. 2023.xlsx",0.8520101781170484,T-shirt
13658 T-shirt dame lyseblå Prowear,Alm.slid uden restværdi,1,1965,56,300ED89F335000400183DB3B,"PLC, Product detaljeret, Aarhus, Mar. 2023.xlsx",0.8675012722646311,T-shirt
13658 T-shirt dame lyseblå Prowear,Alm.slid uden restværdi,1,1965,56,300ED89F335000400183DB5E,"PLC, Product detaljeret, Aarhus, Mar. 2023.xlsx",0.8675012722646311,T-shirt
13658 T-shirt dame lyseblå Prowear,Alm.slid uden restværdi,1,1965,65,300ED89F335000400183DC05,"PLC, Product detaljeret, Aarhus, Mar. 2023.xlsx",1.0069211195928753,T-shirt
13658 T-shirt dame lyseblå Prowear,Alm.slid uden restværdi,1,1965,57,300ED89F3350007FE266BFC8,"PLC, Product detaljeret, Aarhus, Mar. 2023.xlsx",0.8829923664122138,T-shirt
13658 T-shirt dame lyseblå Prowear,Alm.slid uden restværdi,1,1964,65,300ED89F335000400183DA40,"PLC, Product detaljeret, Aarhus, Mar. 2023.xlsx",1.0074338085539716,T-shirt
01589 T-shirt unisex mblå k/æ,Alm.slid uden restværdi,1,1962,62,30155C97D461A7C000B0A982,"PLC, Product detaljeret, Aarhus, Mar. 2023.xlsx",0.9619164118246688,T-shirt
13658 T-shirt dame lyseblå Prowear,Alm.slid uden restværdi,1,1961,116,300ED89F335000400183D4CD,"PLC, Product detaljeret, Aarhus, Mar. 2023.xlsx",1.8006323304436513,T-shirt
13658 T-shirt dame lyseblå Prowear,Alm.slid uden restværdi,1,1960,80,300ED89F335000400183ADDE,"PLC, Product detaljeret, Aarhus, Mar. 2023.xlsx",1.2424489795918368,T-shirt
13658 T-shirt dame lyseblå Prowear,Alm.slid uden restværdi,1,1959,43,300ED89F335000400183AED4,"PLC, Product detaljeret, Aarhus, Mar. 2023.xlsx",0.6681572230729964,T-shirt
13658 T-shirt dame lyseblå Prowear,Alm.slid uden restværdi,1,1959,64,300ED89F335000400183B366,"PLC, Product detaljeret, Aarhus, Mar. 2023.xlsx",0.9944665645737623,T-shirt
13658 T-shirt dame lyseblå Prowear,Alm.slid uden restværdi,1,1959,55,300ED89F335000400183B391,"PLC, Product detaljeret, Aarhus, Mar. 2023.xlsx",0.8546197039305768,T-shirt
13658 T-shirt dame lyseblå Prowear,Alm.slid uden restværdi,1,1959,42,300ED89F335000400183B3D0,"PLC, Product detaljeret, Aarhus, Mar. 2023.xlsx",0.6526186830015314,T-shirt
13658 T-shirt dame lyseblå Prowear,Alm.slid uden restværdi,1,1959,38,300ED89F335000400183B410,"PLC, Product detaljeret, Aarhus, Mar. 2023.xlsx",0.5904645227156713,T-shirt
13658 T-shirt dame lyseblå Prowear,Alm.slid uden restværdi,1,1959,81,300ED89F335000400183D646,"PLC, Product detaljeret, Aarhus, Mar. 2023.xlsx",1.2586217457886677,T-shirt
13658 T-shirt dame lyseblå Prowear,Alm.slid uden restværdi,1,1959,51,300ED89F335000400183D945,"PLC, Product detaljeret, Aarhus, Mar. 2023.xlsx",0.7924655436447168,T-shirt
13658 T-shirt dame lyseblå Prowear,Alm.slid uden restværdi,1,1959,66,300ED89F335000400183D9B3,"PLC, Product detaljeret, Aarhus, Mar. 2023.xlsx",1.0255436447166923,T-shirt
13658 T-shirt dame lyseblå Prowear,Alm.slid uden restværdi,1,1959,47,300ED89F3350007FE266B675,"PLC, Product detaljeret, Aarhus, Mar. 2023.xlsx",0.7303113833588566,T-shirt
13658 T-shirt dame lyseblå Prowear,Alm.slid uden restværdi,1,1958,93,300ED89F335000400183D331,"PLC, Product detaljeret, Aarhus, Mar. 2023.xlsx",1.4458222676200203,T-shirt
13658 T-shirt dame lyseblå Prowear,Alm.slid uden restværdi,1,1957,70,300ED89F335000400183D7FC,"PLC, Product detaljeret, Aarhus, Mar. 2023.xlsx",1.088809402146142,T-shirt
13658 T-shirt dame lyseblå Prowear,Alm.slid uden restværdi,1,1953,104,300ED89F335000400183CCA2,"PLC, Product detaljeret, Aarhus, Mar. 2023.xlsx",1.620972862263185,T-shirt
13658 T-shirt dame lyseblå Prowear,Alm.slid uden restværdi,1,1953,125,300ED89F335000400183D30F,"PLC, Product detaljeret, Aarhus, Mar. 2023.xlsx",1.948284690220174,T-shirt
13658 T-shirt dame lyseblå Prowear,Alm.slid uden restværdi,1,1953,132,300ED89F335000400183DC10,"PLC, Product detaljeret, Aarhus, Mar. 2023.xlsx",2.057388632872504,T-shirt
13658 T-shirt dame lyseblå Prowear,Alm.slid uden restværdi,1,1952,53,300ED89F335000400183CF2D,"PLC, Product detaljeret, Aarhus, Mar. 2023.xlsx",0.8264959016393443,T-shirt
13658 T-shirt dame lyseblå Prowear,Alm.slid uden restværdi,1,1952,94,300ED89F335000400183DB70,"PLC, Product detaljeret, Aarhus, Mar. 2023.xlsx",1.465860655737705,T-shirt
13658 T-shirt dame lyseblå Prowear,Alm.slid uden restværdi,1,1948,135,300ED89F335000400183CFDC,"PLC, Product detaljeret, Aarhus, Mar. 2023.xlsx",2.1095482546201234,T-shirt
13658 T-shirt dame lyseblå Prowear,Alm.slid uden restværdi,1,1948,56,300ED89F335000400183CFDE,"PLC, Product detaljeret, Aarhus, Mar. 2023.xlsx",0.8750718685831622,T-shirt
13658 T-shirt dame lyseblå Prowear,Alm.slid uden restværdi,1,1944,54,300ED89F3350007FE266CDEB,"PLC, Product detaljeret, Aarhus, Mar. 2023.xlsx",0.8455555555555555,T-shirt
01589 T-shirt unisex mblå k/æ,Alm.slid uden restværdi,1,1933,103,30155C97D461A7C000D71DD8,"PLC, Product detaljeret, Aarhus, Mar. 2023.xlsx",1.6219968960165545,T-shirt
13658 T-shirt dame lyseblå Prowear,Alm.slid uden restværdi,1,1932,80,300ED89F3350007FE2685A20,"PLC, Product detaljeret, Aarhus, Mar. 2023.xlsx",1.260455486542443,T-shirt
13658 T-shirt dame lyseblå Prowear,Alm.slid uden restværdi,1,1925,63,300ED89F3350007FE2678CD7,"PLC, Product detaljeret, Aarhus, Mar. 2023.xlsx",0.9962181818181819,T-shirt
13658 T-shirt dame lyseblå Prowear,Alm.slid uden restværdi,1,1918,83,300ED89F3350007FE266CEC1,"PLC, Product detaljeret, Aarhus, Mar. 2023.xlsx",1.3172679874869657,T-shirt
13658 T-shirt dame lyseblå Prowear,Alm.slid uden restværdi,1,1833,51,300ED89F33500060009D9772,"PLC, Product detaljeret, Aarhus, Mar. 2023.xlsx",0.8469394435351882,T-shirt
13658 T-shirt dame lyseblå Prowear,Alm.slid uden restværdi,1,1829,54,300ED89F33500060009D970B,"PLC, Product detaljeret, Aarhus, Mar. 2023.xlsx",0.898720612356479,T-shirt
13658 T-shirt dame lyseblå Prowear,Alm.slid uden restværdi,1,1829,68,300ED89F33500060009D98F2,"PLC, Product detaljeret, Aarhus, Mar. 2023.xlsx",1.1317222525970476,T-shirt
13658 T-shirt dame lyseblå Prowear,Alm.slid uden restværdi,1,1829,81,300ED89F33500060009D9978,"PLC, Product detaljeret, Aarhus, Mar. 2023.xlsx",1.3480809185347185,T-shirt
03885 T-Shirt Lysblå Lady K/Æ P/B,Alm.slid uden restværdi,1,1824,99,30155C97D461A7C0007D1366,"PLC, Product detaljeret, Aarhus, Mar. 2023.xlsx",1.6521710526315792,T-shirt
03885 T-Shirt Lysblå Lady K/Æ P/B,Alm.slid uden restværdi,1,1824,98,30155C97D461A7C0007D13A6,"PLC, Product detaljeret, Aarhus, Mar. 2023.xlsx",1.635482456140351,T-shirt
03885 T-Shirt Lysblå Lady K/Æ P/B,Alm.slid uden restværdi,1,1824,104,30155C97D461A7C00102F897,"PLC, Product detaljeret, Aarhus, Mar. 2023.xlsx",1.7356140350877192,T-shirt
03885 T-Shirt Lysblå Lady K/Æ P/B,Alm.slid uden restværdi,1,1824,83,30155C97D461A7C00102F8E9,"PLC, Product detaljeret, Aarhus, Mar. 2023.xlsx",1.38515350877193,T-shirt
03885 T-Shirt Lysblå Lady K/Æ P/B,Alm.slid uden restværdi,1,1821,9,30155C97D461A7C000E7F726,"PLC, Product detaljeret, Aarhus, Mar. 2023.xlsx",0.15044481054365733,T-shirt
03885 T-Shirt Lysblå Lady K/Æ P/B,Alm.slid uden restværdi,1,1821,8,30155C97D461A7C000E7F775,"PLC, Product detaljeret, Aarhus, Mar. 2023.xlsx",0.13372872048325096,T-shirt
03885 T-Shirt Lysblå Lady K/Æ P/B,Alm.slid uden restværdi,1,1821,10,30155C97D461A7C000E90707,"PLC, Product detaljeret, Aarhus, Mar. 2023.xlsx",0.16716090060406372,T-shirt
03885 T-Shirt Lysblå Lady K/Æ P/B,Alm.slid uden restværdi,1,1802,59,30155C97D461A7C00092F639,"PLC, Product detaljeret, Aarhus, Mar. 2023.xlsx",0.996648168701443,T-shirt
03885 T-Shirt Lysblå Lady K/Æ P/B,Alm.slid uden restværdi,1,1801,87,30155C97D461A7C0010352FA,"PLC, Product detaljeret, Aarhus, Mar. 2023.xlsx",1.4704497501388119,T-shirt
03885 T-Shirt Lysblå Lady K/Æ P/B,Alm.slid uden restværdi,1,1801,90,30155C97D461A7C00103AEA9,"PLC, Product detaljeret, Aarhus, Mar. 2023.xlsx",1.5211549139367018,T-shirt
01589 T-shirt unisex mblå k/æ,Alm.slid uden restværdi,1,1799,102,30155C97D461A7C001186A4B,"PLC, Product detaljeret, Aarhus, Mar. 2023.xlsx",1.725892162312396,T-shirt
03885 T-Shirt Lysblå Lady K/Æ P/B,Alm.slid uden restværdi,1,1792,74,30155C97D461A7C00103AA13,"PLC, Product detaljeret, Aarhus, Mar. 2023.xlsx",1.2570089285714285,T-shirt
01427 T-shirt unisex lyseblå pb,Alm.slid uden restværdi,1,1790,35,30155C97D461A7C0011869C8,"PLC, Product detaljeret, Aarhus, Mar. 2023.xlsx",0.595195530726257,T-shirt
01427 T-shirt unisex lyseblå pb,Alm.slid uden restværdi,1,1790,27,30155C97D461A7C001186B61,"PLC, Product detaljeret, Aarhus, Mar. 2023.xlsx",0.45915083798882683,T-shirt
01589 T-shirt unisex mblå k/æ,Alm.slid uden restværdi,1,1787,4,30155C97D461A7C0010D20F9,"PLC, Product detaljeret, Aarhus, Mar. 2023.xlsx",0.06813654168998322,T-shirt
03885 T-Shirt Lysblå Lady K/Æ P/B,Alm.slid uden restværdi,1,1787,8,30155C97D461A7C000CBE2FD,"PLC, Product detaljeret, Aarhus, Mar. 2023.xlsx",0.13627308337996644,T-shirt
01427 T-shirt unisex lyseblå pb,Alm.slid uden restværdi,1,1786,44,30155C97D461A7C001186AF4,"PLC, Product detaljeret, Aarhus, Mar. 2023.xlsx",0.7499216125419933,T-shirt
03885 T-Shirt Lysblå Lady K/Æ P/B,Alm.slid uden restværdi,1,1776,62,30155C97D461A7C00103AFAB,"PLC, Product detaljeret, Aarhus, Mar. 2023.xlsx",1.0626576576576576,T-shirt
03885 T-Shirt Lysblå Lady K/Æ P/B,Alm.slid uden restværdi,1,1776,68,30155C97D461A7C00103B2AF,"PLC, Product detaljeret, Aarhus, Mar. 2023.xlsx",1.1654954954954955,T-shirt
03885 T-Shirt Lysblå Lady K/Æ P/B,Alm.slid uden restværdi,1,1772,57,30155C97D461A7C000DF2888,"PLC, Product detaljeret, Aarhus, Mar. 2023.xlsx",0.9791647855530474,T-shirt
03885 T-Shirt Lysblå Lady K/Æ P/B,Alm.slid uden restværdi,1,1772,120,30155C97D461A7C000E90110,"PLC, Product detaljeret, Aarhus, Mar. 2023.xlsx",2.0613995485327314,T-shirt
03885 T-Shirt Lysblå Lady K/Æ P/B,Alm.slid uden restværdi,1,1768,6,30155C97D461A7C000E906F2,"PLC, Product detaljeret, Aarhus, Mar. 2023.xlsx",0.10330316742081448,T-shirt
03885 T-Shirt Lysblå Lady K/Æ P/B,Alm.slid uden restværdi,1,1759,9,30155C97D461A7C000CBE357,"PLC, Product detaljeret, Aarhus, Mar. 2023.xlsx",0.15574758385446277,T-shirt
03885 T-Shirt Lysblå Lady K/Æ P/B,Alm.slid uden restværdi,1,1756,129,30155C97D461A7C000DF215B,"PLC, Product detaljeret, Aarhus, Mar. 2023.xlsx",2.2361958997722096,T-shirt
03885 T-Shirt Lysblå Lady K/Æ P/B,Alm.slid uden restværdi,1,1755,8,30155C97D461A7C000CDD7B3,"PLC, Product detaljeret, Aarhus, Mar. 2023.xlsx",0.13875783475783476,T-shirt
03885 T-Shirt Lysblå Lady K/Æ P/B,Alm.slid uden restværdi,1,1753,100,30155C97D461A7C000DF2197,"PLC, Product detaljeret, Aarhus, Mar. 2023.xlsx",1.7364517969195665,T-shirt
03885 T-Shirt Lysblå Lady K/Æ P/B,Alm.slid uden restværdi,1,1750,74,30155C97D461A7C00103A9DC,"PLC, Product detaljeret, Aarhus, Mar. 2023.xlsx",1.287177142857143,T-shirt
03885 T-Shirt Lysblå Lady K/Æ P/B,Alm.slid uden restværdi,1,1746,96,30155C97D461A7C00102F8FF,"PLC, Product detaljeret, Aarhus, Mar. 2023.xlsx",1.6736769759450172,T-shirt
03885 T-Shirt Lysblå Lady K/Æ P/B,Alm.slid uden restværdi,1,1746,108,30155C97D461A7C00103AAD4,"PLC, Product detaljeret, Aarhus, Mar. 2023.xlsx",1.8828865979381444,T-shirt
03885 T-Shirt Lysblå Lady K/Æ P/B,Alm.slid uden restværdi,1,1739,100,30155C97D461A7C000DF2823,"PLC, Product detaljeret, Aarhus, Mar. 2023.xlsx",1.750431282346176,T-shirt
01589 T-shirt unisex mblå k/æ,Alm.slid uden restværdi,1,1735,34,30155C97D461A7C0015E2F50,"PLC, Product detaljeret, Aarhus, Mar. 2023.xlsx",0.5965187319884726,T-shirt
01427 T-shirt unisex lyseblå pb,Alm.slid uden restværdi,1,1725,65,300ED89F33500060009D8365,"PLC, Product detaljeret, Aarhus, Mar. 2023.xlsx",1.1470144927536232,T-shirt
03885 T-Shirt Lysblå Lady K/Æ P/B,Alm.slid uden restværdi,1,1690,8,30155C97D461A7C000E87617,"PLC, Product detaljeret, Aarhus, Mar. 2023.xlsx",0.14409467455621303,T-shirt
03885 T-Shirt Lysblå Lady K/Æ P/B,Alm.slid uden restværdi,1,1686,60,30155C97D461A7C00103AB6F,"PLC, Product detaljeret, Aarhus, Mar. 2023.xlsx",1.0832740213523133,T-shirt
01427 T-shirt unisex lyseblå pb,Alm.slid uden restværdi,1,1684,11,30155C97D461A7C001171EC9,"PLC, Product detaljeret, Aarhus, Mar. 2023.xlsx",0.19883610451306413,T-shirt
01589 T-shirt unisex mblå k/æ,Alm.slid uden restværdi,1,1669,45,300ED89F3350007FE267E0AF,"PLC, Product detaljeret, Aarhus, Mar. 2023.xlsx",0.8207309766327143,T-shirt
01589 T-shirt unisex mblå k/æ,Alm.slid uden restværdi,1,1669,47,30155C97D461A7C0013C766A,"PLC, Product detaljeret, Aarhus, Mar. 2023.xlsx",0.8572079089275015,T-shirt
13658 T-shirt dame lyseblå Prowear,Alm.slid uden restværdi,1,1655,60,300ED89F33500060009D78D3,"PLC, Product detaljeret, Aarhus, Mar. 2023.xlsx",1.1035649546827797,T-shirt
13658 T-shirt dame lyseblå Prowear,Alm.slid uden restværdi,1,1655,114,300ED89F33500060009D7A15,"PLC, Product detaljeret, Aarhus, Mar. 2023.xlsx",2.096773413897281,T-shirt
13658 T-shirt dame lyseblå Prowear,Alm.slid uden restværdi,1,1651,32,300ED89F33500060009D757E,"PLC, Product detaljeret, Aarhus, Mar. 2023.xlsx",0.5899939430648092,T-shirt
13658 T-shirt dame lyseblå Prowear,Alm.slid uden restværdi,1,1651,13,300ED89F33500060009D766F,"PLC, Product detaljeret, Aarhus, Mar. 2023.xlsx",0.23968503937007873,T-shirt
03885 T-Shirt Lysblå Lady K/Æ P/B,Alm.slid uden restværdi,1,1643,65,30155C97D461A7C000E0AC9E,"PLC, Product detaljeret, Aarhus, Mar. 2023.xlsx",1.2042604990870358,T-shirt
03885 T-Shirt Lysblå Lady K/Æ P/B,Alm.slid uden restværdi,1,1643,62,30155C97D461A7C000E0ADA6,"PLC, Product detaljeret, Aarhus, Mar. 2023.xlsx",1.1486792452830188,T-shirt
03885 T-Shirt Lysblå Lady K/Æ P/B,Alm.slid uden restværdi,1,1643,68,30155C97D461A7C000E0DB22,"PLC, Product detaljeret, Aarhus, Mar. 2023.xlsx",1.259841752891053,T-shirt
01427 T-shirt unisex lyseblå pb,Alm.slid uden restværdi,1,1640,10,30155C97D461A7C00122F4E7,"PLC, Product detaljeret, Aarhus, Mar. 2023.xlsx",0.185609756097561,T-shirt
01427 T-shirt unisex lyseblå pb,Alm.slid uden restværdi,1,1612,11,30155C97D461A7C000F0A3F7,"PLC, Product detaljeret, Aarhus, Mar. 2023.xlsx",0.20771712158808933,T-shirt
01717 T-shirt unisex kblå pb,Alm.slid uden restværdi,1,1612,34,30155C97D461A7C00166B1DB,"PLC, Product detaljeret, Aarhus, Mar. 2023.xlsx",0.6420347394540944,T-shirt
01589 T-shirt unisex mblå k/æ,Alm.slid uden restværdi,1,1606,96,30155C97D461A7C0015137D9,"PLC, Product detaljeret, Aarhus, Mar. 2023.xlsx",1.8195765877957661,T-shirt
01589 T-shirt unisex mblå k/æ,Alm.slid uden restværdi,1,1606,38,30155C97D461A7C0015145A5,"PLC, Product detaljeret, Aarhus, Mar. 2023.xlsx",0.7202490660024907,T-shirt
01589 T-shirt unisex mblå k/æ,Alm.slid uden restværdi,1,1591,36,300ED89F33500060009D98FD,"PLC, Product detaljeret, Aarhus, Mar. 2023.xlsx",0.6887743557511,T-shirt
01589 T-shirt unisex mblå k/æ,Alm.slid uden restværdi,1,1586,101,30155C97D461A7C001514627,"PLC, Product detaljeret, Aarhus, Mar. 2023.xlsx",1.938486759142497,T-shirt
01589 T-shirt unisex mblå k/æ,Alm.slid uden restværdi,1,1574,42,30155C97D461A7C0016683E9,"PLC, Product detaljeret, Aarhus, Mar. 2023.xlsx",0.8122490470139772,T-shirt
01589 T-shirt unisex mblå k/æ,Alm.slid uden restværdi,1,1574,40,30155C97D461A7C0016683F4,"PLC, Product detaljeret, Aarhus, Mar. 2023.xlsx",0.7735705209656926,T-shirt
01589 T-shirt unisex mblå k/æ,Alm.slid uden restværdi,1,1574,31,30155C97D461A7C0016683F8,"PLC, Product detaljeret, Aarhus, Mar. 2023.xlsx",0.5995171537484116,T-shirt
01589 T-shirt unisex mblå k/æ,Alm.slid uden restværdi,1,1574,56,30155C97D461A7C0016683FA,"PLC, Product detaljeret, Aarhus, Mar. 2023.xlsx",1.0829987293519696,T-shirt
01589 T-shirt unisex mblå k/æ,Alm.slid uden restværdi,1,1574,34,30155C97D461A7C0016683FE,"PLC, Product detaljeret, Aarhus, Mar. 2023.xlsx",0.6575349428208387,T-shirt
01589 T-shirt unisex mblå k/æ,Alm.slid uden restværdi,1,1574,28,30155C97D461A7C001668428,"PLC, Product detaljeret, Aarhus, Mar. 2023.xlsx",0.5414993646759848,T-shirt
01589 T-shirt unisex mblå k/æ,Alm.slid uden restværdi,1,1574,40,30155C97D461A7C001668486,"PLC, Product detaljeret, Aarhus, Mar. 2023.xlsx",0.7735705209656926,T-shirt
01589 T-shirt unisex mblå k/æ,Alm.slid uden restværdi,1,1574,39,30155C97D461A7C0016684D1,"PLC, Product detaljeret, Aarhus, Mar. 2023.xlsx",0.7542312579415502,T-shirt
01589 T-shirt unisex mblå k/æ,Alm.slid uden restværdi,1,1574,30,30155C97D461A7C00166850E,"PLC, Product detaljeret, Aarhus, Mar. 2023.xlsx",0.5801778907242694,T-shirt
01589 T-shirt unisex mblå k/æ,Alm.slid uden restværdi,1,1574,29,30155C97D461A7C001668560,"PLC, Product detaljeret, Aarhus, Mar. 2023.xlsx",0.560838627700127,T-shirt
01589 T-shirt unisex mblå k/æ,Alm.slid uden restværdi,1,1574,37,30155C97D461A7C00166857F,"PLC, Product detaljeret, Aarhus, Mar. 2023.xlsx",0.7155527318932656,T-shirt
01427 T-shirt unisex lyseblå pb,Alm.slid uden restværdi,1,1569,22,30155C97D461A7C001186B3D,"PLC, Product detaljeret, Aarhus, Mar. 2023.xlsx",0.4268196303377948,T-shirt
01589 T-shirt unisex mblå k/æ,Alm.slid uden restværdi,1,1532,70,30155C97D461A7C0014035B4,"PLC, Product detaljeret, Aarhus, Mar. 2023.xlsx",1.3908616187989558,T-shirt
01589 T-shirt unisex mblå k/æ,Alm.slid uden restværdi,1,1532,70,30155C97D461A7C0014035BF,"PLC, Product detaljeret, Aarhus, Mar. 2023.xlsx",1.3908616187989558,T-shirt
01589 T-shirt unisex mblå k/æ,Alm.slid uden restværdi,1,1532,71,30155C97D461A7C001403627,"PLC, Product detaljeret, Aarhus, Mar. 2023.xlsx",1.4107310704960836,T-shirt
01589 T-shirt unisex mblå k/æ,Alm.slid uden restværdi,1,1524,66,30155C97D461A7C0014035AB,"PLC, Product detaljeret, Aarhus, Mar. 2023.xlsx",1.318267716535433,T-shirt
01589 T-shirt unisex mblå k/æ,Alm.slid uden restværdi,1,1524,75,30155C97D461A7C0014035C1,"PLC, Product detaljeret, Aarhus, Mar. 2023.xlsx",1.4980314960629924,T-shirt
01589 T-shirt unisex mblå k/æ,Alm.slid uden restværdi,1,1524,68,30155C97D461A7C0014035DB,"PLC, Product detaljeret, Aarhus, Mar. 2023.xlsx",1.358215223097113,T-shirt
01589 T-shirt unisex mblå k/æ,Alm.slid uden restværdi,1,1524,75,30155C97D461A7C0014035F6,"PLC, Product detaljeret, Aarhus, Mar. 2023.xlsx",1.4980314960629924,T-shirt
01589 T-shirt unisex mblå k/æ,Alm.slid uden restværdi,1,1524,69,30155C97D461A7C001403625,"PLC, Product detaljeret, Aarhus, Mar. 2023.xlsx",1.378188976377953,T-shirt
01589 T-shirt unisex mblå k/æ,Alm.slid uden restværdi,1,1524,71,30155C97D461A7C0014036CB,"PLC, Product detaljeret, Aarhus, Mar. 2023.xlsx",1.4181364829396328,T-shirt
01589 T-shirt unisex mblå k/æ,Alm.slid uden restværdi,1,1524,60,30155C97D461A7C001403716,"PLC, Product detaljeret, Aarhus, Mar. 2023.xlsx",1.1984251968503938,T-shirt
01589 T-shirt unisex mblå k/æ,Alm.slid uden restværdi,1,1512,79,30155C97D461A7C001186A79,"PLC, Product detaljeret, Aarhus, Mar. 2023.xlsx",1.5904497354497353,T-shirt
03885 T-Shirt Lysblå Lady K/Æ P/B,Alm.slid uden restværdi,1,1511,72,30155C97D461A7C001384912,"PLC, Product detaljeret, Aarhus, Mar. 2023.xlsx",1.4504831237591,T-shirt
01589 T-shirt unisex mblå k/æ,Alm.slid uden restværdi,1,1472,18,30155C97D461A7C0020A77F2,"PLC, Product detaljeret, Aarhus, Mar. 2023.xlsx",0.37222826086956523,T-shirt
09610 T-Shirt Lady Lysblå Bom,Alm.slid uden restværdi,1,1457,66,30155C97D461A7C0016DB668,"PLC, Product detaljeret, Aarhus, Mar. 2023.xlsx",1.3788881262868908,T-shirt
03885 T-Shirt Lysblå Lady K/Æ P/B,Alm.slid uden restværdi,1,1373,62,30155C97D461A7C000E0A11B,"PLC, Product detaljeret, Aarhus, Mar. 2023.xlsx",1.3745666423889293,T-shirt
01589 T-shirt unisex mblå k/æ,Alm.slid uden restværdi,1,1310,82,30155C97D461A7C00226E38E,"PLC, Product detaljeret, Aarhus, Mar. 2023.xlsx",1.905404580152672,T-shirt
03885 T-Shirt Lysblå Lady K/Æ P/B,Alm.slid uden restværdi,1,1292,8,30155C97D461A7C001330C62,"PLC, Product detaljeret, Aarhus, Mar. 2023.xlsx",0.18848297213622292,T-shirt
03885 T-Shirt Lysblå Lady K/Æ P/B,Alm.slid uden restværdi,1,1286,17,30155C97D461A7C001191F92,"PLC, Product detaljeret, Aarhus, Mar. 2023.xlsx",0.4023950233281493,T-shirt
01589 T-shirt unisex mblå k/æ,Alm.slid uden restværdi,1,1281,49,30155C97D461A7C0020E8863,"PLC, Product detaljeret, Aarhus, Mar. 2023.xlsx",1.1643715846994536,T-shirt
01589 T-shirt unisex mblå k/æ,Alm.slid uden restværdi,1,1280,5,30155C97D461A7C0013FDBE4,"PLC, Product detaljeret, Aarhus, Mar. 2023.xlsx",0.11890625,T-shirt
01589 T-shirt unisex mblå k/æ,Alm.slid uden restværdi,1,1276,98,30155C97D461A7C0020E889D,"PLC, Product detaljeret, Aarhus, Mar. 2023.xlsx",2.337868338557994,T-shirt
01589 T-shirt unisex mblå k/æ,Alm.slid uden restværdi,1,1246,141,30155C97D461A7C0022956FF,"PLC, Product detaljeret, Aarhus, Mar. 2023.xlsx",3.444654895666132,T-shirt
24597 T-shirt You unisex Kornblå,Alm.slid uden restværdi,1,1242,16,30155C97D461A7C001FC405E,"PLC, Product detaljeret, Aarhus, Mar. 2023.xlsx",0.39214170692431566,T-shirt
01589 T-shirt unisex mblå k/æ,Alm.slid uden restværdi,1,1226,35,30155C97D461A7C00228BE53,"PLC, Product detaljeret, Aarhus, Mar. 2023.xlsx",0.869004893964111,T-shirt
26056 T-shirt k/æ dame lyseblå,Alm.slid uden restværdi,1,1211,135,30155C97D461A7C0008A64CE,"PLC, Product detaljeret, Aarhus, Mar. 2023.xlsx",3.3933938893476467,T-shirt
26056 T-shirt k/æ dame lyseblå,Alm.slid uden restværdi,1,1205,86,30155C97D461A7C0005C466D,"PLC, Product detaljeret, Aarhus, Mar. 2023.xlsx",2.17248132780083,T-shirt
26056 T-shirt k/æ dame lyseblå,Alm.slid uden restværdi,1,1205,81,30155C97D461A7C0005C472A,"PLC, Product detaljeret, Aarhus, Mar. 2023.xlsx",2.046174273858921,T-shirt
26056 T-shirt k/æ dame lyseblå,Alm.slid uden restværdi,1,1204,78,30155C97D461A7C0008A648E,"PLC, Product detaljeret, Aarhus, Mar. 2023.xlsx",1.9720265780730897,T-shirt
26056 T-shirt k/æ dame lyseblå,Alm.slid uden restværdi,1,1198,74,30155C97D461A7C001FC55FE,"PLC, Product detaljeret, Aarhus, Mar. 2023.xlsx",1.8802671118530887,T-shirt
01589 T-shirt unisex mblå k/æ,Alm.slid uden restværdi,1,1189,3,30155C97D461A7C002291E45,"PLC, Product detaljeret, Aarhus, Mar. 2023.xlsx",0.07680403700588731,T-shirt
26056 T-shirt k/æ dame lyseblå,Alm.slid uden restværdi,1,1186,75,30155C97D461A7C0021BF02D,"PLC, Product detaljeret, Aarhus, Mar. 2023.xlsx",1.9249578414839799,T-shirt
26056 T-shirt k/æ dame lyseblå,Alm.slid uden restværdi,1,1186,84,30155C97D461A7C0021BF0D3,"PLC, Product detaljeret, Aarhus, Mar. 2023.xlsx",2.1559527824620575,T-shirt
26056 T-shirt k/æ dame lyseblå,Alm.slid uden restværdi,1,1181,41,30155C97D461A7C0005C4614,"PLC, Product detaljeret, Aarhus, Mar. 2023.xlsx",1.0567654530059272,T-shirt
26056 T-shirt k/æ dame lyseblå,Alm.slid uden restværdi,1,1181,40,30155C97D461A7C0005C462F,"PLC, Product detaljeret, Aarhus, Mar. 2023.xlsx",1.030990685859441,T-shirt
26056 T-shirt k/æ dame lyseblå,Alm.slid uden restværdi,1,1181,30,30155C97D461A7C001EF703C,"PLC, Product detaljeret, Aarhus, Mar. 2023.xlsx",0.7732430143945809,T-shirt
26056 T-shirt k/æ dame lyseblå,Alm.slid uden restværdi,1,1181,28,30155C97D461A7C001EF7055,"PLC, Product detaljeret, Aarhus, Mar. 2023.xlsx",0.7216934801016088,T-shirt
01589 T-shirt unisex mblå k/æ,Alm.slid uden restværdi,1,1124,16,30155C97D461A7C00150F852,"PLC, Product detaljeret, Aarhus, Mar. 2023.xlsx",0.43330960854092526,T-shirt
01589 T-shirt unisex mblå k/æ,Alm.slid uden restværdi,1,1116,45,30155C97D461A7C0020EE4E4,"PLC, Product detaljeret, Aarhus, Mar. 2023.xlsx",1.2274193548387098,T-shirt
24593 T-shirt You dame Kornblå,Alm.slid uden restværdi,1,1112,43,30155C97D461A7C0023174BB,"PLC, Product detaljeret, Aarhus, Mar. 2023.xlsx",1.177086330935252,T-shirt
24593 T-shirt You dame Kornblå,Alm.slid uden restværdi,1,1112,41,30155C97D461A7C0023174E2,"PLC, Product detaljeret, Aarhus, Mar. 2023.xlsx",1.122338129496403,T-shirt
24593 T-shirt You dame Kornblå,Alm.slid uden restværdi,1,1112,43,30155C97D461A7C002317529,"PLC, Product detaljeret, Aarhus, Mar. 2023.xlsx",1.177086330935252,T-shirt
24593 T-shirt You dame Kornblå,Alm.slid uden restværdi,1,1112,39,30155C97D461A7C002317547,"PLC, Product detaljeret, Aarhus, Mar. 2023.xlsx",1.0675899280575538,T-shirt
03885 T-Shirt Lysblå Lady K/Æ P/B,Alm.slid uden restværdi,1,1108,13,30155C97D461A7C000E0A139,"PLC, Product detaljeret, Aarhus, Mar. 2023.xlsx",0.35714801444043326,T-shirt
24593 T-shirt You dame Kornblå,Alm.slid uden restværdi,1,1106,1,30155C97D461A7C002317238,"PLC, Product detaljeret, Aarhus, Mar. 2023.xlsx",0.02752260397830018,T-shirt
24593 T-shirt You dame Kornblå,Alm.slid uden restværdi,1,1106,1,30155C97D461A7C002317253,"PLC, Product detaljeret, Aarhus, Mar. 2023.xlsx",0.02752260397830018,T-shirt
24593 T-shirt You dame Kornblå,Alm.slid uden restværdi,1,1106,7,30155C97D461A7C00231729F,"PLC, Product detaljeret, Aarhus, Mar. 2023.xlsx",0.19265822784810127,T-shirt
24593 T-shirt You dame Kornblå,Alm.slid uden restværdi,1,1106,9,30155C97D461A7C0023172F9,"PLC, Product detaljeret, Aarhus, Mar. 2023.xlsx",0.24770343580470167,T-shirt
24593 T-shirt You dame Kornblå,Alm.slid uden restværdi,1,1106,7,30155C97D461A7C002317312,"PLC, Product detaljeret, Aarhus, Mar. 2023.xlsx",0.19265822784810127,T-shirt
24593 T-shirt You dame Kornblå,Alm.slid uden restværdi,1,1106,2,30155C97D461A7C002317321,"PLC, Product detaljeret, Aarhus, Mar. 2023.xlsx",0.05504520795660036,T-shirt
24593 T-shirt You dame Kornblå,Alm.slid uden restværdi,1,1106,10,30155C97D461A7C002317357,"PLC, Product detaljeret, Aarhus, Mar. 2023.xlsx",0.2752260397830018,T-shirt
24593 T-shirt You dame Kornblå,Alm.slid uden restværdi,1,1106,7,30155C97D461A7C00231735C,"PLC, Product detaljeret, Aarhus, Mar. 2023.xlsx",0.19265822784810127,T-shirt
24593 T-shirt You dame Kornblå,Alm.slid uden restværdi,1,1106,6,30155C97D461A7C0023173B6,"PLC, Product detaljeret, Aarhus, Mar. 2023.xlsx",0.1651356238698011,T-shirt
24593 T-shirt You dame Kornblå,Alm.slid uden restværdi,1,1106,2,30155C97D461A7C0023173CE,"PLC, Product detaljeret, Aarhus, Mar. 2023.xlsx",0.05504520795660036,T-shirt
12151 T-shirt 1/2 æ lady lblå PB,Alm.slid uden restværdi,1,1105,74,30155C97D461A7C001F6877F,"PLC, Product detaljeret, Aarhus, Mar. 2023.xlsx",2.0385158371040726,T-shirt
12151 T-shirt 1/2 æ lady lblå PB,Alm.slid uden restværdi,1,1105,60,30155C97D461A7C001F68817,"PLC, Product detaljeret, Aarhus, Mar. 2023.xlsx",1.6528506787330317,T-shirt
12151 T-shirt 1/2 æ lady lblå PB,Alm.slid uden restværdi,1,1097,59,30155C97D461A7C001C841DC,"PLC, Product detaljeret, Aarhus, Mar. 2023.xlsx",1.6371558796718324,T-shirt
24762 T-shirt da k/æ blåmela Pro,Alm.slid uden restværdi,1,1095,53,30155C97D461A7C00228E10F,"PLC, Product detaljeret, Aarhus, Mar. 2023.xlsx",1.4733515981735161,T-shirt
24593 T-shirt You dame Kornblå,Alm.slid uden restværdi,1,1087,24,30155C97D461A7C0023166BE,"PLC, Product detaljeret, Aarhus, Mar. 2023.xlsx",0.6720883164673414,T-shirt
13658 T-shirt dame lyseblå Prowear,Alm.slid uden restværdi,1,1084,90,300ED89F335000400183D3AE,"PLC, Product detaljeret, Aarhus, Mar. 2023.xlsx",2.527306273062731,T-shirt
24762 T-shirt da k/æ blåmela Pro,Alm.slid uden restværdi,1,1072,50,30155C97D461A7C00229569F,"PLC, Product detaljeret, Aarhus, Mar. 2023.xlsx",1.4197761194029852,T-shirt
24762 T-shirt da k/æ blåmela Pro,Alm.slid uden restværdi,1,1070,51,30155C97D461A7C001FC9631,"PLC, Product detaljeret, Aarhus, Mar. 2023.xlsx",1.4508785046728974,T-shirt
01589 T-shirt unisex mblå k/æ,Alm.slid uden restværdi,1,1065,54,30155C97D461A7C0023C0882,"PLC, Product detaljeret, Aarhus, Mar. 2023.xlsx",1.54343661971831,T-shirt
01589 T-shirt unisex mblå k/æ,Alm.slid uden restværdi,1,1065,49,30155C97D461A7C0023C08E8,"PLC, Product detaljeret, Aarhus, Mar. 2023.xlsx",1.4005258215962444,T-shirt
01589 T-shirt unisex mblå k/æ,Alm.slid uden restværdi,1,1050,85,30155C97D461A7C0023C2613,"PLC, Product detaljeret, Aarhus, Mar. 2023.xlsx",2.4641904761904763,T-shirt
01589 T-shirt unisex mblå k/æ,Alm.slid uden restværdi,1,1050,75,30155C97D461A7C0023C2684,"PLC, Product detaljeret, Aarhus, Mar. 2023.xlsx",2.1742857142857144,T-shirt
13658 T-shirt dame lyseblå Prowear,Alm.slid uden restværdi,1,1042,23,30155C97D461A7C0023C9188,"PLC, Product detaljeret, Aarhus, Mar. 2023.xlsx",0.6719001919385796,T-shirt
13658 T-shirt dame lyseblå Prowear,Alm.slid uden restværdi,1,1042,27,30155C97D461A7C0023C9343,"PLC, Product detaljeret, Aarhus, Mar. 2023.xlsx",0.7887523992322457,T-shirt
13658 T-shirt dame lyseblå Prowear,Alm.slid uden restværdi,1,1039,26,30155C97D461A7C0023C9237,"PLC, Product detaljeret, Aarhus, Mar. 2023.xlsx",0.7617324350336863,T-shirt
01717 T-shirt unisex kblå pb,Alm.slid uden restværdi,1,1038,39,30155C97D461A7C001CB9F86,"PLC, Product detaljeret, Aarhus, Mar. 2023.xlsx",1.143699421965318,T-shirt
01717 T-shirt unisex kblå pb,Alm.slid uden restværdi,1,1038,49,30155C97D461A7C0020EE38A,"PLC, Product detaljeret, Aarhus, Mar. 2023.xlsx",1.4369556840077071,T-shirt
01717 T-shirt unisex kblå pb,Alm.slid uden restværdi,1,1038,45,30155C97D461A7C0020EE38C,"PLC, Product detaljeret, Aarhus, Mar. 2023.xlsx",1.3196531791907515,T-shirt
01717 T-shirt unisex kblå pb,Alm.slid uden restværdi,1,1038,52,30155C97D461A7C0020EE399,"PLC, Product detaljeret, Aarhus, Mar. 2023.xlsx",1.524932562620424,T-shirt
01717 T-shirt unisex kblå pb,Alm.slid uden restværdi,1,1038,51,30155C97D461A7C00218D9D8,"PLC, Product detaljeret, Aarhus, Mar. 2023.xlsx",1.495606936416185,T-shirt
01717 T-shirt unisex kblå pb,Alm.slid uden restværdi,1,1038,43,30155C97D461A7C00266F5FB,"PLC, Product detaljeret, Aarhus, Mar. 2023.xlsx",1.2610019267822736,T-shirt
01717 T-shirt unisex kblå pb,Alm.slid uden restværdi,1,1038,31,30155C97D461A7C00266F628,"PLC, Product detaljeret, Aarhus, Mar. 2023.xlsx",0.9090944123314066,T-shirt
01717 T-shirt unisex kblå pb,Alm.slid uden restværdi,1,1038,47,30155C97D461A7C00266F634,"PLC, Product detaljeret, Aarhus, Mar. 2023.xlsx",1.3783044315992294,T-shirt
24762 T-shirt da k/æ blåmela Pro,Alm.slid uden restværdi,1,1035,66,30155C97D461A7C001FC20D2,"PLC, Product detaljeret, Aarhus, Mar. 2023.xlsx",1.9411014492753622,T-shirt
24593 T-shirt You dame Kornblå,Alm.slid uden restværdi,1,1029,36,30155C97D461A7C0022FA9E3,"PLC, Product detaljeret, Aarhus, Mar. 2023.xlsx",1.0649562682215745,T-shirt
24593 T-shirt You dame Kornblå,Alm.slid uden restværdi,1,1023,25,30155C97D461A7C0022F9804,"PLC, Product detaljeret, Aarhus, Mar. 2023.xlsx",0.7438905180840665,T-shirt
24762 T-shirt da k/æ blåmela Pro,Alm.slid uden restværdi,1,1017,49,30155C97D461A7C002294B82,"PLC, Product detaljeret, Aarhus, Mar. 2023.xlsx",1.4666273352999017,T-shirt
25055 T-shirt uni k/æ blåmelan Pro,Alm.slid uden restværdi,1,1007,46,30155C97D461A7C0023CC3BA,"PLC, Product detaljeret, Aarhus, Mar. 2023.xlsx",1.390506454816286,T-shirt
01589 T-shirt unisex mblå k/æ,Alm.slid uden restværdi,1,1005,6,30155C97D461A7C0029525AA,"PLC, Product detaljeret, Aarhus, Mar. 2023.xlsx",0.1817313432835821,T-shirt
24762 T-shirt da k/æ blåmela Pro,Alm.slid uden restværdi,1,998,70,30155C97D461A7C0029510BC,"PLC, Product detaljeret, Aarhus, Mar. 2023.xlsx",2.135070140280561,T-shirt
01589 T-shirt unisex mblå k/æ,Alm.slid uden restværdi,1,996,8,30155C97D461A7C0029524A9,"PLC, Product detaljeret, Aarhus, Mar. 2023.xlsx",0.24449799196787148,T-shirt
01427 T-shirt unisex lyseblå pb,Alm.slid uden restværdi,1,988,30,30155C97D461A7C0023BB9D5,"PLC, Product detaljeret, Aarhus, Mar. 2023.xlsx",0.9242914979757085,T-shirt
13658 T-shirt dame lyseblå Prowear,Alm.slid uden restværdi,1,967,54,300ED89F335000400183D44D,"PLC, Product detaljeret, Aarhus, Mar. 2023.xlsx",1.699855222337125,T-shirt
24762 T-shirt da k/æ blåmela Pro,Alm.slid uden restværdi,1,946,61,30155C97D461A7C002293DC0,"PLC, Product detaljeret, Aarhus, Mar. 2023.xlsx",1.9628329809725158,T-shirt
25055 T-shirt uni k/æ blåmelan Pro,Alm.slid uden restværdi,1,943,59,30155C97D461A7C0022998EE,"PLC, Product detaljeret, Aarhus, Mar. 2023.xlsx",1.9045174973488868,T-shirt
24762 T-shirt da k/æ blåmela Pro,Alm.slid uden restværdi,1,925,51,30155C97D461A7C002294C80,"PLC, Product detaljeret, Aarhus, Mar. 2023.xlsx",1.6783135135135137,T-shirt
01589 T-shirt unisex mblå k/æ,Alm.slid uden restværdi,1,920,54,30155C97D461A7C0027CB0B9,"PLC, Product detaljeret, Aarhus, Mar. 2023.xlsx",1.7866956521739132,T-shirt
24762 T-shirt da k/æ blåmela Pro,Alm.slid uden restværdi,1,918,45,30155C97D461A7C00228DFA4,"PLC, Product detaljeret, Aarhus, Mar. 2023.xlsx",1.492156862745098,T-shirt
13658 T-shirt dame lyseblå Prowear,Alm.slid uden restværdi,1,909,61,30155C97D461A6C0000E78F4,"PLC, Product detaljeret, Aarhus, Mar. 2023.xlsx",2.042728272827283,T-shirt
26056 T-shirt k/æ dame lyseblå,Alm.slid uden restværdi,1,892,30,30155C97D461A7C001EF713D,"PLC, Product detaljeret, Aarhus, Mar. 2023.xlsx",1.0237668161434978,T-shirt
01717 T-shirt unisex kblå pb,Alm.slid uden restværdi,1,890,24,30155C97D461A7C00210F99C,"PLC, Product detaljeret, Aarhus, Mar. 2023.xlsx",0.8208539325842698,T-shirt
26056 T-shirt k/æ dame lyseblå,Alm.slid uden restværdi,1,890,35,30155C97D461A7C00214D566,"PLC, Product detaljeret, Aarhus, Mar. 2023.xlsx",1.1970786516853933,T-shirt
01427 T-shirt unisex lyseblå pb,Alm.slid uden restværdi,1,888,53,30155C97D461A7C002302414,"PLC, Product detaljeret, Aarhus, Mar. 2023.xlsx",1.816801801801802,T-shirt
26056 T-shirt k/æ dame lyseblå,Alm.slid uden restværdi,1,885,42,30155C97D461A7C00214D5AE,"PLC, Product detaljeret, Aarhus, Mar. 2023.xlsx",1.4446101694915254,T-shirt
01589 T-shirt unisex mblå k/æ,Alm.slid uden restværdi,1,881,74,30155C97D461A6C0000EA283,"PLC, Product detaljeret, Aarhus, Mar. 2023.xlsx",2.5568217934165722,T-shirt
13658 T-shirt dame lyseblå Prowear,Alm.slid uden restværdi,1,868,65,30155C97D461A6C00016FFD0,"PLC, Product detaljeret, Aarhus, Mar. 2023.xlsx",2.279493087557604,T-shirt
13658 T-shirt dame lyseblå Prowear,Alm.slid uden restværdi,1,863,43,30155C97D461A6C00035AF1C,"PLC, Product detaljeret, Aarhus, Mar. 2023.xlsx",1.5167091541135573,T-shirt
13658 T-shirt dame lyseblå Prowear,Alm.slid uden restværdi,1,862,34,30155C97D461A6C00035AF37,"PLC, Product detaljeret, Aarhus, Mar. 2023.xlsx",1.2006496519721577,T-shirt
24762 T-shirt da k/æ blåmela Pro,Alm.slid uden restværdi,1,861,24,30155C97D461A7C00228DACC,"PLC, Product detaljeret, Aarhus, Mar. 2023.xlsx",0.8485017421602787,T-shirt
13658 T-shirt dame lyseblå Prowear,Alm.slid uden restværdi,1,858,42,30155C97D461A6C00035B021,"PLC, Product detaljeret, Aarhus, Mar. 2023.xlsx",1.49006993006993,T-shirt
13658 T-shirt dame lyseblå Prowear,Alm.slid uden restværdi,1,851,68,30155C97D461A6C00016FF99,"PLC, Product detaljeret, Aarhus, Mar. 2023.xlsx",2.4323384253819036,T-shirt
01589 T-shirt unisex mblå k/æ,Alm.slid uden restværdi,1,846,52,30155C97D461A7C002913C5C,"PLC, Product detaljeret, Aarhus, Mar. 2023.xlsx",1.871016548463357,T-shirt
01589 T-shirt unisex mblå k/æ,Alm.slid uden restværdi,1,846,31,30155C97D461A7C002913D3C,"PLC, Product detaljeret, Aarhus, Mar. 2023.xlsx",1.1154137115839242,T-shirt
13658 T-shirt dame lyseblå Prowear,Alm.slid uden restværdi,1,844,47,30155C97D461A6C0000E79E4,"PLC, Product detaljeret, Aarhus, Mar. 2023.xlsx",1.6951184834123223,T-shirt
13658 T-shirt dame lyseblå Prowear,Alm.slid uden restværdi,1,844,47,30155C97D461A6C0000E79FA,"PLC, Product detaljeret, Aarhus, Mar. 2023.xlsx",1.6951184834123223,T-shirt
13658 T-shirt dame lyseblå Prowear,Alm.slid uden restværdi,1,844,75,30155C97D461A6C00016FF4E,"PLC, Product detaljeret, Aarhus, Mar. 2023.xlsx",2.704976303317536,T-shirt
13658 T-shirt dame lyseblå Prowear,Alm.slid uden restværdi,1,844,69,30155C97D461A6C00016FFF1,"PLC, Product detaljeret, Aarhus, Mar. 2023.xlsx",2.4885781990521325,T-shirt
01589 T-shirt unisex mblå k/æ,Alm.slid uden restværdi,1,819,22,30155C97D461A6C000126256,"PLC, Product detaljeret, Aarhus, Mar. 2023.xlsx",0.8176800976800978,T-shirt
01427 T-shirt unisex lyseblå pb,Alm.slid uden restværdi,1,808,55,30155C97D461A6C0000EABAB,"PLC, Product detaljeret, Aarhus, Mar. 2023.xlsx",2.072029702970297,T-shirt
24762 T-shirt da k/æ blåmela Pro,Alm.slid uden restværdi,1,808,58,30155C97D461A7C00276A3E8,"PLC, Product detaljeret, Aarhus, Mar. 2023.xlsx",2.185049504950495,T-shirt
03885 T-Shirt Lysblå Lady K/Æ P/B,Alm.slid uden restværdi,1,804,45,30155C97D461A7C0015B0942,"PLC, Product detaljeret, Aarhus, Mar. 2023.xlsx",1.7037313432835821,T-shirt
03885 T-Shirt Lysblå Lady K/Æ P/B,Alm.slid uden restværdi,1,804,37,30155C97D461A7C001BE40D0,"PLC, Product detaljeret, Aarhus, Mar. 2023.xlsx",1.4008457711442786,T-shirt
03885 T-Shirt Lysblå Lady K/Æ P/B,Alm.slid uden restværdi,1,804,41,30155C97D461A7C001BE411E,"PLC, Product detaljeret, Aarhus, Mar. 2023.xlsx",1.5522885572139302,T-shirt
03885 T-Shirt Lysblå Lady K/Æ P/B,Alm.slid uden restværdi,1,804,35,30155C97D461A7C001BE412E,"PLC, Product detaljeret, Aarhus, Mar. 2023.xlsx",1.3251243781094528,T-shirt
03885 T-Shirt Lysblå Lady K/Æ P/B,Alm.slid uden restværdi,1,804,35,30155C97D461A7C001BE4200,"PLC, Product detaljeret, Aarhus, Mar. 2023.xlsx",1.3251243781094528,T-shirt
01589 T-shirt unisex mblå k/æ,Alm.slid uden restværdi,1,798,12,30155C97D461A6C00014321A,"PLC, Product detaljeret, Aarhus, Mar. 2023.xlsx",0.4577443609022556,T-shirt
01589 T-shirt unisex mblå k/æ,Alm.slid uden restværdi,1,791,33,30155C97D461A6C0000FE7A7,"PLC, Product detaljeret, Aarhus, Mar. 2023.xlsx",1.2699367888748418,T-shirt
01589 T-shirt unisex mblå k/æ,Alm.slid uden restværdi,1,785,83,30155C97D461A6C0002F4058,"PLC, Product detaljeret, Aarhus, Mar. 2023.xlsx",3.2184968152866245,T-shirt
01589 T-shirt unisex mblå k/æ,Alm.slid uden restværdi,1,785,86,30155C97D461A6C0002F4171,"PLC, Product detaljeret, Aarhus, Mar. 2023.xlsx",3.3348280254777074,T-shirt
01589 T-shirt unisex mblå k/æ,Alm.slid uden restværdi,1,785,69,30155C97D461A6C0002F41AF,"PLC, Product detaljeret, Aarhus, Mar. 2023.xlsx",2.675617834394904,T-shirt
01717 T-shirt unisex kblå pb,Alm.slid uden restværdi,1,771,4,30155C97D461A6C000306065,"PLC, Product detaljeret, Aarhus, Mar. 2023.xlsx",0.1579247730220493,T-shirt
08398 T-shirt unisex mblå k/æ bom,Alm.slid uden restværdi,1,760,36,30155C97D461A6C00030D8C2,"PLC, Product detaljeret, Aarhus, Mar. 2023.xlsx",1.4418947368421053,T-shirt
01589 T-shirt unisex mblå k/æ,Alm.slid uden restværdi,1,755,25,30155C97D461A6C00020FB65,"PLC, Product detaljeret, Aarhus, Mar. 2023.xlsx",1.0079470198675498,T-shirt
08398 T-shirt unisex mblå k/æ bom,Alm.slid uden restværdi,1,754,39,30155C97D461A6C00030D77B,"PLC, Product detaljeret, Aarhus, Mar. 2023.xlsx",1.5744827586206898,T-shirt
08398 T-shirt unisex mblå k/æ bom,Alm.slid uden restværdi,1,753,41,30155C97D461A6C00030D76B,"PLC, Product detaljeret, Aarhus, Mar. 2023.xlsx",1.6574236387782206,T-shirt
08398 T-shirt unisex mblå k/æ bom,Alm.slid uden restværdi,1,753,35,30155C97D461A6C00030D89C,"PLC, Product detaljeret, Aarhus, Mar. 2023.xlsx",1.4148738379814079,T-shirt
01589 T-shirt unisex mblå k/æ,Alm.slid uden restværdi,1,751,70,30155C97D461A6C00020FAD2,"PLC, Product detaljeret, Aarhus, Mar. 2023.xlsx",2.83728362183755,T-shirt
01589 T-shirt unisex mblå k/æ,Alm.slid uden restværdi,1,750,71,30155C97D461A6C00020FAC9,"PLC, Product detaljeret, Aarhus, Mar. 2023.xlsx",2.8816533333333334,T-shirt
08398 T-shirt unisex mblå k/æ bom,Alm.slid uden restværdi,1,746,42,30155C97D461A6C00030D81D,"PLC, Product detaljeret, Aarhus, Mar. 2023.xlsx",1.713780160857909,T-shirt
13658 T-shirt dame lyseblå Prowear,Alm.slid uden restværdi,1,741,21,30155C97D461A6C0001B1C5B,"PLC, Product detaljeret, Aarhus, Mar. 2023.xlsx",0.8626720647773279,T-shirt
01589 T-shirt unisex mblå k/æ,Alm.slid uden restværdi,1,739,59,30155C97D461A6C00030D655,"PLC, Product detaljeret, Aarhus, Mar. 2023.xlsx",2.4302571041948577,T-shirt
01589 T-shirt unisex mblå k/æ,Alm.slid uden restværdi,1,735,24,30155C97D461A7C00268E8FE,"PLC, Product detaljeret, Aarhus, Mar. 2023.xlsx",0.9939591836734695,T-shirt
13658 T-shirt dame lyseblå Prowear,Alm.slid uden restværdi,1,700,23,30155C97D461A6C000818147,"PLC, Product detaljeret, Aarhus, Mar. 2023.xlsx",1.0001714285714285,T-shirt
13658 T-shirt dame lyseblå Prowear,Alm.slid uden restværdi,1,684,21,30155C97D461A6C0000F9A42,"PLC, Product detaljeret, Aarhus, Mar. 2023.xlsx",0.9345614035087719,T-shirt
13658 T-shirt dame lyseblå Prowear,Alm.slid uden restværdi,1,682,33,30155C97D461A6C00039E4A3,"PLC, Product detaljeret, Aarhus, Mar. 2023.xlsx",1.4729032258064516,T-shirt
13658 T-shirt dame lyseblå Prowear,Alm.slid uden restværdi,1,682,36,30155C97D461A6C00039E4AC,"PLC, Product detaljeret, Aarhus, Mar. 2023.xlsx",1.6068035190615837,T-shirt
13658 T-shirt dame lyseblå Prowear,Alm.slid uden restværdi,1,682,27,30155C97D461A6C00039E557,"PLC, Product detaljeret, Aarhus, Mar. 2023.xlsx",1.2051026392961877,T-shirt
01589 T-shirt unisex mblå k/æ,Alm.slid uden restværdi,1,676,69,30155C97D461A6C000B0074F,"PLC, Product detaljeret, Aarhus, Mar. 2023.xlsx",3.107041420118343,T-shirt
01589 T-shirt unisex mblå k/æ,Alm.slid uden restværdi,1,676,68,30155C97D461A6C000B0075F,"PLC, Product detaljeret, Aarhus, Mar. 2023.xlsx",3.062011834319527,T-shirt
01589 T-shirt unisex mblå k/æ,Alm.slid uden restværdi,1,676,61,30155C97D461A6C000B00794,"PLC, Product detaljeret, Aarhus, Mar. 2023.xlsx",2.746804733727811,T-shirt
01589 T-shirt unisex mblå k/æ,Alm.slid uden restværdi,1,676,55,30155C97D461A6C000B007E8,"PLC, Product detaljeret, Aarhus, Mar. 2023.xlsx",2.4766272189349112,T-shirt
01589 T-shirt unisex mblå k/æ,Alm.slid uden restværdi,1,672,36,30155C97D461A6C000B00842,"PLC, Product detaljeret, Aarhus, Mar. 2023.xlsx",1.6307142857142858,T-shirt
01427 T-shirt unisex lyseblå pb,Alm.slid uden restværdi,1,666,31,30155C97D461A6C0002F4D1B,"PLC, Product detaljeret, Aarhus, Mar. 2023.xlsx",1.416876876876877,T-shirt
01589 T-shirt unisex mblå k/æ,Alm.slid uden restværdi,1,665,26,30155C97D461A6C000B04E0A,"PLC, Product detaljeret, Aarhus, Mar. 2023.xlsx",1.1901353383458648,T-shirt
01427 T-shirt unisex lyseblå pb,Alm.slid uden restværdi,1,663,20,30155C97D461A6C00030E8D4,"PLC, Product detaljeret, Aarhus, Mar. 2023.xlsx",0.9182503770739066,T-shirt
08398 T-shirt unisex mblå k/æ bom,Alm.slid uden restværdi,1,660,5,30155C97D461A6C000B1AB11,"PLC, Product detaljeret, Aarhus, Mar. 2023.xlsx",0.23060606060606062,T-shirt
08398 T-shirt unisex mblå k/æ bom,Alm.slid uden restværdi,1,660,19,30155C97D461A6C000B1AA81,"PLC, Product detaljeret, Aarhus, Mar. 2023.xlsx",0.8763030303030304,T-shirt
13658 T-shirt dame lyseblå Prowear,Alm.slid uden restværdi,1,656,22,30155C97D461A6C00021002E,"PLC, Product detaljeret, Aarhus, Mar. 2023.xlsx",1.0208536585365855,T-shirt
01589 T-shirt unisex mblå k/æ,Alm.slid uden restværdi,1,638,47,30155C97D461A6C00039DF1F,"PLC, Product detaljeret, Aarhus, Mar. 2023.xlsx",2.2424451410658306,T-shirt
26056 T-shirt k/æ dame lyseblå,Alm.slid uden restværdi,1,631,53,30155C97D461A7C0023999D3,"PLC, Product detaljeret, Aarhus, Mar. 2023.xlsx",2.556767036450079,T-shirt
01589 T-shirt unisex mblå k/æ,Alm.slid uden restværdi,1,626,32,30155C97D461A6C000B14C53,"PLC, Product detaljeret, Aarhus, Mar. 2023.xlsx",1.556038338658147,T-shirt
01589 T-shirt unisex mblå k/æ,Alm.slid uden restværdi,1,626,33,30155C97D461A6C000B1695C,"PLC, Product detaljeret, Aarhus, Mar. 2023.xlsx",1.604664536741214,T-shirt
13658 T-shirt dame lyseblå Prowear,Alm.slid uden restværdi,1,615,17,30155C97D461A6C0008D7AB9,"PLC, Product detaljeret, Aarhus, Mar. 2023.xlsx",0.8414308943089431,T-shirt
13658 T-shirt dame lyseblå Prowear,Alm.slid uden restværdi,1,615,5,30155C97D461A6C0008D7B21,"PLC, Product detaljeret, Aarhus, Mar. 2023.xlsx",0.247479674796748,T-shirt
13658 T-shirt dame lyseblå Prowear,Alm.slid uden restværdi,1,615,11,30155C97D461A6C0008D7B49,"PLC, Product detaljeret, Aarhus, Mar. 2023.xlsx",0.5444552845528455,T-shirt
26498 T-shirt L/Æ kongeblå P/B,Alm.slid uden restværdi,1,597,31,30155C97D461A6C0003A782E,"PLC, Product detaljeret, Aarhus, Mar. 2023.xlsx",1.5806365159128979,T-shirt
13658 T-shirt dame lyseblå Prowear,Alm.slid uden restværdi,1,596,11,30155C97D461A6C000B19E56,"PLC, Product detaljeret, Aarhus, Mar. 2023.xlsx",0.5618120805369128,T-shirt
01589 T-shirt unisex mblå k/æ,Alm.slid uden restværdi,1,589,57,30155C97D461A6C000BA41DA,"PLC, Product detaljeret, Aarhus, Mar. 2023.xlsx",2.945806451612903,T-shirt
01589 T-shirt unisex mblå k/æ,Alm.slid uden restværdi,1,585,36,30155C97D461A6C000B9E685,"PLC, Product detaljeret, Aarhus, Mar. 2023.xlsx",1.8732307692307695,T-shirt
01427 T-shirt unisex lyseblå pb,Alm.slid uden restværdi,1,570,27,30155C97D461A6C000BA3B51,"PLC, Product detaljeret, Aarhus, Mar. 2023.xlsx",1.4418947368421053,T-shirt
01427 T-shirt unisex lyseblå pb,Alm.slid uden restværdi,1,570,21,30155C97D461A6C000BA3B60,"PLC, Product detaljeret, Aarhus, Mar. 2023.xlsx",1.1214736842105262,T-shirt
01427 T-shirt unisex lyseblå pb,Alm.slid uden restværdi,1,570,17,30155C97D461A6C000BA3AAA,"PLC, Product detaljeret, Aarhus, Mar. 2023.xlsx",0.907859649122807,T-shirt
01427 T-shirt unisex lyseblå pb,Alm.slid uden restværdi,1,567,16,30155C97D461A6C000BA3BD7,"PLC, Product detaljeret, Aarhus, Mar. 2023.xlsx",0.8589770723104057,T-shirt
01427 T-shirt unisex lyseblå pb,Alm.slid uden restværdi,1,567,28,30155C97D461A6C000BA3C16,"PLC, Product detaljeret, Aarhus, Mar. 2023.xlsx",1.5032098765432098,T-shirt
01427 T-shirt unisex lyseblå pb,Alm.slid uden restværdi,1,567,13,30155C97D461A6C000BA3C86,"PLC, Product detaljeret, Aarhus, Mar. 2023.xlsx",0.6979188712522045,T-shirt
26056 T-shirt k/æ dame lyseblå,Alm.slid uden restværdi,1,565,40,30155C97D461A6C000839F3D,"PLC, Product detaljeret, Aarhus, Mar. 2023.xlsx",2.1550442477876106,T-shirt
26498 T-shirt L/Æ kongeblå P/B,Alm.slid uden restværdi,1,565,17,30155C97D461A6C0001B8ADA,"PLC, Product detaljeret, Aarhus, Mar. 2023.xlsx",0.9158938053097345,T-shirt
01427 T-shirt unisex lyseblå pb,Alm.slid uden restværdi,1,564,17,30155C97D461A6C000BA3B2B,"PLC, Product detaljeret, Aarhus, Mar. 2023.xlsx",0.9175177304964539,T-shirt
01427 T-shirt unisex lyseblå pb,Alm.slid uden restværdi,1,564,33,30155C97D461A6C000BA3BD9,"PLC, Product detaljeret, Aarhus, Mar. 2023.xlsx",1.781063829787234,T-shirt
13658 T-shirt dame lyseblå Prowear,Alm.slid uden restværdi,1,550,9,30155C97D461A6C000B0B1B4,"PLC, Product detaljeret, Aarhus, Mar. 2023.xlsx",0.49810909090909095,T-shirt
13658 T-shirt dame lyseblå Prowear,Alm.slid uden restværdi,1,550,18,30155C97D461A6C000B0B289,"PLC, Product detaljeret, Aarhus, Mar. 2023.xlsx",0.9962181818181819,T-shirt
01589 T-shirt unisex mblå k/æ,Alm.slid uden restværdi,1,547,29,30155C97D461A6C0008BFF40,"PLC, Product detaljeret, Aarhus, Mar. 2023.xlsx",1.6138208409506398,T-shirt
13658 T-shirt dame lyseblå Prowear,Alm.slid uden restværdi,1,547,10,30155C97D461A6C000B0B14E,"PLC, Product detaljeret, Aarhus, Mar. 2023.xlsx",0.5564899451553931,T-shirt
01589 T-shirt unisex mblå k/æ,Alm.slid uden restværdi,1,545,33,30155C97D461A6C0008BFF8E,"PLC, Product detaljeret, Aarhus, Mar. 2023.xlsx",1.8431559633027526,T-shirt
01427 T-shirt unisex lyseblå pb,Alm.slid uden restværdi,1,533,16,30155C97D461A6C00030E9E7,"PLC, Product detaljeret, Aarhus, Mar. 2023.xlsx",0.9137711069418387,T-shirt
13658 T-shirt dame lyseblå Prowear,Alm.slid uden restværdi,1,533,22,30155C97D461A6C0008BDFB1,"PLC, Product detaljeret, Aarhus, Mar. 2023.xlsx",1.2564352720450283,T-shirt
13658 T-shirt dame lyseblå Prowear,Alm.slid uden restværdi,1,533,26,30155C97D461A6C0008BDFDD,"PLC, Product detaljeret, Aarhus, Mar. 2023.xlsx",1.484878048780488,T-shirt
13658 T-shirt dame lyseblå Prowear,Alm.slid uden restværdi,1,533,28,30155C97D461A6C0008BE078,"PLC, Product detaljeret, Aarhus, Mar. 2023.xlsx",1.599099437148218,T-shirt
13658 T-shirt dame lyseblå Prowear,Alm.slid uden restværdi,1,533,14,30155C97D461A6C0008BF86C,"PLC, Product detaljeret, Aarhus, Mar. 2023.xlsx",0.799549718574109,T-shirt
01589 T-shirt unisex mblå k/æ,Alm.slid uden restværdi,1,525,26,300ED89F3350007FE266A6AD,"PLC, Product detaljeret, Aarhus, Mar. 2023.xlsx",1.5075047619047621,T-shirt
26055 T-shirt 1/2 ærme da lyseblå,Alm.slid uden restværdi,1,525,29,30155C97D461A7C00214BFA2,"PLC, Product detaljeret, Aarhus, Mar. 2023.xlsx",1.681447619047619,T-shirt
01589 T-shirt unisex mblå k/æ,Alm.slid uden restværdi,1,510,31,30155C97D461A6C0015B36C5,"PLC, Product detaljeret, Aarhus, Mar. 2023.xlsx",1.8502745098039217,T-shirt
01589 T-shirt unisex mblå k/æ,Alm.slid uden restværdi,1,510,28,30155C97D461A6C0015B3782,"PLC, Product detaljeret, Aarhus, Mar. 2023.xlsx",1.6712156862745098,T-shirt
01589 T-shirt unisex mblå k/æ,Alm.slid uden restværdi,1,510,36,30155C97D461A6C0015B3784,"PLC, Product detaljeret, Aarhus, Mar. 2023.xlsx",2.148705882352941,T-shirt
01589 T-shirt unisex mblå k/æ,Alm.slid uden restværdi,1,491,9,30155C97D461A6C0008175A6,"PLC, Product detaljeret, Aarhus, Mar. 2023.xlsx",0.5579633401221996,T-shirt
26056 T-shirt k/æ dame lyseblå,Alm.slid uden restværdi,1,491,32,30155C97D461A7C002697631,"PLC, Product detaljeret, Aarhus, Mar. 2023.xlsx",1.9838696537678207,T-shirt
13658 T-shirt dame lyseblå Prowear,Alm.slid uden restværdi,1,488,7,30155C97D461A6C0008BF72B,"PLC, Product detaljeret, Aarhus, Mar. 2023.xlsx",0.4366393442622951,T-shirt
13658 T-shirt dame lyseblå Prowear,Alm.slid uden restværdi,1,488,7,30155C97D461A6C0008BF780,"PLC, Product detaljeret, Aarhus, Mar. 2023.xlsx",0.4366393442622951,T-shirt
01589 T-shirt unisex mblå k/æ,Alm.slid uden restværdi,1,431,34,30155C97D461A6C000637BAE,"PLC, Product detaljeret, Aarhus, Mar. 2023.xlsx",2.4012993039443153,T-shirt
01589 T-shirt unisex mblå k/æ,Alm.slid uden restværdi,1,431,28,30155C97D461A6C000637BF5,"PLC, Product detaljeret, Aarhus, Mar. 2023.xlsx",1.9775406032482599,T-shirt
01589 T-shirt unisex mblå k/æ,Alm.slid uden restværdi,1,431,33,30155C97D461A6C000637C31,"PLC, Product detaljeret, Aarhus, Mar. 2023.xlsx",2.330672853828306,T-shirt
01589 T-shirt unisex mblå k/æ,Alm.slid uden restværdi,1,431,34,30155C97D461A6C000637C34,"PLC, Product detaljeret, Aarhus, Mar. 2023.xlsx",2.4012993039443153,T-shirt
01589 T-shirt unisex mblå k/æ,Alm.slid uden restværdi,1,431,32,30155C97D461A6C000637CC3,"PLC, Product detaljeret, Aarhus, Mar. 2023.xlsx",2.260046403712297,T-shirt
01589 T-shirt unisex mblå k/æ,Alm.slid uden restværdi,1,431,29,30155C97D461A6C000637CD5,"PLC, Product detaljeret, Aarhus, Mar. 2023.xlsx",2.0481670533642693,T-shirt
01589 T-shirt unisex mblå k/æ,Alm.slid uden restværdi,1,431,27,30155C97D461A6C000637D13,"PLC, Product detaljeret, Aarhus, Mar. 2023.xlsx",1.9069141531322507,T-shirt
01589 T-shirt unisex mblå k/æ,Alm.slid uden restværdi,1,431,29,30155C97D461A6C000637D46,"PLC, Product detaljeret, Aarhus, Mar. 2023.xlsx",2.0481670533642693,T-shirt
01589 T-shirt unisex mblå k/æ,Alm.slid uden restværdi,1,431,33,30155C97D461A6C000637D68,"PLC, Product detaljeret, Aarhus, Mar. 2023.xlsx",2.330672853828306,T-shirt
13658 T-shirt dame lyseblå Prowear,Alm.slid uden restværdi,1,396,12,30155C97D461A6C0012DF1B3,"PLC, Product detaljeret, Aarhus, Mar. 2023.xlsx",0.9224242424242425,T-shirt
26056 T-shirt k/æ dame lyseblå,Alm.slid uden restværdi,1,392,24,30155C97D461A6C0004A20F0,"PLC, Product detaljeret, Aarhus, Mar. 2023.xlsx",1.8636734693877552,T-shirt
13658 T-shirt dame lyseblå Prowear,Alm.slid uden restværdi,1,379,9,300ED89F335000400183CB8C,"PLC, Product detaljeret, Aarhus, Mar. 2023.xlsx",0.7228496042216359,T-shirt
13658 T-shirt dame lyseblå Prowear,Alm.slid uden restværdi,1,375,17,30155C97D461A6C000D8894B,"PLC, Product detaljeret, Aarhus, Mar. 2023.xlsx",1.3799466666666669,T-shirt
24597 T-shirt You unisex Kornblå,Alm.slid uden restværdi,1,374,2,30155C97D461A7C0023169A7,"PLC, Product detaljeret, Aarhus, Mar. 2023.xlsx",0.1627807486631016,T-shirt
13658 T-shirt dame lyseblå Prowear,Alm.slid uden restværdi,1,371,12,30155C97D461A6C000D887D1,"PLC, Product detaljeret, Aarhus, Mar. 2023.xlsx",0.9845822102425877,T-shirt
13658 T-shirt dame lyseblå Prowear,Alm.slid uden restværdi,1,343,11,30155C97D461A6C000D887A3,"PLC, Product detaljeret, Aarhus, Mar. 2023.xlsx",0.9762099125364432,T-shirt
13658 T-shirt dame lyseblå Prowear,Alm.slid uden restværdi,1,343,7,30155C97D461A6C000D88811,"PLC, Product detaljeret, Aarhus, Mar. 2023.xlsx",0.6212244897959184,T-shirt
13658 T-shirt dame lyseblå Prowear,Alm.slid uden restværdi,1,343,7,30155C97D461A6C000D888FF,"PLC, Product detaljeret, Aarhus, Mar. 2023.xlsx",0.6212244897959184,T-shirt
01589 T-shirt unisex mblå k/æ,Alm.slid uden restværdi,1,333,10,30155C97D461A6C000640CDC,"PLC, Product detaljeret, Aarhus, Mar. 2023.xlsx",0.9141141141141141,T-shirt
13658 T-shirt dame lyseblå Prowear,Alm.slid uden restværdi,1,330,12,30155C97D461A6C000BA19B0,"PLC, Product detaljeret, Aarhus, Mar. 2023.xlsx",1.1069090909090908,T-shirt
26056 T-shirt k/æ dame lyseblå,Alm.slid uden restværdi,1,314,16,30155C97D461A6C001106861,"PLC, Product detaljeret, Aarhus, Mar. 2023.xlsx",1.5510828025477708,T-shirt
01589 T-shirt unisex mblå k/æ,Alm.slid uden restværdi,1,312,9,00D00B655ADF,"PLC, Product detaljeret, Aarhus, Mar. 2023.xlsx",0.8780769230769232,T-shirt
01589 T-shirt unisex mblå k/æ,Alm.slid uden restværdi,1,312,12,00D00B655F16,"PLC, Product detaljeret, Aarhus, Mar. 2023.xlsx",1.1707692307692308,T-shirt
01589 T-shirt unisex mblå k/æ,Alm.slid uden restværdi,1,312,12,00D00B6590A8,"PLC, Product detaljeret, Aarhus, Mar. 2023.xlsx",1.1707692307692308,T-shirt
13658 T-shirt dame lyseblå Prowear,Alm.slid uden restværdi,1,310,12,30155C97D461A4C00092B478,"PLC, Product detaljeret, Aarhus, Mar. 2023.xlsx",1.1783225806451614,T-shirt
01427 T-shirt unisex lyseblå pb,Alm.slid uden restværdi,1,298,5,30155C97D461A4C00092D8EC,"PLC, Product detaljeret, Aarhus, Mar. 2023.xlsx",0.5107382550335571,T-shirt
13658 T-shirt dame lyseblå Prowear,Alm.slid uden restværdi,1,292,12,30155C97D461A4C00092B5D5,"PLC, Product detaljeret, Aarhus, Mar. 2023.xlsx",1.250958904109589,T-shirt
01589 T-shirt unisex mblå k/æ,Alm.slid uden restværdi,1,291,9,30155C97D461A6C00081EC07,"PLC, Product detaljeret, Aarhus, Mar. 2023.xlsx",0.9414432989690722,T-shirt
01427 T-shirt unisex lyseblå pb,Alm.slid uden restværdi,1,273,10,30155C97D461A6C000E32164,"PLC, Product detaljeret, Aarhus, Mar. 2023.xlsx",1.115018315018315,T-shirt
13658 T-shirt dame lyseblå Prowear,Alm.slid uden restværdi,1,273,2,30155C97D461A6C0009E8AAA,"PLC, Product detaljeret, Aarhus, Mar. 2023.xlsx",0.223003663003663,T-shirt
01589 T-shirt unisex mblå k/æ,Alm.slid uden restværdi,1,256,11,30155C97D461A6C0010E3050,"PLC, Product detaljeret, Aarhus, Mar. 2023.xlsx",1.3079687500000001,T-shirt
13658 T-shirt dame lyseblå Prowear,Alm.slid uden restværdi,1,256,9,30155C97D461A4C000923128,"PLC, Product detaljeret, Aarhus, Mar. 2023.xlsx",1.0701562500000001,T-shirt
13658 T-shirt dame lyseblå Prowear,Alm.slid uden restværdi,1,256,7,30155C97D461A6C00185CE53,"PLC, Product detaljeret, Aarhus, Mar. 2023.xlsx",0.83234375,T-shirt
13658 T-shirt dame lyseblå Prowear,Alm.slid uden restværdi,1,241,5,30155C97D461A6C0010EB253,"PLC, Product detaljeret, Aarhus, Mar. 2023.xlsx",0.6315352697095435,T-shirt
13658 T-shirt dame lyseblå Prowear,Alm.slid uden restværdi,1,237,9,30155C97D461A6C0012FEF3E,"PLC, Product detaljeret, Aarhus, Mar. 2023.xlsx",1.1559493670886076,T-shirt
13658 T-shirt dame lyseblå Prowear,Alm.slid uden restværdi,1,235,5,30155C97D461A6C0010EB2D9,"PLC, Product detaljeret, Aarhus, Mar. 2023.xlsx",0.6476595744680851,T-shirt
26056 T-shirt k/æ dame lyseblå,Alm.slid uden restværdi,1,228,14,30155C97D461A6C00084FC21,"PLC, Product detaljeret, Aarhus, Mar. 2023.xlsx",1.8691228070175439,T-shirt
01717 T-shirt unisex kblå pb,Alm.slid uden restværdi,1,199,5,30155C97D461A6C000E309DB,"PLC, Product detaljeret, Aarhus, Mar. 2023.xlsx",0.7648241206030152,T-shirt
13658 T-shirt dame lyseblå Prowear,Alm.slid uden restværdi,1,186,13,300ED89F335000400183D4E6,"PLC, Product detaljeret, Aarhus, Mar. 2023.xlsx",2.12752688172043,T-shirt
01427 T-shirt unisex lyseblå pb,Alm.slid uden restværdi,1,185,12,30155C97D461A6C0013607F9,"PLC, Product detaljeret, Aarhus, Mar. 2023.xlsx",1.9744864864864866,T-shirt
13658 T-shirt dame lyseblå Prowear,Alm.slid uden restværdi,1,185,12,300ED89F335000400183AE08,"PLC, Product detaljeret, Aarhus, Mar. 2023.xlsx",1.9744864864864866,T-shirt
13658 T-shirt dame lyseblå Prowear,Alm.slid uden restværdi,1,173,11,30155C97D461A6C00135EDD2,"PLC, Product detaljeret, Aarhus, Mar. 2023.xlsx",1.9354913294797687,T-shirt
01427 T-shirt unisex lyseblå pb,Alm.slid uden restværdi,1,172,2,30155C97D461A6C001360902,"PLC, Product detaljeret, Aarhus, Mar. 2023.xlsx",0.353953488372093,T-shirt
01427 T-shirt unisex lyseblå pb,Alm.slid uden restværdi,1,165,1,30155C97D461A6C0013607C6,"PLC, Product detaljeret, Aarhus, Mar. 2023.xlsx",0.1844848484848485,T-shirt
01589 T-shirt unisex mblå k/æ,Alm.slid uden restværdi,1,128,0,00D00B6549A6,"PLC, Product detaljeret, Aarhus, Mar. 2023.xlsx",0.0,T-shirt
01589 T-shirt unisex mblå k/æ,Alm.slid uden restværdi,1,128,2,00D00B658600,"PLC, Product detaljeret, Aarhus, Mar. 2023.xlsx",0.475625,T-shirt
26056 T-shirt k/æ dame lyseblå,Alm.slid uden restværdi,1,122,9,30155C97D461A6C000EE606F,"PLC, Product detaljeret, Aarhus, Mar. 2023.xlsx",2.2455737704918035,T-shirt
26056 T-shirt k/æ dame lyseblå,Alm.slid uden restværdi,1,121,10,30155C97D461A6C000EE6006,"PLC, Product detaljeret, Aarhus, Mar. 2023.xlsx",2.515702479338843,T-shirt
26056 T-shirt k/æ dame lyseblå,Alm.slid uden restværdi,1,121,11,30155C97D461A6C000EE6119,"PLC, Product detaljeret, Aarhus, Mar. 2023.xlsx",2.7672727272727276,T-shirt
26056 T-shirt k/æ dame lyseblå,Alm.slid uden restværdi,1,121,12,30155C97D461A6C0019322B7,"PLC, Product detaljeret, Aarhus, Mar. 2023.xlsx",3.0188429752066117,T-shirt
26961 T-shirt CSR dame lysblå,Alm.slid uden restværdi,1,120,10,30155C97D461A6C0010E153A,"PLC, Product detaljeret, Aarhus, Mar. 2023.xlsx",2.5366666666666666,T-shirt
26056 T-shirt k/æ dame lyseblå,Alm.slid uden restværdi,1,119,5,30155C97D461A6C001BCD718,"PLC, Product detaljeret, Aarhus, Mar. 2023.xlsx",1.2789915966386556,T-shirt
26056 T-shirt k/æ dame lyseblå,Alm.slid uden restværdi,1,119,11,30155C97D461A6C001BCD838,"PLC, Product detaljeret, Aarhus, Mar. 2023.xlsx",2.813781512605042,T-shirt
13658 T-shirt dame lyseblå Prowear,Alm.slid uden restværdi,1,117,8,300ED89F3350007FE266BFB4,"PLC, Product detaljeret, Aarhus, Mar. 2023.xlsx",2.081367521367522,T-shirt
26961 T-shirt CSR dame lysblå,Alm.slid uden restværdi,1,111,2,30155C97D461A6C0015FEF49,"PLC, Product detaljeret, Aarhus, Mar. 2023.xlsx",0.5484684684684685,T-shirt
26961 T-shirt CSR dame lysblå,Alm.slid uden restværdi,1,110,6,30155C97D461A6C00135FE26,"PLC, Product detaljeret, Aarhus, Mar. 2023.xlsx",1.6603636363636363,T-shirt
27110 T-Shirt Csr Unisex Lysblå,Alm.slid uden restværdi,1,110,9,30155C97D461A6C0015FE37F,"PLC, Product detaljeret, Aarhus, Mar. 2023.xlsx",2.4905454545454546,T-shirt
26961 T-shirt CSR dame lysblå,Alm.slid uden restværdi,1,103,5,30155C97D461A6C00135FA5D,"PLC, Product detaljeret, Aarhus, Mar. 2023.xlsx",1.4776699029126215,T-shirt
26961 T-shirt CSR dame lysblå,Alm.slid uden restværdi,1,103,6,30155C97D461A6C0015FEE4D,"PLC, Product detaljeret, Aarhus, Mar. 2023.xlsx",1.7732038834951458,T-shirt
26961 T-shirt CSR dame lysblå,Alm.slid uden restværdi,1,102,8,30155C97D461A6C00135F433,"PLC, Product detaljeret, Aarhus, Mar. 2023.xlsx",2.387450980392157,T-shirt
26961 T-shirt CSR dame lysblå,Alm.slid uden restværdi,1,102,7,30155C97D461A6C0015FD5C3,"PLC, Product detaljeret, Aarhus, Mar. 2023.xlsx",2.0890196078431376,T-shirt
26070 T-shirt Geyser uni kongeblå,Alm.slid uden restværdi,1,95,4,30155C97D461A6C00186195A,"PLC, Product detaljeret, Aarhus, Mar. 2023.xlsx",1.2816842105263158,T-shirt
26961 T-shirt CSR dame lysblå,Alm.slid uden restværdi,1,93,4,30155C97D461A6C00135F99F,"PLC, Product detaljeret, Aarhus, Mar. 2023.xlsx",1.309247311827957,T-shirt
26961 T-shirt CSR dame lysblå,Alm.slid uden restværdi,1,92,2,30155C97D461A6C0010D881B,"PLC, Product detaljeret, Aarhus, Mar. 2023.xlsx",0.6617391304347826,T-shirt
26961 T-shirt CSR dame lysblå,Alm.slid uden restværdi,1,92,1,30155C97D461A6C00135FE3D,"PLC, Product detaljeret, Aarhus, Mar. 2023.xlsx",0.3308695652173913,T-shirt
27110 T-Shirt Csr Unisex Lysblå,Alm.slid uden restværdi,1,91,3,30155C97D461A6C0010DEA60,"PLC, Product detaljeret, Aarhus, Mar. 2023.xlsx",1.0035164835164836,T-shirt
01589 T-shirt unisex mblå k/æ,Alm.slid uden restværdi,1,48,1,30155C97D461A6C0018E8C77,"PLC, Product detaljeret, Aarhus, Mar. 2023.xlsx",0.6341666666666667,T-shirt
27110 T-Shirt Csr Unisex Lysblå,Alm.slid uden restværdi,1,48,4,30155C97D461A4C000D53298,"PLC, Product detaljeret, Aarhus, Mar. 2023.xlsx",2.5366666666666666,T-shirt
01589 T-shirt unisex mblå k/æ,Alm.slid uden restværdi,1,42,0,30155C97D461A6C001A6C22B,"PLC, Product detaljeret, Aarhus, Mar. 2023.xlsx",0.0,T-shirt
27110 T-Shirt Csr Unisex Lysblå,Alm.slid uden restværdi,1,42,2,30155C97D461A6C001A6A935,"PLC, Product detaljeret, Aarhus, Mar. 2023.xlsx",1.4495238095238094,T-shirt
27110 T-Shirt Csr Unisex Lysblå,Alm.slid uden restværdi,1,34,1,30155C97D461A4C000F4566A,"PLC, Product detaljeret, Aarhus, Mar. 2023.xlsx",0.8952941176470588,T-shirt
03885 T-Shirt Lysblå Lady K/Æ P/B,Alm.slid uden restværdi,1,2795,26,00D0098EAE8F,"PLC, Product detaljeret, Aarhus, Nov. 2023.xlsx",0.2831627906976744,T-shirt
01589 T-shirt unisex mblå k/æ,Alm.slid uden restværdi,1,2597,87,30155C97D461A7C0000D6AE6,"PLC, Product detaljeret, Aarhus, Nov. 2023.xlsx",1.0197458606083944,T-shirt
01427 T-shirt unisex lyseblå pb,Alm.slid uden restværdi,1,2494,38,30155C97D461A7C0008B09E0,"PLC, Product detaljeret, Aarhus, Nov. 2023.xlsx",0.4638011226944667,T-shirt
03885 T-Shirt Lysblå Lady K/Æ P/B,Alm.slid uden restværdi,1,2483,57,00D009778867,"PLC, Product detaljeret, Aarhus, Nov. 2023.xlsx",0.6987837293596456,T-shirt
03885 T-Shirt Lysblå Lady K/Æ P/B,Alm.slid uden restværdi,1,2479,50,00D009760C78,"PLC, Product detaljeret, Aarhus, Nov. 2023.xlsx",0.6139572408229125,T-shirt
01589 T-shirt unisex mblå k/æ,Alm.slid uden restværdi,1,2409,127,30155C97D461A7C0002D7F50,"PLC, Product detaljeret, Aarhus, Nov. 2023.xlsx",1.6047654628476546,T-shirt
01589 T-shirt unisex mblå k/æ,Alm.slid uden restværdi,1,2282,27,30155C97D461A7C000B13545,"PLC, Product detaljeret, Aarhus, Nov. 2023.xlsx",0.3601577563540754,T-shirt
01589 T-shirt unisex mblå k/æ,Alm.slid uden restværdi,1,2270,98,30155C97D461A7C000BC1697,"PLC, Product detaljeret, Aarhus, Nov. 2023.xlsx",1.3141497797356827,T-shirt
01589 T-shirt unisex mblå k/æ,Alm.slid uden restværdi,1,2240,84,30155C97D461A7C000BCFFE9,"PLC, Product detaljeret, Aarhus, Nov. 2023.xlsx",1.1415,T-shirt
13658 T-shirt dame lyseblå Prowear,Alm.slid uden restværdi,1,2213,131,300ED89F335000400183CB16,"PLC, Product detaljeret, Aarhus, Nov. 2023.xlsx",1.8019159511974696,T-shirt
13658 T-shirt dame lyseblå Prowear,Alm.slid uden restværdi,1,2209,62,300ED89F335000400183CBE4,"PLC, Product detaljeret, Aarhus, Nov. 2023.xlsx",0.8543594386600272,T-shirt
01589 T-shirt unisex mblå k/æ,Alm.slid uden restværdi,1,2206,84,300ED89F3350007FE266A10C,"PLC, Product detaljeret, Aarhus, Nov. 2023.xlsx",1.15909338168631,T-shirt
01589 T-shirt unisex mblå k/æ,Alm.slid uden restværdi,1,2201,93,300ED89F3350007FE266A7F9,"PLC, Product detaljeret, Aarhus, Nov. 2023.xlsx",1.2861971830985917,T-shirt
13658 T-shirt dame lyseblå Prowear,Alm.slid uden restværdi,1,2200,137,300ED89F335000400183D1FF,"PLC, Product detaljeret, Aarhus, Nov. 2023.xlsx",1.8955818181818183,T-shirt
01427 T-shirt unisex lyseblå pb,Alm.slid uden restværdi,1,2198,50,300ED89F3350007FE2669DAD,"PLC, Product detaljeret, Aarhus, Nov. 2023.xlsx",0.6924476797088261,T-shirt
01589 T-shirt unisex mblå k/æ,Alm.slid uden restværdi,1,2198,114,300ED89F3350007FE266A167,"PLC, Product detaljeret, Aarhus, Nov. 2023.xlsx",1.578780709736124,T-shirt
01589 T-shirt unisex mblå k/æ,Alm.slid uden restværdi,1,2198,112,300ED89F3350007FE266A818,"PLC, Product detaljeret, Aarhus, Nov. 2023.xlsx",1.5510828025477708,T-shirt
13658 T-shirt dame lyseblå Prowear,Alm.slid uden restværdi,1,2198,97,300ED89F335000400183D4B0,"PLC, Product detaljeret, Aarhus, Nov. 2023.xlsx",1.343348498635123,T-shirt
01717 T-shirt unisex kblå pb,Alm.slid uden restværdi,1,2169,145,30155C97D461A7C00116AC3F,"PLC, Product detaljeret, Aarhus, Nov. 2023.xlsx",2.034946980175196,T-shirt
01589 T-shirt unisex mblå k/æ,Alm.slid uden restværdi,1,2162,146,300ED89F3350007FE266CDC7,"PLC, Product detaljeret, Aarhus, Nov. 2023.xlsx",2.0556151711378354,T-shirt
01589 T-shirt unisex mblå k/æ,Alm.slid uden restværdi,1,2121,70,30155C97D461A7C001231056,"PLC, Product detaljeret, Aarhus, Nov. 2023.xlsx",1.0046204620462045,T-shirt
01717 T-shirt unisex kblå pb,Alm.slid uden restværdi,1,2116,78,30155C97D461A7C0011876F0,"PLC, Product detaljeret, Aarhus, Nov. 2023.xlsx",1.122079395085066,T-shirt
01589 T-shirt unisex mblå k/æ,Alm.slid uden restværdi,1,2079,62,30155C97D461A7C001169CC1,"PLC, Product detaljeret, Aarhus, Nov. 2023.xlsx",0.9077825877825878,T-shirt
03885 T-Shirt Lysblå Lady K/Æ P/B,Alm.slid uden restværdi,1,2047,86,30155C97D461A7C00103AEC1,"PLC, Product detaljeret, Aarhus, Nov. 2023.xlsx",1.278866634098681,T-shirt
03885 T-Shirt Lysblå Lady K/Æ P/B,Alm.slid uden restværdi,1,2045,70,30155C97D461A7C00102F89B,"PLC, Product detaljeret, Aarhus, Nov. 2023.xlsx",1.0419559902200488,T-shirt
03885 T-Shirt Lysblå Lady K/Æ P/B,Alm.slid uden restværdi,1,2045,11,30155C97D461A7C00103BCC9,"PLC, Product detaljeret, Aarhus, Nov. 2023.xlsx",0.1637359413202934,T-shirt
03885 T-Shirt Lysblå Lady K/Æ P/B,Alm.slid uden restværdi,1,2045,20,30155C97D461A7C00103BD30,"PLC, Product detaljeret, Aarhus, Nov. 2023.xlsx",0.29770171149144253,T-shirt
01589 T-shirt unisex mblå k/æ,Alm.slid uden restværdi,1,2044,91,30155C97D461A7C0011204A7,"PLC, Product detaljeret, Aarhus, Nov. 2023.xlsx",1.3552054794520547,T-shirt
03885 T-Shirt Lysblå Lady K/Æ P/B,Alm.slid uden restværdi,1,2044,13,30155C97D461A7C0010379C1,"PLC, Product detaljeret, Aarhus, Nov. 2023.xlsx",0.19360078277886497,T-shirt
03885 T-Shirt Lysblå Lady K/Æ P/B,Alm.slid uden restværdi,1,2039,149,30155C97D461A7C000E907EB,"PLC, Product detaljeret, Aarhus, Nov. 2023.xlsx",2.224404119666503,T-shirt
03885 T-Shirt Lysblå Lady K/Æ P/B,Alm.slid uden restværdi,1,2039,67,30155C97D461A7C00102F958,"PLC, Product detaljeret, Aarhus, Nov. 2023.xlsx",1.0002354095144679,T-shirt
03885 T-Shirt Lysblå Lady K/Æ P/B,Alm.slid uden restværdi,1,2035,22,30155C97D461A7C001037946,"PLC, Product detaljeret, Aarhus, Nov. 2023.xlsx",0.32908108108108114,T-shirt
01427 T-shirt unisex lyseblå pb,Alm.slid uden restværdi,1,2034,55,30155C97D461A7C00122F384,"PLC, Product detaljeret, Aarhus, Nov. 2023.xlsx",0.8231071779744346,T-shirt
01427 T-shirt unisex lyseblå pb,Alm.slid uden restværdi,1,2034,77,30155C97D461A7C00122F39D,"PLC, Product detaljeret, Aarhus, Nov. 2023.xlsx",1.1523500491642085,T-shirt
03885 T-Shirt Lysblå Lady K/Æ P/B,Alm.slid uden restværdi,1,2034,23,30155C97D461A7C000CDDAF5,"PLC, Product detaljeret, Aarhus, Nov. 2023.xlsx",0.3442084562438545,T-shirt
03885 T-Shirt Lysblå Lady K/Æ P/B,Alm.slid uden restværdi,1,2033,31,30155C97D461A7C000E0DC60,"PLC, Product detaljeret, Aarhus, Nov. 2023.xlsx",0.4641613379242499,T-shirt
01589 T-shirt unisex mblå k/æ,Alm.slid uden restværdi,1,2032,47,30155C97D461A7C001170D29,"PLC, Product detaljeret, Aarhus, Nov. 2023.xlsx",0.7040748031496064,T-shirt
03885 T-Shirt Lysblå Lady K/Æ P/B,Alm.slid uden restværdi,1,2029,160,30155C97D461A7C000CDD840,"PLC, Product detaljeret, Aarhus, Nov. 2023.xlsx",2.400394282897979,T-shirt
03885 T-Shirt Lysblå Lady K/Æ P/B,Alm.slid uden restværdi,1,2021,115,30155C97D461A7C001036EFD,"PLC, Product detaljeret, Aarhus, Nov. 2023.xlsx",1.7321128154379022,T-shirt
03885 T-Shirt Lysblå Lady K/Æ P/B,Alm.slid uden restværdi,1,2019,19,30155C97D461A7C000E7F6C1,"PLC, Product detaljeret, Aarhus, Nov. 2023.xlsx",0.28645864289252104,T-shirt
01589 T-shirt unisex mblå k/æ,Alm.slid uden restværdi,1,2018,86,30155C97D461A7C00110D22A,"PLC, Product detaljeret, Aarhus, Nov. 2023.xlsx",1.2972447968285432,T-shirt
01589 T-shirt unisex mblå k/æ,Alm.slid uden restværdi,1,2017,83,30155C97D461A7C00110D245,"PLC, Product detaljeret, Aarhus, Nov. 2023.xlsx",1.2526127912741696,T-shirt
01589 T-shirt unisex mblå k/æ,Alm.slid uden restværdi,1,2017,94,30155C97D461A7C00110D24E,"PLC, Product detaljeret, Aarhus, Nov. 2023.xlsx",1.418621715418939,T-shirt
01589 T-shirt unisex mblå k/æ,Alm.slid uden restværdi,1,2017,72,30155C97D461A7C00110D293,"PLC, Product detaljeret, Aarhus, Nov. 2023.xlsx",1.0866038671294,T-shirt
01589 T-shirt unisex mblå k/æ,Alm.slid uden restværdi,1,2017,89,30155C97D461A7C00110D298,"PLC, Product detaljeret, Aarhus, Nov. 2023.xlsx",1.3431631135349529,T-shirt
03885 T-Shirt Lysblå Lady K/Æ P/B,Alm.slid uden restværdi,1,2016,49,30155C97D461A7C00103AA76,"PLC, Product detaljeret, Aarhus, Nov. 2023.xlsx",0.7398611111111112,T-shirt
03885 T-Shirt Lysblå Lady K/Æ P/B,Alm.slid uden restværdi,1,2008,84,30155C97D461A7C000E901B7,"PLC, Product detaljeret, Aarhus, Nov. 2023.xlsx",1.273386454183267,T-shirt
03885 T-Shirt Lysblå Lady K/Æ P/B,Alm.slid uden restværdi,1,1995,23,30155C97D461A7C00091FCB9,"PLC, Product detaljeret, Aarhus, Nov. 2023.xlsx",0.350937343358396,T-shirt
01589 T-shirt unisex mblå k/æ,Alm.slid uden restværdi,1,1987,90,30155C97D461A7C001241D36,"PLC, Product detaljeret, Aarhus, Nov. 2023.xlsx",1.3787619526925012,T-shirt
03885 T-Shirt Lysblå Lady K/Æ P/B,Alm.slid uden restværdi,1,1986,80,00D0093B5ADE,"PLC, Product detaljeret, Aarhus, Nov. 2023.xlsx",1.226183282980866,T-shirt
03885 T-Shirt Lysblå Lady K/Æ P/B,Alm.slid uden restværdi,1,1986,95,00D0098B1226,"PLC, Product detaljeret, Aarhus, Nov. 2023.xlsx",1.4560926485397785,T-shirt
03885 T-Shirt Lysblå Lady K/Æ P/B,Alm.slid uden restværdi,1,1981,96,00D00977C086,"PLC, Product detaljeret, Aarhus, Nov. 2023.xlsx",1.4751337708228167,T-shirt
03885 T-Shirt Lysblå Lady K/Æ P/B,Alm.slid uden restværdi,1,1978,55,30155C97D461A7C000E0D8A5,"PLC, Product detaljeret, Aarhus, Nov. 2023.xlsx",0.8464105156723964,T-shirt
03885 T-Shirt Lysblå Lady K/Æ P/B,Alm.slid uden restværdi,1,1978,60,30155C97D461A7C000E0DD36,"PLC, Product detaljeret, Aarhus, Nov. 2023.xlsx",0.9233569261880687,T-shirt
01717 T-shirt unisex kblå pb,Alm.slid uden restværdi,1,1966,46,30155C97D461A7C00116ED71,"PLC, Product detaljeret, Aarhus, Nov. 2023.xlsx",0.7122278738555443,T-shirt
03885 T-Shirt Lysblå Lady K/Æ P/B,Alm.slid uden restværdi,1,1965,69,30155C97D461A7C000CBE35E,"PLC, Product detaljeret, Aarhus, Nov. 2023.xlsx",1.0688854961832062,T-shirt
09610 T-Shirt Lady Lysblå Bom,Alm.slid uden restværdi,1,1931,16,30155C97D461A7C0015346CF,"PLC, Product detaljeret, Aarhus, Nov. 2023.xlsx",0.2522216468151217,T-shirt
09610 T-Shirt Lady Lysblå Bom,Alm.slid uden restværdi,1,1931,16,30155C97D461A7C001534740,"PLC, Product detaljeret, Aarhus, Nov. 2023.xlsx",0.2522216468151217,T-shirt
09610 T-Shirt Lady Lysblå Bom,Alm.slid uden restværdi,1,1927,17,30155C97D461A7C0015346DF,"PLC, Product detaljeret, Aarhus, Nov. 2023.xlsx",0.2685417747794499,T-shirt
09610 T-Shirt Lady Lysblå Bom,Alm.slid uden restværdi,1,1927,16,30155C97D461A7C0015347DF,"PLC, Product detaljeret, Aarhus, Nov. 2023.xlsx",0.25274519979242344,T-shirt
01589 T-shirt unisex mblå k/æ,Alm.slid uden restværdi,1,1920,107,30155C97D461A7C0015E97EF,"PLC, Product detaljeret, Aarhus, Nov. 2023.xlsx",1.6963958333333335,T-shirt
03885 T-Shirt Lysblå Lady K/Æ P/B,Alm.slid uden restværdi,1,1910,6,30155C97D461A7C00092E32B,"PLC, Product detaljeret, Aarhus, Nov. 2023.xlsx",0.09562303664921466,T-shirt
01717 T-shirt unisex kblå pb,Alm.slid uden restværdi,1,1905,86,30155C97D461A7C0015F9398,"PLC, Product detaljeret, Aarhus, Nov. 2023.xlsx",1.3741942257217847,T-shirt
01589 T-shirt unisex mblå k/æ,Alm.slid uden restværdi,1,1901,12,30155C97D461A7C00156682A,"PLC, Product detaljeret, Aarhus, Nov. 2023.xlsx",0.1921514992109416,T-shirt
01589 T-shirt unisex mblå k/æ,Alm.slid uden restværdi,1,1901,6,30155C97D461A7C0015668B9,"PLC, Product detaljeret, Aarhus, Nov. 2023.xlsx",0.0960757496054708,T-shirt
01589 T-shirt unisex mblå k/æ,Alm.slid uden restværdi,1,1901,6,30155C97D461A7C0015668F9,"PLC, Product detaljeret, Aarhus, Nov. 2023.xlsx",0.0960757496054708,T-shirt
01589 T-shirt unisex mblå k/æ,Alm.slid uden restværdi,1,1901,16,30155C97D461A7C00156695C,"PLC, Product detaljeret, Aarhus, Nov. 2023.xlsx",0.25620199894792217,T-shirt
01589 T-shirt unisex mblå k/æ,Alm.slid uden restværdi,1,1901,15,30155C97D461A7C0015669A6,"PLC, Product detaljeret, Aarhus, Nov. 2023.xlsx",0.24018937401367702,T-shirt
01589 T-shirt unisex mblå k/æ,Alm.slid uden restværdi,1,1901,14,30155C97D461A7C0015669B6,"PLC, Product detaljeret, Aarhus, Nov. 2023.xlsx",0.2241767490794319,T-shirt
01427 T-shirt unisex lyseblå pb,Alm.slid uden restværdi,1,1880,38,30155C97D461A7C0010D22C6,"PLC, Product detaljeret, Aarhus, Nov. 2023.xlsx",0.615276595744681,T-shirt
01589 T-shirt unisex mblå k/æ,Alm.slid uden restværdi,1,1854,104,30155C97D461A7C001663F9F,"PLC, Product detaljeret, Aarhus, Nov. 2023.xlsx",1.7075296655879182,T-shirt
01589 T-shirt unisex mblå k/æ,Alm.slid uden restværdi,1,1845,130,30155C97D461A7C001514595,"PLC, Product detaljeret, Aarhus, Nov. 2023.xlsx",2.1448238482384823,T-shirt
01589 T-shirt unisex mblå k/æ,Alm.slid uden restværdi,1,1838,129,30155C97D461A7C001514649,"PLC, Product detaljeret, Aarhus, Nov. 2023.xlsx",2.136430903155604,T-shirt
01427 T-shirt unisex lyseblå pb,Alm.slid uden restværdi,1,1824,94,30155C97D461A7C001536381,"PLC, Product detaljeret, Aarhus, Nov. 2023.xlsx",1.5687280701754387,T-shirt
01589 T-shirt unisex mblå k/æ,Alm.slid uden restværdi,1,1810,89,30155C97D461A7C0015731F4,"PLC, Product detaljeret, Aarhus, Nov. 2023.xlsx",1.4967734806629835,T-shirt
01427 T-shirt unisex lyseblå pb,Alm.slid uden restværdi,1,1803,88,30155C97D461A7C000F0A38C,"PLC, Product detaljeret, Aarhus, Nov. 2023.xlsx",1.4857016084303938,T-shirt
01589 T-shirt unisex mblå k/æ,Alm.slid uden restværdi,1,1771,41,30155C97D461A7C00157254F,"PLC, Product detaljeret, Aarhus, Nov. 2023.xlsx",0.7047092038396386,T-shirt
03885 T-Shirt Lysblå Lady K/Æ P/B,Alm.slid uden restværdi,1,1737,20,30155C97D461A7C000DF1F58,"PLC, Product detaljeret, Aarhus, Nov. 2023.xlsx",0.35048934945308,T-shirt
12151 T-shirt 1/2 æ lady lblå PB,Alm.slid uden restværdi,1,1677,6,00D008FF70EE,"PLC, Product detaljeret, Aarhus, Nov. 2023.xlsx",0.10890876565295171,T-shirt
12151 T-shirt 1/2 æ lady lblå PB,Alm.slid uden restværdi,1,1676,12,00D0093AACD5,"PLC, Product detaljeret, Aarhus, Nov. 2023.xlsx",0.2179474940334129,T-shirt
01427 T-shirt unisex lyseblå pb,Alm.slid uden restværdi,1,1646,111,30155C97D461A7C0012426FC,"PLC, Product detaljeret, Aarhus, Nov. 2023.xlsx",2.052758201701094,T-shirt
01589 T-shirt unisex mblå k/æ,Alm.slid uden restværdi,1,1601,49,30155C97D461A7C0016D58C0,"PLC, Product detaljeret, Aarhus, Nov. 2023.xlsx",0.9316427232979388,T-shirt
01589 T-shirt unisex mblå k/æ,Alm.slid uden restværdi,1,1601,56,30155C97D461A7C0016D5921,"PLC, Product detaljeret, Aarhus, Nov. 2023.xlsx",1.06473454091193,T-shirt
01589 T-shirt unisex mblå k/æ,Alm.slid uden restværdi,1,1601,68,30155C97D461A7C00210E675,"PLC, Product detaljeret, Aarhus, Nov. 2023.xlsx",1.292891942535915,T-shirt
01589 T-shirt unisex mblå k/æ,Alm.slid uden restværdi,1,1592,64,30155C97D461A7C0020494C9,"PLC, Product detaljeret, Aarhus, Nov. 2023.xlsx",1.2237185929648242,T-shirt
03885 T-Shirt Lysblå Lady K/Æ P/B,Alm.slid uden restværdi,1,1580,74,30155C97D461A7C001384BD4,"PLC, Product detaljeret, Aarhus, Nov. 2023.xlsx",1.4256708860759495,T-shirt
01589 T-shirt unisex mblå k/æ,Alm.slid uden restværdi,1,1575,44,30155C97D461A7C00226A96F,"PLC, Product detaljeret, Aarhus, Nov. 2023.xlsx",0.8503873015873016,T-shirt
01589 T-shirt unisex mblå k/æ,Alm.slid uden restværdi,1,1535,63,30155C97D461A7C0020E88F8,"PLC, Product detaljeret, Aarhus, Nov. 2023.xlsx",1.2493289902280131,T-shirt
01589 T-shirt unisex mblå k/æ,Alm.slid uden restværdi,1,1533,84,30155C97D461A7C002124F69,"PLC, Product detaljeret, Aarhus, Nov. 2023.xlsx",1.6679452054794521,T-shirt
01589 T-shirt unisex mblå k/æ,Alm.slid uden restværdi,1,1523,99,300ED89F33500060009D8CAB,"PLC, Product detaljeret, Aarhus, Nov. 2023.xlsx",1.9786999343401184,T-shirt
01589 T-shirt unisex mblå k/æ,Alm.slid uden restværdi,1,1512,60,30155C97D461A7C00204956F,"PLC, Product detaljeret, Aarhus, Nov. 2023.xlsx",1.2079365079365079,T-shirt
08398 T-shirt unisex mblå k/æ bom,Alm.slid uden restværdi,1,1507,35,30155C97D461A7C002191A09,"PLC, Product detaljeret, Aarhus, Nov. 2023.xlsx",0.7069674850696749,T-shirt
01589 T-shirt unisex mblå k/æ,Alm.slid uden restværdi,1,1477,26,30155C97D461A7C00203F2F3,"PLC, Product detaljeret, Aarhus, Nov. 2023.xlsx",0.5358429248476643,T-shirt
01589 T-shirt unisex mblå k/æ,Alm.slid uden restværdi,1,1476,50,30155C97D461A7C002293A32,"PLC, Product detaljeret, Aarhus, Nov. 2023.xlsx",1.0311653116531165,T-shirt
01589 T-shirt unisex mblå k/æ,Alm.slid uden restværdi,1,1465,50,30155C97D461A7C0020E9382,"PLC, Product detaljeret, Aarhus, Nov. 2023.xlsx",1.0389078498293516,T-shirt
26056 T-shirt k/æ dame lyseblå,Alm.slid uden restværdi,1,1454,93,30155C97D461A7C0008A650F,"PLC, Product detaljeret, Aarhus, Nov. 2023.xlsx",1.9469876203576342,T-shirt
26055 T-shirt 1/2 ærme da lyseblå,Alm.slid uden restværdi,1,1450,99,30155C97D461A7C0006A9CAD,"PLC, Product detaljeret, Aarhus, Nov. 2023.xlsx",2.0783172413793105,T-shirt
01589 T-shirt unisex mblå k/æ,Alm.slid uden restværdi,1,1445,78,30155C97D461A7C0022909D2,"PLC, Product detaljeret, Aarhus, Nov. 2023.xlsx",1.643128027681661,T-shirt
26055 T-shirt 1/2 ærme da lyseblå,Alm.slid uden restværdi,1,1445,79,30155C97D461A7C0006A9C67,"PLC, Product detaljeret, Aarhus, Nov. 2023.xlsx",1.6641937716262976,T-shirt
26055 T-shirt 1/2 ærme da lyseblå,Alm.slid uden restværdi,1,1445,87,30155C97D461A7C0006A9DD8,"PLC, Product detaljeret, Aarhus, Nov. 2023.xlsx",1.8327197231833912,T-shirt
01589 T-shirt unisex mblå k/æ,Alm.slid uden restværdi,1,1444,86,30155C97D461A7C002290906,"PLC, Product detaljeret, Aarhus, Nov. 2023.xlsx",1.8129085872576178,T-shirt
01589 T-shirt unisex mblå k/æ,Alm.slid uden restværdi,1,1444,73,30155C97D461A7C002290908,"PLC, Product detaljeret, Aarhus, Nov. 2023.xlsx",1.538864265927978,T-shirt
01589 T-shirt unisex mblå k/æ,Alm.slid uden restværdi,1,1444,85,30155C97D461A7C00229092F,"PLC, Product detaljeret, Aarhus, Nov. 2023.xlsx",1.7918282548476454,T-shirt
01589 T-shirt unisex mblå k/æ,Alm.slid uden restværdi,1,1444,62,30155C97D461A7C002290965,"PLC, Product detaljeret, Aarhus, Nov. 2023.xlsx",1.3069806094182825,T-shirt
01589 T-shirt unisex mblå k/æ,Alm.slid uden restværdi,1,1444,70,30155C97D461A7C0022909BD,"PLC, Product detaljeret, Aarhus, Nov. 2023.xlsx",1.475623268698061,T-shirt
01589 T-shirt unisex mblå k/æ,Alm.slid uden restværdi,1,1444,68,30155C97D461A7C002290A33,"PLC, Product detaljeret, Aarhus, Nov. 2023.xlsx",1.4334626038781164,T-shirt
01589 T-shirt unisex mblå k/æ,Alm.slid uden restværdi,1,1444,82,30155C97D461A7C002290A70,"PLC, Product detaljeret, Aarhus, Nov. 2023.xlsx",1.7285872576177286,T-shirt
01589 T-shirt unisex mblå k/æ,Alm.slid uden restværdi,1,1444,79,30155C97D461A7C002290A96,"PLC, Product detaljeret, Aarhus, Nov. 2023.xlsx",1.6653462603878117,T-shirt
01589 T-shirt unisex mblå k/æ,Alm.slid uden restværdi,1,1444,80,30155C97D461A7C002290AAC,"PLC, Product detaljeret, Aarhus, Nov. 2023.xlsx",1.686426592797784,T-shirt
26055 T-shirt 1/2 ærme da lyseblå,Alm.slid uden restværdi,1,1438,80,30155C97D461A7C0006A9C85,"PLC, Product detaljeret, Aarhus, Nov. 2023.xlsx",1.6934631432545204,T-shirt
26055 T-shirt 1/2 ærme da lyseblå,Alm.slid uden restværdi,1,1438,84,30155C97D461A7C0006A9C9A,"PLC, Product detaljeret, Aarhus, Nov. 2023.xlsx",1.7781363004172461,T-shirt
26055 T-shirt 1/2 ærme da lyseblå,Alm.slid uden restværdi,1,1438,77,30155C97D461A7C0006A9C9D,"PLC, Product detaljeret, Aarhus, Nov. 2023.xlsx",1.6299582753824757,T-shirt
26055 T-shirt 1/2 ærme da lyseblå,Alm.slid uden restværdi,1,1438,104,30155C97D461A7C0006A9CA1,"PLC, Product detaljeret, Aarhus, Nov. 2023.xlsx",2.2015020862308763,T-shirt
26055 T-shirt 1/2 ærme da lyseblå,Alm.slid uden restværdi,1,1438,84,30155C97D461A7C0006A9CB5,"PLC, Product detaljeret, Aarhus, Nov. 2023.xlsx",1.7781363004172461,T-shirt
26055 T-shirt 1/2 ærme da lyseblå,Alm.slid uden restværdi,1,1438,91,30155C97D461A7C0006A9CBD,"PLC, Product detaljeret, Aarhus, Nov. 2023.xlsx",1.9263143254520165,T-shirt
26055 T-shirt 1/2 ærme da lyseblå,Alm.slid uden restværdi,1,1438,99,30155C97D461A7C0006A9CBF,"PLC, Product detaljeret, Aarhus, Nov. 2023.xlsx",2.095660639777469,T-shirt
26055 T-shirt 1/2 ærme da lyseblå,Alm.slid uden restværdi,1,1438,89,30155C97D461A7C0006A9DB5,"PLC, Product detaljeret, Aarhus, Nov. 2023.xlsx",1.8839777468706538,T-shirt
26055 T-shirt 1/2 ærme da lyseblå,Alm.slid uden restværdi,1,1438,83,30155C97D461A7C0006A9DE6,"PLC, Product detaljeret, Aarhus, Nov. 2023.xlsx",1.7569680111265649,T-shirt
26055 T-shirt 1/2 ærme da lyseblå,Alm.slid uden restværdi,1,1436,68,30155C97D461A7C0006A9CBC,"PLC, Product detaljeret, Aarhus, Nov. 2023.xlsx",1.4414484679665738,T-shirt
01589 T-shirt unisex mblå k/æ,Alm.slid uden restværdi,1,1434,12,30155C97D461A7C00228ADA1,"PLC, Product detaljeret, Aarhus, Nov. 2023.xlsx",0.2547280334728033,T-shirt
01589 T-shirt unisex mblå k/æ,Alm.slid uden restværdi,1,1425,70,30155C97D461A7C0022A1EBC,"PLC, Product detaljeret, Aarhus, Nov. 2023.xlsx",1.4952982456140351,T-shirt
26056 T-shirt k/æ dame lyseblå,Alm.slid uden restværdi,1,1386,84,30155C97D461A7C001FC4B02,"PLC, Product detaljeret, Aarhus, Nov. 2023.xlsx",1.844848484848485,T-shirt
01589 T-shirt unisex mblå k/æ,Alm.slid uden restværdi,1,1374,60,30155C97D461A7C00229544E,"PLC, Product detaljeret, Aarhus, Nov. 2023.xlsx",1.3292576419213973,T-shirt
01589 T-shirt unisex mblå k/æ,Alm.slid uden restværdi,1,1373,81,30155C97D461A7C00229524E,"PLC, Product detaljeret, Aarhus, Nov. 2023.xlsx",1.7958048069919883,T-shirt
26056 T-shirt k/æ dame lyseblå,Alm.slid uden restværdi,1,1370,64,30155C97D461A7C0006A9CB4,"PLC, Product detaljeret, Aarhus, Nov. 2023.xlsx",1.422014598540146,T-shirt
24593 T-shirt You dame Kornblå,Alm.slid uden restværdi,1,1367,33,30155C97D461A7C002316686,"PLC, Product detaljeret, Aarhus, Nov. 2023.xlsx",0.734835405998537,T-shirt
24593 T-shirt You dame Kornblå,Alm.slid uden restværdi,1,1367,28,30155C97D461A7C002316759,"PLC, Product detaljeret, Aarhus, Nov. 2023.xlsx",0.6234967081199707,T-shirt
01589 T-shirt unisex mblå k/æ,Alm.slid uden restværdi,1,1364,89,30155C97D461A7C00229FD38,"PLC, Product detaljeret, Aarhus, Nov. 2023.xlsx",1.9861876832844574,T-shirt
24597 T-shirt You unisex Kornblå,Alm.slid uden restværdi,1,1363,58,30155C97D461A7C002317418,"PLC, Product detaljeret, Aarhus, Nov. 2023.xlsx",1.2953191489361702,T-shirt
24597 T-shirt You unisex Kornblå,Alm.slid uden restværdi,1,1363,66,30155C97D461A7C00231741A,"PLC, Product detaljeret, Aarhus, Nov. 2023.xlsx",1.4739838591342627,T-shirt
24597 T-shirt You unisex Kornblå,Alm.slid uden restværdi,1,1363,62,30155C97D461A7C002317428,"PLC, Product detaljeret, Aarhus, Nov. 2023.xlsx",1.3846515040352165,T-shirt
24597 T-shirt You unisex Kornblå,Alm.slid uden restværdi,1,1363,55,30155C97D461A7C002317432,"PLC, Product detaljeret, Aarhus, Nov. 2023.xlsx",1.2283198826118855,T-shirt
24597 T-shirt You unisex Kornblå,Alm.slid uden restværdi,1,1363,65,30155C97D461A7C002317447,"PLC, Product detaljeret, Aarhus, Nov. 2023.xlsx",1.4516507703595012,T-shirt
24597 T-shirt You unisex Kornblå,Alm.slid uden restværdi,1,1363,58,30155C97D461A7C00231748D,"PLC, Product detaljeret, Aarhus, Nov. 2023.xlsx",1.2953191489361702,T-shirt
24597 T-shirt You unisex Kornblå,Alm.slid uden restværdi,1,1363,61,30155C97D461A7C0023174D2,"PLC, Product detaljeret, Aarhus, Nov. 2023.xlsx",1.362318415260455,T-shirt
24597 T-shirt You unisex Kornblå,Alm.slid uden restværdi,1,1363,67,30155C97D461A7C0023174FA,"PLC, Product detaljeret, Aarhus, Nov. 2023.xlsx",1.4963169479090241,T-shirt
24597 T-shirt You unisex Kornblå,Alm.slid uden restværdi,1,1363,58,30155C97D461A7C0023174FF,"PLC, Product detaljeret, Aarhus, Nov. 2023.xlsx",1.2953191489361702,T-shirt
12151 T-shirt 1/2 æ lady lblå PB,Alm.slid uden restværdi,1,1355,37,30155C97D461A7C001F5C3F3,"PLC, Product detaljeret, Aarhus, Nov. 2023.xlsx",0.8312029520295203,T-shirt
24593 T-shirt You dame Kornblå,Alm.slid uden restværdi,1,1352,52,30155C97D461A7C00231672E,"PLC, Product detaljeret, Aarhus, Nov. 2023.xlsx",1.1707692307692308,T-shirt
24593 T-shirt You dame Kornblå,Alm.slid uden restværdi,1,1352,58,30155C97D461A7C0023167E0,"PLC, Product detaljeret, Aarhus, Nov. 2023.xlsx",1.3058579881656804,T-shirt
24593 T-shirt You dame Kornblå,Alm.slid uden restværdi,1,1350,22,30155C97D461A7C00231680E,"PLC, Product detaljeret, Aarhus, Nov. 2023.xlsx",0.49605925925925926,T-shirt
26056 T-shirt k/æ dame lyseblå,Alm.slid uden restværdi,1,1348,97,30155C97D461A7C001EF7161,"PLC, Product detaljeret, Aarhus, Nov. 2023.xlsx",2.190415430267062,T-shirt
24597 T-shirt You unisex Kornblå,Alm.slid uden restværdi,1,1347,13,30155C97D461A7C0023174CB,"PLC, Product detaljeret, Aarhus, Nov. 2023.xlsx",0.2937787676317743,T-shirt
12151 T-shirt 1/2 æ lady lblå PB,Alm.slid uden restværdi,1,1346,55,30155C97D461A7C000E8C907,"PLC, Product detaljeret, Aarhus, Nov. 2023.xlsx",1.2438335809806835,T-shirt
12151 T-shirt 1/2 æ lady lblå PB,Alm.slid uden restværdi,1,1346,12,30155C97D461A7C001C852D1,"PLC, Product detaljeret, Aarhus, Nov. 2023.xlsx",0.2713818722139673,T-shirt
12151 T-shirt 1/2 æ lady lblå PB,Alm.slid uden restværdi,1,1346,10,30155C97D461A7C001C852FF,"PLC, Product detaljeret, Aarhus, Nov. 2023.xlsx",0.2261515601783061,T-shirt
12151 T-shirt 1/2 æ lady lblå PB,Alm.slid uden restværdi,1,1346,12,30155C97D461A7C001C85380,"PLC, Product detaljeret, Aarhus, Nov. 2023.xlsx",0.2713818722139673,T-shirt
12151 T-shirt 1/2 æ lady lblå PB,Alm.slid uden restværdi,1,1346,29,30155C97D461A7C001F5C2D0,"PLC, Product detaljeret, Aarhus, Nov. 2023.xlsx",0.6558395245170877,T-shirt
12151 T-shirt 1/2 æ lady lblå PB,Alm.slid uden restværdi,1,1346,46,30155C97D461A7C001F5C38F,"PLC, Product detaljeret, Aarhus, Nov. 2023.xlsx",1.040297176820208,T-shirt
26056 T-shirt k/æ dame lyseblå,Alm.slid uden restværdi,1,1342,94,30155C97D461A7C001EF7198,"PLC, Product detaljeret, Aarhus, Nov. 2023.xlsx",2.132160953800298,T-shirt
12151 T-shirt 1/2 æ lady lblå PB,Alm.slid uden restværdi,1,1328,28,00D0098EADA2,"PLC, Product detaljeret, Aarhus, Nov. 2023.xlsx",0.6418072289156627,T-shirt
01589 T-shirt unisex mblå k/æ,Alm.slid uden restværdi,1,1324,31,30155C97D461A7C002124A73,"PLC, Product detaljeret, Aarhus, Nov. 2023.xlsx",0.7127190332326284,T-shirt
01589 T-shirt unisex mblå k/æ,Alm.slid uden restværdi,1,1317,24,30155C97D461A7C001FC2C52,"PLC, Product detaljeret, Aarhus, Nov. 2023.xlsx",0.5547152619589977,T-shirt
01589 T-shirt unisex mblå k/æ,Alm.slid uden restværdi,1,1317,41,30155C97D461A7C0020432D4,"PLC, Product detaljeret, Aarhus, Nov. 2023.xlsx",0.9476385725132879,T-shirt
24593 T-shirt You dame Kornblå,Alm.slid uden restværdi,1,1295,52,30155C97D461A7C002315CC8,"PLC, Product detaljeret, Aarhus, Nov. 2023.xlsx",1.2223011583011583,T-shirt
01589 T-shirt unisex mblå k/æ,Alm.slid uden restværdi,1,1293,42,30155C97D461A7C001570A81,"PLC, Product detaljeret, Aarhus, Nov. 2023.xlsx",0.9887703016241299,T-shirt
26056 T-shirt k/æ dame lyseblå,Alm.slid uden restværdi,1,1263,62,30155C97D461A7C00214D5D3,"PLC, Product detaljeret, Aarhus, Nov. 2023.xlsx",1.4942834520981791,T-shirt
01589 T-shirt unisex mblå k/æ,Alm.slid uden restværdi,1,1256,46,30155C97D461A7C002125992,"PLC, Product detaljeret, Aarhus, Nov. 2023.xlsx",1.1148407643312102,T-shirt
12151 T-shirt 1/2 æ lady lblå PB,Alm.slid uden restværdi,1,1252,21,30155C97D461A7C001C853B5,"PLC, Product detaljeret, Aarhus, Nov. 2023.xlsx",0.5105750798722045,T-shirt
24597 T-shirt You unisex Kornblå,Alm.slid uden restværdi,1,1247,51,30155C97D461A7C002317520,"PLC, Product detaljeret, Aarhus, Nov. 2023.xlsx",1.2449398556535687,T-shirt
26056 T-shirt k/æ dame lyseblå,Alm.slid uden restværdi,1,1238,76,30155C97D461A7C001FC4271,"PLC, Product detaljeret, Aarhus, Nov. 2023.xlsx",1.868691437802908,T-shirt
26056 T-shirt k/æ dame lyseblå,Alm.slid uden restværdi,1,1232,67,30155C97D461A7C001FC43A5,"PLC, Product detaljeret, Aarhus, Nov. 2023.xlsx",1.6554220779220779,T-shirt
26056 T-shirt k/æ dame lyseblå,Alm.slid uden restværdi,1,1226,73,30155C97D461A7C001FC42A0,"PLC, Product detaljeret, Aarhus, Nov. 2023.xlsx",1.8124959216965741,T-shirt
03885 T-Shirt Lysblå Lady K/Æ P/B,Alm.slid uden restværdi,1,1225,43,30155C97D461A7C00133157B,"PLC, Product detaljeret, Aarhus, Nov. 2023.xlsx",1.0685061224489796,T-shirt
26056 T-shirt k/æ dame lyseblå,Alm.slid uden restværdi,1,1225,60,30155C97D461A7C001FC43DA,"PLC, Product detaljeret, Aarhus, Nov. 2023.xlsx",1.4909387755102042,T-shirt
03885 T-Shirt Lysblå Lady K/Æ P/B,Alm.slid uden restværdi,1,1222,39,30155C97D461A7C0013316BE,"PLC, Product detaljeret, Aarhus, Nov. 2023.xlsx",0.9714893617021276,T-shirt
01589 T-shirt unisex mblå k/æ,Alm.slid uden restværdi,1,1211,39,30155C97D461A7C002751F6B,"PLC, Product detaljeret, Aarhus, Nov. 2023.xlsx",0.9803137902559869,T-shirt
03885 T-Shirt Lysblå Lady K/Æ P/B,Alm.slid uden restværdi,1,1200,34,30155C97D461A7C0008D9013,"PLC, Product detaljeret, Aarhus, Nov. 2023.xlsx",0.8624666666666667,T-shirt
08398 T-shirt unisex mblå k/æ bom,Alm.slid uden restværdi,1,1184,8,30155C97D461A7C00268FD50,"PLC, Product detaljeret, Aarhus, Nov. 2023.xlsx",0.20567567567567568,T-shirt
24593 T-shirt You dame Kornblå,Alm.slid uden restværdi,1,1182,48,30155C97D461A7C002317434,"PLC, Product detaljeret, Aarhus, Nov. 2023.xlsx",1.2361421319796955,T-shirt
24593 T-shirt You dame Kornblå,Alm.slid uden restværdi,1,1182,42,30155C97D461A7C002317480,"PLC, Product detaljeret, Aarhus, Nov. 2023.xlsx",1.0816243654822337,T-shirt
01589 T-shirt unisex mblå k/æ,Alm.slid uden restværdi,1,1161,57,30155C97D461A7C0027CAF49,"PLC, Product detaljeret, Aarhus, Nov. 2023.xlsx",1.4944702842377262,T-shirt
24762 T-shirt da k/æ blåmela Pro,Alm.slid uden restværdi,1,1148,27,30155C97D461A7C001FC7E03,"PLC, Product detaljeret, Aarhus, Nov. 2023.xlsx",0.7159233449477352,T-shirt
01589 T-shirt unisex mblå k/æ,Alm.slid uden restværdi,1,1136,23,30155C97D461A6C0000F20E0,"PLC, Product detaljeret, Aarhus, Nov. 2023.xlsx",0.6163028169014085,T-shirt
01589 T-shirt unisex mblå k/æ,Alm.slid uden restværdi,1,1128,52,30155C97D461A6C0000F2EB8,"PLC, Product detaljeret, Aarhus, Nov. 2023.xlsx",1.4032624113475176,T-shirt
26056 T-shirt k/æ dame lyseblå,Alm.slid uden restværdi,1,1128,66,30155C97D461A7C001EF6FE0,"PLC, Product detaljeret, Aarhus, Nov. 2023.xlsx",1.781063829787234,T-shirt
26056 T-shirt k/æ dame lyseblå,Alm.slid uden restværdi,1,1128,73,30155C97D461A7C001EF7064,"PLC, Product detaljeret, Aarhus, Nov. 2023.xlsx",1.9699645390070921,T-shirt
26056 T-shirt k/æ dame lyseblå,Alm.slid uden restværdi,1,1128,63,30155C97D461A7C001EF70A1,"PLC, Product detaljeret, Aarhus, Nov. 2023.xlsx",1.7001063829787233,T-shirt
26056 T-shirt k/æ dame lyseblå,Alm.slid uden restværdi,1,1119,58,30155C97D461A7C001EF6FCC,"PLC, Product detaljeret, Aarhus, Nov. 2023.xlsx",1.5777658623771225,T-shirt
26056 T-shirt k/æ dame lyseblå,Alm.slid uden restværdi,1,1119,66,30155C97D461A7C001EF7175,"PLC, Product detaljeret, Aarhus, Nov. 2023.xlsx",1.7953887399463806,T-shirt
13658 T-shirt dame lyseblå Prowear,Alm.slid uden restværdi,1,1085,41,30155C97D461A6C0000E77BF,"PLC, Product detaljeret, Aarhus, Nov. 2023.xlsx",1.1502672811059909,T-shirt
03885 T-Shirt Lysblå Lady K/Æ P/B,Alm.slid uden restværdi,1,1080,32,30155C97D461A7C001C85901,"PLC, Product detaljeret, Aarhus, Nov. 2023.xlsx",0.901925925925926,T-shirt
01589 T-shirt unisex mblå k/æ,Alm.slid uden restværdi,1,1072,40,30155C97D461A6C000172D07,"PLC, Product detaljeret, Aarhus, Nov. 2023.xlsx",1.135820895522388,T-shirt
01589 T-shirt unisex mblå k/æ,Alm.slid uden restværdi,1,1070,36,30155C97D461A6C0000EA2C7,"PLC, Product detaljeret, Aarhus, Nov. 2023.xlsx",1.0241495327102805,T-shirt
24762 T-shirt da k/æ blåmela Pro,Alm.slid uden restværdi,1,1064,42,30155C97D461A7C001FC7E55,"PLC, Product detaljeret, Aarhus, Nov. 2023.xlsx",1.201578947368421,T-shirt
01589 T-shirt unisex mblå k/æ,Alm.slid uden restværdi,1,1052,67,30155C97D461A6C000172547,"PLC, Product detaljeret, Aarhus, Nov. 2023.xlsx",1.9386692015209128,T-shirt
13658 T-shirt dame lyseblå Prowear,Alm.slid uden restværdi,1,1043,90,30155C97D461A7C00230274D,"PLC, Product detaljeret, Aarhus, Nov. 2023.xlsx",2.626653883029722,T-shirt
26055 T-shirt 1/2 ærme da lyseblå,Alm.slid uden restværdi,1,1039,54,30155C97D461A7C002697C08,"PLC, Product detaljeret, Aarhus, Nov. 2023.xlsx",1.5820596727622713,T-shirt
13658 T-shirt dame lyseblå Prowear,Alm.slid uden restværdi,1,1031,39,30155C97D461A6C00016FC13,"PLC, Product detaljeret, Aarhus, Nov. 2023.xlsx",1.1514645974781765,T-shirt
13658 T-shirt dame lyseblå Prowear,Alm.slid uden restværdi,1,1030,22,30155C97D461A6C00016FB16,"PLC, Product detaljeret, Aarhus, Nov. 2023.xlsx",0.6501747572815534,T-shirt
24597 T-shirt You unisex Kornblå,Alm.slid uden restværdi,1,1028,8,30155C97D461A7C0023166C7,"PLC, Product detaljeret, Aarhus, Nov. 2023.xlsx",0.23688715953307393,T-shirt
24597 T-shirt You unisex Kornblå,Alm.slid uden restværdi,1,1028,15,30155C97D461A7C0023167D4,"PLC, Product detaljeret, Aarhus, Nov. 2023.xlsx",0.44416342412451365,T-shirt
13658 T-shirt dame lyseblå Prowear,Alm.slid uden restværdi,1,1016,37,30155C97D461A7C0023BEFA6,"PLC, Product detaljeret, Aarhus, Nov. 2023.xlsx",1.1085433070866142,T-shirt
13658 T-shirt dame lyseblå Prowear,Alm.slid uden restværdi,1,1016,43,30155C97D461A7C0023BF030,"PLC, Product detaljeret, Aarhus, Nov. 2023.xlsx",1.2883070866141733,T-shirt
13658 T-shirt dame lyseblå Prowear,Alm.slid uden restværdi,1,1016,51,30155C97D461A7C0023BF06B,"PLC, Product detaljeret, Aarhus, Nov. 2023.xlsx",1.5279921259842522,T-shirt
13658 T-shirt dame lyseblå Prowear,Alm.slid uden restværdi,1,1010,44,30155C97D461A6C00035AE44,"PLC, Product detaljeret, Aarhus, Nov. 2023.xlsx",1.3260990099009902,T-shirt
13658 T-shirt dame lyseblå Prowear,Alm.slid uden restværdi,1,1010,51,30155C97D461A7C002951F84,"PLC, Product detaljeret, Aarhus, Nov. 2023.xlsx",1.5370693069306933,T-shirt
13658 T-shirt dame lyseblå Prowear,Alm.slid uden restværdi,1,1007,43,30155C97D461A6C00035AEE6,"PLC, Product detaljeret, Aarhus, Nov. 2023.xlsx",1.299821251241311,T-shirt
13658 T-shirt dame lyseblå Prowear,Alm.slid uden restværdi,1,1007,44,30155C97D461A6C00035AFA8,"PLC, Product detaljeret, Aarhus, Nov. 2023.xlsx",1.3300496524329692,T-shirt
26057 T-shirt k/æ uni lyseblå,Alm.slid uden restværdi,1,1006,26,30155C97D461A7C002696EE6,"PLC, Product detaljeret, Aarhus, Nov. 2023.xlsx",0.7867196819085488,T-shirt
01589 T-shirt unisex mblå k/æ,Alm.slid uden restværdi,1,988,51,30155C97D461A6C00020FABA,"PLC, Product detaljeret, Aarhus, Nov. 2023.xlsx",1.5712955465587046,T-shirt
13658 T-shirt dame lyseblå Prowear,Alm.slid uden restværdi,1,988,74,30155C97D461A6C000210017,"PLC, Product detaljeret, Aarhus, Nov. 2023.xlsx",2.279919028340081,T-shirt
13658 T-shirt dame lyseblå Prowear,Alm.slid uden restværdi,1,988,79,30155C97D461A6C000210024,"PLC, Product detaljeret, Aarhus, Nov. 2023.xlsx",2.4339676113360325,T-shirt
13658 T-shirt dame lyseblå Prowear,Alm.slid uden restværdi,1,988,70,30155C97D461A6C00021011D,"PLC, Product detaljeret, Aarhus, Nov. 2023.xlsx",2.15668016194332,T-shirt
13658 T-shirt dame lyseblå Prowear,Alm.slid uden restværdi,1,988,62,30155C97D461A6C000210126,"PLC, Product detaljeret, Aarhus, Nov. 2023.xlsx",1.9102024291497974,T-shirt
13658 T-shirt dame lyseblå Prowear,Alm.slid uden restværdi,1,988,68,30155C97D461A6C000210195,"PLC, Product detaljeret, Aarhus, Nov. 2023.xlsx",2.095060728744939,T-shirt
01589 T-shirt unisex mblå k/æ,Alm.slid uden restværdi,1,987,63,30155C97D461A6C00020FA83,"PLC, Product detaljeret, Aarhus, Nov. 2023.xlsx",1.9429787234042553,T-shirt
01589 T-shirt unisex mblå k/æ,Alm.slid uden restværdi,1,987,72,30155C97D461A6C00020FA9E,"PLC, Product detaljeret, Aarhus, Nov. 2023.xlsx",2.220547112462006,T-shirt
01589 T-shirt unisex mblå k/æ,Alm.slid uden restværdi,1,987,62,30155C97D461A6C00020FABF,"PLC, Product detaljeret, Aarhus, Nov. 2023.xlsx",1.9121377912867275,T-shirt
01589 T-shirt unisex mblå k/æ,Alm.slid uden restværdi,1,987,70,30155C97D461A6C00020FAC1,"PLC, Product detaljeret, Aarhus, Nov. 2023.xlsx",2.1588652482269506,T-shirt
01589 T-shirt unisex mblå k/æ,Alm.slid uden restværdi,1,987,73,30155C97D461A6C00020FAC4,"PLC, Product detaljeret, Aarhus, Nov. 2023.xlsx",2.2513880445795342,T-shirt
01589 T-shirt unisex mblå k/æ,Alm.slid uden restværdi,1,987,56,30155C97D461A6C00020FACB,"PLC, Product detaljeret, Aarhus, Nov. 2023.xlsx",1.7270921985815604,T-shirt
01589 T-shirt unisex mblå k/æ,Alm.slid uden restværdi,1,987,60,30155C97D461A6C00020FAD8,"PLC, Product detaljeret, Aarhus, Nov. 2023.xlsx",1.8504559270516718,T-shirt
01589 T-shirt unisex mblå k/æ,Alm.slid uden restværdi,1,987,55,30155C97D461A6C00020FAEF,"PLC, Product detaljeret, Aarhus, Nov. 2023.xlsx",1.6962512664640326,T-shirt
01589 T-shirt unisex mblå k/æ,Alm.slid uden restværdi,1,987,68,30155C97D461A6C00020FAAA,"PLC, Product detaljeret, Aarhus, Nov. 2023.xlsx",2.0971833839918945,T-shirt
01589 T-shirt unisex mblå k/æ,Alm.slid uden restværdi,1,969,20,30155C97D461A6C00039DE3C,"PLC, Product detaljeret, Aarhus, Nov. 2023.xlsx",0.6282765737874098,T-shirt
01589 T-shirt unisex mblå k/æ,Alm.slid uden restværdi,1,969,14,30155C97D461A6C00039DE7D,"PLC, Product detaljeret, Aarhus, Nov. 2023.xlsx",0.4397936016511868,T-shirt
01589 T-shirt unisex mblå k/æ,Alm.slid uden restværdi,1,969,19,30155C97D461A6C00039DEA3,"PLC, Product detaljeret, Aarhus, Nov. 2023.xlsx",0.5968627450980393,T-shirt
01589 T-shirt unisex mblå k/æ,Alm.slid uden restværdi,1,969,13,30155C97D461A6C00039DF11,"PLC, Product detaljeret, Aarhus, Nov. 2023.xlsx",0.4083797729618163,T-shirt
01589 T-shirt unisex mblå k/æ,Alm.slid uden restværdi,1,964,44,30155C97D461A6C0002B9283,"PLC, Product detaljeret, Aarhus, Nov. 2023.xlsx",1.3893775933609958,T-shirt
01589 T-shirt unisex mblå k/æ,Alm.slid uden restværdi,1,964,40,30155C97D461A6C0002B939B,"PLC, Product detaljeret, Aarhus, Nov. 2023.xlsx",1.263070539419087,T-shirt
24762 T-shirt da k/æ blåmela Pro,Alm.slid uden restværdi,1,964,40,30155C97D461A6C0000F9062,"PLC, Product detaljeret, Aarhus, Nov. 2023.xlsx",1.263070539419087,T-shirt
24762 T-shirt da k/æ blåmela Pro,Alm.slid uden restværdi,1,964,46,30155C97D461A6C0000F9A14,"PLC, Product detaljeret, Aarhus, Nov. 2023.xlsx",1.4525311203319502,T-shirt
01589 T-shirt unisex mblå k/æ,Alm.slid uden restværdi,1,960,27,30155C97D461A6C00031496F,"PLC, Product detaljeret, Aarhus, Nov. 2023.xlsx",0.856125,T-shirt
01589 T-shirt unisex mblå k/æ,Alm.slid uden restværdi,1,960,99,30155C97D461A7C002300F98,"PLC, Product detaljeret, Aarhus, Nov. 2023.xlsx",3.139125,T-shirt
01589 T-shirt unisex mblå k/æ,Alm.slid uden restværdi,1,960,93,30155C97D461A7C0023010A7,"PLC, Product detaljeret, Aarhus, Nov. 2023.xlsx",2.948875,T-shirt
01589 T-shirt unisex mblå k/æ,Alm.slid uden restværdi,1,958,31,30155C97D461A6C00031492A,"PLC, Product detaljeret, Aarhus, Nov. 2023.xlsx",0.9850104384133611,T-shirt
26056 T-shirt k/æ dame lyseblå,Alm.slid uden restværdi,1,956,56,30155C97D461A7C001FC4204,"PLC, Product detaljeret, Aarhus, Nov. 2023.xlsx",1.7830962343096235,T-shirt
13658 T-shirt dame lyseblå Prowear,Alm.slid uden restværdi,1,947,27,30155C97D461A6C000143087,"PLC, Product detaljeret, Aarhus, Nov. 2023.xlsx",0.8678775079197466,T-shirt
01589 T-shirt unisex mblå k/æ,Alm.slid uden restværdi,1,946,97,30155C97D461A7C0023010F2,"PLC, Product detaljeret, Aarhus, Nov. 2023.xlsx",3.1212262156448203,T-shirt
26056 T-shirt k/æ dame lyseblå,Alm.slid uden restværdi,1,940,61,30155C97D461A7C001EF716B,"PLC, Product detaljeret, Aarhus, Nov. 2023.xlsx",1.9753617021276595,T-shirt
13658 T-shirt dame lyseblå Prowear,Alm.slid uden restværdi,1,937,34,30155C97D461A6C00030833E,"PLC, Product detaljeret, Aarhus, Nov. 2023.xlsx",1.104546424759872,T-shirt
13658 T-shirt dame lyseblå Prowear,Alm.slid uden restværdi,1,937,17,30155C97D461A6C000308388,"PLC, Product detaljeret, Aarhus, Nov. 2023.xlsx",0.552273212379936,T-shirt
13658 T-shirt dame lyseblå Prowear,Alm.slid uden restværdi,1,929,26,30155C97D461A6C0000F7477,"PLC, Product detaljeret, Aarhus, Nov. 2023.xlsx",0.8519268030139936,T-shirt
13658 T-shirt dame lyseblå Prowear,Alm.slid uden restværdi,1,929,25,30155C97D461A6C0000F754C,"PLC, Product detaljeret, Aarhus, Nov. 2023.xlsx",0.8191603875134553,T-shirt
13658 T-shirt dame lyseblå Prowear,Alm.slid uden restværdi,1,929,34,30155C97D461A6C000306F40,"PLC, Product detaljeret, Aarhus, Nov. 2023.xlsx",1.1140581270182994,T-shirt
13658 T-shirt dame lyseblå Prowear,Alm.slid uden restværdi,1,925,26,30155C97D461A6C0002F4307,"PLC, Product detaljeret, Aarhus, Nov. 2023.xlsx",0.8556108108108109,T-shirt
01589 T-shirt unisex mblå k/æ,Alm.slid uden restværdi,1,915,74,30155C97D461A6C00053DDED,"PLC, Product detaljeret, Aarhus, Nov. 2023.xlsx",2.4618142076502734,T-shirt
01589 T-shirt unisex mblå k/æ,Alm.slid uden restværdi,1,915,65,30155C97D461A6C00053DE25,"PLC, Product detaljeret, Aarhus, Nov. 2023.xlsx",2.1624043715846994,T-shirt
13658 T-shirt dame lyseblå Prowear,Alm.slid uden restværdi,1,899,24,30155C97D461A6C000842A3A,"PLC, Product detaljeret, Aarhus, Nov. 2023.xlsx",0.8126362625139044,T-shirt
01589 T-shirt unisex mblå k/æ,Alm.slid uden restværdi,1,890,47,30155C97D461A6C0003124E5,"PLC, Product detaljeret, Aarhus, Nov. 2023.xlsx",1.6075056179775282,T-shirt
01589 T-shirt unisex mblå k/æ,Alm.slid uden restværdi,1,888,28,30155C97D461A6C0003124E0,"PLC, Product detaljeret, Aarhus, Nov. 2023.xlsx",0.9598198198198198,T-shirt
26057 T-shirt k/æ uni lyseblå,Alm.slid uden restværdi,1,888,52,30155C97D461A7C00219DD54,"PLC, Product detaljeret, Aarhus, Nov. 2023.xlsx",1.7825225225225225,T-shirt
01589 T-shirt unisex mblå k/æ,Alm.slid uden restværdi,1,881,29,30155C97D461A6C00053DF85,"PLC, Product detaljeret, Aarhus, Nov. 2023.xlsx",1.0019977298524405,T-shirt
01717 T-shirt unisex kblå pb,Alm.slid uden restværdi,1,869,38,30155C97D461A6C000B087FF,"PLC, Product detaljeret, Aarhus, Nov. 2023.xlsx",1.3310932105868816,T-shirt
01427 T-shirt unisex lyseblå pb,Alm.slid uden restværdi,1,866,29,30155C97D461A6C000305FAC,"PLC, Product detaljeret, Aarhus, Nov. 2023.xlsx",1.019353348729792,T-shirt
01589 T-shirt unisex mblå k/æ,Alm.slid uden restværdi,1,861,20,30155C97D461A6C00080958B,"PLC, Product detaljeret, Aarhus, Nov. 2023.xlsx",0.7070847851335657,T-shirt
01589 T-shirt unisex mblå k/æ,Alm.slid uden restværdi,1,861,21,30155C97D461A6C000B06AF0,"PLC, Product detaljeret, Aarhus, Nov. 2023.xlsx",0.742439024390244,T-shirt
01589 T-shirt unisex mblå k/æ,Alm.slid uden restværdi,1,857,31,30155C97D461A6C000B1689C,"PLC, Product detaljeret, Aarhus, Nov. 2023.xlsx",1.1010968494749125,T-shirt
01589 T-shirt unisex mblå k/æ,Alm.slid uden restværdi,1,855,45,30155C97D461A6C000B0895C,"PLC, Product detaljeret, Aarhus, Nov. 2023.xlsx",1.6021052631578947,T-shirt
01589 T-shirt unisex mblå k/æ,Alm.slid uden restværdi,1,853,58,30155C97D461A6C000B1826F,"PLC, Product detaljeret, Aarhus, Nov. 2023.xlsx",2.0697772567409145,T-shirt
01589 T-shirt unisex mblå k/æ,Alm.slid uden restværdi,1,853,50,30155C97D461A6C000B18274,"PLC, Product detaljeret, Aarhus, Nov. 2023.xlsx",1.784290738569754,T-shirt
01589 T-shirt unisex mblå k/æ,Alm.slid uden restværdi,1,853,48,30155C97D461A6C000B182E2,"PLC, Product detaljeret, Aarhus, Nov. 2023.xlsx",1.7129191090269638,T-shirt
01589 T-shirt unisex mblå k/æ,Alm.slid uden restværdi,1,853,57,30155C97D461A6C000B1833D,"PLC, Product detaljeret, Aarhus, Nov. 2023.xlsx",2.0340914419695197,T-shirt
01589 T-shirt unisex mblå k/æ,Alm.slid uden restværdi,1,853,47,30155C97D461A6C000B18343,"PLC, Product detaljeret, Aarhus, Nov. 2023.xlsx",1.6772332942555686,T-shirt
01589 T-shirt unisex mblå k/æ,Alm.slid uden restværdi,1,851,23,30155C97D461A6C000B10668,"PLC, Product detaljeret, Aarhus, Nov. 2023.xlsx",0.8227027027027027,T-shirt
01589 T-shirt unisex mblå k/æ,Alm.slid uden restværdi,1,844,45,30155C97D461A6C000B111BD,"PLC, Product detaljeret, Aarhus, Nov. 2023.xlsx",1.6229857819905216,T-shirt
13658 T-shirt dame lyseblå Prowear,Alm.slid uden restværdi,1,839,25,30155C97D461A6C000B0B26D,"PLC, Product detaljeret, Aarhus, Nov. 2023.xlsx",0.9070321811680573,T-shirt
01589 T-shirt unisex mblå k/æ,Alm.slid uden restværdi,1,831,74,30155C97D461A6C000817404,"PLC, Product detaljeret, Aarhus, Nov. 2023.xlsx",2.7106618531889293,T-shirt
01589 T-shirt unisex mblå k/æ,Alm.slid uden restværdi,1,829,38,30155C97D461A6C000B9E6D7,"PLC, Product detaljeret, Aarhus, Nov. 2023.xlsx",1.395319662243667,T-shirt
01589 T-shirt unisex mblå k/æ,Alm.slid uden restværdi,1,829,42,30155C97D461A6C000B9E70F,"PLC, Product detaljeret, Aarhus, Nov. 2023.xlsx",1.5421954161640532,T-shirt
01589 T-shirt unisex mblå k/æ,Alm.slid uden restværdi,1,829,41,30155C97D461A6C000B9E77E,"PLC, Product detaljeret, Aarhus, Nov. 2023.xlsx",1.5054764776839566,T-shirt
01589 T-shirt unisex mblå k/æ,Alm.slid uden restværdi,1,829,39,30155C97D461A6C000B9E7C1,"PLC, Product detaljeret, Aarhus, Nov. 2023.xlsx",1.4320386007237635,T-shirt
01589 T-shirt unisex mblå k/æ,Alm.slid uden restværdi,1,829,38,30155C97D461A6C000B9E804,"PLC, Product detaljeret, Aarhus, Nov. 2023.xlsx",1.395319662243667,T-shirt
01717 T-shirt unisex kblå pb,Alm.slid uden restværdi,1,823,26,30155C97D461A6C0000FE705,"PLC, Product detaljeret, Aarhus, Nov. 2023.xlsx",0.9616524908869988,T-shirt
01589 T-shirt unisex mblå k/æ,Alm.slid uden restværdi,1,821,25,30155C97D461A6C000B1A70E,"PLC, Product detaljeret, Aarhus, Nov. 2023.xlsx",0.9269183922046286,T-shirt
26056 T-shirt k/æ dame lyseblå,Alm.slid uden restværdi,1,816,39,30155C97D461A7C00219DE4C,"PLC, Product detaljeret, Aarhus, Nov. 2023.xlsx",1.4548529411764706,T-shirt
01589 T-shirt unisex mblå k/æ,Alm.slid uden restværdi,1,805,36,30155C97D461A6C0008CBB7E,"PLC, Product detaljeret, Aarhus, Nov. 2023.xlsx",1.3612919254658387,T-shirt
08398 T-shirt unisex mblå k/æ bom,Alm.slid uden restværdi,1,804,15,30155C97D461A6C000BAB7AD,"PLC, Product detaljeret, Aarhus, Nov. 2023.xlsx",0.567910447761194,T-shirt
12151 T-shirt 1/2 æ lady lblå PB,Alm.slid uden restværdi,1,794,20,30155C97D461A7C001F6880E,"PLC, Product detaljeret, Aarhus, Nov. 2023.xlsx",0.766750629722922,T-shirt
01589 T-shirt unisex mblå k/æ,Alm.slid uden restværdi,1,793,38,30155C97D461A6C000BA03D5,"PLC, Product detaljeret, Aarhus, Nov. 2023.xlsx",1.4586633039092056,T-shirt
01589 T-shirt unisex mblå k/æ,Alm.slid uden restværdi,1,776,28,30155C97D461A6C0008BFFE6,"PLC, Product detaljeret, Aarhus, Nov. 2023.xlsx",1.0983505154639175,T-shirt
26057 T-shirt k/æ uni lyseblå,Alm.slid uden restværdi,1,775,22,30155C97D461A7C0021BEF20,"PLC, Product detaljeret, Aarhus, Nov. 2023.xlsx",0.8641032258064517,T-shirt
26056 T-shirt k/æ dame lyseblå,Alm.slid uden restværdi,1,773,49,30155C97D461A7C00269774E,"PLC, Product detaljeret, Aarhus, Nov. 2023.xlsx",1.9295730918499354,T-shirt
13658 T-shirt dame lyseblå Prowear,Alm.slid uden restværdi,1,766,41,30155C97D461A6C0002FF405,"PLC, Product detaljeret, Aarhus, Nov. 2023.xlsx",1.629295039164491,T-shirt
13658 T-shirt dame lyseblå Prowear,Alm.slid uden restværdi,1,730,18,30155C97D461A6C0008BDF50,"PLC, Product detaljeret, Aarhus, Nov. 2023.xlsx",0.7505753424657534,T-shirt
13658 T-shirt dame lyseblå Prowear,Alm.slid uden restværdi,1,726,31,30155C97D461A6C0008BF8A1,"PLC, Product detaljeret, Aarhus, Nov. 2023.xlsx",1.299779614325069,T-shirt
01589 T-shirt unisex mblå k/æ,Alm.slid uden restværdi,1,721,39,30155C97D461A6C0012ED8A8,"PLC, Product detaljeret, Aarhus, Nov. 2023.xlsx",1.6465464632454923,T-shirt
03885 T-Shirt Lysblå Lady K/Æ P/B,Alm.slid uden restværdi,1,721,11,30155C97D461A7C0015B09B0,"PLC, Product detaljeret, Aarhus, Nov. 2023.xlsx",0.4644105409153953,T-shirt
24593 T-shirt You dame Kornblå,Alm.slid uden restværdi,1,719,46,30155C97D461A6C000CD588F,"PLC, Product detaljeret, Aarhus, Nov. 2023.xlsx",1.9474826147426985,T-shirt
12151 T-shirt 1/2 æ lady lblå PB,Alm.slid uden restværdi,1,714,26,30155C97D461A7C001F5C369,"PLC, Product detaljeret, Aarhus, Nov. 2023.xlsx",1.1084593837535015,T-shirt
01589 T-shirt unisex mblå k/æ,Alm.slid uden restværdi,1,713,7,30155C97D461A6C0015B37B1,"PLC, Product detaljeret, Aarhus, Nov. 2023.xlsx",0.2988499298737728,T-shirt
01589 T-shirt unisex mblå k/æ,Alm.slid uden restværdi,1,700,26,30155C97D461A6C0015C33FF,"PLC, Product detaljeret, Aarhus, Nov. 2023.xlsx",1.1306285714285715,T-shirt
13658 T-shirt dame lyseblå Prowear,Alm.slid uden restværdi,1,696,32,30155C97D461A6C0008BF7D1,"PLC, Product detaljeret, Aarhus, Nov. 2023.xlsx",1.3995402298850574,T-shirt
01427 T-shirt unisex lyseblå pb,Alm.slid uden restværdi,1,695,25,30155C97D461A6C001059DF7,"PLC, Product detaljeret, Aarhus, Nov. 2023.xlsx",1.0949640287769784,T-shirt
01427 T-shirt unisex lyseblå pb,Alm.slid uden restværdi,1,695,24,30155C97D461A6C001059F2F,"PLC, Product detaljeret, Aarhus, Nov. 2023.xlsx",1.0511654676258992,T-shirt
01427 T-shirt unisex lyseblå pb,Alm.slid uden restværdi,1,695,22,30155C97D461A6C001059F41,"PLC, Product detaljeret, Aarhus, Nov. 2023.xlsx",0.963568345323741,T-shirt
01427 T-shirt unisex lyseblå pb,Alm.slid uden restværdi,1,695,18,30155C97D461A6C001059FA0,"PLC, Product detaljeret, Aarhus, Nov. 2023.xlsx",0.7883741007194245,T-shirt
01427 T-shirt unisex lyseblå pb,Alm.slid uden restværdi,1,695,20,30155C97D461A6C001059FCA,"PLC, Product detaljeret, Aarhus, Nov. 2023.xlsx",0.8759712230215828,T-shirt
13658 T-shirt dame lyseblå Prowear,Alm.slid uden restværdi,1,692,27,30155C97D461A6C0008BE0CF,"PLC, Product detaljeret, Aarhus, Nov. 2023.xlsx",1.1876878612716764,T-shirt
01589 T-shirt unisex mblå k/æ,Alm.slid uden restværdi,1,633,13,30155C97D461A6C00063798D,"PLC, Product detaljeret, Aarhus, Nov. 2023.xlsx",0.6251500789889416,T-shirt
01589 T-shirt unisex mblå k/æ,Alm.slid uden restværdi,1,621,15,30155C97D461A6C0010668C4,"PLC, Product detaljeret, Aarhus, Nov. 2023.xlsx",0.7352657004830918,T-shirt
13658 T-shirt dame lyseblå Prowear,Alm.slid uden restværdi,1,618,13,30155C97D461A6C0009E996A,"PLC, Product detaljeret, Aarhus, Nov. 2023.xlsx",0.6403236245954693,T-shirt
01589 T-shirt unisex mblå k/æ,Alm.slid uden restværdi,1,582,12,30155C97D461A6C000707FD4,"PLC, Product detaljeret, Aarhus, Nov. 2023.xlsx",0.6276288659793815,T-shirt
01589 T-shirt unisex mblå k/æ,Alm.slid uden restværdi,1,582,9,30155C97D461A6C000708084,"PLC, Product detaljeret, Aarhus, Nov. 2023.xlsx",0.4707216494845361,T-shirt
13658 T-shirt dame lyseblå Prowear,Alm.slid uden restværdi,1,581,26,30155C97D461A6C0009E8A63,"PLC, Product detaljeret, Aarhus, Nov. 2023.xlsx",1.3622030981067126,T-shirt
13658 T-shirt dame lyseblå Prowear,Alm.slid uden restværdi,1,581,25,30155C97D461A6C0009E8B6F,"PLC, Product detaljeret, Aarhus, Nov. 2023.xlsx",1.3098106712564543,T-shirt
13658 T-shirt dame lyseblå Prowear,Alm.slid uden restværdi,1,581,26,30155C97D461A6C0009E8B94,"PLC, Product detaljeret, Aarhus, Nov. 2023.xlsx",1.3622030981067126,T-shirt
13658 T-shirt dame lyseblå Prowear,Alm.slid uden restværdi,1,581,25,30155C97D461A6C0009E8B99,"PLC, Product detaljeret, Aarhus, Nov. 2023.xlsx",1.3098106712564543,T-shirt
01589 T-shirt unisex mblå k/æ,Alm.slid uden restværdi,1,578,20,30155C97D461A6C0012DD77A,"PLC, Product detaljeret, Aarhus, Nov. 2023.xlsx",1.053287197231834,T-shirt
01589 T-shirt unisex mblå k/æ,Alm.slid uden restværdi,1,577,12,30155C97D461A6C000D8650C,"PLC, Product detaljeret, Aarhus, Nov. 2023.xlsx",0.6330675909878684,T-shirt
13658 T-shirt dame lyseblå Prowear,Alm.slid uden restværdi,1,572,31,30155C97D461A6C000D887E8,"PLC, Product detaljeret, Aarhus, Nov. 2023.xlsx",1.6497202797202797,T-shirt
24762 T-shirt da k/æ blåmela Pro,Alm.slid uden restværdi,1,572,27,30155C97D461A6C0008C6549,"PLC, Product detaljeret, Aarhus, Nov. 2023.xlsx",1.436853146853147,T-shirt
01427 T-shirt unisex lyseblå pb,Alm.slid uden restværdi,1,561,25,30155C97D461A4C00064BE04,"PLC, Product detaljeret, Aarhus, Nov. 2023.xlsx",1.3565062388591802,T-shirt
26665 T-shirt dame 1/2 ærme lblå,Alm.slid uden restværdi,1,561,9,30155C97D461A6C0003069FE,"PLC, Product detaljeret, Aarhus, Nov. 2023.xlsx",0.48834224598930487,T-shirt
26665 T-shirt dame 1/2 ærme lblå,Alm.slid uden restværdi,1,556,10,30155C97D461A7C00290FA8C,"PLC, Product detaljeret, Aarhus, Nov. 2023.xlsx",0.5474820143884892,T-shirt
01427 T-shirt unisex lyseblå pb,Alm.slid uden restværdi,1,551,36,30155C97D461A4C0009208E3,"PLC, Product detaljeret, Aarhus, Nov. 2023.xlsx",1.9888203266787658,T-shirt
13658 T-shirt dame lyseblå Prowear,Alm.slid uden restværdi,1,548,11,30155C97D461A4C00064B474,"PLC, Product detaljeret, Aarhus, Nov. 2023.xlsx",0.611021897810219,T-shirt
13658 T-shirt dame lyseblå Prowear,Alm.slid uden restværdi,1,548,17,30155C97D461A4C00064B47B,"PLC, Product detaljeret, Aarhus, Nov. 2023.xlsx",0.9443065693430658,T-shirt
13658 T-shirt dame lyseblå Prowear,Alm.slid uden restværdi,1,548,16,30155C97D461A4C00064B48D,"PLC, Product detaljeret, Aarhus, Nov. 2023.xlsx",0.8887591240875913,T-shirt
24597 T-shirt You unisex Kornblå,Alm.slid uden restværdi,1,525,21,30155C97D461A6C0015B6681,"PLC, Product detaljeret, Aarhus, Nov. 2023.xlsx",1.2176,T-shirt
24597 T-shirt You unisex Kornblå,Alm.slid uden restværdi,1,525,14,30155C97D461A6C0015B66AA,"PLC, Product detaljeret, Aarhus, Nov. 2023.xlsx",0.8117333333333334,T-shirt
24597 T-shirt You unisex Kornblå,Alm.slid uden restværdi,1,521,20,30155C97D461A6C0015B659C,"PLC, Product detaljeret, Aarhus, Nov. 2023.xlsx",1.1685220729366603,T-shirt
13658 T-shirt dame lyseblå Prowear,Alm.slid uden restværdi,1,506,6,30155C97D461A6C000EAC2DD,"PLC, Product detaljeret, Aarhus, Nov. 2023.xlsx",0.36094861660079053,T-shirt
24762 T-shirt da k/æ blåmela Pro,Alm.slid uden restværdi,1,505,60,30155C97D461A6C000BA62A8,"PLC, Product detaljeret, Aarhus, Nov. 2023.xlsx",3.6166336633663367,T-shirt
26056 T-shirt k/æ dame lyseblå,Alm.slid uden restværdi,1,503,19,30155C97D461A6C001105451,"PLC, Product detaljeret, Aarhus, Nov. 2023.xlsx",1.149821073558648,T-shirt
01589 T-shirt unisex mblå k/æ,Alm.slid uden restværdi,1,499,22,30155C97D461A4C00064D71B,"PLC, Product detaljeret, Aarhus, Nov. 2023.xlsx",1.342044088176353,T-shirt
01589 T-shirt unisex mblå k/æ,Alm.slid uden restværdi,1,497,22,30155C97D461A4C00064D726,"PLC, Product detaljeret, Aarhus, Nov. 2023.xlsx",1.3474446680080483,T-shirt
13658 T-shirt dame lyseblå Prowear,Alm.slid uden restværdi,1,491,31,30155C97D461A6C0008D0363,"PLC, Product detaljeret, Aarhus, Nov. 2023.xlsx",1.9218737270875765,T-shirt
13658 T-shirt dame lyseblå Prowear,Alm.slid uden restværdi,1,478,16,30155C97D461A6C00106258B,"PLC, Product detaljeret, Aarhus, Nov. 2023.xlsx",1.0189121338912133,T-shirt
01589 T-shirt unisex mblå k/æ,Alm.slid uden restværdi,1,470,22,30155C97D461A7C00110C55B,"PLC, Product detaljeret, Aarhus, Nov. 2023.xlsx",1.4248510638297873,T-shirt
13658 T-shirt dame lyseblå Prowear,Alm.slid uden restværdi,1,457,26,30155C97D461A6C00135DAAC,"PLC, Product detaljeret, Aarhus, Nov. 2023.xlsx",1.7318161925601752,T-shirt
26057 T-shirt k/æ uni lyseblå,Alm.slid uden restværdi,1,455,22,30155C97D461A6C00083A4C8,"PLC, Product detaljeret, Aarhus, Nov. 2023.xlsx",1.471824175824176,T-shirt
01717 T-shirt unisex kblå pb,Alm.slid uden restværdi,1,453,23,30155C97D461A6C001B3411C,"PLC, Product detaljeret, Aarhus, Nov. 2023.xlsx",1.5455187637969097,T-shirt
13658 T-shirt dame lyseblå Prowear,Alm.slid uden restværdi,1,442,24,30155C97D461A6C001859F55,"PLC, Product detaljeret, Aarhus, Nov. 2023.xlsx",1.6528506787330317,T-shirt
26665 T-shirt dame 1/2 ærme lblå,Alm.slid uden restværdi,1,438,6,30155C97D461A6C00136086B,"PLC, Product detaljeret, Aarhus, Nov. 2023.xlsx",0.41698630136986303,T-shirt
13658 T-shirt dame lyseblå Prowear,Alm.slid uden restværdi,1,435,32,30155C97D461A6C0016009E5,"PLC, Product detaljeret, Aarhus, Nov. 2023.xlsx",2.239264367816092,T-shirt
01589 T-shirt unisex mblå k/æ,Alm.slid uden restværdi,1,429,31,30155C97D461A6C001860BA0,"PLC, Product detaljeret, Aarhus, Nov. 2023.xlsx",2.1996270396270394,T-shirt
01589 T-shirt unisex mblå k/æ,Alm.slid uden restværdi,1,417,23,30155C97D461A7C00150F675,"PLC, Product detaljeret, Aarhus, Nov. 2023.xlsx",1.6789448441247001,T-shirt
01589 T-shirt unisex mblå k/æ,Alm.slid uden restværdi,1,417,21,30155C97D461A7C00150F7C0,"PLC, Product detaljeret, Aarhus, Nov. 2023.xlsx",1.5329496402877698,T-shirt
01589 T-shirt unisex mblå k/æ,Alm.slid uden restværdi,1,413,33,30155C97D461A6C000EAA1FD,"PLC, Product detaljeret, Aarhus, Nov. 2023.xlsx",2.4322518159806297,T-shirt
13658 T-shirt dame lyseblå Prowear,Alm.slid uden restværdi,1,406,4,30155C97D461A6C0010E0C28,"PLC, Product detaljeret, Aarhus, Nov. 2023.xlsx",0.2999014778325123,T-shirt
13658 T-shirt dame lyseblå Prowear,Alm.slid uden restværdi,1,401,2,30155C97D461A6C0010E0BF9,"PLC, Product detaljeret, Aarhus, Nov. 2023.xlsx",0.1518204488778055,T-shirt
01589 T-shirt unisex mblå k/æ,Alm.slid uden restværdi,1,395,10,30155C97D461A6C0018EC47E,"PLC, Product detaljeret, Aarhus, Nov. 2023.xlsx",0.7706329113924051,T-shirt
01589 T-shirt unisex mblå k/æ,Alm.slid uden restværdi,1,395,7,30155C97D461A6C0018EC59D,"PLC, Product detaljeret, Aarhus, Nov. 2023.xlsx",0.5394430379746836,T-shirt
01589 T-shirt unisex mblå k/æ,Alm.slid uden restværdi,1,394,15,30155C97D461A6C0010E8212,"PLC, Product detaljeret, Aarhus, Nov. 2023.xlsx",1.1588832487309646,T-shirt
01589 T-shirt unisex mblå k/æ,Alm.slid uden restværdi,1,393,17,30155C97D461A6C0018EC3FF,"PLC, Product detaljeret, Aarhus, Nov. 2023.xlsx",1.3167430025445293,T-shirt
01589 T-shirt unisex mblå k/æ,Alm.slid uden restværdi,1,393,10,30155C97D461A6C0018EC5AD,"PLC, Product detaljeret, Aarhus, Nov. 2023.xlsx",0.7745547073791349,T-shirt
01427 T-shirt unisex lyseblå pb,Alm.slid uden restværdi,1,390,30,30155C97D461A6C000E32150,"PLC, Product detaljeret, Aarhus, Nov. 2023.xlsx",2.3415384615384616,T-shirt
26056 T-shirt k/æ dame lyseblå,Alm.slid uden restværdi,1,384,19,30155C97D461A6C0018E5688,"PLC, Product detaljeret, Aarhus, Nov. 2023.xlsx",1.5061458333333333,T-shirt
01589 T-shirt unisex mblå k/æ,Alm.slid uden restværdi,1,371,17,30155C97D461A7C002949A55,"PLC, Product detaljeret, Aarhus, Nov. 2023.xlsx",1.3948247978436659,T-shirt
26961 T-shirt CSR dame lysblå,Alm.slid uden restværdi,1,369,27,30155C97D461A6C0010E13DE,"PLC, Product detaljeret, Aarhus, Nov. 2023.xlsx",2.2273170731707315,T-shirt
26961 T-shirt CSR dame lysblå,Alm.slid uden restværdi,1,364,28,30155C97D461A6C0015FD439,"PLC, Product detaljeret, Aarhus, Nov. 2023.xlsx",2.3415384615384616,T-shirt
26961 T-shirt CSR dame lysblå,Alm.slid uden restværdi,1,364,27,30155C97D461A6C0015FD473,"PLC, Product detaljeret, Aarhus, Nov. 2023.xlsx",2.257912087912088,T-shirt
27110 T-Shirt Csr Unisex Lysblå,Alm.slid uden restværdi,1,363,20,30155C97D461A6C0010DE9C9,"PLC, Product detaljeret, Aarhus, Nov. 2023.xlsx",1.6771349862258955,T-shirt
26961 T-shirt CSR dame lysblå,Alm.slid uden restværdi,1,362,29,30155C97D461A6C0015FD461,"PLC, Product detaljeret, Aarhus, Nov. 2023.xlsx",2.4385635359116025,T-shirt
27110 T-Shirt Csr Unisex Lysblå,Alm.slid uden restværdi,1,362,14,30155C97D461A6C0010DE8C9,"PLC, Product detaljeret, Aarhus, Nov. 2023.xlsx",1.1772375690607735,T-shirt
27110 T-Shirt Csr Unisex Lysblå,Alm.slid uden restværdi,1,362,24,30155C97D461A6C0010DE92C,"PLC, Product detaljeret, Aarhus, Nov. 2023.xlsx",2.018121546961326,T-shirt
27110 T-Shirt Csr Unisex Lysblå,Alm.slid uden restværdi,1,362,23,30155C97D461A6C00135FA13,"PLC, Product detaljeret, Aarhus, Nov. 2023.xlsx",1.934033149171271,T-shirt
27110 T-Shirt Csr Unisex Lysblå,Alm.slid uden restværdi,1,362,19,30155C97D461A6C00135FB04,"PLC, Product detaljeret, Aarhus, Nov. 2023.xlsx",1.5976795580110497,T-shirt
26961 T-shirt CSR dame lysblå,Alm.slid uden restværdi,1,361,2,30155C97D461A6C00186192E,"PLC, Product detaljeret, Aarhus, Nov. 2023.xlsx",0.1686426592797784,T-shirt
26961 T-shirt CSR dame lysblå,Alm.slid uden restværdi,1,360,2,30155C97D461A6C00135FD72,"PLC, Product detaljeret, Aarhus, Nov. 2023.xlsx",0.16911111111111113,T-shirt
13658 T-shirt dame lyseblå Prowear,Alm.slid uden restværdi,1,359,17,30155C97D461A6C0018F130D,"PLC, Product detaljeret, Aarhus, Nov. 2023.xlsx",1.4414484679665738,T-shirt
26961 T-shirt CSR dame lysblå,Alm.slid uden restværdi,1,359,9,30155C97D461A6C0010E0B4B,"PLC, Product detaljeret, Aarhus, Nov. 2023.xlsx",0.7631197771587744,T-shirt
26961 T-shirt CSR dame lysblå,Alm.slid uden restværdi,1,356,21,30155C97D461A6C0015FEE97,"PLC, Product detaljeret, Aarhus, Nov. 2023.xlsx",1.7956179775280898,T-shirt
26961 T-shirt CSR dame lysblå,Alm.slid uden restværdi,1,356,16,30155C97D461A6C0015FEF02,"PLC, Product detaljeret, Aarhus, Nov. 2023.xlsx",1.3680898876404495,T-shirt
12151 T-shirt 1/2 æ lady lblå PB,Alm.slid uden restværdi,1,354,14,30155C97D461A7C000909261,"PLC, Product detaljeret, Aarhus, Nov. 2023.xlsx",1.2038418079096047,T-shirt
26961 T-shirt CSR dame lysblå,Alm.slid uden restværdi,1,354,19,30155C97D461A6C0010D87CA,"PLC, Product detaljeret, Aarhus, Nov. 2023.xlsx",1.6337853107344633,T-shirt
26961 T-shirt CSR dame lysblå,Alm.slid uden restværdi,1,354,18,30155C97D461A6C0015FD148,"PLC, Product detaljeret, Aarhus, Nov. 2023.xlsx",1.5477966101694918,T-shirt
26961 T-shirt CSR dame lysblå,Alm.slid uden restværdi,1,354,16,30155C97D461A6C0015FD481,"PLC, Product detaljeret, Aarhus, Nov. 2023.xlsx",1.375819209039548,T-shirt
26961 T-shirt CSR dame lysblå,Alm.slid uden restværdi,1,354,19,30155C97D461A6C0015FE367,"PLC, Product detaljeret, Aarhus, Nov. 2023.xlsx",1.6337853107344633,T-shirt
26961 T-shirt CSR dame lysblå,Alm.slid uden restværdi,1,354,24,30155C97D461A6C0015FEE90,"PLC, Product detaljeret, Aarhus, Nov. 2023.xlsx",2.063728813559322,T-shirt
26961 T-shirt CSR dame lysblå,Alm.slid uden restværdi,1,354,22,30155C97D461A6C0015FEF55,"PLC, Product detaljeret, Aarhus, Nov. 2023.xlsx",1.8917514124293786,T-shirt
27110 T-Shirt Csr Unisex Lysblå,Alm.slid uden restværdi,1,354,25,30155C97D461A6C00135F9B0,"PLC, Product detaljeret, Aarhus, Nov. 2023.xlsx",2.149717514124294,T-shirt
27110 T-Shirt Csr Unisex Lysblå,Alm.slid uden restværdi,1,354,23,30155C97D461A6C00135FA55,"PLC, Product detaljeret, Aarhus, Nov. 2023.xlsx",1.9777401129943504,T-shirt
27110 T-Shirt Csr Unisex Lysblå,Alm.slid uden restværdi,1,354,21,30155C97D461A6C00135FB56,"PLC, Product detaljeret, Aarhus, Nov. 2023.xlsx",1.8057627118644068,T-shirt
27110 T-Shirt Csr Unisex Lysblå,Alm.slid uden restværdi,1,349,9,30155C97D461A6C00135FA68,"PLC, Product detaljeret, Aarhus, Nov. 2023.xlsx",0.7849856733524356,T-shirt
27110 T-Shirt Csr Unisex Lysblå,Alm.slid uden restværdi,1,349,19,30155C97D461A6C0018618E7,"PLC, Product detaljeret, Aarhus, Nov. 2023.xlsx",1.657191977077364,T-shirt
26070 T-shirt Geyser uni kongeblå,Alm.slid uden restværdi,1,348,16,30155C97D461A6C00186183C,"PLC, Product detaljeret, Aarhus, Nov. 2023.xlsx",1.3995402298850574,T-shirt
26961 T-shirt CSR dame lysblå,Alm.slid uden restværdi,1,348,7,30155C97D461A4C000E98BB4,"PLC, Product detaljeret, Aarhus, Nov. 2023.xlsx",0.6122988505747127,T-shirt
26961 T-shirt CSR dame lysblå,Alm.slid uden restværdi,1,348,6,30155C97D461A4C000E98BCF,"PLC, Product detaljeret, Aarhus, Nov. 2023.xlsx",0.5248275862068965,T-shirt
26961 T-shirt CSR dame lysblå,Alm.slid uden restværdi,1,348,9,30155C97D461A4C000E98BE4,"PLC, Product detaljeret, Aarhus, Nov. 2023.xlsx",0.7872413793103449,T-shirt
26961 T-shirt CSR dame lysblå,Alm.slid uden restværdi,1,348,22,30155C97D461A6C0010D87AF,"PLC, Product detaljeret, Aarhus, Nov. 2023.xlsx",1.9243678160919544,T-shirt
26961 T-shirt CSR dame lysblå,Alm.slid uden restværdi,1,348,18,30155C97D461A6C0010D87F9,"PLC, Product detaljeret, Aarhus, Nov. 2023.xlsx",1.5744827586206898,T-shirt
26961 T-shirt CSR dame lysblå,Alm.slid uden restværdi,1,348,9,30155C97D461A6C0010D8840,"PLC, Product detaljeret, Aarhus, Nov. 2023.xlsx",0.7872413793103449,T-shirt
26961 T-shirt CSR dame lysblå,Alm.slid uden restværdi,1,348,10,30155C97D461A6C00135F409,"PLC, Product detaljeret, Aarhus, Nov. 2023.xlsx",0.8747126436781609,T-shirt
26961 T-shirt CSR dame lysblå,Alm.slid uden restværdi,1,348,6,30155C97D461A6C00135F428,"PLC, Product detaljeret, Aarhus, Nov. 2023.xlsx",0.5248275862068965,T-shirt
26961 T-shirt CSR dame lysblå,Alm.slid uden restværdi,1,348,4,30155C97D461A6C00135F532,"PLC, Product detaljeret, Aarhus, Nov. 2023.xlsx",0.34988505747126436,T-shirt
26961 T-shirt CSR dame lysblå,Alm.slid uden restværdi,1,348,21,30155C97D461A6C00135FE98,"PLC, Product detaljeret, Aarhus, Nov. 2023.xlsx",1.836896551724138,T-shirt
26961 T-shirt CSR dame lysblå,Alm.slid uden restværdi,1,348,21,30155C97D461A6C00135FEA7,"PLC, Product detaljeret, Aarhus, Nov. 2023.xlsx",1.836896551724138,T-shirt
26961 T-shirt CSR dame lysblå,Alm.slid uden restværdi,1,348,6,30155C97D461A6C0015FD570,"PLC, Product detaljeret, Aarhus, Nov. 2023.xlsx",0.5248275862068965,T-shirt
26961 T-shirt CSR dame lysblå,Alm.slid uden restværdi,1,348,20,30155C97D461A6C0015FE33F,"PLC, Product detaljeret, Aarhus, Nov. 2023.xlsx",1.7494252873563219,T-shirt
26961 T-shirt CSR dame lysblå,Alm.slid uden restværdi,1,348,16,30155C97D461A6C0015FEEE8,"PLC, Product detaljeret, Aarhus, Nov. 2023.xlsx",1.3995402298850574,T-shirt
26961 T-shirt CSR dame lysblå,Alm.slid uden restværdi,1,348,14,30155C97D461A6C0015FEF69,"PLC, Product detaljeret, Aarhus, Nov. 2023.xlsx",1.2245977011494253,T-shirt
27110 T-Shirt Csr Unisex Lysblå,Alm.slid uden restværdi,1,348,32,30155C97D461A6C00135EC5C,"PLC, Product detaljeret, Aarhus, Nov. 2023.xlsx",2.799080459770115,T-shirt
27110 T-Shirt Csr Unisex Lysblå,Alm.slid uden restværdi,1,348,3,30155C97D461A6C00135ED67,"PLC, Product detaljeret, Aarhus, Nov. 2023.xlsx",0.26241379310344826,T-shirt
26961 T-shirt CSR dame lysblå,Alm.slid uden restværdi,1,347,13,30155C97D461A6C000EAA668,"PLC, Product detaljeret, Aarhus, Nov. 2023.xlsx",1.1404034582132565,T-shirt
26961 T-shirt CSR dame lysblå,Alm.slid uden restværdi,1,347,4,30155C97D461A6C0010DE799,"PLC, Product detaljeret, Aarhus, Nov. 2023.xlsx",0.35089337175792507,T-shirt
26961 T-shirt CSR dame lysblå,Alm.slid uden restværdi,1,347,19,30155C97D461A6C0015FD22E,"PLC, Product detaljeret, Aarhus, Nov. 2023.xlsx",1.6667435158501442,T-shirt
26961 T-shirt CSR dame lysblå,Alm.slid uden restværdi,1,347,27,30155C97D461A6C0015FEDF3,"PLC, Product detaljeret, Aarhus, Nov. 2023.xlsx",2.3685302593659947,T-shirt
27110 T-Shirt Csr Unisex Lysblå,Alm.slid uden restværdi,1,346,13,30155C97D461A6C0010DE8DC,"PLC, Product detaljeret, Aarhus, Nov. 2023.xlsx",1.143699421965318,T-shirt
01589 T-shirt unisex mblå k/æ,Alm.slid uden restværdi,1,345,12,30155C97D461A6C000EB1348,"PLC, Product detaljeret, Aarhus, Nov. 2023.xlsx",1.0587826086956522,T-shirt
26961 T-shirt CSR dame lysblå,Alm.slid uden restværdi,1,345,21,30155C97D461A6C0010D87B5,"PLC, Product detaljeret, Aarhus, Nov. 2023.xlsx",1.8528695652173914,T-shirt
26961 T-shirt CSR dame lysblå,Alm.slid uden restværdi,1,345,20,30155C97D461A6C0015FE373,"PLC, Product detaljeret, Aarhus, Nov. 2023.xlsx",1.7646376811594204,T-shirt
01589 T-shirt unisex mblå k/æ,Alm.slid uden restværdi,1,343,13,30155C97D461A4C000E987F4,"PLC, Product detaljeret, Aarhus, Nov. 2023.xlsx",1.1537026239067056,T-shirt
01589 T-shirt unisex mblå k/æ,Alm.slid uden restværdi,1,343,14,30155C97D461A4C000E98869,"PLC, Product detaljeret, Aarhus, Nov. 2023.xlsx",1.2424489795918368,T-shirt
01589 T-shirt unisex mblå k/æ,Alm.slid uden restværdi,1,343,12,30155C97D461A6C000EB1354,"PLC, Product detaljeret, Aarhus, Nov. 2023.xlsx",1.0649562682215745,T-shirt
01589 T-shirt unisex mblå k/æ,Alm.slid uden restværdi,1,343,11,30155C97D461A6C000EB13B2,"PLC, Product detaljeret, Aarhus, Nov. 2023.xlsx",0.9762099125364432,T-shirt
01589 T-shirt unisex mblå k/æ,Alm.slid uden restværdi,1,343,12,30155C97D461A6C000EB1418,"PLC, Product detaljeret, Aarhus, Nov. 2023.xlsx",1.0649562682215745,T-shirt
01589 T-shirt unisex mblå k/æ,Alm.slid uden restværdi,1,343,11,30155C97D461A6C0010E7547,"PLC, Product detaljeret, Aarhus, Nov. 2023.xlsx",0.9762099125364432,T-shirt
01589 T-shirt unisex mblå k/æ,Alm.slid uden restværdi,1,343,14,30155C97D461A6C0010E75CF,"PLC, Product detaljeret, Aarhus, Nov. 2023.xlsx",1.2424489795918368,T-shirt
01589 T-shirt unisex mblå k/æ,Alm.slid uden restværdi,1,343,12,30155C97D461A6C0010E76D7,"PLC, Product detaljeret, Aarhus, Nov. 2023.xlsx",1.0649562682215745,T-shirt
26961 T-shirt CSR dame lysblå,Alm.slid uden restværdi,1,342,5,30155C97D461A6C0010D8892,"PLC, Product detaljeret, Aarhus, Nov. 2023.xlsx",0.4450292397660819,T-shirt
26961 T-shirt CSR dame lysblå,Alm.slid uden restværdi,1,342,26,30155C97D461A6C0015FEF00,"PLC, Product detaljeret, Aarhus, Nov. 2023.xlsx",2.314152046783626,T-shirt
26961 T-shirt CSR dame lysblå,Alm.slid uden restværdi,1,342,19,30155C97D461A6C0015FEF5E,"PLC, Product detaljeret, Aarhus, Nov. 2023.xlsx",1.691111111111111,T-shirt
26961 T-shirt CSR dame lysblå,Alm.slid uden restværdi,1,341,6,30155C97D461A6C00135F440,"PLC, Product detaljeret, Aarhus, Nov. 2023.xlsx",0.5356011730205279,T-shirt
26961 T-shirt CSR dame lysblå,Alm.slid uden restværdi,1,341,6,30155C97D461A6C00135F48F,"PLC, Product detaljeret, Aarhus, Nov. 2023.xlsx",0.5356011730205279,T-shirt
26961 T-shirt CSR dame lysblå,Alm.slid uden restværdi,1,341,14,30155C97D461A6C0015FD455,"PLC, Product detaljeret, Aarhus, Nov. 2023.xlsx",1.2497360703812317,T-shirt
26961 T-shirt CSR dame lysblå,Alm.slid uden restværdi,1,340,25,30155C97D461A6C0015FD5FD,"PLC, Product detaljeret, Aarhus, Nov. 2023.xlsx",2.238235294117647,T-shirt
26961 T-shirt CSR dame lysblå,Alm.slid uden restværdi,1,339,4,30155C97D461A6C00136026D,"PLC, Product detaljeret, Aarhus, Nov. 2023.xlsx",0.3591740412979351,T-shirt
26961 T-shirt CSR dame lysblå,Alm.slid uden restværdi,1,339,30,30155C97D461A6C0015FEF19,"PLC, Product detaljeret, Aarhus, Nov. 2023.xlsx",2.6938053097345134,T-shirt
26961 T-shirt CSR dame lysblå,Alm.slid uden restværdi,1,336,19,30155C97D461A6C0010D8845,"PLC, Product detaljeret, Aarhus, Nov. 2023.xlsx",1.721309523809524,T-shirt
26961 T-shirt CSR dame lysblå,Alm.slid uden restværdi,1,336,21,30155C97D461A6C0015FD517,"PLC, Product detaljeret, Aarhus, Nov. 2023.xlsx",1.9025,T-shirt
26961 T-shirt CSR dame lysblå,Alm.slid uden restværdi,1,336,18,30155C97D461A6C0015FD541,"PLC, Product detaljeret, Aarhus, Nov. 2023.xlsx",1.6307142857142858,T-shirt
26961 T-shirt CSR dame lysblå,Alm.slid uden restværdi,1,336,26,30155C97D461A6C0015FD5DE,"PLC, Product detaljeret, Aarhus, Nov. 2023.xlsx",2.3554761904761907,T-shirt
27110 T-Shirt Csr Unisex Lysblå,Alm.slid uden restværdi,1,336,23,30155C97D461A4C000E98B72,"PLC, Product detaljeret, Aarhus, Nov. 2023.xlsx",2.0836904761904766,T-shirt
26961 T-shirt CSR dame lysblå,Alm.slid uden restværdi,1,335,25,30155C97D461A6C0015FD58B,"PLC, Product detaljeret, Aarhus, Nov. 2023.xlsx",2.271641791044776,T-shirt
26961 T-shirt CSR dame lysblå,Alm.slid uden restværdi,1,335,16,30155C97D461A6C001B32A8E,"PLC, Product detaljeret, Aarhus, Nov. 2023.xlsx",1.4538507462686567,T-shirt
26961 T-shirt CSR dame lysblå,Alm.slid uden restværdi,1,334,24,30155C97D461A6C00135FAE3,"PLC, Product detaljeret, Aarhus, Nov. 2023.xlsx",2.187305389221557,T-shirt
26961 T-shirt CSR dame lysblå,Alm.slid uden restværdi,1,334,21,30155C97D461A6C0015FEF2C,"PLC, Product detaljeret, Aarhus, Nov. 2023.xlsx",1.9138922155688622,T-shirt
26961 T-shirt CSR dame lysblå,Alm.slid uden restværdi,1,332,16,30155C97D461A6C0010D70E1,"PLC, Product detaljeret, Aarhus, Nov. 2023.xlsx",1.466987951807229,T-shirt
26961 T-shirt CSR dame lysblå,Alm.slid uden restværdi,1,332,15,30155C97D461A6C00133AD21,"PLC, Product detaljeret, Aarhus, Nov. 2023.xlsx",1.3753012048192772,T-shirt
26961 T-shirt CSR dame lysblå,Alm.slid uden restværdi,1,331,13,30155C97D461A6C0010DDCBF,"PLC, Product detaljeret, Aarhus, Nov. 2023.xlsx",1.1955287009063444,T-shirt
27110 T-Shirt Csr Unisex Lysblå,Alm.slid uden restværdi,1,331,9,30155C97D461A6C001A6CE09,"PLC, Product detaljeret, Aarhus, Nov. 2023.xlsx",0.8276737160120846,T-shirt
01589 T-shirt unisex mblå k/æ,Alm.slid uden restværdi,1,327,9,30155C97D461A6C001A6DAC8,"PLC, Product detaljeret, Aarhus, Nov. 2023.xlsx",0.8377981651376147,T-shirt
26057 T-shirt k/æ uni lyseblå,Alm.slid uden restværdi,1,326,14,30155C97D461A6C00084FFAA,"PLC, Product detaljeret, Aarhus, Nov. 2023.xlsx",1.3072392638036812,T-shirt
01589 T-shirt unisex mblå k/æ,Alm.slid uden restværdi,1,324,8,30155C97D461A6C000EB13AD,"PLC, Product detaljeret, Aarhus, Nov. 2023.xlsx",0.7516049382716049,T-shirt
27110 T-Shirt Csr Unisex Lysblå,Alm.slid uden restværdi,1,319,12,30155C97D461A6C001A6CE2E,"PLC, Product detaljeret, Aarhus, Nov. 2023.xlsx",1.1450783699059561,T-shirt
27110 T-Shirt Csr Unisex Lysblå,Alm.slid uden restværdi,1,319,4,30155C97D461A6C001A6CE32,"PLC, Product detaljeret, Aarhus, Nov. 2023.xlsx",0.381692789968652,T-shirt
27110 T-Shirt Csr Unisex Lysblå,Alm.slid uden restværdi,1,319,8,30155C97D461A6C001A6CE3B,"PLC, Product detaljeret, Aarhus, Nov. 2023.xlsx",0.763385579937304,T-shirt
27110 T-Shirt Csr Unisex Lysblå,Alm.slid uden restværdi,1,319,17,30155C97D461A6C001A6CE3E,"PLC, Product detaljeret, Aarhus, Nov. 2023.xlsx",1.6221943573667712,T-shirt
27110 T-Shirt Csr Unisex Lysblå,Alm.slid uden restværdi,1,319,12,30155C97D461A6C001A6CE45,"PLC, Product detaljeret, Aarhus, Nov. 2023.xlsx",1.1450783699059561,T-shirt
27110 T-Shirt Csr Unisex Lysblå,Alm.slid uden restværdi,1,319,16,30155C97D461A6C001A6CE60,"PLC, Product detaljeret, Aarhus, Nov. 2023.xlsx",1.526771159874608,T-shirt
27110 T-Shirt Csr Unisex Lysblå,Alm.slid uden restværdi,1,319,10,30155C97D461A6C001A6CE67,"PLC, Product detaljeret, Aarhus, Nov. 2023.xlsx",0.95423197492163,T-shirt
27110 T-Shirt Csr Unisex Lysblå,Alm.slid uden restværdi,1,319,8,30155C97D461A6C001A6CE6F,"PLC, Product detaljeret, Aarhus, Nov. 2023.xlsx",0.763385579937304,T-shirt
27110 T-Shirt Csr Unisex Lysblå,Alm.slid uden restværdi,1,319,19,30155C97D461A6C001A6CED1,"PLC, Product detaljeret, Aarhus, Nov. 2023.xlsx",1.8130407523510972,T-shirt
27110 T-Shirt Csr Unisex Lysblå,Alm.slid uden restværdi,1,319,7,30155C97D461A6C001A6CF0F,"PLC, Product detaljeret, Aarhus, Nov. 2023.xlsx",0.6679623824451411,T-shirt
26961 T-shirt CSR dame lysblå,Alm.slid uden restværdi,1,317,4,30155C97D461A6C001A6CB8F,"PLC, Product detaljeret, Aarhus, Nov. 2023.xlsx",0.38410094637223974,T-shirt
27110 T-Shirt Csr Unisex Lysblå,Alm.slid uden restværdi,1,310,13,30155C97D461A6C0018F3043,"PLC, Product detaljeret, Aarhus, Nov. 2023.xlsx",1.2765161290322582,T-shirt
26961 T-shirt CSR dame lysblå,Alm.slid uden restværdi,1,305,20,30155C97D461A6C00135F487,"PLC, Product detaljeret, Aarhus, Nov. 2023.xlsx",1.996065573770492,T-shirt
26961 T-shirt CSR dame lysblå,Alm.slid uden restværdi,1,305,18,30155C97D461A6C00135FD75,"PLC, Product detaljeret, Aarhus, Nov. 2023.xlsx",1.7964590163934429,T-shirt
26961 T-shirt CSR dame lysblå,Alm.slid uden restværdi,1,300,15,30155C97D461A6C000EAA792,"PLC, Product detaljeret, Aarhus, Nov. 2023.xlsx",1.5220000000000002,T-shirt
26961 T-shirt CSR dame lysblå,Alm.slid uden restværdi,1,300,16,30155C97D461A6C00135F2DD,"PLC, Product detaljeret, Aarhus, Nov. 2023.xlsx",1.6234666666666668,T-shirt
26961 T-shirt CSR dame lysblå,Alm.slid uden restværdi,1,300,18,30155C97D461A6C00135FAB4,"PLC, Product detaljeret, Aarhus, Nov. 2023.xlsx",1.8264,T-shirt
26961 T-shirt CSR dame lysblå,Alm.slid uden restværdi,1,300,20,30155C97D461A6C00135FDD8,"PLC, Product detaljeret, Aarhus, Nov. 2023.xlsx",2.029333333333333,T-shirt
27110 T-Shirt Csr Unisex Lysblå,Alm.slid uden restværdi,1,297,18,30155C97D461A6C0018E7FBA,"PLC, Product detaljeret, Aarhus, Nov. 2023.xlsx",1.844848484848485,T-shirt
27110 T-Shirt Csr Unisex Lysblå,Alm.slid uden restværdi,1,296,9,30155C97D461A6C000EB06A2,"PLC, Product detaljeret, Aarhus, Nov. 2023.xlsx",0.9255405405405406,T-shirt
27110 T-Shirt Csr Unisex Lysblå,Alm.slid uden restværdi,1,296,12,30155C97D461A6C000EB06F2,"PLC, Product detaljeret, Aarhus, Nov. 2023.xlsx",1.234054054054054,T-shirt
27110 T-Shirt Csr Unisex Lysblå,Alm.slid uden restværdi,1,296,11,30155C97D461A6C000EB0713,"PLC, Product detaljeret, Aarhus, Nov. 2023.xlsx",1.1312162162162163,T-shirt
27110 T-Shirt Csr Unisex Lysblå,Alm.slid uden restværdi,1,295,24,30155C97D461A6C0018E7FD7,"PLC, Product detaljeret, Aarhus, Nov. 2023.xlsx",2.4764745762711864,T-shirt
01589 T-shirt unisex mblå k/æ,Alm.slid uden restværdi,1,291,33,30155C97D461A4C000D539F9,"PLC, Product detaljeret, Aarhus, Nov. 2023.xlsx",3.451958762886598,T-shirt
27110 T-Shirt Csr Unisex Lysblå,Alm.slid uden restværdi,1,289,18,30155C97D461A6C0018E7FCC,"PLC, Product detaljeret, Aarhus, Nov. 2023.xlsx",1.895916955017301,T-shirt
13658 T-shirt dame lyseblå Prowear,Alm.slid uden restværdi,1,287,16,30155C97D461A4C000D72722,"PLC, Product detaljeret, Aarhus, Nov. 2023.xlsx",1.6970034843205575,T-shirt
27110 T-Shirt Csr Unisex Lysblå,Alm.slid uden restværdi,1,287,18,30155C97D461A4C000D6EC58,"PLC, Product detaljeret, Aarhus, Nov. 2023.xlsx",1.9091289198606272,T-shirt
27110 T-Shirt Csr Unisex Lysblå,Alm.slid uden restværdi,1,287,11,30155C97D461A6C0018F2FD5,"PLC, Product detaljeret, Aarhus, Nov. 2023.xlsx",1.1666898954703833,T-shirt
27110 T-Shirt Csr Unisex Lysblå,Alm.slid uden restværdi,1,287,15,30155C97D461A6C0018F30F3,"PLC, Product detaljeret, Aarhus, Nov. 2023.xlsx",1.5909407665505226,T-shirt
01589 T-shirt unisex mblå k/æ,Alm.slid uden restværdi,1,282,7,30155C97D461A6C001A6C387,"PLC, Product detaljeret, Aarhus, Nov. 2023.xlsx",0.7556028368794326,T-shirt
27110 T-Shirt Csr Unisex Lysblå,Alm.slid uden restværdi,1,282,16,30155C97D461A6C0018E7F25,"PLC, Product detaljeret, Aarhus, Nov. 2023.xlsx",1.7270921985815604,T-shirt
13658 T-shirt dame lyseblå Prowear,Alm.slid uden restværdi,1,280,11,30155C97D461A4C000D726C4,"PLC, Product detaljeret, Aarhus, Nov. 2023.xlsx",1.195857142857143,T-shirt
13658 T-shirt dame lyseblå Prowear,Alm.slid uden restværdi,1,280,20,30155C97D461A4C000D726D6,"PLC, Product detaljeret, Aarhus, Nov. 2023.xlsx",2.1742857142857144,T-shirt
13658 T-shirt dame lyseblå Prowear,Alm.slid uden restværdi,1,280,20,30155C97D461A4C000D7278D,"PLC, Product detaljeret, Aarhus, Nov. 2023.xlsx",2.1742857142857144,T-shirt
13658 T-shirt dame lyseblå Prowear,Alm.slid uden restværdi,1,279,16,30155C97D461A4C000D725F7,"PLC, Product detaljeret, Aarhus, Nov. 2023.xlsx",1.745663082437276,T-shirt
01589 T-shirt unisex mblå k/æ,Alm.slid uden restværdi,1,276,15,30155C97D461A6C001A5D317,"PLC, Product detaljeret, Aarhus, Nov. 2023.xlsx",1.6543478260869566,T-shirt
13658 T-shirt dame lyseblå Prowear,Alm.slid uden restværdi,1,272,12,30155C97D461A4C000D7267A,"PLC, Product detaljeret, Aarhus, Nov. 2023.xlsx",1.3429411764705883,T-shirt
13658 T-shirt dame lyseblå Prowear,Alm.slid uden restværdi,1,272,22,30155C97D461A4C000D727A1,"PLC, Product detaljeret, Aarhus, Nov. 2023.xlsx",2.462058823529412,T-shirt
27110 T-Shirt Csr Unisex Lysblå,Alm.slid uden restværdi,1,267,14,30155C97D461A4C000D701F0,"PLC, Product detaljeret, Aarhus, Nov. 2023.xlsx",1.596104868913858,T-shirt
27110 T-Shirt Csr Unisex Lysblå,Alm.slid uden restværdi,1,267,11,30155C97D461A4C000D7029F,"PLC, Product detaljeret, Aarhus, Nov. 2023.xlsx",1.2540823970037454,T-shirt
26961 T-shirt CSR dame lysblå,Alm.slid uden restværdi,1,265,11,30155C97D461A6C00135F3CB,"PLC, Product detaljeret, Aarhus, Nov. 2023.xlsx",1.2635471698113208,T-shirt
27110 T-Shirt Csr Unisex Lysblå,Alm.slid uden restværdi,1,256,16,30155C97D461A4C000D6F2CE,"PLC, Product detaljeret, Aarhus, Nov. 2023.xlsx",1.9025,T-shirt
27110 T-Shirt Csr Unisex Lysblå,Alm.slid uden restværdi,1,255,15,30155C97D461A4C000D6EA1E,"PLC, Product detaljeret, Aarhus, Nov. 2023.xlsx",1.7905882352941176,T-shirt
27110 T-Shirt Csr Unisex Lysblå,Alm.slid uden restværdi,1,255,10,30155C97D461A4C000D6EA44,"PLC, Product detaljeret, Aarhus, Nov. 2023.xlsx",1.1937254901960785,T-shirt
27110 T-Shirt Csr Unisex Lysblå,Alm.slid uden restværdi,1,248,18,30155C97D461A4C0010B9FFA,"PLC, Product detaljeret, Aarhus, Nov. 2023.xlsx",2.2093548387096775,T-shirt
27110 T-Shirt Csr Unisex Lysblå,Alm.slid uden restværdi,1,247,13,30155C97D461A4C000D700B1,"PLC, Product detaljeret, Aarhus, Nov. 2023.xlsx",1.6021052631578947,T-shirt
27110 T-Shirt Csr Unisex Lysblå,Alm.slid uden restværdi,1,243,11,30155C97D461A4C000F42384,"PLC, Product detaljeret, Aarhus, Nov. 2023.xlsx",1.377942386831276,T-shirt
27110 T-Shirt Csr Unisex Lysblå,Alm.slid uden restværdi,1,243,12,30155C97D461A4C000F4583D,"PLC, Product detaljeret, Aarhus, Nov. 2023.xlsx",1.5032098765432098,T-shirt
27110 T-Shirt Csr Unisex Lysblå,Alm.slid uden restværdi,1,242,17,30155C97D461A4C0010BA03A,"PLC, Product detaljeret, Aarhus, Nov. 2023.xlsx",2.1383471074380167,T-shirt
27110 T-Shirt Csr Unisex Lysblå,Alm.slid uden restværdi,1,242,18,30155C97D461A4C0010BA0A9,"PLC, Product detaljeret, Aarhus, Nov. 2023.xlsx",2.264132231404959,T-shirt
27110 T-Shirt Csr Unisex Lysblå,Alm.slid uden restværdi,1,242,16,30155C97D461A4C0010BA0F1,"PLC, Product detaljeret, Aarhus, Nov. 2023.xlsx",2.0125619834710746,T-shirt
26961 T-shirt CSR dame lysblå,Alm.slid uden restværdi,1,240,8,30155C97D461A6C0010DDCBA,"PLC, Product detaljeret, Aarhus, Nov. 2023.xlsx",1.0146666666666666,T-shirt
24593 T-shirt You dame Kornblå,Alm.slid uden restværdi,1,233,10,30155C97D461A6C000CD5811,"PLC, Product detaljeret, Aarhus, Nov. 2023.xlsx",1.3064377682403434,T-shirt
27110 T-Shirt Csr Unisex Lysblå,Alm.slid uden restværdi,1,228,17,30155C97D461A4C0010BA020,"PLC, Product detaljeret, Aarhus, Nov. 2023.xlsx",2.2696491228070177,T-shirt
26961 T-shirt CSR dame lysblå,Alm.slid uden restværdi,1,227,10,30155C97D461A6C0015FEE79,"PLC, Product detaljeret, Aarhus, Nov. 2023.xlsx",1.3409691629955949,T-shirt
01717 T-shirt unisex kblå pb,Alm.slid uden restværdi,1,224,3,30155C97D461A6C001A6B1CE,"PLC, Product detaljeret, Aarhus, Nov. 2023.xlsx",0.40767857142857145,T-shirt
27110 T-Shirt Csr Unisex Lysblå,Alm.slid uden restværdi,1,212,12,30155C97D461A4C000F491AE,"PLC, Product detaljeret, Aarhus, Nov. 2023.xlsx",1.7230188679245284,T-shirt
27110 T-Shirt Csr Unisex Lysblå,Alm.slid uden restværdi,1,208,11,30155C97D461A4C000F3FCFE,"PLC, Product detaljeret, Aarhus, Nov. 2023.xlsx",1.6098076923076923,T-shirt
27110 T-Shirt Csr Unisex Lysblå,Alm.slid uden restværdi,1,208,9,30155C97D461A4C000F3FE1D,"PLC, Product detaljeret, Aarhus, Nov. 2023.xlsx",1.3171153846153847,T-shirt
27110 T-Shirt Csr Unisex Lysblå,Alm.slid uden restværdi,1,208,14,30155C97D461A4C000F3FEBD,"PLC, Product detaljeret, Aarhus, Nov. 2023.xlsx",2.0488461538461538,T-shirt
24597 T-shirt You unisex Kornblå,Alm.slid uden restværdi,1,202,3,30155C97D461A6C001879C7A,"PLC, Product detaljeret, Aarhus, Nov. 2023.xlsx",0.4520792079207921,T-shirt
26961 T-shirt CSR dame lysblå,Alm.slid uden restværdi,1,198,13,30155C97D461A6C001A6D48B,"PLC, Product detaljeret, Aarhus, Nov. 2023.xlsx",1.998585858585859,T-shirt
01589 T-shirt unisex mblå k/æ,Alm.slid uden restværdi,1,194,6,30155C97D461A4C000F4044B,"PLC, Product detaljeret, Aarhus, Nov. 2023.xlsx",0.9414432989690722,T-shirt
27110 T-Shirt Csr Unisex Lysblå,Alm.slid uden restværdi,1,193,12,30155C97D461A4C000F4BC04,"PLC, Product detaljeret, Aarhus, Nov. 2023.xlsx",1.892642487046632,T-shirt
27110 T-Shirt Csr Unisex Lysblå,Alm.slid uden restværdi,1,191,11,30155C97D461A4C0010C19D1,"PLC, Product detaljeret, Aarhus, Nov. 2023.xlsx",1.753089005235602,T-shirt
27110 T-Shirt Csr Unisex Lysblå,Alm.slid uden restværdi,1,191,9,30155C97D461A4C0010C1A58,"PLC, Product detaljeret, Aarhus, Nov. 2023.xlsx",1.43434554973822,T-shirt
26961 T-shirt CSR dame lysblå,Alm.slid uden restværdi,1,189,10,30155C97D461A6C00135F9D6,"PLC, Product detaljeret, Aarhus, Nov. 2023.xlsx",1.6105820105820106,T-shirt
26961 T-shirt CSR dame lysblå,Alm.slid uden restværdi,1,189,4,30155C97D461A6C0015FD43D,"PLC, Product detaljeret, Aarhus, Nov. 2023.xlsx",0.6442328042328043,T-shirt
27110 T-Shirt Csr Unisex Lysblå,Alm.slid uden restværdi,1,185,10,30155C97D461A4C0010C19E5,"PLC, Product detaljeret, Aarhus, Nov. 2023.xlsx",1.6454054054054055,T-shirt
27110 T-Shirt Csr Unisex Lysblå,Alm.slid uden restværdi,1,183,11,30155C97D461A4C0010C19D9,"PLC, Product detaljeret, Aarhus, Nov. 2023.xlsx",1.829726775956284,T-shirt
27859 T-shirt dame lblå PRO Light,Alm.slid uden restværdi,1,179,10,30155C97D461A4C000C2BE6C,"PLC, Product detaljeret, Aarhus, Nov. 2023.xlsx",1.700558659217877,T-shirt
27725 T-shirt uni lblå PRO Light,Alm.slid uden restværdi,1,178,13,30155C97D461A4C000C28D33,"PLC, Product detaljeret, Aarhus, Nov. 2023.xlsx",2.22314606741573,T-shirt
27725 T-shirt uni lblå PRO Light,Alm.slid uden restværdi,1,178,12,30155C97D461A4C000C28E75,"PLC, Product detaljeret, Aarhus, Nov. 2023.xlsx",2.052134831460674,T-shirt
27725 T-shirt uni lblå PRO Light,Alm.slid uden restværdi,1,178,13,30155C97D461A4C000C28E99,"PLC, Product detaljeret, Aarhus, Nov. 2023.xlsx",2.22314606741573,T-shirt
27725 T-shirt uni lblå PRO Light,Alm.slid uden restværdi,1,178,13,30155C97D461A4C000C28EAC,"PLC, Product detaljeret, Aarhus, Nov. 2023.xlsx",2.22314606741573,T-shirt
27725 T-shirt uni lblå PRO Light,Alm.slid uden restværdi,1,178,14,30155C97D461A4C000C28EB2,"PLC, Product detaljeret, Aarhus, Nov. 2023.xlsx",2.3941573033707866,T-shirt
27110 T-Shirt Csr Unisex Lysblå,Alm.slid uden restværdi,1,177,12,30155C97D461A4C0010C1A64,"PLC, Product detaljeret, Aarhus, Nov. 2023.xlsx",2.063728813559322,T-shirt
01589 T-shirt unisex mblå k/æ,Alm.slid uden restværdi,1,176,7,30155C97D461A4C0010C40B0,"PLC, Product detaljeret, Aarhus, Nov. 2023.xlsx",1.2106818181818182,T-shirt
01427 T-shirt unisex lyseblå pb,Alm.slid uden restværdi,1,172,12,30155C97D461A4C000C27D85,"PLC, Product detaljeret, Aarhus, Nov. 2023.xlsx",2.123720930232558,T-shirt
28993 T-shirt dame lysblå Lyocell,Alm.slid uden restværdi,1,172,6,30155C97D461A4C000D6B2FE,"PLC, Product detaljeret, Aarhus, Nov. 2023.xlsx",1.061860465116279,T-shirt
27725 T-shirt uni lblå PRO Light,Alm.slid uden restværdi,1,167,13,30155C97D461A4C0010FF49A,"PLC, Product detaljeret, Aarhus, Nov. 2023.xlsx",2.3695808383233534,T-shirt
28993 T-shirt dame lysblå Lyocell,Alm.slid uden restværdi,1,167,11,30155C97D461A4C000C006EC,"PLC, Product detaljeret, Aarhus, Nov. 2023.xlsx",2.0050299401197607,T-shirt
27859 T-shirt dame lblå PRO Light,Alm.slid uden restværdi,1,161,17,30155C97D461A6C0018F27BF,"PLC, Product detaljeret, Aarhus, Nov. 2023.xlsx",3.2141614906832303,T-shirt
27859 T-shirt dame lblå PRO Light,Alm.slid uden restværdi,1,154,7,30155C97D461A6C0018E8FD3,"PLC, Product detaljeret, Aarhus, Nov. 2023.xlsx",1.3836363636363638,T-shirt
27859 T-shirt dame lblå PRO Light,Alm.slid uden restværdi,1,154,11,30155C97D461A6C0018E9038,"PLC, Product detaljeret, Aarhus, Nov. 2023.xlsx",2.1742857142857144,T-shirt
13658 T-shirt dame lyseblå Prowear,Alm.slid uden restværdi,1,153,7,30155C97D461A4C0010E5754,"PLC, Product detaljeret, Aarhus, Nov. 2023.xlsx",1.3926797385620915,T-shirt
27859 T-shirt dame lblå PRO Light,Alm.slid uden restværdi,1,151,8,30155C97D461A6C0018F269A,"PLC, Product detaljeret, Aarhus, Nov. 2023.xlsx",1.6127152317880795,T-shirt
27859 T-shirt dame lblå PRO Light,Alm.slid uden restværdi,1,151,7,30155C97D461A6C0018F278E,"PLC, Product detaljeret, Aarhus, Nov. 2023.xlsx",1.4111258278145695,T-shirt
27859 T-shirt dame lblå PRO Light,Alm.slid uden restværdi,1,151,7,30155C97D461A6C0018F27A2,"PLC, Product detaljeret, Aarhus, Nov. 2023.xlsx",1.4111258278145695,T-shirt
28993 T-shirt dame lysblå Lyocell,Alm.slid uden restværdi,1,150,8,30155C97D461A6C0018E8F3D,"PLC, Product detaljeret, Aarhus, Nov. 2023.xlsx",1.6234666666666668,T-shirt
28997 T-shirt uni lysblå Lyocell,Alm.slid uden restværdi,1,150,7,30155C97D461A6C0018F2377,"PLC, Product detaljeret, Aarhus, Nov. 2023.xlsx",1.4205333333333334,T-shirt
28997 T-shirt uni lysblå Lyocell,Alm.slid uden restværdi,1,150,5,30155C97D461A6C0018F38C4,"PLC, Product detaljeret, Aarhus, Nov. 2023.xlsx",1.0146666666666666,T-shirt
24762 T-shirt da k/æ blåmela Pro,Alm.slid uden restværdi,1,149,2,30155C97D461A4C000C08A0B,"PLC, Product detaljeret, Aarhus, Nov. 2023.xlsx",0.40859060402684566,T-shirt
27859 T-shirt dame lblå PRO Light,Alm.slid uden restværdi,1,149,10,30155C97D461A6C0018E90C7,"PLC, Product detaljeret, Aarhus, Nov. 2023.xlsx",2.0429530201342283,T-shirt
27859 T-shirt dame lblå PRO Light,Alm.slid uden restværdi,1,144,4,30155C97D461A4C000C09143,"PLC, Product detaljeret, Aarhus, Nov. 2023.xlsx",0.8455555555555555,T-shirt
27859 T-shirt dame lblå PRO Light,Alm.slid uden restværdi,1,144,6,30155C97D461A4C000C0917D,"PLC, Product detaljeret, Aarhus, Nov. 2023.xlsx",1.2683333333333333,T-shirt
28993 T-shirt dame lysblå Lyocell,Alm.slid uden restværdi,1,143,12,30155C97D461A6C0018F22C9,"PLC, Product detaljeret, Aarhus, Nov. 2023.xlsx",2.5544055944055946,T-shirt
24762 T-shirt da k/æ blåmela Pro,Alm.slid uden restværdi,1,130,2,30155C97D461A7C00229441A,"PLC, Product detaljeret, Aarhus, Nov. 2023.xlsx",0.46830769230769237,T-shirt
27110 T-Shirt Csr Unisex Lysblå,Alm.slid uden restværdi,1,129,1,30155C97D461A4C000D785BE,"PLC, Product detaljeret, Aarhus, Nov. 2023.xlsx",0.23596899224806203,T-shirt
27110 T-Shirt Csr Unisex Lysblå,Alm.slid uden restværdi,1,128,6,30155C97D461A4C000D7878A,"PLC, Product detaljeret, Aarhus, Nov. 2023.xlsx",1.4268750000000001,T-shirt
01427 T-shirt unisex lyseblå pb,Alm.slid uden restværdi,1,126,9,30155C97D461A4C000F8556A,"PLC, Product detaljeret, Aarhus, Nov. 2023.xlsx",2.1742857142857144,T-shirt
01427 T-shirt unisex lyseblå pb,Alm.slid uden restværdi,1,126,7,30155C97D461A4C000F855C0,"PLC, Product detaljeret, Aarhus, Nov. 2023.xlsx",1.691111111111111,T-shirt
01427 T-shirt unisex lyseblå pb,Alm.slid uden restværdi,1,126,7,30155C97D461A4C000F8562F,"PLC, Product detaljeret, Aarhus, Nov. 2023.xlsx",1.691111111111111,T-shirt
01427 T-shirt unisex lyseblå pb,Alm.slid uden restværdi,1,126,7,30155C97D461A4C000F8567D,"PLC, Product detaljeret, Aarhus, Nov. 2023.xlsx",1.691111111111111,T-shirt
26961 T-shirt CSR dame lysblå,Alm.slid uden restværdi,1,96,6,30155C97D461A6C00133AD90,"PLC, Product detaljeret, Aarhus, Nov. 2023.xlsx",1.9025,T-shirt
26961 T-shirt CSR dame lysblå,Alm.slid uden restværdi,1,96,4,30155C97D461A6C00135FE1D,"PLC, Product detaljeret, Aarhus, Nov. 2023.xlsx",1.2683333333333333,T-shirt
28997 T-shirt uni lysblå Lyocell,Alm.slid uden restværdi,1,91,6,30155C97D461A4C00164FEAB,"PLC, Product detaljeret, Aarhus, Nov. 2023.xlsx",2.007032967032967,T-shirt
01589 T-shirt unisex mblå k/æ,Alm.slid uden restværdi,1,88,1,30155C97D461A4C00110103F,"PLC, Product detaljeret, Aarhus, Nov. 2023.xlsx",0.34590909090909094,T-shirt
01589 T-shirt unisex mblå k/æ,Alm.slid uden restværdi,1,88,1,30155C97D461A4C001101133,"PLC, Product detaljeret, Aarhus, Nov. 2023.xlsx",0.34590909090909094,T-shirt
01589 T-shirt unisex mblå k/æ,Alm.slid uden restværdi,1,88,1,30155C97D461A4C001101173,"PLC, Product detaljeret, Aarhus, Nov. 2023.xlsx",0.34590909090909094,T-shirt
13658 T-shirt dame lyseblå Prowear,Alm.slid uden restværdi,1,80,4,30155C97D461A4C000C0A5E1,"PLC, Product detaljeret, Aarhus, Nov. 2023.xlsx",1.5220000000000002,T-shirt
27859 T-shirt dame lblå PRO Light,Alm.slid uden restværdi,1,80,7,30155C97D461A4C001641082,"PLC, Product detaljeret, Aarhus, Nov. 2023.xlsx",2.6635,T-shirt
27859 T-shirt dame lblå PRO Light,Alm.slid uden restværdi,1,79,5,30155C97D461A4C001640F10,"PLC, Product detaljeret, Aarhus, Nov. 2023.xlsx",1.926582278481013,T-shirt
27859 T-shirt dame lblå PRO Light,Alm.slid uden restværdi,1,79,6,30155C97D461A4C001640FAB,"PLC, Product detaljeret, Aarhus, Nov. 2023.xlsx",2.3118987341772153,T-shirt
27859 T-shirt dame lblå PRO Light,Alm.slid uden restværdi,1,79,5,30155C97D461A4C001640FE4,"PLC, Product detaljeret, Aarhus, Nov. 2023.xlsx",1.926582278481013,T-shirt
27859 T-shirt dame lblå PRO Light,Alm.slid uden restværdi,1,79,5,30155C97D461A4C001640FEA,"PLC, Product detaljeret, Aarhus, Nov. 2023.xlsx",1.926582278481013,T-shirt
27859 T-shirt dame lblå PRO Light,Alm.slid uden restværdi,1,79,5,30155C97D461A4C001641020,"PLC, Product detaljeret, Aarhus, Nov. 2023.xlsx",1.926582278481013,T-shirt
26961 T-shirt CSR dame lysblå,Alm.slid uden restværdi,1,77,7,30155C97D461A6C00133AD67,"PLC, Product detaljeret, Aarhus, Nov. 2023.xlsx",2.7672727272727276,T-shirt
26961 T-shirt CSR dame lysblå,Alm.slid uden restværdi,1,77,5,30155C97D461A6C0015FEF24,"PLC, Product detaljeret, Aarhus, Nov. 2023.xlsx",1.9766233766233765,T-shirt
27110 T-Shirt Csr Unisex Lysblå,Alm.slid uden restværdi,1,75,4,30155C97D461A4C0016420E8,"PLC, Product detaljeret, Aarhus, Nov. 2023.xlsx",1.6234666666666668,T-shirt
25055 T-shirt uni k/æ blåmelan Pro,Alm.slid uden restværdi,1,63,4,30155C97D461A4C000D7C48D,"PLC, Product detaljeret, Aarhus, Nov. 2023.xlsx",1.9326984126984126,T-shirt
27110 T-Shirt Csr Unisex Lysblå,Alm.slid uden restværdi,1,57,2,30155C97D461A4C00163DA29,"PLC, Product detaljeret, Aarhus, Nov. 2023.xlsx",1.0680701754385964,T-shirt
01427 T-shirt unisex lyseblå pb,Alm.slid uden restværdi,1,53,1,30155C97D461A4C00163D81D,"PLC, Product detaljeret, Aarhus, Nov. 2023.xlsx",0.5743396226415094,T-shirt
13658 T-shirt dame lyseblå Prowear,Alm.slid uden restværdi,1,40,2,30155C97D461A4C001205983,"PLC, Product detaljeret, Aarhus, Nov. 2023.xlsx",1.5220000000000002,T-shirt
13658 T-shirt dame lyseblå Prowear,Alm.slid uden restværdi,1,29,2,30155C97D461A4C0018A6465,"PLC, Product detaljeret, Aarhus, Nov. 2023.xlsx",2.099310344827586,T-shirt
13658 T-shirt dame lyseblå Prowear,Alm.slid uden restværdi,1,27,1,30155C97D461A4C00120590D,"PLC, Product detaljeret, Aarhus, Nov. 2023.xlsx",1.1274074074074074,T-shirt
13658 T-shirt dame lyseblå Prowear,Alm.slid uden restværdi,1,27,1,30155C97D461A4C0012059D3,"PLC, Product detaljeret, Aarhus, Nov. 2023.xlsx",1.1274074074074074,T-shirt
13658 T-shirt dame lyseblå Prowear,Alm.slid uden restværdi,1,27,1,30155C97D461A4C001205A9F,"PLC, Product detaljeret, Aarhus, Nov. 2023.xlsx",1.1274074074074074,T-shirt
01589 T-shirt unisex mblå k/æ,Alm.slid uden restværdi,1,2922,6,00D009990E9D,"PLC, Product detaljeret, Aarhus, Okt. 2023.xlsx",0.06250513347022588,T-shirt
01717 T-shirt unisex kblå pb,Alm.slid uden restværdi,1,2896,117,00D009AD2DC5,"PLC, Product detaljeret, Aarhus, Okt. 2023.xlsx",1.229792817679558,T-shirt
01589 T-shirt unisex mblå k/æ,Alm.slid uden restværdi,1,2790,86,00D0098B96C3,"PLC, Product detaljeret, Aarhus, Okt. 2023.xlsx",0.9382939068100359,T-shirt
01589 T-shirt unisex mblå k/æ,Alm.slid uden restværdi,1,2776,32,00D00978666C,"PLC, Product detaljeret, Aarhus, Okt. 2023.xlsx",0.35089337175792507,T-shirt
03885 T-Shirt Lysblå Lady K/Æ P/B,Alm.slid uden restværdi,1,2487,4,00D0094241FE,"PLC, Product detaljeret, Aarhus, Okt. 2023.xlsx",0.04895858464012867,T-shirt
03885 T-Shirt Lysblå Lady K/Æ P/B,Alm.slid uden restværdi,1,2478,4,00D009418E6A,"PLC, Product detaljeret, Aarhus, Okt. 2023.xlsx",0.049136400322841,T-shirt
01717 T-shirt unisex kblå pb,Alm.slid uden restværdi,1,2247,87,30155C97D461A7C0006CB610,"PLC, Product detaljeret, Aarhus, Okt. 2023.xlsx",1.178584779706275,T-shirt
01717 T-shirt unisex kblå pb,Alm.slid uden restværdi,1,2246,66,30155C97D461A7C0006CB6FE,"PLC, Product detaljeret, Aarhus, Okt. 2023.xlsx",0.8944968833481746,T-shirt
13658 T-shirt dame lyseblå Prowear,Alm.slid uden restværdi,1,2195,127,300ED89F335000400183CDDB,"PLC, Product detaljeret, Aarhus, Okt. 2023.xlsx",1.7612209567198178,T-shirt
13658 T-shirt dame lyseblå Prowear,Alm.slid uden restværdi,1,2194,56,300ED89F335000400183ADF3,"PLC, Product detaljeret, Aarhus, Okt. 2023.xlsx",0.7769553327256153,T-shirt
13658 T-shirt dame lyseblå Prowear,Alm.slid uden restværdi,1,2191,106,300ED89F335000400183CABD,"PLC, Product detaljeret, Aarhus, Okt. 2023.xlsx",1.4726791419443177,T-shirt
01589 T-shirt unisex mblå k/æ,Alm.slid uden restværdi,1,2190,150,300ED89F3350007FE266A7CB,"PLC, Product detaljeret, Aarhus, Okt. 2023.xlsx",2.084931506849315,T-shirt
13658 T-shirt dame lyseblå Prowear,Alm.slid uden restværdi,1,2190,106,300ED89F335000400183C971,"PLC, Product detaljeret, Aarhus, Okt. 2023.xlsx",1.4733515981735161,T-shirt
13658 T-shirt dame lyseblå Prowear,Alm.slid uden restværdi,1,2190,28,300ED89F335000400183C98F,"PLC, Product detaljeret, Aarhus, Okt. 2023.xlsx",0.38918721461187217,T-shirt
13658 T-shirt dame lyseblå Prowear,Alm.slid uden restværdi,1,2190,42,300ED89F335000400183CE7E,"PLC, Product detaljeret, Aarhus, Okt. 2023.xlsx",0.5837808219178082,T-shirt
13658 T-shirt dame lyseblå Prowear,Alm.slid uden restværdi,1,2190,34,300ED89F335000400183CE8B,"PLC, Product detaljeret, Aarhus, Okt. 2023.xlsx",0.47258447488584476,T-shirt
13658 T-shirt dame lyseblå Prowear,Alm.slid uden restværdi,1,2190,124,300ED89F335000400183CFF4,"PLC, Product detaljeret, Aarhus, Okt. 2023.xlsx",1.723543378995434,T-shirt
13658 T-shirt dame lyseblå Prowear,Alm.slid uden restværdi,1,2190,112,300ED89F335000400183D679,"PLC, Product detaljeret, Aarhus, Okt. 2023.xlsx",1.5567488584474887,T-shirt
13658 T-shirt dame lyseblå Prowear,Alm.slid uden restværdi,1,2189,120,300ED89F335000400183CE76,"PLC, Product detaljeret, Aarhus, Okt. 2023.xlsx",1.6687071722247602,T-shirt
13658 T-shirt dame lyseblå Prowear,Alm.slid uden restværdi,1,2189,102,300ED89F335000400183D3CA,"PLC, Product detaljeret, Aarhus, Okt. 2023.xlsx",1.4184010963910463,T-shirt
13658 T-shirt dame lyseblå Prowear,Alm.slid uden restværdi,1,2189,116,300ED89F335000400183D492,"PLC, Product detaljeret, Aarhus, Okt. 2023.xlsx",1.6130835998172681,T-shirt
01589 T-shirt unisex mblå k/æ,Alm.slid uden restværdi,1,2187,162,300ED89F3350007FE266A1EB,"PLC, Product detaljeret, Aarhus, Okt. 2023.xlsx",2.254814814814815,T-shirt
01589 T-shirt unisex mblå k/æ,Alm.slid uden restværdi,1,2187,69,300ED89F3350007FE266A6A2,"PLC, Product detaljeret, Aarhus, Okt. 2023.xlsx",0.9603840877914952,T-shirt
01589 T-shirt unisex mblå k/æ,Alm.slid uden restværdi,1,2185,76,300ED89F3350007FE266A9BB,"PLC, Product detaljeret, Aarhus, Okt. 2023.xlsx",1.0587826086956522,T-shirt
13658 T-shirt dame lyseblå Prowear,Alm.slid uden restværdi,1,2182,81,300ED89F335000400183CC12,"PLC, Product detaljeret, Aarhus, Okt. 2023.xlsx",1.1299908340971587,T-shirt
13658 T-shirt dame lyseblå Prowear,Alm.slid uden restværdi,1,2182,80,300ED89F335000400183CE39,"PLC, Product detaljeret, Aarhus, Okt. 2023.xlsx",1.1160403299725024,T-shirt
13658 T-shirt dame lyseblå Prowear,Alm.slid uden restværdi,1,2182,87,300ED89F3350007FE266BFD0,"PLC, Product detaljeret, Aarhus, Okt. 2023.xlsx",1.2136938588450963,T-shirt
13658 T-shirt dame lyseblå Prowear,Alm.slid uden restværdi,1,2181,123,300ED89F335000400183D38A,"PLC, Product detaljeret, Aarhus, Okt. 2023.xlsx",1.7166987620357634,T-shirt
13658 T-shirt dame lyseblå Prowear,Alm.slid uden restværdi,1,2181,115,300ED89F335000400183D49D,"PLC, Product detaljeret, Aarhus, Okt. 2023.xlsx",1.605043558000917,T-shirt
13658 T-shirt dame lyseblå Prowear,Alm.slid uden restværdi,1,2181,84,300ED89F335000400183D8D3,"PLC, Product detaljeret, Aarhus, Okt. 2023.xlsx",1.1723796423658874,T-shirt
01427 T-shirt unisex lyseblå pb,Alm.slid uden restværdi,1,2180,113,30155C97D461A7C000E802AD,"PLC, Product detaljeret, Aarhus, Okt. 2023.xlsx",1.5778532110091745,T-shirt
01589 T-shirt unisex mblå k/æ,Alm.slid uden restværdi,1,2179,64,300ED89F3350007FE267DFEC,"PLC, Product detaljeret, Aarhus, Okt. 2023.xlsx",0.8940614960991281,T-shirt
13658 T-shirt dame lyseblå Prowear,Alm.slid uden restværdi,1,2178,88,300ED89F335000400183D181,"PLC, Product detaljeret, Aarhus, Okt. 2023.xlsx",1.22989898989899,T-shirt
01589 T-shirt unisex mblå k/æ,Alm.slid uden restværdi,1,2177,68,300ED89F3350007FE266A620,"PLC, Product detaljeret, Aarhus, Okt. 2023.xlsx",0.9508130454754249,T-shirt
13658 T-shirt dame lyseblå Prowear,Alm.slid uden restværdi,1,2176,85,300ED89F335000400183D052,"PLC, Product detaljeret, Aarhus, Okt. 2023.xlsx",1.1890625000000001,T-shirt
01589 T-shirt unisex mblå k/æ,Alm.slid uden restværdi,1,2175,101,300ED89F3350007FE266A7A0,"PLC, Product detaljeret, Aarhus, Okt. 2023.xlsx",1.413535632183908,T-shirt
13658 T-shirt dame lyseblå Prowear,Alm.slid uden restværdi,1,2175,93,300ED89F335000400183D66F,"PLC, Product detaljeret, Aarhus, Okt. 2023.xlsx",1.3015724137931035,T-shirt
01589 T-shirt unisex mblå k/æ,Alm.slid uden restværdi,1,2171,135,300ED89F3350007FE266A06D,"PLC, Product detaljeret, Aarhus, Okt. 2023.xlsx",1.8928604329801935,T-shirt
01589 T-shirt unisex mblå k/æ,Alm.slid uden restværdi,1,2171,22,300ED89F3350007FE266A11F,"PLC, Product detaljeret, Aarhus, Okt. 2023.xlsx",0.30846614463380934,T-shirt
01589 T-shirt unisex mblå k/æ,Alm.slid uden restværdi,1,2171,126,300ED89F3350007FE266A1FE,"PLC, Product detaljeret, Aarhus, Okt. 2023.xlsx",1.7666697374481808,T-shirt
13658 T-shirt dame lyseblå Prowear,Alm.slid uden restværdi,1,2171,136,300ED89F335000400183D3CE,"PLC, Product detaljeret, Aarhus, Okt. 2023.xlsx",1.9068816213726394,T-shirt
13658 T-shirt dame lyseblå Prowear,Alm.slid uden restværdi,1,2171,104,300ED89F335000400183D656,"PLC, Product detaljeret, Aarhus, Okt. 2023.xlsx",1.4582035928143715,T-shirt
13658 T-shirt dame lyseblå Prowear,Alm.slid uden restværdi,1,2171,45,300ED89F3350007FE266BFE8,"PLC, Product detaljeret, Aarhus, Okt. 2023.xlsx",0.6309534776600645,T-shirt
01589 T-shirt unisex mblå k/æ,Alm.slid uden restværdi,1,2167,143,300ED89F3350007FE266A196,"PLC, Product detaljeret, Aarhus, Okt. 2023.xlsx",2.0087309644670053,T-shirt
01589 T-shirt unisex mblå k/æ,Alm.slid uden restværdi,1,2167,60,300ED89F3350007FE266A612,"PLC, Product detaljeret, Aarhus, Okt. 2023.xlsx",0.8428241808952469,T-shirt
01589 T-shirt unisex mblå k/æ,Alm.slid uden restværdi,1,2167,50,300ED89F3350007FE266A746,"PLC, Product detaljeret, Aarhus, Okt. 2023.xlsx",0.7023534840793724,T-shirt
13658 T-shirt dame lyseblå Prowear,Alm.slid uden restværdi,1,2166,72,300ED89F335000400183D0EB,"PLC, Product detaljeret, Aarhus, Okt. 2023.xlsx",1.0118559556786704,T-shirt
13658 T-shirt dame lyseblå Prowear,Alm.slid uden restværdi,1,2166,44,300ED89F335000400183D9AD,"PLC, Product detaljeret, Aarhus, Okt. 2023.xlsx",0.6183564173591874,T-shirt
13658 T-shirt dame lyseblå Prowear,Alm.slid uden restværdi,1,2165,113,300ED89F335000400183ADB9,"PLC, Product detaljeret, Aarhus, Okt. 2023.xlsx",1.5887852193995382,T-shirt
13658 T-shirt dame lyseblå Prowear,Alm.slid uden restværdi,1,2159,63,300ED89F3350007FE266CD83,"PLC, Product detaljeret, Aarhus, Okt. 2023.xlsx",0.888244557665586,T-shirt
01589 T-shirt unisex mblå k/æ,Alm.slid uden restværdi,1,2155,85,300ED89F3350007FE266A1D7,"PLC, Product detaljeret, Aarhus, Okt. 2023.xlsx",1.2006496519721577,T-shirt
13658 T-shirt dame lyseblå Prowear,Alm.slid uden restværdi,1,2148,88,300ED89F3350007FE266CEC7,"PLC, Product detaljeret, Aarhus, Okt. 2023.xlsx",1.24707635009311,T-shirt
13658 T-shirt dame lyseblå Prowear,Alm.slid uden restværdi,1,2146,114,300ED89F3350007FE266CE03,"PLC, Product detaljeret, Aarhus, Okt. 2023.xlsx",1.6170363466915192,T-shirt
01589 T-shirt unisex mblå k/æ,Alm.slid uden restværdi,1,2139,118,30155C97D461A7C000D71D45,"PLC, Product detaljeret, Aarhus, Okt. 2023.xlsx",1.679251986909771,T-shirt
01589 T-shirt unisex mblå k/æ,Alm.slid uden restværdi,1,2139,106,30155C97D461A7C000D71DC7,"PLC, Product detaljeret, Aarhus, Okt. 2023.xlsx",1.5084805984104723,T-shirt
01589 T-shirt unisex mblå k/æ,Alm.slid uden restværdi,1,2139,112,30155C97D461A7C000D71DE2,"PLC, Product detaljeret, Aarhus, Okt. 2023.xlsx",1.5938662926601217,T-shirt
01589 T-shirt unisex mblå k/æ,Alm.slid uden restværdi,1,2139,116,30155C97D461A7C000D71E19,"PLC, Product detaljeret, Aarhus, Okt. 2023.xlsx",1.6507900888265545,T-shirt
01589 T-shirt unisex mblå k/æ,Alm.slid uden restværdi,1,2136,78,300ED89F3350007FE26859F9,"PLC, Product detaljeret, Aarhus, Okt. 2023.xlsx",1.111573033707865,T-shirt
01589 T-shirt unisex mblå k/æ,Alm.slid uden restværdi,1,2133,115,30155C97D461A7C000D71C6B,"PLC, Product detaljeret, Aarhus, Okt. 2023.xlsx",1.6411626816690108,T-shirt
01589 T-shirt unisex mblå k/æ,Alm.slid uden restværdi,1,2133,113,30155C97D461A7C000D71D47,"PLC, Product detaljeret, Aarhus, Okt. 2023.xlsx",1.6126207219878106,T-shirt
01589 T-shirt unisex mblå k/æ,Alm.slid uden restværdi,1,2133,112,30155C97D461A7C000D71DAF,"PLC, Product detaljeret, Aarhus, Okt. 2023.xlsx",1.5983497421472106,T-shirt
01589 T-shirt unisex mblå k/æ,Alm.slid uden restværdi,1,2133,126,30155C97D461A7C000D71DDB,"PLC, Product detaljeret, Aarhus, Okt. 2023.xlsx",1.7981434599156119,T-shirt
13658 T-shirt dame lyseblå Prowear,Alm.slid uden restværdi,1,2112,20,300ED89F33500060009D8AC1,"PLC, Product detaljeret, Aarhus, Okt. 2023.xlsx",0.28825757575757577,T-shirt
13658 T-shirt dame lyseblå Prowear,Alm.slid uden restværdi,1,2112,41,300ED89F33500060009D8B69,"PLC, Product detaljeret, Aarhus, Okt. 2023.xlsx",0.5909280303030303,T-shirt
13658 T-shirt dame lyseblå Prowear,Alm.slid uden restværdi,1,2112,33,300ED89F33500060009D8BCB,"PLC, Product detaljeret, Aarhus, Okt. 2023.xlsx",0.475625,T-shirt
13658 T-shirt dame lyseblå Prowear,Alm.slid uden restværdi,1,2108,80,300ED89F33500060009D8BB7,"PLC, Product detaljeret, Aarhus, Okt. 2023.xlsx",1.1552182163187856,T-shirt
01589 T-shirt unisex mblå k/æ,Alm.slid uden restværdi,1,2095,65,300ED89F33500060009D8983,"PLC, Product detaljeret, Aarhus, Okt. 2023.xlsx",0.9444391408114559,T-shirt
01589 T-shirt unisex mblå k/æ,Alm.slid uden restværdi,1,2079,71,300ED89F33500060009D8F1B,"PLC, Product detaljeret, Aarhus, Okt. 2023.xlsx",1.0395574795574798,T-shirt
01589 T-shirt unisex mblå k/æ,Alm.slid uden restværdi,1,2075,121,300ED89F33500060009D8896,"PLC, Product detaljeret, Aarhus, Okt. 2023.xlsx",1.7750554216867471,T-shirt
01589 T-shirt unisex mblå k/æ,Alm.slid uden restværdi,1,2073,132,300ED89F33500060009D8920,"PLC, Product detaljeret, Aarhus, Okt. 2023.xlsx",1.9382923299565846,T-shirt
01589 T-shirt unisex mblå k/æ,Alm.slid uden restværdi,1,2063,64,300ED89F33500060009D8905,"PLC, Product detaljeret, Aarhus, Okt. 2023.xlsx",0.9443334949103248,T-shirt
01427 T-shirt unisex lyseblå pb,Alm.slid uden restværdi,1,2061,71,300ED89F33500060009D9829,"PLC, Product detaljeret, Aarhus, Okt. 2023.xlsx",1.0486365841824359,T-shirt
03885 T-Shirt Lysblå Lady K/Æ P/B,Alm.slid uden restværdi,1,2035,38,30155C97D461A7C000E88529,"PLC, Product detaljeret, Aarhus, Okt. 2023.xlsx",0.5684127764127764,T-shirt
03885 T-Shirt Lysblå Lady K/Æ P/B,Alm.slid uden restværdi,1,2035,32,30155C97D461A7C000E8FC4C,"PLC, Product detaljeret, Aarhus, Okt. 2023.xlsx",0.4786633906633907,T-shirt
03885 T-Shirt Lysblå Lady K/Æ P/B,Alm.slid uden restværdi,1,2035,31,30155C97D461A7C000E901C5,"PLC, Product detaljeret, Aarhus, Okt. 2023.xlsx",0.46370515970515974,T-shirt
03885 T-Shirt Lysblå Lady K/Æ P/B,Alm.slid uden restværdi,1,2030,139,30155C97D461A7C00102F86B,"PLC, Product detaljeret, Aarhus, Okt. 2023.xlsx",2.0843152709359605,T-shirt
03885 T-Shirt Lysblå Lady K/Æ P/B,Alm.slid uden restværdi,1,2030,168,30155C97D461A7C00103AEF5,"PLC, Product detaljeret, Aarhus, Okt. 2023.xlsx",2.5191724137931035,T-shirt
03885 T-Shirt Lysblå Lady K/Æ P/B,Alm.slid uden restværdi,1,2029,9,30155C97D461A7C00103AFA5,"PLC, Product detaljeret, Aarhus, Okt. 2023.xlsx",0.13502217841301134,T-shirt
03885 T-Shirt Lysblå Lady K/Æ P/B,Alm.slid uden restværdi,1,2027,80,30155C97D461A7C000E7F638,"PLC, Product detaljeret, Aarhus, Okt. 2023.xlsx",1.2013813517513567,T-shirt
03885 T-Shirt Lysblå Lady K/Æ P/B,Alm.slid uden restværdi,1,2027,96,30155C97D461A7C000E8864F,"PLC, Product detaljeret, Aarhus, Okt. 2023.xlsx",1.441657622101628,T-shirt
01589 T-shirt unisex mblå k/æ,Alm.slid uden restværdi,1,2026,51,30155C97D461A7C00122F45C,"PLC, Product detaljeret, Aarhus, Okt. 2023.xlsx",0.766258637709773,T-shirt
01589 T-shirt unisex mblå k/æ,Alm.slid uden restværdi,1,2025,54,30155C97D461A7C00122F3E5,"PLC, Product detaljeret, Aarhus, Okt. 2023.xlsx",0.8117333333333334,T-shirt
01589 T-shirt unisex mblå k/æ,Alm.slid uden restværdi,1,2025,45,30155C97D461A7C00122F43B,"PLC, Product detaljeret, Aarhus, Okt. 2023.xlsx",0.6764444444444445,T-shirt
01589 T-shirt unisex mblå k/æ,Alm.slid uden restværdi,1,2023,140,30155C97D461A7C00111ECE7,"PLC, Product detaljeret, Aarhus, Okt. 2023.xlsx",2.106574394463668,T-shirt
01589 T-shirt unisex mblå k/æ,Alm.slid uden restværdi,1,2020,41,30155C97D461A7C00122F496,"PLC, Product detaljeret, Aarhus, Okt. 2023.xlsx",0.6178415841584158,T-shirt
01589 T-shirt unisex mblå k/æ,Alm.slid uden restværdi,1,2020,53,30155C97D461A7C00122F521,"PLC, Product detaljeret, Aarhus, Okt. 2023.xlsx",0.7986732673267327,T-shirt
03885 T-Shirt Lysblå Lady K/Æ P/B,Alm.slid uden restværdi,1,2020,89,30155C97D461A7C000E92293,"PLC, Product detaljeret, Aarhus, Okt. 2023.xlsx",1.3411683168316832,T-shirt
01589 T-shirt unisex mblå k/æ,Alm.slid uden restværdi,1,2012,97,300ED89F33500060009D8944,"PLC, Product detaljeret, Aarhus, Okt. 2023.xlsx",1.467534791252485,T-shirt
03885 T-Shirt Lysblå Lady K/Æ P/B,Alm.slid uden restværdi,1,2008,27,30155C97D461A7C000E0A0C3,"PLC, Product detaljeret, Aarhus, Okt. 2023.xlsx",0.4093027888446215,T-shirt
03885 T-Shirt Lysblå Lady K/Æ P/B,Alm.slid uden restværdi,1,2008,33,30155C97D461A7C000E0DCDB,"PLC, Product detaljeret, Aarhus, Okt. 2023.xlsx",0.5002589641434263,T-shirt
03885 T-Shirt Lysblå Lady K/Æ P/B,Alm.slid uden restværdi,1,2008,38,30155C97D461A7C000E0DF0D,"PLC, Product detaljeret, Aarhus, Okt. 2023.xlsx",0.5760557768924304,T-shirt
01589 T-shirt unisex mblå k/æ,Alm.slid uden restværdi,1,2002,155,30155C97D461A7C00110DA47,"PLC, Product detaljeret, Aarhus, Okt. 2023.xlsx",2.3567432567432567,T-shirt
03885 T-Shirt Lysblå Lady K/Æ P/B,Alm.slid uden restværdi,1,1996,77,30155C97D461A7C000E7F6B4,"PLC, Product detaljeret, Aarhus, Okt. 2023.xlsx",1.1742885771543086,T-shirt
03885 T-Shirt Lysblå Lady K/Æ P/B,Alm.slid uden restværdi,1,1996,93,30155C97D461A7C000E901A3,"PLC, Product detaljeret, Aarhus, Okt. 2023.xlsx",1.4182965931863727,T-shirt
03885 T-Shirt Lysblå Lady K/Æ P/B,Alm.slid uden restværdi,1,1992,52,30155C97D461A7C000CDD7AD,"PLC, Product detaljeret, Aarhus, Okt. 2023.xlsx",0.7946184738955823,T-shirt
03885 T-Shirt Lysblå Lady K/Æ P/B,Alm.slid uden restværdi,1,1992,57,30155C97D461A7C000E87528,"PLC, Product detaljeret, Aarhus, Okt. 2023.xlsx",0.8710240963855421,T-shirt
03885 T-Shirt Lysblå Lady K/Æ P/B,Alm.slid uden restværdi,1,1992,53,30155C97D461A7C000E8F6E0,"PLC, Product detaljeret, Aarhus, Okt. 2023.xlsx",0.8098995983935744,T-shirt
03885 T-Shirt Lysblå Lady K/Æ P/B,Alm.slid uden restværdi,1,1989,2,30155C97D461A7C00103BCF1,"PLC, Product detaljeret, Aarhus, Okt. 2023.xlsx",0.030608345902463547,T-shirt
03885 T-Shirt Lysblå Lady K/Æ P/B,Alm.slid uden restværdi,1,1988,4,30155C97D461A7C00103A9EA,"PLC, Product detaljeret, Aarhus, Okt. 2023.xlsx",0.06124748490945675,T-shirt
03885 T-Shirt Lysblå Lady K/Æ P/B,Alm.slid uden restværdi,1,1988,5,30155C97D461A7C00103BC62,"PLC, Product detaljeret, Aarhus, Okt. 2023.xlsx",0.07655935613682092,T-shirt
03885 T-Shirt Lysblå Lady K/Æ P/B,Alm.slid uden restværdi,1,1988,2,30155C97D461A7C00103BD1D,"PLC, Product detaljeret, Aarhus, Okt. 2023.xlsx",0.030623742454728375,T-shirt
03885 T-Shirt Lysblå Lady K/Æ P/B,Alm.slid uden restværdi,1,1987,105,30155C97D461A7C000E0DD3C,"PLC, Product detaljeret, Aarhus, Okt. 2023.xlsx",1.608555611474585,T-shirt
01589 T-shirt unisex mblå k/æ,Alm.slid uden restværdi,1,1986,92,300ED89F3350007FE26807A8,"PLC, Product detaljeret, Aarhus, Okt. 2023.xlsx",1.410110775427996,T-shirt
01717 T-shirt unisex kblå pb,Alm.slid uden restværdi,1,1981,90,30155C97D461A7C00117037B,"PLC, Product detaljeret, Aarhus, Okt. 2023.xlsx",1.3829379101463908,T-shirt
01589 T-shirt unisex mblå k/æ,Alm.slid uden restværdi,1,1977,33,30155C97D461A7C00111EDF2,"PLC, Product detaljeret, Aarhus, Okt. 2023.xlsx",0.508103186646434,T-shirt
03885 T-Shirt Lysblå Lady K/Æ P/B,Alm.slid uden restværdi,1,1974,87,30155C97D461A7C00102F7E0,"PLC, Product detaljeret, Aarhus, Okt. 2023.xlsx",1.341580547112462,T-shirt
01589 T-shirt unisex mblå k/æ,Alm.slid uden restværdi,1,1972,73,30155C97D461A7C00110C544,"PLC, Product detaljeret, Aarhus, Okt. 2023.xlsx",1.1268356997971605,T-shirt
01589 T-shirt unisex mblå k/æ,Alm.slid uden restværdi,1,1972,89,30155C97D461A7C00110C638,"PLC, Product detaljeret, Aarhus, Okt. 2023.xlsx",1.3738133874239353,T-shirt
01589 T-shirt unisex mblå k/æ,Alm.slid uden restværdi,1,1972,95,30155C97D461A7C00110C67A,"PLC, Product detaljeret, Aarhus, Okt. 2023.xlsx",1.4664300202839757,T-shirt
03885 T-Shirt Lysblå Lady K/Æ P/B,Alm.slid uden restværdi,1,1964,29,30155C97D461A7C000DF2730,"PLC, Product detaljeret, Aarhus, Okt. 2023.xlsx",0.4494704684317719,T-shirt
01589 T-shirt unisex mblå k/æ,Alm.slid uden restværdi,1,1963,21,30155C97D461A7C00134529E,"PLC, Product detaljeret, Aarhus, Okt. 2023.xlsx",0.3256444218033622,T-shirt
03885 T-Shirt Lysblå Lady K/Æ P/B,Alm.slid uden restværdi,1,1960,72,30155C97D461A7C001036545,"PLC, Product detaljeret, Aarhus, Okt. 2023.xlsx",1.1182040816326533,T-shirt
01717 T-shirt unisex kblå pb,Alm.slid uden restværdi,1,1952,43,30155C97D461A7C00116ECD6,"PLC, Product detaljeret, Aarhus, Okt. 2023.xlsx",0.6705532786885247,T-shirt
03885 T-Shirt Lysblå Lady K/Æ P/B,Alm.slid uden restværdi,1,1950,52,30155C97D461A7C000E0A08E,"PLC, Product detaljeret, Aarhus, Okt. 2023.xlsx",0.8117333333333334,T-shirt
03885 T-Shirt Lysblå Lady K/Æ P/B,Alm.slid uden restværdi,1,1950,56,30155C97D461A7C000E0A0EE,"PLC, Product detaljeret, Aarhus, Okt. 2023.xlsx",0.874174358974359,T-shirt
03885 T-Shirt Lysblå Lady K/Æ P/B,Alm.slid uden restværdi,1,1950,52,30155C97D461A7C000E0A1D3,"PLC, Product detaljeret, Aarhus, Okt. 2023.xlsx",0.8117333333333334,T-shirt
03885 T-Shirt Lysblå Lady K/Æ P/B,Alm.slid uden restværdi,1,1950,16,30155C97D461A7C0010379E5,"PLC, Product detaljeret, Aarhus, Okt. 2023.xlsx",0.24976410256410259,T-shirt
03885 T-Shirt Lysblå Lady K/Æ P/B,Alm.slid uden restværdi,1,1940,58,30155C97D461A7C000E022AB,"PLC, Product detaljeret, Aarhus, Okt. 2023.xlsx",0.9100618556701032,T-shirt
03885 T-Shirt Lysblå Lady K/Æ P/B,Alm.slid uden restværdi,1,1939,16,30155C97D461A7C0007D16FA,"PLC, Product detaljeret, Aarhus, Okt. 2023.xlsx",0.2511810211449201,T-shirt
03885 T-Shirt Lysblå Lady K/Æ P/B,Alm.slid uden restværdi,1,1938,69,30155C97D461A7C000E0DB0B,"PLC, Product detaljeret, Aarhus, Okt. 2023.xlsx",1.083777089783282,T-shirt
03885 T-Shirt Lysblå Lady K/Æ P/B,Alm.slid uden restværdi,1,1938,54,30155C97D461A7C000E0DCB5,"PLC, Product detaljeret, Aarhus, Okt. 2023.xlsx",0.8481733746130031,T-shirt
03885 T-Shirt Lysblå Lady K/Æ P/B,Alm.slid uden restværdi,1,1937,15,30155C97D461A7C00133096E,"PLC, Product detaljeret, Aarhus, Okt. 2023.xlsx",0.23572534847702636,T-shirt
01589 T-shirt unisex mblå k/æ,Alm.slid uden restværdi,1,1931,21,30155C97D461A7C001356CB5,"PLC, Product detaljeret, Aarhus, Okt. 2023.xlsx",0.33104091144484726,T-shirt
01589 T-shirt unisex mblå k/æ,Alm.slid uden restværdi,1,1930,14,30155C97D461A7C001356C61,"PLC, Product detaljeret, Aarhus, Okt. 2023.xlsx",0.22080829015544043,T-shirt
13658 T-shirt dame lyseblå Prowear,Alm.slid uden restværdi,1,1916,119,300ED89F33500060009D77F4,"PLC, Product detaljeret, Aarhus, Okt. 2023.xlsx",1.8905845511482255,T-shirt
01589 T-shirt unisex mblå k/æ,Alm.slid uden restværdi,1,1902,82,300ED89F33500060009D8970,"PLC, Product detaljeret, Aarhus, Okt. 2023.xlsx",1.3123449001051526,T-shirt
13658 T-shirt dame lyseblå Prowear,Alm.slid uden restværdi,1,1897,101,300ED89F33500060009D7A66,"PLC, Product detaljeret, Aarhus, Okt. 2023.xlsx",1.6206852925672113,T-shirt
01427 T-shirt unisex lyseblå pb,Alm.slid uden restværdi,1,1884,87,30155C97D461A7C001186B1B,"PLC, Product detaljeret, Aarhus, Okt. 2023.xlsx",1.405668789808917,T-shirt
01589 T-shirt unisex mblå k/æ,Alm.slid uden restværdi,1,1848,64,30155C97D461A7C0016757AF,"PLC, Product detaljeret, Aarhus, Okt. 2023.xlsx",1.0541991341991341,T-shirt
13658 T-shirt dame lyseblå Prowear,Alm.slid uden restværdi,1,1848,79,300ED89F335000400183D6FF,"PLC, Product detaljeret, Aarhus, Okt. 2023.xlsx",1.3012770562770564,T-shirt
01589 T-shirt unisex mblå k/æ,Alm.slid uden restværdi,1,1817,126,30155C97D461A7C0015138B7,"PLC, Product detaljeret, Aarhus, Okt. 2023.xlsx",2.1108640616400662,T-shirt
01589 T-shirt unisex mblå k/æ,Alm.slid uden restværdi,1,1809,123,30155C97D461A7C001514682,"PLC, Product detaljeret, Aarhus, Okt. 2023.xlsx",2.0697180762852403,T-shirt
01589 T-shirt unisex mblå k/æ,Alm.slid uden restværdi,1,1809,129,30155C97D461A7C001530F12,"PLC, Product detaljeret, Aarhus, Okt. 2023.xlsx",2.170679933665008,T-shirt
01589 T-shirt unisex mblå k/æ,Alm.slid uden restværdi,1,1806,158,30155C97D461A7C0013FF19B,"PLC, Product detaljeret, Aarhus, Okt. 2023.xlsx",2.663078626799557,T-shirt
01589 T-shirt unisex mblå k/æ,Alm.slid uden restværdi,1,1793,136,30155C97D461A7C0013FF2A2,"PLC, Product detaljeret, Aarhus, Okt. 2023.xlsx",2.3088901282766314,T-shirt
01427 T-shirt unisex lyseblå pb,Alm.slid uden restværdi,1,1777,102,30155C97D461A7C001179B3B,"PLC, Product detaljeret, Aarhus, Okt. 2023.xlsx",1.7472594259988747,T-shirt
01427 T-shirt unisex lyseblå pb,Alm.slid uden restværdi,1,1775,49,300ED89F33500060009D93DF,"PLC, Product detaljeret, Aarhus, Okt. 2023.xlsx",0.8403154929577465,T-shirt
01589 T-shirt unisex mblå k/æ,Alm.slid uden restværdi,1,1773,86,30155C97D461A7C001670980,"PLC, Product detaljeret, Aarhus, Okt. 2023.xlsx",1.4765031020868586,T-shirt
01589 T-shirt unisex mblå k/æ,Alm.slid uden restværdi,1,1751,67,30155C97D461A7C00140A291,"PLC, Product detaljeret, Aarhus, Okt. 2023.xlsx",1.164751570531125,T-shirt
01589 T-shirt unisex mblå k/æ,Alm.slid uden restværdi,1,1712,86,30155C97D461A7C001186A69,"PLC, Product detaljeret, Aarhus, Okt. 2023.xlsx",1.5291121495327102,T-shirt
03885 T-Shirt Lysblå Lady K/Æ P/B,Alm.slid uden restværdi,1,1705,13,30155C97D461A7C001037A81,"PLC, Product detaljeret, Aarhus, Okt. 2023.xlsx",0.23209384164222874,T-shirt
01589 T-shirt unisex mblå k/æ,Alm.slid uden restværdi,1,1702,76,30155C97D461A7C0020A9AAD,"PLC, Product detaljeret, Aarhus, Okt. 2023.xlsx",1.3592479435957698,T-shirt
01589 T-shirt unisex mblå k/æ,Alm.slid uden restværdi,1,1699,16,30155C97D461A7C0013FDC0C,"PLC, Product detaljeret, Aarhus, Okt. 2023.xlsx",0.2866627427898764,T-shirt
01589 T-shirt unisex mblå k/æ,Alm.slid uden restværdi,1,1696,56,300ED89F33500060009D89EB,"PLC, Product detaljeret, Aarhus, Okt. 2023.xlsx",1.0050943396226415,T-shirt
01717 T-shirt unisex kblå pb,Alm.slid uden restværdi,1,1695,103,30155C97D461A7C0013FEE5F,"PLC, Product detaljeret, Aarhus, Okt. 2023.xlsx",1.8497463126843658,T-shirt
09610 T-Shirt Lady Lysblå Bom,Alm.slid uden restværdi,1,1681,48,30155C97D461A7C001D42F3B,"PLC, Product detaljeret, Aarhus, Okt. 2023.xlsx",0.8691969066032124,T-shirt
01589 T-shirt unisex mblå k/æ,Alm.slid uden restværdi,1,1669,52,30155C97D461A7C0020A8C47,"PLC, Product detaljeret, Aarhus, Okt. 2023.xlsx",0.9484002396644697,T-shirt
01589 T-shirt unisex mblå k/æ,Alm.slid uden restværdi,1,1617,111,30155C97D461A7C00203DDDE,"PLC, Product detaljeret, Aarhus, Okt. 2023.xlsx",2.089573283858998,T-shirt
01589 T-shirt unisex mblå k/æ,Alm.slid uden restværdi,1,1613,35,30155C97D461A7C002049BAF,"PLC, Product detaljeret, Aarhus, Okt. 2023.xlsx",0.6605083694978301,T-shirt
03885 T-Shirt Lysblå Lady K/Æ P/B,Alm.slid uden restværdi,1,1612,34,30155C97D461A7C0016AB87C,"PLC, Product detaljeret, Aarhus, Okt. 2023.xlsx",0.6420347394540944,T-shirt
03885 T-Shirt Lysblå Lady K/Æ P/B,Alm.slid uden restværdi,1,1576,55,30155C97D461A7C001384CB8,"PLC, Product detaljeret, Aarhus, Okt. 2023.xlsx",1.0623096446700508,T-shirt
03885 T-Shirt Lysblå Lady K/Æ P/B,Alm.slid uden restværdi,1,1572,86,30155C97D461A7C001384C3C,"PLC, Product detaljeret, Aarhus, Okt. 2023.xlsx",1.6652926208651402,T-shirt
09610 T-Shirt Lady Lysblå Bom,Alm.slid uden restværdi,1,1563,80,30155C97D461A7C001EA7FB3,"PLC, Product detaljeret, Aarhus, Okt. 2023.xlsx",1.5580294305822138,T-shirt
01589 T-shirt unisex mblå k/æ,Alm.slid uden restværdi,1,1542,51,30155C97D461A7C0020A8B89,"PLC, Product detaljeret, Aarhus, Okt. 2023.xlsx",1.0067704280155643,T-shirt
01589 T-shirt unisex mblå k/æ,Alm.slid uden restværdi,1,1535,56,30155C97D461A7C001CC3EC2,"PLC, Product detaljeret, Aarhus, Okt. 2023.xlsx",1.1105146579804561,T-shirt
13658 T-shirt dame lyseblå Prowear,Alm.slid uden restværdi,1,1511,92,300ED89F335000400183CA58,"PLC, Product detaljeret, Aarhus, Okt. 2023.xlsx",1.8533951025810722,T-shirt
01717 T-shirt unisex kblå pb,Alm.slid uden restværdi,1,1508,75,30155C97D461A7C00210FB0A,"PLC, Product detaljeret, Aarhus, Okt. 2023.xlsx",1.5139257294429709,T-shirt
01589 T-shirt unisex mblå k/æ,Alm.slid uden restværdi,1,1501,38,30155C97D461A7C001EA8D52,"PLC, Product detaljeret, Aarhus, Okt. 2023.xlsx",0.7706329113924051,T-shirt
01589 T-shirt unisex mblå k/æ,Alm.slid uden restværdi,1,1486,67,30155C97D461A7C001F6E1B4,"PLC, Product detaljeret, Aarhus, Okt. 2023.xlsx",1.3724629878869448,T-shirt
01589 T-shirt unisex mblå k/æ,Alm.slid uden restværdi,1,1469,22,30155C97D461A7C00203F399,"PLC, Product detaljeret, Aarhus, Okt. 2023.xlsx",0.4558747447243023,T-shirt
01589 T-shirt unisex mblå k/æ,Alm.slid uden restværdi,1,1456,86,300ED89F3350004000D33FBD,"PLC, Product detaljeret, Aarhus, Okt. 2023.xlsx",1.797967032967033,T-shirt
01589 T-shirt unisex mblå k/æ,Alm.slid uden restværdi,1,1447,100,30155C97D461A7C001F70D1E,"PLC, Product detaljeret, Aarhus, Okt. 2023.xlsx",2.1036627505183136,T-shirt
01589 T-shirt unisex mblå k/æ,Alm.slid uden restværdi,1,1439,65,30155C97D461A7C002284025,"PLC, Product detaljeret, Aarhus, Okt. 2023.xlsx",1.3749826268241836,T-shirt
01589 T-shirt unisex mblå k/æ,Alm.slid uden restværdi,1,1432,89,30155C97D461A7C002283F46,"PLC, Product detaljeret, Aarhus, Okt. 2023.xlsx",1.8918715083798883,T-shirt
01589 T-shirt unisex mblå k/æ,Alm.slid uden restværdi,1,1432,69,30155C97D461A7C0022840AF,"PLC, Product detaljeret, Aarhus, Okt. 2023.xlsx",1.466731843575419,T-shirt
26055 T-shirt 1/2 ærme da lyseblå,Alm.slid uden restværdi,1,1427,100,30155C97D461A7C0006A9DE5,"PLC, Product detaljeret, Aarhus, Okt. 2023.xlsx",2.133146461107218,T-shirt
26055 T-shirt 1/2 ærme da lyseblå,Alm.slid uden restværdi,1,1427,72,30155C97D461A7C0006A9DEC,"PLC, Product detaljeret, Aarhus, Okt. 2023.xlsx",1.535865451997197,T-shirt
01589 T-shirt unisex mblå k/æ,Alm.slid uden restværdi,1,1426,46,30155C97D461A7C001F70BF9,"PLC, Product detaljeret, Aarhus, Okt. 2023.xlsx",0.9819354838709677,T-shirt
26056 T-shirt k/æ dame lyseblå,Alm.slid uden restværdi,1,1426,78,30155C97D461A7C0005C4569,"PLC, Product detaljeret, Aarhus, Okt. 2023.xlsx",1.6650210378681627,T-shirt
26056 T-shirt k/æ dame lyseblå,Alm.slid uden restværdi,1,1426,83,30155C97D461A7C0005C4600,"PLC, Product detaljeret, Aarhus, Okt. 2023.xlsx",1.7717531556802244,T-shirt
26056 T-shirt k/æ dame lyseblå,Alm.slid uden restværdi,1,1426,92,30155C97D461A7C001EF700E,"PLC, Product detaljeret, Aarhus, Okt. 2023.xlsx",1.9638709677419355,T-shirt
26056 T-shirt k/æ dame lyseblå,Alm.slid uden restværdi,1,1426,101,30155C97D461A7C001EF7093,"PLC, Product detaljeret, Aarhus, Okt. 2023.xlsx",2.155988779803647,T-shirt
26056 T-shirt k/æ dame lyseblå,Alm.slid uden restværdi,1,1426,104,30155C97D461A7C001EF70EC,"PLC, Product detaljeret, Aarhus, Okt. 2023.xlsx",2.2200280504908836,T-shirt
26056 T-shirt k/æ dame lyseblå,Alm.slid uden restværdi,1,1426,97,30155C97D461A7C001EF70F6,"PLC, Product detaljeret, Aarhus, Okt. 2023.xlsx",2.0706030855539974,T-shirt
26056 T-shirt k/æ dame lyseblå,Alm.slid uden restværdi,1,1426,59,30155C97D461A7C001EF711B,"PLC, Product detaljeret, Aarhus, Okt. 2023.xlsx",1.2594389901823282,T-shirt
26056 T-shirt k/æ dame lyseblå,Alm.slid uden restværdi,1,1426,87,30155C97D461A7C001EF7169,"PLC, Product detaljeret, Aarhus, Okt. 2023.xlsx",1.8571388499298738,T-shirt
26056 T-shirt k/æ dame lyseblå,Alm.slid uden restværdi,1,1419,73,30155C97D461A7C001EF70F0,"PLC, Product detaljeret, Aarhus, Okt. 2023.xlsx",1.5659760394644116,T-shirt
26056 T-shirt k/æ dame lyseblå,Alm.slid uden restværdi,1,1416,70,30155C97D461A7C0021BEEFB,"PLC, Product detaljeret, Aarhus, Okt. 2023.xlsx",1.5048022598870059,T-shirt
26056 T-shirt k/æ dame lyseblå,Alm.slid uden restværdi,1,1416,74,30155C97D461A7C0021BEF09,"PLC, Product detaljeret, Aarhus, Okt. 2023.xlsx",1.5907909604519774,T-shirt
26056 T-shirt k/æ dame lyseblå,Alm.slid uden restværdi,1,1414,78,30155C97D461A7C001EF70E2,"PLC, Product detaljeret, Aarhus, Okt. 2023.xlsx",1.6791513437057992,T-shirt
26056 T-shirt k/æ dame lyseblå,Alm.slid uden restværdi,1,1414,79,30155C97D461A7C001EF70FA,"PLC, Product detaljeret, Aarhus, Okt. 2023.xlsx",1.7006789250353607,T-shirt
26056 T-shirt k/æ dame lyseblå,Alm.slid uden restværdi,1,1414,60,30155C97D461A7C00219DD3F,"PLC, Product detaljeret, Aarhus, Okt. 2023.xlsx",1.2916548797736918,T-shirt
26056 T-shirt k/æ dame lyseblå,Alm.slid uden restværdi,1,1412,80,30155C97D461A7C00219DE52,"PLC, Product detaljeret, Aarhus, Okt. 2023.xlsx",1.7246458923512749,T-shirt
26056 T-shirt k/æ dame lyseblå,Alm.slid uden restværdi,1,1412,59,30155C97D461A7C00219DE6B,"PLC, Product detaljeret, Aarhus, Okt. 2023.xlsx",1.2719263456090653,T-shirt
26056 T-shirt k/æ dame lyseblå,Alm.slid uden restværdi,1,1412,57,30155C97D461A7C0021BF02E,"PLC, Product detaljeret, Aarhus, Okt. 2023.xlsx",1.2288101983002833,T-shirt
26056 T-shirt k/æ dame lyseblå,Alm.slid uden restværdi,1,1409,76,30155C97D461A7C0021BEF0A,"PLC, Product detaljeret, Aarhus, Okt. 2023.xlsx",1.6419020581973032,T-shirt
26056 T-shirt k/æ dame lyseblå,Alm.slid uden restværdi,1,1409,87,30155C97D461A7C0021BEF9C,"PLC, Product detaljeret, Aarhus, Okt. 2023.xlsx",1.8795457771469128,T-shirt
01589 T-shirt unisex mblå k/æ,Alm.slid uden restværdi,1,1407,45,30155C97D461A7C001F70BCD,"PLC, Product detaljeret, Aarhus, Okt. 2023.xlsx",0.9735607675906184,T-shirt
01589 T-shirt unisex mblå k/æ,Alm.slid uden restværdi,1,1404,66,30155C97D461A7C00229093C,"PLC, Product detaljeret, Aarhus, Okt. 2023.xlsx",1.430940170940171,T-shirt
01589 T-shirt unisex mblå k/æ,Alm.slid uden restværdi,1,1404,49,30155C97D461A7C002290AE4,"PLC, Product detaljeret, Aarhus, Okt. 2023.xlsx",1.0623646723646725,T-shirt
01589 T-shirt unisex mblå k/æ,Alm.slid uden restværdi,1,1404,8,30155C97D461A7C002291D6B,"PLC, Product detaljeret, Aarhus, Okt. 2023.xlsx",0.17344729344729345,T-shirt
26055 T-shirt 1/2 ærme da lyseblå,Alm.slid uden restværdi,1,1392,119,30155C97D461A7C00214D3E9,"PLC, Product detaljeret, Aarhus, Okt. 2023.xlsx",2.6022701149425287,T-shirt
08398 T-shirt unisex mblå k/æ bom,Alm.slid uden restværdi,1,1391,64,30155C97D461A7C00276F05C,"PLC, Product detaljeret, Aarhus, Okt. 2023.xlsx",1.4005463695183322,T-shirt
01589 T-shirt unisex mblå k/æ,Alm.slid uden restværdi,1,1384,14,30155C97D461A7C0020EE546,"PLC, Product detaljeret, Aarhus, Okt. 2023.xlsx",0.30791907514450867,T-shirt
01589 T-shirt unisex mblå k/æ,Alm.slid uden restværdi,1,1381,17,30155C97D461A7C0022AF369,"PLC, Product detaljeret, Aarhus, Okt. 2023.xlsx",0.3747139753801593,T-shirt
08398 T-shirt unisex mblå k/æ bom,Alm.slid uden restværdi,1,1370,32,30155C97D461A7C002677034,"PLC, Product detaljeret, Aarhus, Okt. 2023.xlsx",0.711007299270073,T-shirt
26056 T-shirt k/æ dame lyseblå,Alm.slid uden restværdi,1,1365,84,30155C97D461A7C001FC4BAB,"PLC, Product detaljeret, Aarhus, Okt. 2023.xlsx",1.8732307692307695,T-shirt
26056 T-shirt k/æ dame lyseblå,Alm.slid uden restværdi,1,1365,79,30155C97D461A7C001FC4BC0,"PLC, Product detaljeret, Aarhus, Okt. 2023.xlsx",1.7617289377289378,T-shirt
01589 T-shirt unisex mblå k/æ,Alm.slid uden restværdi,1,1362,25,30155C97D461A7C002286825,"PLC, Product detaljeret, Aarhus, Okt. 2023.xlsx",0.5587371512481645,T-shirt
01589 T-shirt unisex mblå k/æ,Alm.slid uden restværdi,1,1356,60,30155C97D461A7C00226E346,"PLC, Product detaljeret, Aarhus, Okt. 2023.xlsx",1.3469026548672567,T-shirt
01589 T-shirt unisex mblå k/æ,Alm.slid uden restværdi,1,1353,84,300ED89F33500060009D8951,"PLC, Product detaljeret, Aarhus, Okt. 2023.xlsx",1.8898447893569847,T-shirt
12151 T-shirt 1/2 æ lady lblå PB,Alm.slid uden restværdi,1,1337,8,30155C97D461A7C001F4906F,"PLC, Product detaljeret, Aarhus, Okt. 2023.xlsx",0.18213911742707556,T-shirt
12151 T-shirt 1/2 æ lady lblå PB,Alm.slid uden restværdi,1,1337,31,30155C97D461A7C001F5C365,"PLC, Product detaljeret, Aarhus, Okt. 2023.xlsx",0.7057890800299178,T-shirt
12151 T-shirt 1/2 æ lady lblå PB,Alm.slid uden restværdi,1,1337,30,30155C97D461A7C001F5C372,"PLC, Product detaljeret, Aarhus, Okt. 2023.xlsx",0.6830216903515334,T-shirt
12151 T-shirt 1/2 æ lady lblå PB,Alm.slid uden restværdi,1,1337,9,30155C97D461A7C001F5C396,"PLC, Product detaljeret, Aarhus, Okt. 2023.xlsx",0.20490650710546,T-shirt
12151 T-shirt 1/2 æ lady lblå PB,Alm.slid uden restværdi,1,1337,32,30155C97D461A7C001F5C48C,"PLC, Product detaljeret, Aarhus, Okt. 2023.xlsx",0.7285564697083022,T-shirt
12151 T-shirt 1/2 æ lady lblå PB,Alm.slid uden restværdi,1,1337,27,30155C97D461A7C00223D70D,"PLC, Product detaljeret, Aarhus, Okt. 2023.xlsx",0.61471952131638,T-shirt
12151 T-shirt 1/2 æ lady lblå PB,Alm.slid uden restværdi,1,1337,33,30155C97D461A7C00223D7DD,"PLC, Product detaljeret, Aarhus, Okt. 2023.xlsx",0.7513238593866867,T-shirt
12151 T-shirt 1/2 æ lady lblå PB,Alm.slid uden restværdi,1,1337,21,30155C97D461A7C00223D7F0,"PLC, Product detaljeret, Aarhus, Okt. 2023.xlsx",0.47811518324607327,T-shirt
12151 T-shirt 1/2 æ lady lblå PB,Alm.slid uden restværdi,1,1336,28,30155C97D461A7C001F5C2B2,"PLC, Product detaljeret, Aarhus, Okt. 2023.xlsx",0.6379640718562875,T-shirt
24597 T-shirt You unisex Kornblå,Alm.slid uden restværdi,1,1335,49,30155C97D461A7C00231726B,"PLC, Product detaljeret, Aarhus, Okt. 2023.xlsx",1.1172734082397004,T-shirt
24597 T-shirt You unisex Kornblå,Alm.slid uden restværdi,1,1335,68,30155C97D461A7C002317364,"PLC, Product detaljeret, Aarhus, Okt. 2023.xlsx",1.550501872659176,T-shirt
24597 T-shirt You unisex Kornblå,Alm.slid uden restværdi,1,1335,55,30155C97D461A7C002317369,"PLC, Product detaljeret, Aarhus, Okt. 2023.xlsx",1.2540823970037454,T-shirt
12151 T-shirt 1/2 æ lady lblå PB,Alm.slid uden restværdi,1,1331,19,30155C97D461A7C001F5BCAD,"PLC, Product detaljeret, Aarhus, Okt. 2023.xlsx",0.43453042824943655,T-shirt
26056 T-shirt k/æ dame lyseblå,Alm.slid uden restværdi,1,1328,55,30155C97D461A7C00219DE67,"PLC, Product detaljeret, Aarhus, Okt. 2023.xlsx",1.2606927710843374,T-shirt
24597 T-shirt You unisex Kornblå,Alm.slid uden restværdi,1,1327,60,30155C97D461A7C002317233,"PLC, Product detaljeret, Aarhus, Okt. 2023.xlsx",1.3763376036171817,T-shirt
24597 T-shirt You unisex Kornblå,Alm.slid uden restværdi,1,1327,59,30155C97D461A7C002317257,"PLC, Product detaljeret, Aarhus, Okt. 2023.xlsx",1.3533986435568952,T-shirt
24597 T-shirt You unisex Kornblå,Alm.slid uden restværdi,1,1327,61,30155C97D461A7C002317265,"PLC, Product detaljeret, Aarhus, Okt. 2023.xlsx",1.399276563677468,T-shirt
24597 T-shirt You unisex Kornblå,Alm.slid uden restværdi,1,1325,54,30155C97D461A7C00231729C,"PLC, Product detaljeret, Aarhus, Okt. 2023.xlsx",1.2405735849056605,T-shirt
01589 T-shirt unisex mblå k/æ,Alm.slid uden restværdi,1,1314,31,30155C97D461A7C00276FE76,"PLC, Product detaljeret, Aarhus, Okt. 2023.xlsx",0.7181430745814308,T-shirt
26056 T-shirt k/æ dame lyseblå,Alm.slid uden restværdi,1,1314,58,30155C97D461A7C001EF7113,"PLC, Product detaljeret, Aarhus, Okt. 2023.xlsx",1.3436225266362252,T-shirt
01589 T-shirt unisex mblå k/æ,Alm.slid uden restværdi,1,1310,84,30155C97D461A7C002290213,"PLC, Product detaljeret, Aarhus, Okt. 2023.xlsx",1.95187786259542,T-shirt
01589 T-shirt unisex mblå k/æ,Alm.slid uden restværdi,1,1310,34,30155C97D461A7C00229BFAC,"PLC, Product detaljeret, Aarhus, Okt. 2023.xlsx",0.7900458015267176,T-shirt
01589 T-shirt unisex mblå k/æ,Alm.slid uden restværdi,1,1310,73,30155C97D461A7C002676E0D,"PLC, Product detaljeret, Aarhus, Okt. 2023.xlsx",1.6962748091603053,T-shirt
01589 T-shirt unisex mblå k/æ,Alm.slid uden restværdi,1,1310,42,30155C97D461A7C002676E84,"PLC, Product detaljeret, Aarhus, Okt. 2023.xlsx",0.97593893129771,T-shirt
01589 T-shirt unisex mblå k/æ,Alm.slid uden restværdi,1,1308,34,30155C97D461A7C00276FF69,"PLC, Product detaljeret, Aarhus, Okt. 2023.xlsx",0.7912538226299695,T-shirt
24597 T-shirt You unisex Kornblå,Alm.slid uden restværdi,1,1308,52,30155C97D461A7C002317333,"PLC, Product detaljeret, Aarhus, Okt. 2023.xlsx",1.2101529051987767,T-shirt
01589 T-shirt unisex mblå k/æ,Alm.slid uden restværdi,1,1307,64,30155C97D461A7C00229021A,"PLC, Product detaljeret, Aarhus, Okt. 2023.xlsx",1.490558530986993,T-shirt
24593 T-shirt You dame Kornblå,Alm.slid uden restværdi,1,1307,33,30155C97D461A7C0023174B5,"PLC, Product detaljeret, Aarhus, Okt. 2023.xlsx",0.7685692425401683,T-shirt
24762 T-shirt da k/æ blåmela Pro,Alm.slid uden restværdi,1,1307,42,30155C97D461A7C0023B8057,"PLC, Product detaljeret, Aarhus, Okt. 2023.xlsx",0.9781790359602143,T-shirt
24597 T-shirt You unisex Kornblå,Alm.slid uden restværdi,1,1303,50,30155C97D461A7C001FC403D,"PLC, Product detaljeret, Aarhus, Okt. 2023.xlsx",1.168073676132003,T-shirt
26056 T-shirt k/æ dame lyseblå,Alm.slid uden restværdi,1,1287,45,30155C97D461A7C0008A6495,"PLC, Product detaljeret, Aarhus, Okt. 2023.xlsx",1.0643356643356645,T-shirt
24593 T-shirt You dame Kornblå,Alm.slid uden restværdi,1,1282,13,30155C97D461A7C0022F9984,"PLC, Product detaljeret, Aarhus, Okt. 2023.xlsx",0.30867394695787836,T-shirt
24593 T-shirt You dame Kornblå,Alm.slid uden restværdi,1,1277,14,30155C97D461A7C002307298,"PLC, Product detaljeret, Aarhus, Okt. 2023.xlsx",0.33371965544244325,T-shirt
01589 T-shirt unisex mblå k/æ,Alm.slid uden restværdi,1,1262,47,30155C97D461A7C0011211E7,"PLC, Product detaljeret, Aarhus, Okt. 2023.xlsx",1.1336608557844692,T-shirt
01589 T-shirt unisex mblå k/æ,Alm.slid uden restværdi,1,1256,38,30155C97D461A7C0023BEB32,"PLC, Product detaljeret, Aarhus, Okt. 2023.xlsx",0.920955414012739,T-shirt
13658 T-shirt dame lyseblå Prowear,Alm.slid uden restværdi,1,1241,58,30155C97D461A7C0024496FD,"PLC, Product detaljeret, Aarhus, Okt. 2023.xlsx",1.422659145850121,T-shirt
01427 T-shirt unisex lyseblå pb,Alm.slid uden restværdi,1,1227,42,30155C97D461A7C001F15BC3,"PLC, Product detaljeret, Aarhus, Okt. 2023.xlsx",1.0419559902200488,T-shirt
01589 T-shirt unisex mblå k/æ,Alm.slid uden restværdi,1,1225,34,30155C97D461A7C0023C5832,"PLC, Product detaljeret, Aarhus, Okt. 2023.xlsx",0.844865306122449,T-shirt
13658 T-shirt dame lyseblå Prowear,Alm.slid uden restværdi,1,1219,55,30155C97D461A7C002449619,"PLC, Product detaljeret, Aarhus, Okt. 2023.xlsx",1.3734208367514358,T-shirt
01589 T-shirt unisex mblå k/æ,Alm.slid uden restværdi,1,1212,66,30155C97D461A7C0023C56CB,"PLC, Product detaljeret, Aarhus, Okt. 2023.xlsx",1.6576237623762378,T-shirt
01589 T-shirt unisex mblå k/æ,Alm.slid uden restværdi,1,1212,60,30155C97D461A7C0023C5851,"PLC, Product detaljeret, Aarhus, Okt. 2023.xlsx",1.5069306930693072,T-shirt
01589 T-shirt unisex mblå k/æ,Alm.slid uden restværdi,1,1212,60,30155C97D461A7C002752C6A,"PLC, Product detaljeret, Aarhus, Okt. 2023.xlsx",1.5069306930693072,T-shirt
01427 T-shirt unisex lyseblå pb,Alm.slid uden restværdi,1,1209,80,30155C97D461A7C00230172F,"PLC, Product detaljeret, Aarhus, Okt. 2023.xlsx",2.0142266335814725,T-shirt
01427 T-shirt unisex lyseblå pb,Alm.slid uden restværdi,1,1209,70,30155C97D461A7C002302835,"PLC, Product detaljeret, Aarhus, Okt. 2023.xlsx",1.7624483043837882,T-shirt
01427 T-shirt unisex lyseblå pb,Alm.slid uden restværdi,1,1208,64,30155C97D461A7C00230287C,"PLC, Product detaljeret, Aarhus, Okt. 2023.xlsx",1.6127152317880795,T-shirt
01589 T-shirt unisex mblå k/æ,Alm.slid uden restværdi,1,1206,18,30155C97D461A7C0023C5999,"PLC, Product detaljeret, Aarhus, Okt. 2023.xlsx",0.45432835820895523,T-shirt
24597 T-shirt You unisex Kornblå,Alm.slid uden restværdi,1,1186,52,30155C97D461A7C002696E08,"PLC, Product detaljeret, Aarhus, Okt. 2023.xlsx",1.334637436762226,T-shirt
03885 T-Shirt Lysblå Lady K/Æ P/B,Alm.slid uden restværdi,1,1184,56,30155C97D461A7C000E0E021,"PLC, Product detaljeret, Aarhus, Okt. 2023.xlsx",1.4397297297297298,T-shirt
24593 T-shirt You dame Kornblå,Alm.slid uden restværdi,1,1172,1,30155C97D461A7C00231747E,"PLC, Product detaljeret, Aarhus, Okt. 2023.xlsx",0.02597269624573379,T-shirt
01589 T-shirt unisex mblå k/æ,Alm.slid uden restværdi,1,1136,49,30155C97D461A7C002913AB7,"PLC, Product detaljeret, Aarhus, Okt. 2023.xlsx",1.312992957746479,T-shirt
01589 T-shirt unisex mblå k/æ,Alm.slid uden restværdi,1,1136,50,30155C97D461A7C002913AA2,"PLC, Product detaljeret, Aarhus, Okt. 2023.xlsx",1.3397887323943662,T-shirt
03885 T-Shirt Lysblå Lady K/Æ P/B,Alm.slid uden restværdi,1,1122,53,30155C97D461A7C001C859C7,"PLC, Product detaljeret, Aarhus, Okt. 2023.xlsx",1.4378966131907307,T-shirt
01589 T-shirt unisex mblå k/æ,Alm.slid uden restværdi,1,1112,47,30155C97D461A6C0000E8DCA,"PLC, Product detaljeret, Aarhus, Okt. 2023.xlsx",1.2865827338129496,T-shirt
01717 T-shirt unisex kblå pb,Alm.slid uden restværdi,1,1110,73,30155C97D461A6C0000F2B58,"PLC, Product detaljeret, Aarhus, Okt. 2023.xlsx",2.00190990990991,T-shirt
01589 T-shirt unisex mblå k/æ,Alm.slid uden restværdi,1,1109,57,30155C97D461A6C0000EF67E,"PLC, Product detaljeret, Aarhus, Okt. 2023.xlsx",1.5645446348061318,T-shirt
24593 T-shirt You dame Kornblå,Alm.slid uden restværdi,1,1107,11,30155C97D461A7C0023071E0,"PLC, Product detaljeret, Aarhus, Okt. 2023.xlsx",0.3024751580849142,T-shirt
03885 T-Shirt Lysblå Lady K/Æ P/B,Alm.slid uden restværdi,1,1079,19,30155C97D461A7C001C84F6E,"PLC, Product detaljeret, Aarhus, Okt. 2023.xlsx",0.5360148285449491,T-shirt
24762 T-shirt da k/æ blåmela Pro,Alm.slid uden restværdi,1,1067,29,30155C97D461A7C00229190F,"PLC, Product detaljeret, Aarhus, Okt. 2023.xlsx",0.8273289597000937,T-shirt
01427 T-shirt unisex lyseblå pb,Alm.slid uden restværdi,1,1063,12,30155C97D461A6C0000F126C,"PLC, Product detaljeret, Aarhus, Okt. 2023.xlsx",0.3436312323612418,T-shirt
01589 T-shirt unisex mblå k/æ,Alm.slid uden restværdi,1,1056,35,30155C97D461A6C0000F2057,"PLC, Product detaljeret, Aarhus, Okt. 2023.xlsx",1.008901515151515,T-shirt
01589 T-shirt unisex mblå k/æ,Alm.slid uden restværdi,1,1056,29,30155C97D461A6C0000F20B0,"PLC, Product detaljeret, Aarhus, Okt. 2023.xlsx",0.8359469696969697,T-shirt
01589 T-shirt unisex mblå k/æ,Alm.slid uden restværdi,1,1047,70,30155C97D461A6C000172482,"PLC, Product detaljeret, Aarhus, Okt. 2023.xlsx",2.035148042024833,T-shirt
01589 T-shirt unisex mblå k/æ,Alm.slid uden restværdi,1,1047,63,30155C97D461A6C000172591,"PLC, Product detaljeret, Aarhus, Okt. 2023.xlsx",1.8316332378223497,T-shirt
01589 T-shirt unisex mblå k/æ,Alm.slid uden restværdi,1,1047,64,30155C97D461A6C0001725A9,"PLC, Product detaljeret, Aarhus, Okt. 2023.xlsx",1.8607067812798472,T-shirt
01589 T-shirt unisex mblå k/æ,Alm.slid uden restværdi,1,1047,82,30155C97D461A6C0001725BC,"PLC, Product detaljeret, Aarhus, Okt. 2023.xlsx",2.3840305635148042,T-shirt
01427 T-shirt unisex lyseblå pb,Alm.slid uden restværdi,1,1041,33,30155C97D461A6C00012B96A,"PLC, Product detaljeret, Aarhus, Okt. 2023.xlsx",0.964956772334294,T-shirt
01589 T-shirt unisex mblå k/æ,Alm.slid uden restværdi,1,1041,75,30155C97D461A6C00017246C,"PLC, Product detaljeret, Aarhus, Okt. 2023.xlsx",2.1930835734870318,T-shirt
01589 T-shirt unisex mblå k/æ,Alm.slid uden restværdi,1,1041,72,30155C97D461A6C0001724F5,"PLC, Product detaljeret, Aarhus, Okt. 2023.xlsx",2.1053602305475505,T-shirt
01589 T-shirt unisex mblå k/æ,Alm.slid uden restværdi,1,1041,73,30155C97D461A6C000172500,"PLC, Product detaljeret, Aarhus, Okt. 2023.xlsx",2.134601344860711,T-shirt
01589 T-shirt unisex mblå k/æ,Alm.slid uden restværdi,1,1041,72,30155C97D461A6C0001725BE,"PLC, Product detaljeret, Aarhus, Okt. 2023.xlsx",2.1053602305475505,T-shirt
01589 T-shirt unisex mblå k/æ,Alm.slid uden restværdi,1,1031,29,30155C97D461A6C0000FE750,"PLC, Product detaljeret, Aarhus, Okt. 2023.xlsx",0.8562172647914646,T-shirt
26055 T-shirt 1/2 ærme da lyseblå,Alm.slid uden restværdi,1,1028,40,30155C97D461A7C00214C106,"PLC, Product detaljeret, Aarhus, Okt. 2023.xlsx",1.1844357976653697,T-shirt
01589 T-shirt unisex mblå k/æ,Alm.slid uden restværdi,1,1027,60,30155C97D461A6C0000FE770,"PLC, Product detaljeret, Aarhus, Okt. 2023.xlsx",1.7783836416747811,T-shirt
01589 T-shirt unisex mblå k/æ,Alm.slid uden restværdi,1,1022,26,30155C97D461A6C0002CDA23,"PLC, Product detaljeret, Aarhus, Okt. 2023.xlsx",0.7744031311154599,T-shirt
01589 T-shirt unisex mblå k/æ,Alm.slid uden restværdi,1,1022,25,30155C97D461A6C0002F117A,"PLC, Product detaljeret, Aarhus, Okt. 2023.xlsx",0.7446183953033269,T-shirt
01589 T-shirt unisex mblå k/æ,Alm.slid uden restværdi,1,1021,66,30155C97D461A6C0000FE70D,"PLC, Product detaljeret, Aarhus, Okt. 2023.xlsx",1.9677179236043094,T-shirt
01589 T-shirt unisex mblå k/æ,Alm.slid uden restværdi,1,1021,70,30155C97D461A6C0000FE795,"PLC, Product detaljeret, Aarhus, Okt. 2023.xlsx",2.086973555337904,T-shirt
01589 T-shirt unisex mblå k/æ,Alm.slid uden restværdi,1,1021,68,30155C97D461A6C0000FE88E,"PLC, Product detaljeret, Aarhus, Okt. 2023.xlsx",2.027345739471107,T-shirt
24597 T-shirt You unisex Kornblå,Alm.slid uden restværdi,1,1020,12,30155C97D461A7C00231667C,"PLC, Product detaljeret, Aarhus, Okt. 2023.xlsx",0.35811764705882354,T-shirt
24597 T-shirt You unisex Kornblå,Alm.slid uden restværdi,1,1016,9,30155C97D461A7C0023167BE,"PLC, Product detaljeret, Aarhus, Okt. 2023.xlsx",0.2696456692913386,T-shirt
26056 T-shirt k/æ dame lyseblå,Alm.slid uden restværdi,1,1015,69,30155C97D461A7C001EF70BC,"PLC, Product detaljeret, Aarhus, Okt. 2023.xlsx",2.0693201970443353,T-shirt
26055 T-shirt 1/2 ærme da lyseblå,Alm.slid uden restværdi,1,1012,28,30155C97D461A7C0022FB088,"PLC, Product detaljeret, Aarhus, Okt. 2023.xlsx",0.8422134387351778,T-shirt
24762 T-shirt da k/æ blåmela Pro,Alm.slid uden restværdi,1,997,43,30155C97D461A7C00229FF40,"PLC, Product detaljeret, Aarhus, Okt. 2023.xlsx",1.3128585757271816,T-shirt
08398 T-shirt unisex mblå k/æ bom,Alm.slid uden restværdi,1,996,45,30155C97D461A6C000170AE2,"PLC, Product detaljeret, Aarhus, Okt. 2023.xlsx",1.3753012048192772,T-shirt
01589 T-shirt unisex mblå k/æ,Alm.slid uden restværdi,1,995,35,30155C97D461A6C0002F41D1,"PLC, Product detaljeret, Aarhus, Okt. 2023.xlsx",1.0707537688442212,T-shirt
13658 T-shirt dame lyseblå Prowear,Alm.slid uden restværdi,1,983,82,30155C97D461A6C0001B3CA2,"PLC, Product detaljeret, Aarhus, Okt. 2023.xlsx",2.5392472024415054,T-shirt
26057 T-shirt k/æ uni lyseblå,Alm.slid uden restværdi,1,973,60,30155C97D461A7C002696F5C,"PLC, Product detaljeret, Aarhus, Okt. 2023.xlsx",1.877081192189106,T-shirt
26056 T-shirt k/æ dame lyseblå,Alm.slid uden restværdi,1,961,49,30155C97D461A7C0005C4689,"PLC, Product detaljeret, Aarhus, Okt. 2023.xlsx",1.5520915712799168,T-shirt
01589 T-shirt unisex mblå k/æ,Alm.slid uden restværdi,1,947,71,30155C97D461A6C000310F7D,"PLC, Product detaljeret, Aarhus, Okt. 2023.xlsx",2.282196409714889,T-shirt
01589 T-shirt unisex mblå k/æ,Alm.slid uden restværdi,1,946,43,30155C97D461A6C00039DE1B,"PLC, Product detaljeret, Aarhus, Okt. 2023.xlsx",1.3836363636363638,T-shirt
01589 T-shirt unisex mblå k/æ,Alm.slid uden restværdi,1,939,45,30155C97D461A6C00017397A,"PLC, Product detaljeret, Aarhus, Okt. 2023.xlsx",1.4587859424920129,T-shirt
01589 T-shirt unisex mblå k/æ,Alm.slid uden restværdi,1,939,50,30155C97D461A6C00017398B,"PLC, Product detaljeret, Aarhus, Okt. 2023.xlsx",1.6208732694355699,T-shirt
01589 T-shirt unisex mblå k/æ,Alm.slid uden restværdi,1,939,39,30155C97D461A6C0001739E8,"PLC, Product detaljeret, Aarhus, Okt. 2023.xlsx",1.2642811501597444,T-shirt
01589 T-shirt unisex mblå k/æ,Alm.slid uden restværdi,1,934,40,30155C97D461A6C000818165,"PLC, Product detaljeret, Aarhus, Okt. 2023.xlsx",1.3036402569593148,T-shirt
24762 T-shirt da k/æ blåmela Pro,Alm.slid uden restværdi,1,929,66,30155C97D461A6C0002CF2AF,"PLC, Product detaljeret, Aarhus, Okt. 2023.xlsx",2.1625834230355223,T-shirt
24762 T-shirt da k/æ blåmela Pro,Alm.slid uden restværdi,1,929,64,30155C97D461A6C0002CF37D,"PLC, Product detaljeret, Aarhus, Okt. 2023.xlsx",2.0970505920344453,T-shirt
24762 T-shirt da k/æ blåmela Pro,Alm.slid uden restværdi,1,929,53,30155C97D461A6C0002CF39B,"PLC, Product detaljeret, Aarhus, Okt. 2023.xlsx",1.7366200215285252,T-shirt
26055 T-shirt 1/2 ærme da lyseblå,Alm.slid uden restværdi,1,929,34,30155C97D461A7C00214C0B9,"PLC, Product detaljeret, Aarhus, Okt. 2023.xlsx",1.1140581270182994,T-shirt
13658 T-shirt dame lyseblå Prowear,Alm.slid uden restværdi,1,926,20,30155C97D461A6C0001B795E,"PLC, Product detaljeret, Aarhus, Okt. 2023.xlsx",0.657451403887689,T-shirt
13658 T-shirt dame lyseblå Prowear,Alm.slid uden restværdi,1,926,61,30155C97D461A6C00039DAC5,"PLC, Product detaljeret, Aarhus, Okt. 2023.xlsx",2.0052267818574516,T-shirt
13658 T-shirt dame lyseblå Prowear,Alm.slid uden restværdi,1,926,67,30155C97D461A6C00039DB10,"PLC, Product detaljeret, Aarhus, Okt. 2023.xlsx",2.202462203023758,T-shirt
13658 T-shirt dame lyseblå Prowear,Alm.slid uden restværdi,1,926,64,30155C97D461A6C00039DB6F,"PLC, Product detaljeret, Aarhus, Okt. 2023.xlsx",2.103844492440605,T-shirt
13658 T-shirt dame lyseblå Prowear,Alm.slid uden restværdi,1,926,68,30155C97D461A6C00039DB96,"PLC, Product detaljeret, Aarhus, Okt. 2023.xlsx",2.235334773218143,T-shirt
13658 T-shirt dame lyseblå Prowear,Alm.slid uden restværdi,1,926,61,30155C97D461A6C00039E3F5,"PLC, Product detaljeret, Aarhus, Okt. 2023.xlsx",2.0052267818574516,T-shirt
13658 T-shirt dame lyseblå Prowear,Alm.slid uden restværdi,1,921,41,30155C97D461A6C0002CF248,"PLC, Product detaljeret, Aarhus, Okt. 2023.xlsx",1.3550922909880565,T-shirt
25055 T-shirt uni k/æ blåmelan Pro,Alm.slid uden restværdi,1,919,64,30155C97D461A6C0002BA88D,"PLC, Product detaljeret, Aarhus, Okt. 2023.xlsx",2.1198694232861808,T-shirt
01589 T-shirt unisex mblå k/æ,Alm.slid uden restværdi,1,918,35,30155C97D461A6C000816CE8,"PLC, Product detaljeret, Aarhus, Okt. 2023.xlsx",1.1605664488017429,T-shirt
13658 T-shirt dame lyseblå Prowear,Alm.slid uden restværdi,1,918,48,30155C97D461A6C0000F99FD,"PLC, Product detaljeret, Aarhus, Okt. 2023.xlsx",1.5916339869281046,T-shirt
13658 T-shirt dame lyseblå Prowear,Alm.slid uden restværdi,1,918,24,30155C97D461A6C0000F9A09,"PLC, Product detaljeret, Aarhus, Okt. 2023.xlsx",0.7958169934640523,T-shirt
13658 T-shirt dame lyseblå Prowear,Alm.slid uden restværdi,1,918,24,30155C97D461A6C0000F9A53,"PLC, Product detaljeret, Aarhus, Okt. 2023.xlsx",0.7958169934640523,T-shirt
26055 T-shirt 1/2 ærme da lyseblå,Alm.slid uden restværdi,1,917,34,30155C97D461A7C00214C00F,"PLC, Product detaljeret, Aarhus, Okt. 2023.xlsx",1.1286368593238822,T-shirt
26665 T-shirt dame 1/2 ærme lblå,Alm.slid uden restværdi,1,915,11,30155C97D461A6C0000E998E,"PLC, Product detaljeret, Aarhus, Okt. 2023.xlsx",0.36594535519125687,T-shirt
01589 T-shirt unisex mblå k/æ,Alm.slid uden restværdi,1,912,35,30155C97D461A6C000816CBE,"PLC, Product detaljeret, Aarhus, Okt. 2023.xlsx",1.168201754385965,T-shirt
01589 T-shirt unisex mblå k/æ,Alm.slid uden restværdi,1,911,23,30155C97D461A6C000314A13,"PLC, Product detaljeret, Aarhus, Okt. 2023.xlsx",0.7685181119648739,T-shirt
01589 T-shirt unisex mblå k/æ,Alm.slid uden restværdi,1,911,52,30155C97D461A6C0008173E3,"PLC, Product detaljeret, Aarhus, Okt. 2023.xlsx",1.7375192096597147,T-shirt
01427 T-shirt unisex lyseblå pb,Alm.slid uden restværdi,1,910,8,30155C97D461A6C00030E9B4,"PLC, Product detaljeret, Aarhus, Okt. 2023.xlsx",0.26760439560439564,T-shirt
01427 T-shirt unisex lyseblå pb,Alm.slid uden restværdi,1,909,10,30155C97D461A6C00030E9EE,"PLC, Product detaljeret, Aarhus, Okt. 2023.xlsx",0.3348734873487349,T-shirt
26056 T-shirt k/æ dame lyseblå,Alm.slid uden restværdi,1,906,35,30155C97D461A7C002697CCD,"PLC, Product detaljeret, Aarhus, Okt. 2023.xlsx",1.1759381898454748,T-shirt
13658 T-shirt dame lyseblå Prowear,Alm.slid uden restværdi,1,901,41,30155C97D461A6C00039D9F6,"PLC, Product detaljeret, Aarhus, Okt. 2023.xlsx",1.3851720310765816,T-shirt
08398 T-shirt unisex mblå k/æ bom,Alm.slid uden restværdi,1,898,23,30155C97D461A6C0002CB80E,"PLC, Product detaljeret, Aarhus, Okt. 2023.xlsx",0.7796436525612472,T-shirt
24762 T-shirt da k/æ blåmela Pro,Alm.slid uden restværdi,1,898,14,30155C97D461A7C0023B7336,"PLC, Product detaljeret, Aarhus, Okt. 2023.xlsx",0.47456570155902006,T-shirt
01589 T-shirt unisex mblå k/æ,Alm.slid uden restværdi,1,897,51,30155C97D461A6C00053DE8A,"PLC, Product detaljeret, Aarhus, Okt. 2023.xlsx",1.7307023411371236,T-shirt
01589 T-shirt unisex mblå k/æ,Alm.slid uden restværdi,1,893,17,30155C97D461A6C00081738F,"PLC, Product detaljeret, Aarhus, Okt. 2023.xlsx",0.579484882418813,T-shirt
01589 T-shirt unisex mblå k/æ,Alm.slid uden restværdi,1,889,28,30155C97D461A6C000B04EA5,"PLC, Product detaljeret, Aarhus, Okt. 2023.xlsx",0.9587401574803149,T-shirt
24593 T-shirt You dame Kornblå,Alm.slid uden restværdi,1,887,22,30155C97D461A7C002317396,"PLC, Product detaljeret, Aarhus, Okt. 2023.xlsx",0.7549943630214205,T-shirt
09610 T-Shirt Lady Lysblå Bom,Alm.slid uden restværdi,1,885,44,30155C97D461A6C0001AF50F,"PLC, Product detaljeret, Aarhus, Okt. 2023.xlsx",1.513401129943503,T-shirt
13658 T-shirt dame lyseblå Prowear,Alm.slid uden restværdi,1,873,66,30155C97D461A6C0002F2E2C,"PLC, Product detaljeret, Aarhus, Okt. 2023.xlsx",2.3013058419243984,T-shirt
13658 T-shirt dame lyseblå Prowear,Alm.slid uden restværdi,1,870,21,30155C97D461A6C000210090,"PLC, Product detaljeret, Aarhus, Okt. 2023.xlsx",0.7347586206896551,T-shirt
01589 T-shirt unisex mblå k/æ,Alm.slid uden restværdi,1,862,52,30155C97D461A7C0022FB342,"PLC, Product detaljeret, Aarhus, Okt. 2023.xlsx",1.8362877030162412,T-shirt
03885 T-Shirt Lysblå Lady K/Æ P/B,Alm.slid uden restværdi,1,854,23,30155C97D461A7C001330C8A,"PLC, Product detaljeret, Aarhus, Okt. 2023.xlsx",0.8198126463700234,T-shirt
01589 T-shirt unisex mblå k/æ,Alm.slid uden restværdi,1,853,28,30155C97D461A6C000B168E3,"PLC, Product detaljeret, Aarhus, Okt. 2023.xlsx",0.9992028135990623,T-shirt
01589 T-shirt unisex mblå k/æ,Alm.slid uden restværdi,1,852,37,30155C97D461A6C000B16923,"PLC, Product detaljeret, Aarhus, Okt. 2023.xlsx",1.3219248826291081,T-shirt
01589 T-shirt unisex mblå k/æ,Alm.slid uden restværdi,1,852,36,30155C97D461A6C000B169ED,"PLC, Product detaljeret, Aarhus, Okt. 2023.xlsx",1.2861971830985917,T-shirt
01589 T-shirt unisex mblå k/æ,Alm.slid uden restværdi,1,839,35,30155C97D461A6C000B168C2,"PLC, Product detaljeret, Aarhus, Okt. 2023.xlsx",1.26984505363528,T-shirt
26057 T-shirt k/æ uni lyseblå,Alm.slid uden restværdi,1,839,30,30155C97D461A6C00083A595,"PLC, Product detaljeret, Aarhus, Okt. 2023.xlsx",1.0884386174016687,T-shirt
01589 T-shirt unisex mblå k/æ,Alm.slid uden restværdi,1,827,57,30155C97D461A6C000B0896F,"PLC, Product detaljeret, Aarhus, Okt. 2023.xlsx",2.0980411124546556,T-shirt
01589 T-shirt unisex mblå k/æ,Alm.slid uden restværdi,1,827,58,30155C97D461A6C000B08992,"PLC, Product detaljeret, Aarhus, Okt. 2023.xlsx",2.1348488512696493,T-shirt
26057 T-shirt k/æ uni lyseblå,Alm.slid uden restværdi,1,827,42,30155C97D461A6C00083A5D3,"PLC, Product detaljeret, Aarhus, Okt. 2023.xlsx",1.5459250302297463,T-shirt
26057 T-shirt k/æ uni lyseblå,Alm.slid uden restværdi,1,826,28,30155C97D461A6C00083A59A,"PLC, Product detaljeret, Aarhus, Okt. 2023.xlsx",1.031864406779661,T-shirt
01589 T-shirt unisex mblå k/æ,Alm.slid uden restværdi,1,822,48,30155C97D461A6C000B08868,"PLC, Product detaljeret, Aarhus, Okt. 2023.xlsx",1.7775182481751826,T-shirt
01589 T-shirt unisex mblå k/æ,Alm.slid uden restværdi,1,821,54,30155C97D461A6C000B08919,"PLC, Product detaljeret, Aarhus, Okt. 2023.xlsx",2.0021437271619975,T-shirt
01589 T-shirt unisex mblå k/æ,Alm.slid uden restværdi,1,821,47,30155C97D461A6C000B08974,"PLC, Product detaljeret, Aarhus, Okt. 2023.xlsx",1.7426065773447017,T-shirt
01589 T-shirt unisex mblå k/æ,Alm.slid uden restværdi,1,820,74,300ED89F33500060009D8901,"PLC, Product detaljeret, Aarhus, Okt. 2023.xlsx",2.7470243902439027,T-shirt
13658 T-shirt dame lyseblå Prowear,Alm.slid uden restværdi,1,818,17,30155C97D461A6C0008D7BDC,"PLC, Product detaljeret, Aarhus, Okt. 2023.xlsx",0.6326161369193154,T-shirt
13658 T-shirt dame lyseblå Prowear,Alm.slid uden restværdi,1,817,52,30155C97D461A6C000842A65,"PLC, Product detaljeret, Aarhus, Okt. 2023.xlsx",1.9374296205630357,T-shirt
13658 T-shirt dame lyseblå Prowear,Alm.slid uden restværdi,1,816,17,30155C97D461A6C0002101C0,"PLC, Product detaljeret, Aarhus, Okt. 2023.xlsx",0.6341666666666667,T-shirt
01589 T-shirt unisex mblå k/æ,Alm.slid uden restværdi,1,805,51,30155C97D461A6C000B9E7B9,"PLC, Product detaljeret, Aarhus, Okt. 2023.xlsx",1.928496894409938,T-shirt
01589 T-shirt unisex mblå k/æ,Alm.slid uden restværdi,1,804,44,30155C97D461A6C000B1F7EC,"PLC, Product detaljeret, Aarhus, Okt. 2023.xlsx",1.6658706467661692,T-shirt
01589 T-shirt unisex mblå k/æ,Alm.slid uden restværdi,1,802,39,30155C97D461A6C000B055C3,"PLC, Product detaljeret, Aarhus, Okt. 2023.xlsx",1.4802493765586036,T-shirt
01589 T-shirt unisex mblå k/æ,Alm.slid uden restværdi,1,802,44,30155C97D461A6C000B1F796,"PLC, Product detaljeret, Aarhus, Okt. 2023.xlsx",1.6700249376558602,T-shirt
01589 T-shirt unisex mblå k/æ,Alm.slid uden restværdi,1,802,34,30155C97D461A6C000B1F908,"PLC, Product detaljeret, Aarhus, Okt. 2023.xlsx",1.2904738154613469,T-shirt
01589 T-shirt unisex mblå k/æ,Alm.slid uden restværdi,1,800,51,30155C97D461A6C000B1306E,"PLC, Product detaljeret, Aarhus, Okt. 2023.xlsx",1.9405500000000002,T-shirt
01589 T-shirt unisex mblå k/æ,Alm.slid uden restværdi,1,798,58,30155C97D461A6C0008CBABC,"PLC, Product detaljeret, Aarhus, Okt. 2023.xlsx",2.2124310776942355,T-shirt
01717 T-shirt unisex kblå pb,Alm.slid uden restværdi,1,798,67,30155C97D461A6C0008D4AE9,"PLC, Product detaljeret, Aarhus, Okt. 2023.xlsx",2.555739348370927,T-shirt
25055 T-shirt uni k/æ blåmelan Pro,Alm.slid uden restværdi,1,798,1,30155C97D461A6C0008CC8F6,"PLC, Product detaljeret, Aarhus, Okt. 2023.xlsx",0.0381453634085213,T-shirt
01589 T-shirt unisex mblå k/æ,Alm.slid uden restværdi,1,790,25,30155C97D461A6C000B095B8,"PLC, Product detaljeret, Aarhus, Okt. 2023.xlsx",0.9632911392405065,T-shirt
01589 T-shirt unisex mblå k/æ,Alm.slid uden restværdi,1,784,37,30155C97D461A6C000BA030D,"PLC, Product detaljeret, Aarhus, Okt. 2023.xlsx",1.4365816326530612,T-shirt
26056 T-shirt k/æ dame lyseblå,Alm.slid uden restværdi,1,784,35,30155C97D461A6C00083A7C6,"PLC, Product detaljeret, Aarhus, Okt. 2023.xlsx",1.3589285714285715,T-shirt
01589 T-shirt unisex mblå k/æ,Alm.slid uden restværdi,1,782,27,30155C97D461A6C000BA0227,"PLC, Product detaljeret, Aarhus, Okt. 2023.xlsx",1.0509974424552428,T-shirt
01589 T-shirt unisex mblå k/æ,Alm.slid uden restværdi,1,782,34,30155C97D461A6C000BA0297,"PLC, Product detaljeret, Aarhus, Okt. 2023.xlsx",1.3234782608695652,T-shirt
01589 T-shirt unisex mblå k/æ,Alm.slid uden restværdi,1,782,28,30155C97D461A6C000BA029F,"PLC, Product detaljeret, Aarhus, Okt. 2023.xlsx",1.089923273657289,T-shirt
01589 T-shirt unisex mblå k/æ,Alm.slid uden restværdi,1,782,31,30155C97D461A6C000BA02F9,"PLC, Product detaljeret, Aarhus, Okt. 2023.xlsx",1.2067007672634271,T-shirt
01589 T-shirt unisex mblå k/æ,Alm.slid uden restværdi,1,782,28,30155C97D461A6C000BA0309,"PLC, Product detaljeret, Aarhus, Okt. 2023.xlsx",1.089923273657289,T-shirt
01589 T-shirt unisex mblå k/æ,Alm.slid uden restværdi,1,782,36,30155C97D461A6C000BA03A6,"PLC, Product detaljeret, Aarhus, Okt. 2023.xlsx",1.4013299232736574,T-shirt
01589 T-shirt unisex mblå k/æ,Alm.slid uden restværdi,1,782,27,30155C97D461A6C000BA03A8,"PLC, Product detaljeret, Aarhus, Okt. 2023.xlsx",1.0509974424552428,T-shirt
26056 T-shirt k/æ dame lyseblå,Alm.slid uden restværdi,1,781,37,30155C97D461A6C000839E82,"PLC, Product detaljeret, Aarhus, Okt. 2023.xlsx",1.442099871959027,T-shirt
26056 T-shirt k/æ dame lyseblå,Alm.slid uden restværdi,1,781,36,30155C97D461A6C000839F56,"PLC, Product detaljeret, Aarhus, Okt. 2023.xlsx",1.403124199743918,T-shirt
01427 T-shirt unisex lyseblå pb,Alm.slid uden restværdi,1,777,56,30155C97D461A6C0008C38BF,"PLC, Product detaljeret, Aarhus, Okt. 2023.xlsx",2.193873873873874,T-shirt
01427 T-shirt unisex lyseblå pb,Alm.slid uden restværdi,1,777,44,30155C97D461A6C0008C3916,"PLC, Product detaljeret, Aarhus, Okt. 2023.xlsx",1.723758043758044,T-shirt
01589 T-shirt unisex mblå k/æ,Alm.slid uden restværdi,1,776,46,30155C97D461A6C000BA03A2,"PLC, Product detaljeret, Aarhus, Okt. 2023.xlsx",1.8044329896907216,T-shirt
13658 T-shirt dame lyseblå Prowear,Alm.slid uden restværdi,1,776,62,30155C97D461A6C000B119C5,"PLC, Product detaljeret, Aarhus, Okt. 2023.xlsx",2.432061855670103,T-shirt
01589 T-shirt unisex mblå k/æ,Alm.slid uden restværdi,1,773,54,30155C97D461A6C000B13047,"PLC, Product detaljeret, Aarhus, Okt. 2023.xlsx",2.1264683053040105,T-shirt
26056 T-shirt k/æ dame lyseblå,Alm.slid uden restværdi,1,769,42,30155C97D461A7C002697775,"PLC, Product detaljeret, Aarhus, Okt. 2023.xlsx",1.6625227568270482,T-shirt
01589 T-shirt unisex mblå k/æ,Alm.slid uden restværdi,1,767,31,30155C97D461A6C0008CBB26,"PLC, Product detaljeret, Aarhus, Okt. 2023.xlsx",1.2302998696219036,T-shirt
01589 T-shirt unisex mblå k/æ,Alm.slid uden restværdi,1,767,24,30155C97D461A6C0008CBC0B,"PLC, Product detaljeret, Aarhus, Okt. 2023.xlsx",0.9524902216427641,T-shirt
01589 T-shirt unisex mblå k/æ,Alm.slid uden restværdi,1,767,23,30155C97D461A6C0008CBC1F,"PLC, Product detaljeret, Aarhus, Okt. 2023.xlsx",0.9128031290743156,T-shirt
13658 T-shirt dame lyseblå Prowear,Alm.slid uden restværdi,1,762,63,30155C97D461A6C0008C38F2,"PLC, Product detaljeret, Aarhus, Okt. 2023.xlsx",2.516692913385827,T-shirt
01589 T-shirt unisex mblå k/æ,Alm.slid uden restværdi,1,757,51,300ED89F33500060009D8A10,"PLC, Product detaljeret, Aarhus, Okt. 2023.xlsx",2.050779392338177,T-shirt
01427 T-shirt unisex lyseblå pb,Alm.slid uden restværdi,1,756,55,30155C97D461A6C0008C376E,"PLC, Product detaljeret, Aarhus, Okt. 2023.xlsx",2.2145502645502644,T-shirt
01427 T-shirt unisex lyseblå pb,Alm.slid uden restværdi,1,756,61,30155C97D461A6C0008C3837,"PLC, Product detaljeret, Aarhus, Okt. 2023.xlsx",2.456137566137566,T-shirt
01427 T-shirt unisex lyseblå pb,Alm.slid uden restværdi,1,756,63,30155C97D461A6C0008C3840,"PLC, Product detaljeret, Aarhus, Okt. 2023.xlsx",2.5366666666666666,T-shirt
01427 T-shirt unisex lyseblå pb,Alm.slid uden restværdi,1,756,51,30155C97D461A6C0008C38A8,"PLC, Product detaljeret, Aarhus, Okt. 2023.xlsx",2.0534920634920635,T-shirt
13658 T-shirt dame lyseblå Prowear,Alm.slid uden restværdi,1,727,18,30155C97D461A6C0008C0706,"PLC, Product detaljeret, Aarhus, Okt. 2023.xlsx",0.7536726272352132,T-shirt
01427 T-shirt unisex lyseblå pb,Alm.slid uden restværdi,1,717,14,30155C97D461A6C00030E940,"PLC, Product detaljeret, Aarhus, Okt. 2023.xlsx",0.5943654114365411,T-shirt
26665 T-shirt dame 1/2 ærme lblå,Alm.slid uden restværdi,1,715,30,30155C97D461A6C0002FEBF0,"PLC, Product detaljeret, Aarhus, Okt. 2023.xlsx",1.2772027972027973,T-shirt
24762 T-shirt da k/æ blåmela Pro,Alm.slid uden restværdi,1,710,18,30155C97D461A7C002287433,"PLC, Product detaljeret, Aarhus, Okt. 2023.xlsx",0.771718309859155,T-shirt
13658 T-shirt dame lyseblå Prowear,Alm.slid uden restværdi,1,708,38,30155C97D461A6C0008429EF,"PLC, Product detaljeret, Aarhus, Okt. 2023.xlsx",1.6337853107344633,T-shirt
13658 T-shirt dame lyseblå Prowear,Alm.slid uden restværdi,1,690,9,30155C97D461A6C0008D7C28,"PLC, Product detaljeret, Aarhus, Okt. 2023.xlsx",0.39704347826086955,T-shirt
13658 T-shirt dame lyseblå Prowear,Alm.slid uden restværdi,1,689,17,30155C97D461A6C0012FD872,"PLC, Product detaljeret, Aarhus, Okt. 2023.xlsx",0.7510595065312047,T-shirt
01589 T-shirt unisex mblå k/æ,Alm.slid uden restværdi,1,687,39,30155C97D461A6C0015C6481,"PLC, Product detaljeret, Aarhus, Okt. 2023.xlsx",1.7280349344978168,T-shirt
13658 T-shirt dame lyseblå Prowear,Alm.slid uden restværdi,1,687,6,30155C97D461A6C001059E85,"PLC, Product detaljeret, Aarhus, Okt. 2023.xlsx",0.2658515283842795,T-shirt
13658 T-shirt dame lyseblå Prowear,Alm.slid uden restværdi,1,683,18,30155C97D461A6C00105C17D,"PLC, Product detaljeret, Aarhus, Okt. 2023.xlsx",0.8022254758418741,T-shirt
13658 T-shirt dame lyseblå Prowear,Alm.slid uden restværdi,1,682,32,30155C97D461A6C00105C16C,"PLC, Product detaljeret, Aarhus, Okt. 2023.xlsx",1.4282697947214076,T-shirt
01589 T-shirt unisex mblå k/æ,Alm.slid uden restværdi,1,676,29,30155C97D461A6C000E222DA,"PLC, Product detaljeret, Aarhus, Okt. 2023.xlsx",1.3058579881656804,T-shirt
01427 T-shirt unisex lyseblå pb,Alm.slid uden restværdi,1,675,22,30155C97D461A6C001059F59,"PLC, Product detaljeret, Aarhus, Okt. 2023.xlsx",0.9921185185185185,T-shirt
01589 T-shirt unisex mblå k/æ,Alm.slid uden restværdi,1,672,22,30155C97D461A6C000E22292,"PLC, Product detaljeret, Aarhus, Okt. 2023.xlsx",0.9965476190476191,T-shirt
01589 T-shirt unisex mblå k/æ,Alm.slid uden restværdi,1,671,31,30155C97D461A6C000E2236A,"PLC, Product detaljeret, Aarhus, Okt. 2023.xlsx",1.4063189269746648,T-shirt
01589 T-shirt unisex mblå k/æ,Alm.slid uden restværdi,1,668,31,30155C97D461A6C000E2231D,"PLC, Product detaljeret, Aarhus, Okt. 2023.xlsx",1.4126347305389222,T-shirt
01589 T-shirt unisex mblå k/æ,Alm.slid uden restværdi,1,667,39,30155C97D461A6C000E2229D,"PLC, Product detaljeret, Aarhus, Okt. 2023.xlsx",1.7798500749625188,T-shirt
01589 T-shirt unisex mblå k/æ,Alm.slid uden restværdi,1,667,24,30155C97D461A6C000E222A3,"PLC, Product detaljeret, Aarhus, Okt. 2023.xlsx",1.0952923538230883,T-shirt
01589 T-shirt unisex mblå k/æ,Alm.slid uden restværdi,1,667,39,30155C97D461A6C000E22305,"PLC, Product detaljeret, Aarhus, Okt. 2023.xlsx",1.7798500749625188,T-shirt
01427 T-shirt unisex lyseblå pb,Alm.slid uden restværdi,1,656,22,30155C97D461A6C000BA3C55,"PLC, Product detaljeret, Aarhus, Okt. 2023.xlsx",1.0208536585365855,T-shirt
13658 T-shirt dame lyseblå Prowear,Alm.slid uden restværdi,1,652,13,30155C97D461A6C000B85D1A,"PLC, Product detaljeret, Aarhus, Okt. 2023.xlsx",0.6069325153374233,T-shirt
01589 T-shirt unisex mblå k/æ,Alm.slid uden restværdi,1,645,15,30155C97D461A6C0012EBA15,"PLC, Product detaljeret, Aarhus, Okt. 2023.xlsx",0.707906976744186,T-shirt
13658 T-shirt dame lyseblå Prowear,Alm.slid uden restværdi,1,637,26,30155C97D461A6C0008BF6E2,"PLC, Product detaljeret, Aarhus, Okt. 2023.xlsx",1.2424489795918368,T-shirt
01589 T-shirt unisex mblå k/æ,Alm.slid uden restværdi,1,636,32,30155C97D461A6C000637BF1,"PLC, Product detaljeret, Aarhus, Okt. 2023.xlsx",1.5315723270440254,T-shirt
01589 T-shirt unisex mblå k/æ,Alm.slid uden restværdi,1,635,29,30155C97D461A6C000E2F496,"PLC, Product detaljeret, Aarhus, Okt. 2023.xlsx",1.3901732283464567,T-shirt
01589 T-shirt unisex mblå k/æ,Alm.slid uden restværdi,1,631,24,30155C97D461A6C000637D33,"PLC, Product detaljeret, Aarhus, Okt. 2023.xlsx",1.1577812995245642,T-shirt
26665 T-shirt dame 1/2 ærme lblå,Alm.slid uden restværdi,1,601,27,30155C97D461A6C0012FEF20,"PLC, Product detaljeret, Aarhus, Okt. 2023.xlsx",1.3675207986688853,T-shirt
26665 T-shirt dame 1/2 ærme lblå,Alm.slid uden restværdi,1,601,32,30155C97D461A6C0012FEFC7,"PLC, Product detaljeret, Aarhus, Okt. 2023.xlsx",1.620765391014975,T-shirt
26665 T-shirt dame 1/2 ærme lblå,Alm.slid uden restværdi,1,601,23,30155C97D461A6C0012FEFD7,"PLC, Product detaljeret, Aarhus, Okt. 2023.xlsx",1.1649251247920134,T-shirt
26665 T-shirt dame 1/2 ærme lblå,Alm.slid uden restværdi,1,601,27,30155C97D461A6C0012FF00E,"PLC, Product detaljeret, Aarhus, Okt. 2023.xlsx",1.3675207986688853,T-shirt
25055 T-shirt uni k/æ blåmelan Pro,Alm.slid uden restværdi,1,600,36,30155C97D461A6C0012DF65A,"PLC, Product detaljeret, Aarhus, Okt. 2023.xlsx",1.8264,T-shirt
01589 T-shirt unisex mblå k/æ,Alm.slid uden restværdi,1,597,26,30155C97D461A6C000910447,"PLC, Product detaljeret, Aarhus, Okt. 2023.xlsx",1.3256951423785595,T-shirt
01589 T-shirt unisex mblå k/æ,Alm.slid uden restværdi,1,594,16,30155C97D461A6C0015B5EE4,"PLC, Product detaljeret, Aarhus, Okt. 2023.xlsx",0.81993265993266,T-shirt
13658 T-shirt dame lyseblå Prowear,Alm.slid uden restværdi,1,591,20,30155C97D461A6C0009E8A5F,"PLC, Product detaljeret, Aarhus, Okt. 2023.xlsx",1.030118443316413,T-shirt
01589 T-shirt unisex mblå k/æ,Alm.slid uden restværdi,1,590,23,30155C97D461A6C0015C3056,"PLC, Product detaljeret, Aarhus, Okt. 2023.xlsx",1.1866440677966104,T-shirt
13658 T-shirt dame lyseblå Prowear,Alm.slid uden restværdi,1,589,10,30155C97D461A6C000D888CB,"PLC, Product detaljeret, Aarhus, Okt. 2023.xlsx",0.5168081494057726,T-shirt
25055 T-shirt uni k/æ blåmelan Pro,Alm.slid uden restværdi,1,588,29,30155C97D461A6C0012DF72E,"PLC, Product detaljeret, Aarhus, Okt. 2023.xlsx",1.5012925170068028,T-shirt
13658 T-shirt dame lyseblå Prowear,Alm.slid uden restværdi,1,578,18,30155C97D461A6C000647C60,"PLC, Product detaljeret, Aarhus, Okt. 2023.xlsx",0.9479584775086505,T-shirt
13658 T-shirt dame lyseblå Prowear,Alm.slid uden restværdi,1,578,20,30155C97D461A6C000647DF3,"PLC, Product detaljeret, Aarhus, Okt. 2023.xlsx",1.053287197231834,T-shirt
01589 T-shirt unisex mblå k/æ,Alm.slid uden restværdi,1,567,48,30155C97D461A6C0008C5ADF,"PLC, Product detaljeret, Aarhus, Okt. 2023.xlsx",2.576931216931217,T-shirt
24762 T-shirt da k/æ blåmela Pro,Alm.slid uden restværdi,1,566,39,30155C97D461A6C000640F69,"PLC, Product detaljeret, Aarhus, Okt. 2023.xlsx",2.097455830388693,T-shirt
01589 T-shirt unisex mblå k/æ,Alm.slid uden restværdi,1,565,12,30155C97D461A6C000910446,"PLC, Product detaljeret, Aarhus, Okt. 2023.xlsx",0.6465132743362833,T-shirt
01427 T-shirt unisex lyseblå pb,Alm.slid uden restværdi,1,562,12,30155C97D461A6C0009E963F,"PLC, Product detaljeret, Aarhus, Okt. 2023.xlsx",0.649964412811388,T-shirt
01427 T-shirt unisex lyseblå pb,Alm.slid uden restværdi,1,562,16,30155C97D461A6C0009E96B1,"PLC, Product detaljeret, Aarhus, Okt. 2023.xlsx",0.8666192170818505,T-shirt
01589 T-shirt unisex mblå k/æ,Alm.slid uden restværdi,1,562,43,30155C97D461A6C00081EBC5,"PLC, Product detaljeret, Aarhus, Okt. 2023.xlsx",2.3290391459074735,T-shirt
01427 T-shirt unisex lyseblå pb,Alm.slid uden restværdi,1,559,29,30155C97D461A6C0009077A7,"PLC, Product detaljeret, Aarhus, Okt. 2023.xlsx",1.5791771019677998,T-shirt
24593 T-shirt You dame Kornblå,Alm.slid uden restværdi,1,559,8,30155C97D461A7C0023072C2,"PLC, Product detaljeret, Aarhus, Okt. 2023.xlsx",0.43563506261180684,T-shirt
13658 T-shirt dame lyseblå Prowear,Alm.slid uden restværdi,1,558,25,30155C97D461A6C000D887A1,"PLC, Product detaljeret, Aarhus, Okt. 2023.xlsx",1.363799283154122,T-shirt
13658 T-shirt dame lyseblå Prowear,Alm.slid uden restværdi,1,556,38,30155C97D461A6C000D8885B,"PLC, Product detaljeret, Aarhus, Okt. 2023.xlsx",2.0804316546762593,T-shirt
24593 T-shirt You dame Kornblå,Alm.slid uden restværdi,1,556,9,30155C97D461A7C00261C103,"PLC, Product detaljeret, Aarhus, Okt. 2023.xlsx",0.4927338129496403,T-shirt
13658 T-shirt dame lyseblå Prowear,Alm.slid uden restværdi,1,551,29,30155C97D461A6C0008D049D,"PLC, Product detaljeret, Aarhus, Okt. 2023.xlsx",1.6021052631578947,T-shirt
01589 T-shirt unisex mblå k/æ,Alm.slid uden restværdi,1,549,7,30155C97D461A6C000BA1B1E,"PLC, Product detaljeret, Aarhus, Okt. 2023.xlsx",0.38812386156648454,T-shirt
01589 T-shirt unisex mblå k/æ,Alm.slid uden restværdi,1,549,7,30155C97D461A6C000BA1AAC,"PLC, Product detaljeret, Aarhus, Okt. 2023.xlsx",0.38812386156648454,T-shirt
01589 T-shirt unisex mblå k/æ,Alm.slid uden restværdi,1,539,20,30155C97D461A6C0008C5B20,"PLC, Product detaljeret, Aarhus, Okt. 2023.xlsx",1.1294990723562153,T-shirt
26665 T-shirt dame 1/2 ærme lblå,Alm.slid uden restværdi,1,531,6,30155C97D461A6C000306A1D,"PLC, Product detaljeret, Aarhus, Okt. 2023.xlsx",0.343954802259887,T-shirt
26665 T-shirt dame 1/2 ærme lblå,Alm.slid uden restværdi,1,531,9,30155C97D461A6C000306AB3,"PLC, Product detaljeret, Aarhus, Okt. 2023.xlsx",0.5159322033898305,T-shirt
01589 T-shirt unisex mblå k/æ,Alm.slid uden restværdi,1,529,3,30155C97D461A6C00063FD71,"PLC, Product detaljeret, Aarhus, Okt. 2023.xlsx",0.17262759924385634,T-shirt
01717 T-shirt unisex kblå pb,Alm.slid uden restværdi,1,528,11,30155C97D461A6C0009E968F,"PLC, Product detaljeret, Aarhus, Okt. 2023.xlsx",0.6341666666666667,T-shirt
01589 T-shirt unisex mblå k/æ,Alm.slid uden restværdi,1,525,13,30155C97D461A6C0008BD941,"PLC, Product detaljeret, Aarhus, Okt. 2023.xlsx",0.7537523809523811,T-shirt
13658 T-shirt dame lyseblå Prowear,Alm.slid uden restværdi,1,525,25,30155C97D461A6C000D8881B,"PLC, Product detaljeret, Aarhus, Okt. 2023.xlsx",1.4495238095238094,T-shirt
01589 T-shirt unisex mblå k/æ,Alm.slid uden restværdi,1,524,42,30155C97D461A6C000BA1B0C,"PLC, Product detaljeret, Aarhus, Okt. 2023.xlsx",2.4398473282442747,T-shirt
01589 T-shirt unisex mblå k/æ,Alm.slid uden restværdi,1,520,35,30155C97D461A6C000BA1A85,"PLC, Product detaljeret, Aarhus, Okt. 2023.xlsx",2.0488461538461538,T-shirt
01427 T-shirt unisex lyseblå pb,Alm.slid uden restværdi,1,518,31,30155C97D461A6C000E320E8,"PLC, Product detaljeret, Aarhus, Okt. 2023.xlsx",1.8216988416988418,T-shirt
24597 T-shirt You unisex Kornblå,Alm.slid uden restværdi,1,513,5,30155C97D461A6C000CD5944,"PLC, Product detaljeret, Aarhus, Okt. 2023.xlsx",0.29668615984405455,T-shirt
24593 T-shirt You dame Kornblå,Alm.slid uden restværdi,1,508,5,30155C97D461A7C0022F98FE,"PLC, Product detaljeret, Aarhus, Okt. 2023.xlsx",0.29960629921259846,T-shirt
13658 T-shirt dame lyseblå Prowear,Alm.slid uden restværdi,1,504,28,30155C97D461A6C001625641,"PLC, Product detaljeret, Aarhus, Okt. 2023.xlsx",1.691111111111111,T-shirt
13658 T-shirt dame lyseblå Prowear,Alm.slid uden restværdi,1,501,8,30155C97D461A6C001625687,"PLC, Product detaljeret, Aarhus, Okt. 2023.xlsx",0.48606786427145704,T-shirt
13658 T-shirt dame lyseblå Prowear,Alm.slid uden restværdi,1,501,12,30155C97D461A6C001625695,"PLC, Product detaljeret, Aarhus, Okt. 2023.xlsx",0.7291017964071858,T-shirt
13658 T-shirt dame lyseblå Prowear,Alm.slid uden restværdi,1,501,14,30155C97D461A6C0016256BD,"PLC, Product detaljeret, Aarhus, Okt. 2023.xlsx",0.85061876247505,T-shirt
13658 T-shirt dame lyseblå Prowear,Alm.slid uden restværdi,1,501,16,30155C97D461A6C00162579F,"PLC, Product detaljeret, Aarhus, Okt. 2023.xlsx",0.9721357285429141,T-shirt
26665 T-shirt dame 1/2 ærme lblå,Alm.slid uden restværdi,1,490,21,30155C97D461A6C000B862F9,"PLC, Product detaljeret, Aarhus, Okt. 2023.xlsx",1.3045714285714287,T-shirt
26665 T-shirt dame 1/2 ærme lblå,Alm.slid uden restværdi,1,489,21,30155C97D461A6C000B861F1,"PLC, Product detaljeret, Aarhus, Okt. 2023.xlsx",1.3072392638036812,T-shirt
26665 T-shirt dame 1/2 ærme lblå,Alm.slid uden restværdi,1,489,21,30155C97D461A6C000B86267,"PLC, Product detaljeret, Aarhus, Okt. 2023.xlsx",1.3072392638036812,T-shirt
13658 T-shirt dame lyseblå Prowear,Alm.slid uden restværdi,1,488,6,30155C97D461A6C000EAB9D5,"PLC, Product detaljeret, Aarhus, Okt. 2023.xlsx",0.37426229508196723,T-shirt
13658 T-shirt dame lyseblå Prowear,Alm.slid uden restværdi,1,488,2,30155C97D461A6C000EABA73,"PLC, Product detaljeret, Aarhus, Okt. 2023.xlsx",0.12475409836065575,T-shirt
13658 T-shirt dame lyseblå Prowear,Alm.slid uden restværdi,1,488,4,30155C97D461A6C000EABAB7,"PLC, Product detaljeret, Aarhus, Okt. 2023.xlsx",0.2495081967213115,T-shirt
13658 T-shirt dame lyseblå Prowear,Alm.slid uden restværdi,1,488,8,30155C97D461A6C000EABABD,"PLC, Product detaljeret, Aarhus, Okt. 2023.xlsx",0.499016393442623,T-shirt
13658 T-shirt dame lyseblå Prowear,Alm.slid uden restværdi,1,482,6,30155C97D461A6C00185D349,"PLC, Product detaljeret, Aarhus, Okt. 2023.xlsx",0.3789211618257261,T-shirt
01589 T-shirt unisex mblå k/æ,Alm.slid uden restværdi,1,481,20,30155C97D461A4C000924A7C,"PLC, Product detaljeret, Aarhus, Okt. 2023.xlsx",1.2656964656964658,T-shirt
13658 T-shirt dame lyseblå Prowear,Alm.slid uden restværdi,1,478,25,30155C97D461A4C000653BF0,"PLC, Product detaljeret, Aarhus, Okt. 2023.xlsx",1.5920502092050208,T-shirt
01589 T-shirt unisex mblå k/æ,Alm.slid uden restværdi,1,470,20,30155C97D461A6C00090BC07,"PLC, Product detaljeret, Aarhus, Okt. 2023.xlsx",1.2953191489361702,T-shirt
01589 T-shirt unisex mblå k/æ,Alm.slid uden restværdi,1,470,20,30155C97D461A6C0010E2F06,"PLC, Product detaljeret, Aarhus, Okt. 2023.xlsx",1.2953191489361702,T-shirt
24762 T-shirt da k/æ blåmela Pro,Alm.slid uden restværdi,1,467,26,30155C97D461A7C00229474C,"PLC, Product detaljeret, Aarhus, Okt. 2023.xlsx",1.6947323340471092,T-shirt
13658 T-shirt dame lyseblå Prowear,Alm.slid uden restværdi,1,464,27,30155C97D461A6C0008D0367,"PLC, Product detaljeret, Aarhus, Okt. 2023.xlsx",1.771293103448276,T-shirt
13658 T-shirt dame lyseblå Prowear,Alm.slid uden restværdi,1,458,25,30155C97D461A6C000EAB9B3,"PLC, Product detaljeret, Aarhus, Okt. 2023.xlsx",1.6615720524017468,T-shirt
13658 T-shirt dame lyseblå Prowear,Alm.slid uden restværdi,1,457,23,30155C97D461A6C0016255F5,"PLC, Product detaljeret, Aarhus, Okt. 2023.xlsx",1.5319912472647703,T-shirt
12151 T-shirt 1/2 æ lady lblå PB,Alm.slid uden restværdi,1,442,16,30155C97D461A7C001F68644,"PLC, Product detaljeret, Aarhus, Okt. 2023.xlsx",1.101900452488688,T-shirt
12151 T-shirt 1/2 æ lady lblå PB,Alm.slid uden restværdi,1,442,15,30155C97D461A7C001F68791,"PLC, Product detaljeret, Aarhus, Okt. 2023.xlsx",1.0330316742081447,T-shirt
01717 T-shirt unisex kblå pb,Alm.slid uden restværdi,1,427,29,30155C97D461A6C001B3408F,"PLC, Product detaljeret, Aarhus, Okt. 2023.xlsx",2.067353629976581,T-shirt
01589 T-shirt unisex mblå k/æ,Alm.slid uden restværdi,1,421,39,30155C97D461A4C000924C5B,"PLC, Product detaljeret, Aarhus, Okt. 2023.xlsx",2.8198574821852733,T-shirt
13658 T-shirt dame lyseblå Prowear,Alm.slid uden restværdi,1,415,10,30155C97D461A6C0009E8BB9,"PLC, Product detaljeret, Aarhus, Okt. 2023.xlsx",0.7334939759036145,T-shirt
24593 T-shirt You dame Kornblå,Alm.slid uden restværdi,1,412,5,30155C97D461A7C0022FA9B4,"PLC, Product detaljeret, Aarhus, Okt. 2023.xlsx",0.36941747572815536,T-shirt
13658 T-shirt dame lyseblå Prowear,Alm.slid uden restværdi,1,407,13,30155C97D461A4C00092B54D,"PLC, Product detaljeret, Aarhus, Okt. 2023.xlsx",0.9722850122850123,T-shirt
01589 T-shirt unisex mblå k/æ,Alm.slid uden restværdi,1,404,12,30155C97D461A6C00160074F,"PLC, Product detaljeret, Aarhus, Okt. 2023.xlsx",0.9041584158415842,T-shirt
01589 T-shirt unisex mblå k/æ,Alm.slid uden restværdi,1,404,5,30155C97D461A6C001600887,"PLC, Product detaljeret, Aarhus, Okt. 2023.xlsx",0.3767326732673268,T-shirt
13658 T-shirt dame lyseblå Prowear,Alm.slid uden restværdi,1,399,9,30155C97D461A6C00160137D,"PLC, Product detaljeret, Aarhus, Okt. 2023.xlsx",0.6866165413533835,T-shirt
13658 T-shirt dame lyseblå Prowear,Alm.slid uden restværdi,1,399,9,30155C97D461A6C001602C44,"PLC, Product detaljeret, Aarhus, Okt. 2023.xlsx",0.6866165413533835,T-shirt
01589 T-shirt unisex mblå k/æ,Alm.slid uden restværdi,1,389,21,30155C97D461A6C0010F16E1,"PLC, Product detaljeret, Aarhus, Okt. 2023.xlsx",1.6432904884318766,T-shirt
13658 T-shirt dame lyseblå Prowear,Alm.slid uden restværdi,1,389,17,30155C97D461A7C002768640,"PLC, Product detaljeret, Aarhus, Okt. 2023.xlsx",1.3302827763496146,T-shirt
13658 T-shirt dame lyseblå Prowear,Alm.slid uden restværdi,1,388,3,30155C97D461A6C0010E0D75,"PLC, Product detaljeret, Aarhus, Okt. 2023.xlsx",0.23536082474226805,T-shirt
01589 T-shirt unisex mblå k/æ,Alm.slid uden restværdi,1,384,6,30155C97D461A6C00186164E,"PLC, Product detaljeret, Aarhus, Okt. 2023.xlsx",0.475625,T-shirt
01589 T-shirt unisex mblå k/æ,Alm.slid uden restværdi,1,371,3,30155C97D461A6C000EB1396,"PLC, Product detaljeret, Aarhus, Okt. 2023.xlsx",0.24614555256064694,T-shirt
13658 T-shirt dame lyseblå Prowear,Alm.slid uden restværdi,1,369,11,30155C97D461A6C0010E943F,"PLC, Product detaljeret, Aarhus, Okt. 2023.xlsx",0.9074254742547425,T-shirt
01589 T-shirt unisex mblå k/æ,Alm.slid uden restværdi,1,365,6,30155C97D461A6C001861C2C,"PLC, Product detaljeret, Aarhus, Okt. 2023.xlsx",0.5003835616438356,T-shirt
01427 T-shirt unisex lyseblå pb,Alm.slid uden restværdi,1,361,16,30155C97D461A6C000E321DB,"PLC, Product detaljeret, Aarhus, Okt. 2023.xlsx",1.3491412742382272,T-shirt
24762 T-shirt da k/æ blåmela Pro,Alm.slid uden restværdi,1,344,25,30155C97D461A6C001B9BE3F,"PLC, Product detaljeret, Aarhus, Okt. 2023.xlsx",2.2122093023255816,T-shirt
24762 T-shirt da k/æ blåmela Pro,Alm.slid uden restværdi,1,344,27,30155C97D461A6C001B9BF03,"PLC, Product detaljeret, Aarhus, Okt. 2023.xlsx",2.389186046511628,T-shirt
01589 T-shirt unisex mblå k/æ,Alm.slid uden restværdi,1,343,12,30155C97D461A6C0010E7D5F,"PLC, Product detaljeret, Aarhus, Okt. 2023.xlsx",1.0649562682215745,T-shirt
01589 T-shirt unisex mblå k/æ,Alm.slid uden restværdi,1,338,15,30155C97D461A6C0018F7A8D,"PLC, Product detaljeret, Aarhus, Okt. 2023.xlsx",1.350887573964497,T-shirt
27110 T-Shirt Csr Unisex Lysblå,Alm.slid uden restværdi,1,334,10,30155C97D461A6C00135ED3D,"PLC, Product detaljeret, Aarhus, Okt. 2023.xlsx",0.911377245508982,T-shirt
01589 T-shirt unisex mblå k/æ,Alm.slid uden restværdi,1,333,7,30155C97D461A6C000EB0ECB,"PLC, Product detaljeret, Aarhus, Okt. 2023.xlsx",0.6398798798798799,T-shirt
26056 T-shirt k/æ dame lyseblå,Alm.slid uden restværdi,1,333,12,30155C97D461A6C000EE5FC2,"PLC, Product detaljeret, Aarhus, Okt. 2023.xlsx",1.096936936936937,T-shirt
26056 T-shirt k/æ dame lyseblå,Alm.slid uden restværdi,1,333,16,30155C97D461A6C0018E5668,"PLC, Product detaljeret, Aarhus, Okt. 2023.xlsx",1.4625825825825827,T-shirt
26056 T-shirt k/æ dame lyseblå,Alm.slid uden restværdi,1,333,17,30155C97D461A6C0018E56C1,"PLC, Product detaljeret, Aarhus, Okt. 2023.xlsx",1.5539939939939942,T-shirt
01589 T-shirt unisex mblå k/æ,Alm.slid uden restværdi,1,330,3,30155C97D461A6C000B15550,"PLC, Product detaljeret, Aarhus, Okt. 2023.xlsx",0.2767272727272727,T-shirt
13658 T-shirt dame lyseblå Prowear,Alm.slid uden restværdi,1,329,6,30155C97D461A6C0018EABE8,"PLC, Product detaljeret, Aarhus, Okt. 2023.xlsx",0.5551367781155016,T-shirt
26057 T-shirt k/æ uni lyseblå,Alm.slid uden restværdi,1,328,20,30155C97D461A6C000EE5FA9,"PLC, Product detaljeret, Aarhus, Okt. 2023.xlsx",1.8560975609756099,T-shirt
26057 T-shirt k/æ uni lyseblå,Alm.slid uden restværdi,1,328,18,30155C97D461A6C000EE6065,"PLC, Product detaljeret, Aarhus, Okt. 2023.xlsx",1.670487804878049,T-shirt
26961 T-shirt CSR dame lysblå,Alm.slid uden restværdi,1,327,25,30155C97D461A6C0015FD504,"PLC, Product detaljeret, Aarhus, Okt. 2023.xlsx",2.327217125382263,T-shirt
26961 T-shirt CSR dame lysblå,Alm.slid uden restværdi,1,326,18,30155C97D461A6C00135FEAD,"PLC, Product detaljeret, Aarhus, Okt. 2023.xlsx",1.6807361963190184,T-shirt
01589 T-shirt unisex mblå k/æ,Alm.slid uden restværdi,1,324,19,30155C97D461A6C001A5B62B,"PLC, Product detaljeret, Aarhus, Okt. 2023.xlsx",1.7850617283950616,T-shirt
27110 T-Shirt Csr Unisex Lysblå,Alm.slid uden restværdi,1,324,16,30155C97D461A6C0015FE2CD,"PLC, Product detaljeret, Aarhus, Okt. 2023.xlsx",1.5032098765432098,T-shirt
27110 T-Shirt Csr Unisex Lysblå,Alm.slid uden restværdi,1,323,22,30155C97D461A6C0010DEA0F,"PLC, Product detaljeret, Aarhus, Okt. 2023.xlsx",2.073312693498452,T-shirt
24593 T-shirt You dame Kornblå,Alm.slid uden restværdi,1,322,6,30155C97D461A6C0015B611E,"PLC, Product detaljeret, Aarhus, Okt. 2023.xlsx",0.5672049689440994,T-shirt
26961 T-shirt CSR dame lysblå,Alm.slid uden restværdi,1,322,17,30155C97D461A6C0015FEDE3,"PLC, Product detaljeret, Aarhus, Okt. 2023.xlsx",1.6070807453416152,T-shirt
27110 T-Shirt Csr Unisex Lysblå,Alm.slid uden restværdi,1,322,24,30155C97D461A6C0010DEA34,"PLC, Product detaljeret, Aarhus, Okt. 2023.xlsx",2.2688198757763978,T-shirt
27110 T-Shirt Csr Unisex Lysblå,Alm.slid uden restværdi,1,322,19,30155C97D461A6C00135FB0C,"PLC, Product detaljeret, Aarhus, Okt. 2023.xlsx",1.7961490683229815,T-shirt
27110 T-Shirt Csr Unisex Lysblå,Alm.slid uden restværdi,1,322,20,30155C97D461A6C0015FE3B9,"PLC, Product detaljeret, Aarhus, Okt. 2023.xlsx",1.8906832298136647,T-shirt
27110 T-Shirt Csr Unisex Lysblå,Alm.slid uden restværdi,1,321,18,30155C97D461A6C0010DEA51,"PLC, Product detaljeret, Aarhus, Okt. 2023.xlsx",1.7069158878504673,T-shirt
27110 T-Shirt Csr Unisex Lysblå,Alm.slid uden restværdi,1,321,15,30155C97D461A6C0015FE248,"PLC, Product detaljeret, Aarhus, Okt. 2023.xlsx",1.422429906542056,T-shirt
01427 T-shirt unisex lyseblå pb,Alm.slid uden restværdi,1,318,8,30155C97D461A6C000BA14E5,"PLC, Product detaljeret, Aarhus, Okt. 2023.xlsx",0.7657861635220127,T-shirt
13658 T-shirt dame lyseblå Prowear,Alm.slid uden restværdi,1,316,23,30155C97D461A6C001B9CCA9,"PLC, Product detaljeret, Aarhus, Okt. 2023.xlsx",2.2155696202531647,T-shirt
26961 T-shirt CSR dame lysblå,Alm.slid uden restværdi,1,316,16,30155C97D461A6C00135FF32,"PLC, Product detaljeret, Aarhus, Okt. 2023.xlsx",1.5412658227848102,T-shirt
26961 T-shirt CSR dame lysblå,Alm.slid uden restværdi,1,308,18,30155C97D461A6C0010D6FAE,"PLC, Product detaljeret, Aarhus, Okt. 2023.xlsx",1.778961038961039,T-shirt
26961 T-shirt CSR dame lysblå,Alm.slid uden restværdi,1,308,17,30155C97D461A6C0010D70A5,"PLC, Product detaljeret, Aarhus, Okt. 2023.xlsx",1.6801298701298701,T-shirt
26961 T-shirt CSR dame lysblå,Alm.slid uden restværdi,1,308,16,30155C97D461A6C0010DDC88,"PLC, Product detaljeret, Aarhus, Okt. 2023.xlsx",1.5812987012987014,T-shirt
26961 T-shirt CSR dame lysblå,Alm.slid uden restværdi,1,308,19,30155C97D461A6C0010DE6AA,"PLC, Product detaljeret, Aarhus, Okt. 2023.xlsx",1.8777922077922078,T-shirt
26961 T-shirt CSR dame lysblå,Alm.slid uden restværdi,1,308,5,30155C97D461A6C0010E1554,"PLC, Product detaljeret, Aarhus, Okt. 2023.xlsx",0.4941558441558441,T-shirt
26961 T-shirt CSR dame lysblå,Alm.slid uden restværdi,1,308,21,30155C97D461A6C00133ABF9,"PLC, Product detaljeret, Aarhus, Okt. 2023.xlsx",2.075454545454545,T-shirt
26961 T-shirt CSR dame lysblå,Alm.slid uden restværdi,1,308,15,30155C97D461A6C00133AC9B,"PLC, Product detaljeret, Aarhus, Okt. 2023.xlsx",1.4824675324675327,T-shirt
26961 T-shirt CSR dame lysblå,Alm.slid uden restværdi,1,308,20,30155C97D461A6C00135FE75,"PLC, Product detaljeret, Aarhus, Okt. 2023.xlsx",1.9766233766233765,T-shirt
26961 T-shirt CSR dame lysblå,Alm.slid uden restværdi,1,308,16,30155C97D461A6C001360195,"PLC, Product detaljeret, Aarhus, Okt. 2023.xlsx",1.5812987012987014,T-shirt
26961 T-shirt CSR dame lysblå,Alm.slid uden restværdi,1,308,17,30155C97D461A6C0013601E7,"PLC, Product detaljeret, Aarhus, Okt. 2023.xlsx",1.6801298701298701,T-shirt
26961 T-shirt CSR dame lysblå,Alm.slid uden restværdi,1,308,17,30155C97D461A6C001360200,"PLC, Product detaljeret, Aarhus, Okt. 2023.xlsx",1.6801298701298701,T-shirt
26961 T-shirt CSR dame lysblå,Alm.slid uden restværdi,1,308,15,30155C97D461A6C0013602AE,"PLC, Product detaljeret, Aarhus, Okt. 2023.xlsx",1.4824675324675327,T-shirt
26961 T-shirt CSR dame lysblå,Alm.slid uden restværdi,1,308,15,30155C97D461A6C0013602AA,"PLC, Product detaljeret, Aarhus, Okt. 2023.xlsx",1.4824675324675327,T-shirt
26961 T-shirt CSR dame lysblå,Alm.slid uden restværdi,1,308,19,30155C97D461A6C001360322,"PLC, Product detaljeret, Aarhus, Okt. 2023.xlsx",1.8777922077922078,T-shirt
26961 T-shirt CSR dame lysblå,Alm.slid uden restværdi,1,308,18,30155C97D461A6C0015FE220,"PLC, Product detaljeret, Aarhus, Okt. 2023.xlsx",1.778961038961039,T-shirt
26961 T-shirt CSR dame lysblå,Alm.slid uden restværdi,1,308,20,30155C97D461A6C0015FE267,"PLC, Product detaljeret, Aarhus, Okt. 2023.xlsx",1.9766233766233765,T-shirt
26961 T-shirt CSR dame lysblå,Alm.slid uden restværdi,1,308,19,30155C97D461A6C0015FEE67,"PLC, Product detaljeret, Aarhus, Okt. 2023.xlsx",1.8777922077922078,T-shirt
26961 T-shirt CSR dame lysblå,Alm.slid uden restværdi,1,308,17,30155C97D461A6C0015FEE96,"PLC, Product detaljeret, Aarhus, Okt. 2023.xlsx",1.6801298701298701,T-shirt
26961 T-shirt CSR dame lysblå,Alm.slid uden restværdi,1,308,13,30155C97D461A6C0015FEEA4,"PLC, Product detaljeret, Aarhus, Okt. 2023.xlsx",1.2848051948051948,T-shirt
26961 T-shirt CSR dame lysblå,Alm.slid uden restværdi,1,308,14,30155C97D461A6C0015FEEC5,"PLC, Product detaljeret, Aarhus, Okt. 2023.xlsx",1.3836363636363638,T-shirt
26961 T-shirt CSR dame lysblå,Alm.slid uden restværdi,1,306,7,30155C97D461A6C0015FD617,"PLC, Product detaljeret, Aarhus, Okt. 2023.xlsx",0.6963398692810457,T-shirt
26961 T-shirt CSR dame lysblå,Alm.slid uden restværdi,1,306,12,30155C97D461A6C0015FEDCF,"PLC, Product detaljeret, Aarhus, Okt. 2023.xlsx",1.1937254901960785,T-shirt
26961 T-shirt CSR dame lysblå,Alm.slid uden restværdi,1,306,20,30155C97D461A6C001601C42,"PLC, Product detaljeret, Aarhus, Okt. 2023.xlsx",1.989542483660131,T-shirt
27110 T-Shirt Csr Unisex Lysblå,Alm.slid uden restværdi,1,294,6,30155C97D461A6C0010DFB39,"PLC, Product detaljeret, Aarhus, Okt. 2023.xlsx",0.6212244897959184,T-shirt
27110 T-Shirt Csr Unisex Lysblå,Alm.slid uden restværdi,1,289,5,30155C97D461A6C0018ED620,"PLC, Product detaljeret, Aarhus, Okt. 2023.xlsx",0.526643598615917,T-shirt
01717 T-shirt unisex kblå pb,Alm.slid uden restværdi,1,288,10,30155C97D461A6C001A6B1E1,"PLC, Product detaljeret, Aarhus, Okt. 2023.xlsx",1.0569444444444445,T-shirt
27110 T-Shirt Csr Unisex Lysblå,Alm.slid uden restværdi,1,283,13,30155C97D461A6C0010DFB3F,"PLC, Product detaljeret, Aarhus, Okt. 2023.xlsx",1.398303886925795,T-shirt
27110 T-Shirt Csr Unisex Lysblå,Alm.slid uden restværdi,1,282,16,30155C97D461A6C0010DFB37,"PLC, Product detaljeret, Aarhus, Okt. 2023.xlsx",1.7270921985815604,T-shirt
01589 T-shirt unisex mblå k/æ,Alm.slid uden restværdi,1,280,14,30155C97D461A6C0018F51FB,"PLC, Product detaljeret, Aarhus, Okt. 2023.xlsx",1.5220000000000002,T-shirt
01589 T-shirt unisex mblå k/æ,Alm.slid uden restværdi,1,280,25,30155C97D461A6C0018F522C,"PLC, Product detaljeret, Aarhus, Okt. 2023.xlsx",2.717857142857143,T-shirt
01589 T-shirt unisex mblå k/æ,Alm.slid uden restværdi,1,280,25,30155C97D461A6C0018F5292,"PLC, Product detaljeret, Aarhus, Okt. 2023.xlsx",2.717857142857143,T-shirt
27110 T-Shirt Csr Unisex Lysblå,Alm.slid uden restværdi,1,279,13,30155C97D461A6C0015FE280,"PLC, Product detaljeret, Aarhus, Okt. 2023.xlsx",1.418351254480287,T-shirt
27110 T-Shirt Csr Unisex Lysblå,Alm.slid uden restværdi,1,279,17,30155C97D461A6C001A60652,"PLC, Product detaljeret, Aarhus, Okt. 2023.xlsx",1.8547670250896058,T-shirt
27110 T-Shirt Csr Unisex Lysblå,Alm.slid uden restværdi,1,279,14,30155C97D461A6C001A60685,"PLC, Product detaljeret, Aarhus, Okt. 2023.xlsx",1.5274551971326167,T-shirt
27110 T-Shirt Csr Unisex Lysblå,Alm.slid uden restværdi,1,279,14,30155C97D461A6C001A60693,"PLC, Product detaljeret, Aarhus, Okt. 2023.xlsx",1.5274551971326167,T-shirt
27110 T-Shirt Csr Unisex Lysblå,Alm.slid uden restværdi,1,277,10,30155C97D461A6C000EB069F,"PLC, Product detaljeret, Aarhus, Okt. 2023.xlsx",1.0989169675090253,T-shirt
01589 T-shirt unisex mblå k/æ,Alm.slid uden restværdi,1,275,8,30155C97D461A6C001861D23,"PLC, Product detaljeret, Aarhus, Okt. 2023.xlsx",0.8855272727272727,T-shirt
01589 T-shirt unisex mblå k/æ,Alm.slid uden restværdi,1,275,9,30155C97D461A6C001861D2B,"PLC, Product detaljeret, Aarhus, Okt. 2023.xlsx",0.9962181818181819,T-shirt
13658 T-shirt dame lyseblå Prowear,Alm.slid uden restværdi,1,269,11,30155C97D461A4C000D530BE,"PLC, Product detaljeret, Aarhus, Okt. 2023.xlsx",1.2447583643122677,T-shirt
26961 T-shirt CSR dame lysblå,Alm.slid uden restværdi,1,267,9,30155C97D461A6C0010DDAE9,"PLC, Product detaljeret, Aarhus, Okt. 2023.xlsx",1.026067415730337,T-shirt
26961 T-shirt CSR dame lysblå,Alm.slid uden restværdi,1,267,15,30155C97D461A6C001A5FDCE,"PLC, Product detaljeret, Aarhus, Okt. 2023.xlsx",1.7101123595505618,T-shirt
27110 T-Shirt Csr Unisex Lysblå,Alm.slid uden restværdi,1,266,7,30155C97D461A6C0018E866B,"PLC, Product detaljeret, Aarhus, Okt. 2023.xlsx",0.8010526315789473,T-shirt
13658 T-shirt dame lyseblå Prowear,Alm.slid uden restværdi,1,263,12,30155C97D461A4C000D5307E,"PLC, Product detaljeret, Aarhus, Okt. 2023.xlsx",1.3888973384030419,T-shirt
26961 T-shirt CSR dame lysblå,Alm.slid uden restværdi,1,257,5,30155C97D461A6C00135F3D0,"PLC, Product detaljeret, Aarhus, Okt. 2023.xlsx",0.5922178988326848,T-shirt
01589 T-shirt unisex mblå k/æ,Alm.slid uden restværdi,1,255,7,30155C97D461A6C001A67053,"PLC, Product detaljeret, Aarhus, Okt. 2023.xlsx",0.8356078431372549,T-shirt
26961 T-shirt CSR dame lysblå,Alm.slid uden restværdi,1,252,12,30155C97D461A6C00135FA5F,"PLC, Product detaljeret, Aarhus, Okt. 2023.xlsx",1.4495238095238094,T-shirt
27110 T-Shirt Csr Unisex Lysblå,Alm.slid uden restværdi,1,244,14,30155C97D461A4C000D6F20D,"PLC, Product detaljeret, Aarhus, Okt. 2023.xlsx",1.7465573770491805,T-shirt
26961 T-shirt CSR dame lysblå,Alm.slid uden restværdi,1,242,17,30155C97D461A6C0015FEF28,"PLC, Product detaljeret, Aarhus, Okt. 2023.xlsx",2.1383471074380167,T-shirt
01589 T-shirt unisex mblå k/æ,Alm.slid uden restværdi,1,241,3,30155C97D461A6C001A5EEE2,"PLC, Product detaljeret, Aarhus, Okt. 2023.xlsx",0.3789211618257261,T-shirt
01589 T-shirt unisex mblå k/æ,Alm.slid uden restværdi,1,241,5,30155C97D461A6C001A5EFDD,"PLC, Product detaljeret, Aarhus, Okt. 2023.xlsx",0.6315352697095435,T-shirt
27110 T-Shirt Csr Unisex Lysblå,Alm.slid uden restværdi,1,240,13,30155C97D461A4C000D531EA,"PLC, Product detaljeret, Aarhus, Okt. 2023.xlsx",1.6488333333333334,T-shirt
27110 T-Shirt Csr Unisex Lysblå,Alm.slid uden restværdi,1,239,11,30155C97D461A4C000D53314,"PLC, Product detaljeret, Aarhus, Okt. 2023.xlsx",1.4010041841004186,T-shirt
13658 T-shirt dame lyseblå Prowear,Alm.slid uden restværdi,1,238,4,30155C97D461A4C000F4A1C5,"PLC, Product detaljeret, Aarhus, Okt. 2023.xlsx",0.5115966386554622,T-shirt
13658 T-shirt dame lyseblå Prowear,Alm.slid uden restværdi,1,238,5,30155C97D461A4C000F4A2B1,"PLC, Product detaljeret, Aarhus, Okt. 2023.xlsx",0.6394957983193278,T-shirt
26961 T-shirt CSR dame lysblå,Alm.slid uden restværdi,1,238,11,30155C97D461A6C00135F52C,"PLC, Product detaljeret, Aarhus, Okt. 2023.xlsx",1.406890756302521,T-shirt
27110 T-Shirt Csr Unisex Lysblå,Alm.slid uden restværdi,1,237,15,30155C97D461A4C000D6F9E9,"PLC, Product detaljeret, Aarhus, Okt. 2023.xlsx",1.926582278481013,T-shirt
26961 T-shirt CSR dame lysblå,Alm.slid uden restværdi,1,231,8,30155C97D461A6C0010D8735,"PLC, Product detaljeret, Aarhus, Okt. 2023.xlsx",1.0541991341991341,T-shirt
27110 T-Shirt Csr Unisex Lysblå,Alm.slid uden restværdi,1,231,16,30155C97D461A4C000D6EB38,"PLC, Product detaljeret, Aarhus, Okt. 2023.xlsx",2.1083982683982683,T-shirt
13658 T-shirt dame lyseblå Prowear,Alm.slid uden restværdi,1,226,8,30155C97D461A6C0010ECB44,"PLC, Product detaljeret, Aarhus, Okt. 2023.xlsx",1.0775221238938053,T-shirt
26057 T-shirt k/æ uni lyseblå,Alm.slid uden restværdi,1,225,13,30155C97D461A6C000B33757,"PLC, Product detaljeret, Aarhus, Okt. 2023.xlsx",1.7587555555555556,T-shirt
27110 T-Shirt Csr Unisex Lysblå,Alm.slid uden restværdi,1,213,1,30155C97D461A6C0010E149C,"PLC, Product detaljeret, Aarhus, Okt. 2023.xlsx",0.14291079812206572,T-shirt
24597 T-shirt You unisex Kornblå,Alm.slid uden restværdi,1,212,3,30155C97D461A6C00193321B,"PLC, Product detaljeret, Aarhus, Okt. 2023.xlsx",0.4307547169811321,T-shirt
13658 T-shirt dame lyseblå Prowear,Alm.slid uden restværdi,1,211,7,30155C97D461A4C0010BA029,"PLC, Product detaljeret, Aarhus, Okt. 2023.xlsx",1.0098578199052133,T-shirt
26961 T-shirt CSR dame lysblå,Alm.slid uden restværdi,1,203,14,30155C97D461A6C00135F3B0,"PLC, Product detaljeret, Aarhus, Okt. 2023.xlsx",2.099310344827586,T-shirt
26961 T-shirt CSR dame lysblå,Alm.slid uden restværdi,1,199,9,30155C97D461A6C0018ED550,"PLC, Product detaljeret, Aarhus, Okt. 2023.xlsx",1.3766834170854272,T-shirt
01589 T-shirt unisex mblå k/æ,Alm.slid uden restværdi,1,197,4,30155C97D461A4C000C0034F,"PLC, Product detaljeret, Aarhus, Okt. 2023.xlsx",0.6180710659898477,T-shirt
01589 T-shirt unisex mblå k/æ,Alm.slid uden restværdi,1,197,7,30155C97D461A4C000C00365,"PLC, Product detaljeret, Aarhus, Okt. 2023.xlsx",1.0816243654822337,T-shirt
01589 T-shirt unisex mblå k/æ,Alm.slid uden restværdi,1,197,10,30155C97D461A4C000C00462,"PLC, Product detaljeret, Aarhus, Okt. 2023.xlsx",1.5451776649746194,T-shirt
01589 T-shirt unisex mblå k/æ,Alm.slid uden restværdi,1,197,9,30155C97D461A4C000D6DF5D,"PLC, Product detaljeret, Aarhus, Okt. 2023.xlsx",1.3906598984771574,T-shirt
01589 T-shirt unisex mblå k/æ,Alm.slid uden restværdi,1,197,7,30155C97D461A4C0010C6791,"PLC, Product detaljeret, Aarhus, Okt. 2023.xlsx",1.0816243654822337,T-shirt
01589 T-shirt unisex mblå k/æ,Alm.slid uden restværdi,1,190,7,30155C97D461A4C000C06C65,"PLC, Product detaljeret, Aarhus, Okt. 2023.xlsx",1.1214736842105262,T-shirt
01589 T-shirt unisex mblå k/æ,Alm.slid uden restværdi,1,190,7,30155C97D461A6C0001724BE,"PLC, Product detaljeret, Aarhus, Okt. 2023.xlsx",1.1214736842105262,T-shirt
27110 T-Shirt Csr Unisex Lysblå,Alm.slid uden restværdi,1,190,9,30155C97D461A4C000D6EC00,"PLC, Product detaljeret, Aarhus, Okt. 2023.xlsx",1.4418947368421053,T-shirt
01589 T-shirt unisex mblå k/æ,Alm.slid uden restværdi,1,189,9,30155C97D461A4C0010C68D4,"PLC, Product detaljeret, Aarhus, Okt. 2023.xlsx",1.4495238095238094,T-shirt
01589 T-shirt unisex mblå k/æ,Alm.slid uden restværdi,1,189,5,30155C97D461A4C0010C68E3,"PLC, Product detaljeret, Aarhus, Okt. 2023.xlsx",0.8052910052910053,T-shirt
01589 T-shirt unisex mblå k/æ,Alm.slid uden restværdi,1,186,9,30155C97D461A4C000C02C1E,"PLC, Product detaljeret, Aarhus, Okt. 2023.xlsx",1.4729032258064516,T-shirt
01589 T-shirt unisex mblå k/æ,Alm.slid uden restværdi,1,186,4,30155C97D461A4C000C02C44,"PLC, Product detaljeret, Aarhus, Okt. 2023.xlsx",0.6546236559139785,T-shirt
01589 T-shirt unisex mblå k/æ,Alm.slid uden restværdi,1,185,14,30155C97D461A4C000C02CD5,"PLC, Product detaljeret, Aarhus, Okt. 2023.xlsx",2.3035675675675678,T-shirt
01589 T-shirt unisex mblå k/æ,Alm.slid uden restværdi,1,182,5,30155C97D461A4C000C06ADF,"PLC, Product detaljeret, Aarhus, Okt. 2023.xlsx",0.8362637362637363,T-shirt
01589 T-shirt unisex mblå k/æ,Alm.slid uden restværdi,1,182,1,30155C97D461A4C000C06B19,"PLC, Product detaljeret, Aarhus, Okt. 2023.xlsx",0.16725274725274727,T-shirt
01589 T-shirt unisex mblå k/æ,Alm.slid uden restværdi,1,182,6,30155C97D461A4C000C06C64,"PLC, Product detaljeret, Aarhus, Okt. 2023.xlsx",1.0035164835164836,T-shirt
01589 T-shirt unisex mblå k/æ,Alm.slid uden restværdi,1,181,2,30155C97D461A4C000F41303,"PLC, Product detaljeret, Aarhus, Okt. 2023.xlsx",0.336353591160221,T-shirt
01589 T-shirt unisex mblå k/æ,Alm.slid uden restværdi,1,180,10,30155C97D461A4C0010C439A,"PLC, Product detaljeret, Aarhus, Okt. 2023.xlsx",1.691111111111111,T-shirt
27110 T-Shirt Csr Unisex Lysblå,Alm.slid uden restværdi,1,175,11,30155C97D461A4C000F41F36,"PLC, Product detaljeret, Aarhus, Okt. 2023.xlsx",1.9133714285714287,T-shirt
13658 T-shirt dame lyseblå Prowear,Alm.slid uden restværdi,1,173,6,300ED89F335000400183CB1D,"PLC, Product detaljeret, Aarhus, Okt. 2023.xlsx",1.0557225433526012,T-shirt
27110 T-Shirt Csr Unisex Lysblå,Alm.slid uden restværdi,1,173,7,30155C97D461A4C0010C1773,"PLC, Product detaljeret, Aarhus, Okt. 2023.xlsx",1.2316763005780347,T-shirt
26961 T-shirt CSR dame lysblå,Alm.slid uden restværdi,1,166,9,30155C97D461A6C0015FEEB4,"PLC, Product detaljeret, Aarhus, Okt. 2023.xlsx",1.6503614457831326,T-shirt
27859 T-shirt dame lblå PRO Light,Alm.slid uden restværdi,1,159,3,30155C97D461A4C000C2903B,"PLC, Product detaljeret, Aarhus, Okt. 2023.xlsx",0.5743396226415094,T-shirt
09610 T-Shirt Lady Lysblå Bom,Alm.slid uden restværdi,1,158,4,30155C97D461A4C000C2AE2E,"PLC, Product detaljeret, Aarhus, Okt. 2023.xlsx",0.7706329113924051,T-shirt
09610 T-Shirt Lady Lysblå Bom,Alm.slid uden restværdi,1,158,3,30155C97D461A4C000C2AF14,"PLC, Product detaljeret, Aarhus, Okt. 2023.xlsx",0.5779746835443038,T-shirt
09610 T-Shirt Lady Lysblå Bom,Alm.slid uden restværdi,1,158,3,30155C97D461A4C000C2AF36,"PLC, Product detaljeret, Aarhus, Okt. 2023.xlsx",0.5779746835443038,T-shirt
09610 T-Shirt Lady Lysblå Bom,Alm.slid uden restværdi,1,158,3,30155C97D461A4C000C2AF7A,"PLC, Product detaljeret, Aarhus, Okt. 2023.xlsx",0.5779746835443038,T-shirt
26961 T-shirt CSR dame lysblå,Alm.slid uden restværdi,1,147,5,30155C97D461A6C00135F49B,"PLC, Product detaljeret, Aarhus, Okt. 2023.xlsx",1.035374149659864,T-shirt
26961 T-shirt CSR dame lysblå,Alm.slid uden restværdi,1,147,3,30155C97D461A6C00135F552,"PLC, Product detaljeret, Aarhus, Okt. 2023.xlsx",0.6212244897959184,T-shirt
13658 T-shirt dame lyseblå Prowear,Alm.slid uden restværdi,1,142,2,30155C97D461A4C000F4A1D5,"PLC, Product detaljeret, Aarhus, Okt. 2023.xlsx",0.4287323943661972,T-shirt
13658 T-shirt dame lyseblå Prowear,Alm.slid uden restværdi,1,142,2,30155C97D461A4C000F4A21A,"PLC, Product detaljeret, Aarhus, Okt. 2023.xlsx",0.4287323943661972,T-shirt
13658 T-shirt dame lyseblå Prowear,Alm.slid uden restværdi,1,142,2,30155C97D461A4C000F4A335,"PLC, Product detaljeret, Aarhus, Okt. 2023.xlsx",0.4287323943661972,T-shirt
13658 T-shirt dame lyseblå Prowear,Alm.slid uden restværdi,1,142,3,30155C97D461A4C000F4A35D,"PLC, Product detaljeret, Aarhus, Okt. 2023.xlsx",0.6430985915492958,T-shirt
28993 T-shirt dame lysblå Lyocell,Alm.slid uden restværdi,1,135,3,30155C97D461A6C0018E8F67,"PLC, Product detaljeret, Aarhus, Okt. 2023.xlsx",0.6764444444444445,T-shirt
13658 T-shirt dame lyseblå Prowear,Alm.slid uden restværdi,1,133,11,30155C97D461A4C0010E57D0,"PLC, Product detaljeret, Aarhus, Okt. 2023.xlsx",2.517593984962406,T-shirt
28993 T-shirt dame lysblå Lyocell,Alm.slid uden restværdi,1,132,3,30155C97D461A4C000C2ADA7,"PLC, Product detaljeret, Aarhus, Okt. 2023.xlsx",0.6918181818181819,T-shirt
03885 T-Shirt Lysblå Lady K/Æ P/B,Alm.slid uden restværdi,1,131,3,30155C97D461A7C0029A9028,"PLC, Product detaljeret, Aarhus, Okt. 2023.xlsx",0.6970992366412214,T-shirt
26961 T-shirt CSR dame lysblå,Alm.slid uden restværdi,1,127,6,30155C97D461A6C0010D87F0,"PLC, Product detaljeret, Aarhus, Okt. 2023.xlsx",1.4381102362204725,T-shirt
28993 T-shirt dame lysblå Lyocell,Alm.slid uden restværdi,1,127,7,30155C97D461A6C0018F379D,"PLC, Product detaljeret, Aarhus, Okt. 2023.xlsx",1.6777952755905512,T-shirt
27859 T-shirt dame lblå PRO Light,Alm.slid uden restværdi,1,126,2,30155C97D461A6C0018F263D,"PLC, Product detaljeret, Aarhus, Okt. 2023.xlsx",0.48317460317460315,T-shirt
27859 T-shirt dame lblå PRO Light,Alm.slid uden restværdi,1,120,5,30155C97D461A6C0018F2729,"PLC, Product detaljeret, Aarhus, Okt. 2023.xlsx",1.2683333333333333,T-shirt
26057 T-shirt k/æ uni lyseblå,Alm.slid uden restværdi,1,117,5,30155C97D461A6C00084FF24,"PLC, Product detaljeret, Aarhus, Okt. 2023.xlsx",1.300854700854701,T-shirt
26057 T-shirt k/æ uni lyseblå,Alm.slid uden restværdi,1,116,6,30155C97D461A6C00084FF7D,"PLC, Product detaljeret, Aarhus, Okt. 2023.xlsx",1.5744827586206898,T-shirt
27725 T-shirt uni lblå PRO Light,Alm.slid uden restværdi,1,116,5,30155C97D461A4C000F85623,"PLC, Product detaljeret, Aarhus, Okt. 2023.xlsx",1.3120689655172415,T-shirt
09610 T-Shirt Lady Lysblå Bom,Alm.slid uden restværdi,1,115,1,30155C97D461A4C000F87EF2,"PLC, Product detaljeret, Aarhus, Okt. 2023.xlsx",0.26469565217391305,T-shirt
27110 T-Shirt Csr Unisex Lysblå,Alm.slid uden restværdi,1,115,11,30155C97D461A4C000D78706,"PLC, Product detaljeret, Aarhus, Okt. 2023.xlsx",2.9116521739130437,T-shirt
13658 T-shirt dame lyseblå Prowear,Alm.slid uden restværdi,1,104,2,30155C97D461A4C000C09299,"PLC, Product detaljeret, Aarhus, Okt. 2023.xlsx",0.5853846153846154,T-shirt
27859 T-shirt dame lblå PRO Light,Alm.slid uden restværdi,1,99,4,30155C97D461A6C0018E8FC2,"PLC, Product detaljeret, Aarhus, Okt. 2023.xlsx",1.22989898989899,T-shirt
27859 T-shirt dame lblå PRO Light,Alm.slid uden restværdi,1,92,3,30155C97D461A6C0018F2649,"PLC, Product detaljeret, Aarhus, Okt. 2023.xlsx",0.9926086956521739,T-shirt
01589 T-shirt unisex mblå k/æ,Alm.slid uden restværdi,1,71,3,30155C97D461A4C000D7D2DE,"PLC, Product detaljeret, Aarhus, Okt. 2023.xlsx",1.2861971830985917,T-shirt
26057 T-shirt k/æ uni lyseblå,Alm.slid uden restværdi,1,55,2,30155C97D461A6C00084FF4B,"PLC, Product detaljeret, Aarhus, Okt. 2023.xlsx",1.1069090909090908,T-shirt
09610 T-Shirt Lady Lysblå Bom,Alm.slid uden restværdi,1,54,1,30155C97D461A4C00164EDD2,"PLC, Product detaljeret, Aarhus, Okt. 2023.xlsx",0.5637037037037037,T-shirt
01589 T-shirt unisex mblå k/æ,Alm.slid uden restværdi,1,30,0,00D00BABF15B,"PLC, Product detaljeret, Aarhus, Okt. 2023.xlsx",0.0,T-shirt
01589 T-shirt unisex mblå k/æ,Alm.slid uden restværdi,1,30,0,00D00BAC3E6F,"PLC, Product detaljeret, Aarhus, Okt. 2023.xlsx",0.0,T-shirt
01589 T-shirt unisex mblå k/æ,Alm.slid uden restværdi,1,30,0,00D00BAC44BB,"PLC, Product detaljeret, Aarhus, Okt. 2023.xlsx",0.0,T-shirt
01717 T-shirt unisex kblå pb,Alm.slid uden restværdi,1,26,1,30155C97D461A6C00160319F,"PLC, Product detaljeret, Aarhus, Okt. 2023.xlsx",1.1707692307692308,T-shirt
01589 T-shirt unisex mblå k/æ,Alm.slid uden restværdi,1,2899,1,00D008FDC75D,"PLC, Product detaljeret, Aarhus, Sep. 2023.xlsx",0.010500172473266643,T-shirt
01589 T-shirt unisex mblå k/æ,Alm.slid uden restværdi,1,2899,1,00D0097083CD,"PLC, Product detaljeret, Aarhus, Sep. 2023.xlsx",0.010500172473266643,T-shirt
01589 T-shirt unisex mblå k/æ,Alm.slid uden restværdi,1,2899,1,00D009709299,"PLC, Product detaljeret, Aarhus, Sep. 2023.xlsx",0.010500172473266643,T-shirt
01589 T-shirt unisex mblå k/æ,Alm.slid uden restværdi,1,2899,1,00D0097435DB,"PLC, Product detaljeret, Aarhus, Sep. 2023.xlsx",0.010500172473266643,T-shirt
01717 T-shirt unisex kblå pb,Alm.slid uden restværdi,1,2732,54,00D00A4353D1,"PLC, Product detaljeret, Aarhus, Sep. 2023.xlsx",0.6016691068814056,T-shirt
01589 T-shirt unisex mblå k/æ,Alm.slid uden restværdi,1,2676,5,00D009E3F239,"PLC, Product detaljeret, Aarhus, Sep. 2023.xlsx",0.05687593423019432,T-shirt
01589 T-shirt unisex mblå k/æ,Alm.slid uden restværdi,1,2676,7,00D009E3FCB0,"PLC, Product detaljeret, Aarhus, Sep. 2023.xlsx",0.07962630792227206,T-shirt
01589 T-shirt unisex mblå k/æ,Alm.slid uden restværdi,1,2676,18,00D009E4153F,"PLC, Product detaljeret, Aarhus, Sep. 2023.xlsx",0.20475336322869958,T-shirt
01589 T-shirt unisex mblå k/æ,Alm.slid uden restværdi,1,2655,85,00D00A34084C,"PLC, Product detaljeret, Aarhus, Sep. 2023.xlsx",0.9745386064030133,T-shirt
01717 T-shirt unisex kblå pb,Alm.slid uden restværdi,1,2583,61,30155C97D461A7C00031BCB9,"PLC, Product detaljeret, Aarhus, Sep. 2023.xlsx",0.7188695315524584,T-shirt
01589 T-shirt unisex mblå k/æ,Alm.slid uden restværdi,1,2401,81,30155C97D461A7C0002D8285,"PLC, Product detaljeret, Aarhus, Sep. 2023.xlsx",1.0269221157850896,T-shirt
01589 T-shirt unisex mblå k/æ,Alm.slid uden restværdi,1,2361,16,30155C97D461A7C0002C62D9,"PLC, Product detaljeret, Aarhus, Sep. 2023.xlsx",0.206285472257518,T-shirt
01589 T-shirt unisex mblå k/æ,Alm.slid uden restværdi,1,2223,42,30155C97D461A7C0000D6E8A,"PLC, Product detaljeret, Aarhus, Sep. 2023.xlsx",0.575114709851552,T-shirt
01427 T-shirt unisex lyseblå pb,Alm.slid uden restværdi,1,2165,21,300ED89F3350007FE2669CBC,"PLC, Product detaljeret, Aarhus, Sep. 2023.xlsx",0.2952609699769053,T-shirt
01427 T-shirt unisex lyseblå pb,Alm.slid uden restværdi,1,2165,39,300ED89F3350007FE2669DD5,"PLC, Product detaljeret, Aarhus, Sep. 2023.xlsx",0.5483418013856813,T-shirt
01427 T-shirt unisex lyseblå pb,Alm.slid uden restværdi,1,2165,16,300ED89F3350007FE2669E23,"PLC, Product detaljeret, Aarhus, Sep. 2023.xlsx",0.2249607390300231,T-shirt
01427 T-shirt unisex lyseblå pb,Alm.slid uden restværdi,1,2165,7,300ED89F3350007FE267DB73,"PLC, Product detaljeret, Aarhus, Sep. 2023.xlsx",0.0984203233256351,T-shirt
01427 T-shirt unisex lyseblå pb,Alm.slid uden restværdi,1,2165,12,300ED89F3350007FE267DBEF,"PLC, Product detaljeret, Aarhus, Sep. 2023.xlsx",0.16872055427251734,T-shirt
01427 T-shirt unisex lyseblå pb,Alm.slid uden restværdi,1,2165,18,300ED89F3350007FE267DC35,"PLC, Product detaljeret, Aarhus, Sep. 2023.xlsx",0.253080831408776,T-shirt
13658 T-shirt dame lyseblå Prowear,Alm.slid uden restværdi,1,2164,48,300ED89F335000400183CDB6,"PLC, Product detaljeret, Aarhus, Sep. 2023.xlsx",0.6751940850277265,T-shirt
13658 T-shirt dame lyseblå Prowear,Alm.slid uden restværdi,1,2164,70,300ED89F335000400183D3CB,"PLC, Product detaljeret, Aarhus, Sep. 2023.xlsx",0.9846580406654344,T-shirt
13658 T-shirt dame lyseblå Prowear,Alm.slid uden restværdi,1,2164,112,300ED89F335000400183D3DB,"PLC, Product detaljeret, Aarhus, Sep. 2023.xlsx",1.575452865064695,T-shirt
13658 T-shirt dame lyseblå Prowear,Alm.slid uden restværdi,1,2164,71,300ED89F335000400183D43F,"PLC, Product detaljeret, Aarhus, Sep. 2023.xlsx",0.9987245841035121,T-shirt
13658 T-shirt dame lyseblå Prowear,Alm.slid uden restværdi,1,2164,64,300ED89F335000400183D521,"PLC, Product detaljeret, Aarhus, Sep. 2023.xlsx",0.9002587800369686,T-shirt
13658 T-shirt dame lyseblå Prowear,Alm.slid uden restværdi,1,2164,80,300ED89F335000400183D69D,"PLC, Product detaljeret, Aarhus, Sep. 2023.xlsx",1.1253234750462109,T-shirt
13658 T-shirt dame lyseblå Prowear,Alm.slid uden restværdi,1,2164,55,300ED89F335000400183D6E7,"PLC, Product detaljeret, Aarhus, Sep. 2023.xlsx",0.7736598890942699,T-shirt
13658 T-shirt dame lyseblå Prowear,Alm.slid uden restværdi,1,2164,64,300ED89F335000400183D7ED,"PLC, Product detaljeret, Aarhus, Sep. 2023.xlsx",0.9002587800369686,T-shirt
13658 T-shirt dame lyseblå Prowear,Alm.slid uden restværdi,1,2164,47,300ED89F335000400183D817,"PLC, Product detaljeret, Aarhus, Sep. 2023.xlsx",0.6611275415896488,T-shirt
13658 T-shirt dame lyseblå Prowear,Alm.slid uden restværdi,1,2164,89,300ED89F335000400183DB2C,"PLC, Product detaljeret, Aarhus, Sep. 2023.xlsx",1.2519223659889094,T-shirt
01427 T-shirt unisex lyseblå pb,Alm.slid uden restværdi,1,2163,17,300ED89F3350007FE2669CE2,"PLC, Product detaljeret, Aarhus, Sep. 2023.xlsx",0.23924179380490063,T-shirt
01427 T-shirt unisex lyseblå pb,Alm.slid uden restværdi,1,2163,8,300ED89F3350007FE2669DDA,"PLC, Product detaljeret, Aarhus, Sep. 2023.xlsx",0.11258437355524734,T-shirt
01427 T-shirt unisex lyseblå pb,Alm.slid uden restværdi,1,2163,9,300ED89F3350007FE267DB51,"PLC, Product detaljeret, Aarhus, Sep. 2023.xlsx",0.12665742024965326,T-shirt
01589 T-shirt unisex mblå k/æ,Alm.slid uden restværdi,1,2163,69,300ED89F3350007FE266A695,"PLC, Product detaljeret, Aarhus, Sep. 2023.xlsx",0.9710402219140084,T-shirt
13658 T-shirt dame lyseblå Prowear,Alm.slid uden restværdi,1,2163,39,300ED89F335000400183D2D3,"PLC, Product detaljeret, Aarhus, Sep. 2023.xlsx",0.5488488210818308,T-shirt
13658 T-shirt dame lyseblå Prowear,Alm.slid uden restværdi,1,2163,76,300ED89F3350007FE266C165,"PLC, Product detaljeret, Aarhus, Sep. 2023.xlsx",1.06955154877485,T-shirt
01589 T-shirt unisex mblå k/æ,Alm.slid uden restværdi,1,2160,47,300ED89F3350007FE266A683,"PLC, Product detaljeret, Aarhus, Sep. 2023.xlsx",0.6623518518518519,T-shirt
01589 T-shirt unisex mblå k/æ,Alm.slid uden restværdi,1,2160,81,300ED89F3350007FE266A728,"PLC, Product detaljeret, Aarhus, Sep. 2023.xlsx",1.1415,T-shirt
01589 T-shirt unisex mblå k/æ,Alm.slid uden restværdi,1,2160,53,300ED89F3350007FE266A857,"PLC, Product detaljeret, Aarhus, Sep. 2023.xlsx",0.7469074074074075,T-shirt
13658 T-shirt dame lyseblå Prowear,Alm.slid uden restværdi,1,2159,96,300ED89F335000400183B46A,"PLC, Product detaljeret, Aarhus, Sep. 2023.xlsx",1.3535155164427977,T-shirt
13658 T-shirt dame lyseblå Prowear,Alm.slid uden restværdi,1,2159,73,300ED89F335000400183D0BA,"PLC, Product detaljeret, Aarhus, Sep. 2023.xlsx",1.0292357572950441,T-shirt
13658 T-shirt dame lyseblå Prowear,Alm.slid uden restværdi,1,2159,66,300ED89F335000400183D1C3,"PLC, Product detaljeret, Aarhus, Sep. 2023.xlsx",0.9305419175544234,T-shirt
13658 T-shirt dame lyseblå Prowear,Alm.slid uden restværdi,1,2159,78,300ED89F3350007FE266B66C,"PLC, Product detaljeret, Aarhus, Sep. 2023.xlsx",1.099731357109773,T-shirt
13658 T-shirt dame lyseblå Prowear,Alm.slid uden restværdi,1,2154,86,300ED89F335000400183CCD1,"PLC, Product detaljeret, Aarhus, Sep. 2023.xlsx",1.2153389043639742,T-shirt
13658 T-shirt dame lyseblå Prowear,Alm.slid uden restværdi,1,2151,125,300ED89F335000400183D0B5,"PLC, Product detaljeret, Aarhus, Sep. 2023.xlsx",1.7689446768944679,T-shirt
13658 T-shirt dame lyseblå Prowear,Alm.slid uden restværdi,1,2140,85,300ED89F335000400183ADD3,"PLC, Product detaljeret, Aarhus, Sep. 2023.xlsx",1.2090654205607476,T-shirt
13658 T-shirt dame lyseblå Prowear,Alm.slid uden restværdi,1,2139,79,300ED89F335000400183DA6F,"PLC, Product detaljeret, Aarhus, Sep. 2023.xlsx",1.1242449742870502,T-shirt
13658 T-shirt dame lyseblå Prowear,Alm.slid uden restværdi,1,2138,105,300ED89F335000400183CD33,"PLC, Product detaljeret, Aarhus, Sep. 2023.xlsx",1.4949485500467727,T-shirt
01589 T-shirt unisex mblå k/æ,Alm.slid uden restværdi,1,2132,66,300ED89F3350007FE266A62A,"PLC, Product detaljeret, Aarhus, Sep. 2023.xlsx",0.9423264540337711,T-shirt
13658 T-shirt dame lyseblå Prowear,Alm.slid uden restværdi,1,2108,76,300ED89F3350007FE2678E63,"PLC, Product detaljeret, Aarhus, Sep. 2023.xlsx",1.0974573055028465,T-shirt
13658 T-shirt dame lyseblå Prowear,Alm.slid uden restværdi,1,2107,94,300ED89F3350007FE266CDE1,"PLC, Product detaljeret, Aarhus, Sep. 2023.xlsx",1.3580256288561938,T-shirt
01589 T-shirt unisex mblå k/æ,Alm.slid uden restværdi,1,2087,95,300ED89F3350007FE266A11C,"PLC, Product detaljeret, Aarhus, Sep. 2023.xlsx",1.3856252994729277,T-shirt
01427 T-shirt unisex lyseblå pb,Alm.slid uden restværdi,1,2081,23,300ED89F33500060009D8A27,"PLC, Product detaljeret, Aarhus, Sep. 2023.xlsx",0.3364344065353196,T-shirt
01427 T-shirt unisex lyseblå pb,Alm.slid uden restværdi,1,2072,24,300ED89F33500060009D946B,"PLC, Product detaljeret, Aarhus, Sep. 2023.xlsx",0.3525868725868726,T-shirt
01589 T-shirt unisex mblå k/æ,Alm.slid uden restværdi,1,2057,31,300ED89F33500060009D88BC,"PLC, Product detaljeret, Aarhus, Sep. 2023.xlsx",0.4587457462323773,T-shirt
01589 T-shirt unisex mblå k/æ,Alm.slid uden restværdi,1,2044,51,300ED89F33500060009D98E4,"PLC, Product detaljeret, Aarhus, Sep. 2023.xlsx",0.7595107632093934,T-shirt
01589 T-shirt unisex mblå k/æ,Alm.slid uden restværdi,1,2031,66,30155C97D461A7C001169E47,"PLC, Product detaljeret, Aarhus, Sep. 2023.xlsx",0.9891875923190546,T-shirt
01589 T-shirt unisex mblå k/æ,Alm.slid uden restværdi,1,2016,73,300ED89F33500060009D9859,"PLC, Product detaljeret, Aarhus, Sep. 2023.xlsx",1.1022420634920636,T-shirt
01589 T-shirt unisex mblå k/æ,Alm.slid uden restværdi,1,2016,66,300ED89F33500060009D9884,"PLC, Product detaljeret, Aarhus, Sep. 2023.xlsx",0.9965476190476191,T-shirt
01589 T-shirt unisex mblå k/æ,Alm.slid uden restværdi,1,2004,40,30155C97D461A7C001169E3A,"PLC, Product detaljeret, Aarhus, Sep. 2023.xlsx",0.6075848303393214,T-shirt
01427 T-shirt unisex lyseblå pb,Alm.slid uden restværdi,1,1991,149,30155C97D461A7C00122F487,"PLC, Product detaljeret, Aarhus, Sep. 2023.xlsx",2.278031140130588,T-shirt
03885 T-Shirt Lysblå Lady K/Æ P/B,Alm.slid uden restværdi,1,1991,85,30155C97D461A7C000E7F77E,"PLC, Product detaljeret, Aarhus, Sep. 2023.xlsx",1.2995479658463085,T-shirt
03885 T-Shirt Lysblå Lady K/Æ P/B,Alm.slid uden restværdi,1,1991,79,30155C97D461A7C000E885D8,"PLC, Product detaljeret, Aarhus, Sep. 2023.xlsx",1.2078151682571572,T-shirt
03885 T-Shirt Lysblå Lady K/Æ P/B,Alm.slid uden restværdi,1,1991,117,30155C97D461A7C000E900EE,"PLC, Product detaljeret, Aarhus, Sep. 2023.xlsx",1.788789552988448,T-shirt
03885 T-Shirt Lysblå Lady K/Æ P/B,Alm.slid uden restværdi,1,1985,14,30155C97D461A7C00092FBFB,"PLC, Product detaljeret, Aarhus, Sep. 2023.xlsx",0.21469017632241813,T-shirt
03885 T-Shirt Lysblå Lady K/Æ P/B,Alm.slid uden restværdi,1,1984,15,30155C97D461A7C00092FC8C,"PLC, Product detaljeret, Aarhus, Sep. 2023.xlsx",0.23014112903225808,T-shirt
03885 T-Shirt Lysblå Lady K/Æ P/B,Alm.slid uden restværdi,1,1983,8,30155C97D461A7C0007D1759,"PLC, Product detaljeret, Aarhus, Sep. 2023.xlsx",0.1228038325769037,T-shirt
03885 T-Shirt Lysblå Lady K/Æ P/B,Alm.slid uden restværdi,1,1983,6,30155C97D461A7C0007D175B,"PLC, Product detaljeret, Aarhus, Sep. 2023.xlsx",0.09210287443267777,T-shirt
03885 T-Shirt Lysblå Lady K/Æ P/B,Alm.slid uden restværdi,1,1979,15,30155C97D461A7C001036DE8,"PLC, Product detaljeret, Aarhus, Sep. 2023.xlsx",0.23072258716523497,T-shirt
03885 T-Shirt Lysblå Lady K/Æ P/B,Alm.slid uden restværdi,1,1979,17,30155C97D461A7C001036F02,"PLC, Product detaljeret, Aarhus, Sep. 2023.xlsx",0.2614855987872663,T-shirt
03885 T-Shirt Lysblå Lady K/Æ P/B,Alm.slid uden restværdi,1,1979,15,30155C97D461A7C001036F1F,"PLC, Product detaljeret, Aarhus, Sep. 2023.xlsx",0.23072258716523497,T-shirt
03885 T-Shirt Lysblå Lady K/Æ P/B,Alm.slid uden restværdi,1,1971,15,30155C97D461A7C00092FC6D,"PLC, Product detaljeret, Aarhus, Sep. 2023.xlsx",0.23165905631659056,T-shirt
03885 T-Shirt Lysblå Lady K/Æ P/B,Alm.slid uden restværdi,1,1971,75,30155C97D461A7C000E7F5EA,"PLC, Product detaljeret, Aarhus, Sep. 2023.xlsx",1.1582952815829528,T-shirt
03885 T-Shirt Lysblå Lady K/Æ P/B,Alm.slid uden restværdi,1,1971,21,30155C97D461A7C000E7F642,"PLC, Product detaljeret, Aarhus, Sep. 2023.xlsx",0.3243226788432268,T-shirt
03885 T-Shirt Lysblå Lady K/Æ P/B,Alm.slid uden restværdi,1,1971,10,30155C97D461A7C000E7F66D,"PLC, Product detaljeret, Aarhus, Sep. 2023.xlsx",0.15443937087772705,T-shirt
03885 T-Shirt Lysblå Lady K/Æ P/B,Alm.slid uden restværdi,1,1971,82,30155C97D461A7C000E7F6AC,"PLC, Product detaljeret, Aarhus, Sep. 2023.xlsx",1.2664028411973618,T-shirt
03885 T-Shirt Lysblå Lady K/Æ P/B,Alm.slid uden restværdi,1,1971,20,30155C97D461A7C000E88560,"PLC, Product detaljeret, Aarhus, Sep. 2023.xlsx",0.3088787417554541,T-shirt
03885 T-Shirt Lysblå Lady K/Æ P/B,Alm.slid uden restværdi,1,1971,25,30155C97D461A7C000E921C1,"PLC, Product detaljeret, Aarhus, Sep. 2023.xlsx",0.3860984271943176,T-shirt
03885 T-Shirt Lysblå Lady K/Æ P/B,Alm.slid uden restværdi,1,1971,55,30155C97D461A7C00103AB35,"PLC, Product detaljeret, Aarhus, Sep. 2023.xlsx",0.8494165398274988,T-shirt
01427 T-shirt unisex lyseblå pb,Alm.slid uden restværdi,1,1970,9,300ED89F3350007FE267FE14,"PLC, Product detaljeret, Aarhus, Sep. 2023.xlsx",0.13906598984771576,T-shirt
03885 T-Shirt Lysblå Lady K/Æ P/B,Alm.slid uden restværdi,1,1970,73,30155C97D461A7C00103AB56,"PLC, Product detaljeret, Aarhus, Sep. 2023.xlsx",1.1279796954314723,T-shirt
03885 T-Shirt Lysblå Lady K/Æ P/B,Alm.slid uden restværdi,1,1970,20,30155C97D461A7C001C7D513,"PLC, Product detaljeret, Aarhus, Sep. 2023.xlsx",0.30903553299492387,T-shirt
03885 T-Shirt Lysblå Lady K/Æ P/B,Alm.slid uden restværdi,1,1962,38,30155C97D461A7C00103AA0F,"PLC, Product detaljeret, Aarhus, Sep. 2023.xlsx",0.5895616717635066,T-shirt
03885 T-Shirt Lysblå Lady K/Æ P/B,Alm.slid uden restværdi,1,1962,50,30155C97D461A7C00103AA1A,"PLC, Product detaljeret, Aarhus, Sep. 2023.xlsx",0.7757390417940877,T-shirt
01589 T-shirt unisex mblå k/æ,Alm.slid uden restværdi,1,1958,84,30155C97D461A7C00110C524,"PLC, Product detaljeret, Aarhus, Sep. 2023.xlsx",1.3059039836567927,T-shirt
01589 T-shirt unisex mblå k/æ,Alm.slid uden restværdi,1,1958,92,30155C97D461A7C00110C588,"PLC, Product detaljeret, Aarhus, Sep. 2023.xlsx",1.4302757916241065,T-shirt
01589 T-shirt unisex mblå k/æ,Alm.slid uden restværdi,1,1958,87,30155C97D461A7C00110C6D6,"PLC, Product detaljeret, Aarhus, Sep. 2023.xlsx",1.3525434116445354,T-shirt
03885 T-Shirt Lysblå Lady K/Æ P/B,Alm.slid uden restværdi,1,1950,106,30155C97D461A7C00103AE58,"PLC, Product detaljeret, Aarhus, Sep. 2023.xlsx",1.6546871794871796,T-shirt
01589 T-shirt unisex mblå k/æ,Alm.slid uden restværdi,1,1935,70,30155C97D461A7C0013068E6,"PLC, Product detaljeret, Aarhus, Sep. 2023.xlsx",1.101188630490956,T-shirt
01589 T-shirt unisex mblå k/æ,Alm.slid uden restværdi,1,1926,24,30155C97D461A7C001356C6C,"PLC, Product detaljeret, Aarhus, Sep. 2023.xlsx",0.37931464174454826,T-shirt
01589 T-shirt unisex mblå k/æ,Alm.slid uden restværdi,1,1926,23,30155C97D461A7C001356C84,"PLC, Product detaljeret, Aarhus, Sep. 2023.xlsx",0.36350986500519217,T-shirt
01589 T-shirt unisex mblå k/æ,Alm.slid uden restværdi,1,1925,20,30155C97D461A7C001356C77,"PLC, Product detaljeret, Aarhus, Sep. 2023.xlsx",0.3162597402597403,T-shirt
03885 T-Shirt Lysblå Lady K/Æ P/B,Alm.slid uden restværdi,1,1925,107,00D0093C1232,"PLC, Product detaljeret, Aarhus, Sep. 2023.xlsx",1.6919896103896104,T-shirt
03885 T-Shirt Lysblå Lady K/Æ P/B,Alm.slid uden restværdi,1,1925,67,00D0098B0A23,"PLC, Product detaljeret, Aarhus, Sep. 2023.xlsx",1.05947012987013,T-shirt
01717 T-shirt unisex kblå pb,Alm.slid uden restværdi,1,1924,42,30155C97D461A7C00116ECB3,"PLC, Product detaljeret, Aarhus, Sep. 2023.xlsx",0.6644906444906445,T-shirt
01589 T-shirt unisex mblå k/æ,Alm.slid uden restværdi,1,1921,38,30155C97D461A7C00134529A,"PLC, Product detaljeret, Aarhus, Sep. 2023.xlsx",0.6021447162935971,T-shirt
03885 T-Shirt Lysblå Lady K/Æ P/B,Alm.slid uden restværdi,1,1921,62,30155C97D461A7C0010363F1,"PLC, Product detaljeret, Aarhus, Sep. 2023.xlsx",0.9824466423737637,T-shirt
01717 T-shirt unisex kblå pb,Alm.slid uden restværdi,1,1920,99,30155C97D461A7C001107FAD,"PLC, Product detaljeret, Aarhus, Sep. 2023.xlsx",1.5695625,T-shirt
01427 T-shirt unisex lyseblå pb,Alm.slid uden restværdi,1,1915,12,300ED89F33500060009D86FC,"PLC, Product detaljeret, Aarhus, Sep. 2023.xlsx",0.19074673629242822,T-shirt
01427 T-shirt unisex lyseblå pb,Alm.slid uden restværdi,1,1915,5,300ED89F33500060009D878E,"PLC, Product detaljeret, Aarhus, Sep. 2023.xlsx",0.07947780678851175,T-shirt
01589 T-shirt unisex mblå k/æ,Alm.slid uden restværdi,1,1912,43,30155C97D461A7C001345296,"PLC, Product detaljeret, Aarhus, Sep. 2023.xlsx",0.684581589958159,T-shirt
01589 T-shirt unisex mblå k/æ,Alm.slid uden restværdi,1,1912,36,30155C97D461A7C001345375,"PLC, Product detaljeret, Aarhus, Sep. 2023.xlsx",0.5731380753138076,T-shirt
01427 T-shirt unisex lyseblå pb,Alm.slid uden restværdi,1,1883,122,300ED89F33500060009D7E04,"PLC, Product detaljeret, Aarhus, Sep. 2023.xlsx",1.9722145512480087,T-shirt
01589 T-shirt unisex mblå k/æ,Alm.slid uden restværdi,1,1880,128,300ED89F33500060009D7DE0,"PLC, Product detaljeret, Aarhus, Sep. 2023.xlsx",2.0725106382978726,T-shirt
01589 T-shirt unisex mblå k/æ,Alm.slid uden restværdi,1,1813,90,30155C97D461A7C00122ADA0,"PLC, Product detaljeret, Aarhus, Sep. 2023.xlsx",1.5110865968008826,T-shirt
01589 T-shirt unisex mblå k/æ,Alm.slid uden restværdi,1,1740,118,30155C97D461A7C00140369C,"PLC, Product detaljeret, Aarhus, Sep. 2023.xlsx",2.06432183908046,T-shirt
01427 T-shirt unisex lyseblå pb,Alm.slid uden restværdi,1,1705,93,30155C97D461A7C0016D91E4,"PLC, Product detaljeret, Aarhus, Sep. 2023.xlsx",1.6603636363636363,T-shirt
01589 T-shirt unisex mblå k/æ,Alm.slid uden restværdi,1,1611,62,300ED89F3350005FE252C0E6,"PLC, Product detaljeret, Aarhus, Sep. 2023.xlsx",1.171495965238982,T-shirt
01589 T-shirt unisex mblå k/æ,Alm.slid uden restværdi,1,1579,87,30155C97D461A7C00204A61A,"PLC, Product detaljeret, Aarhus, Sep. 2023.xlsx",1.677188093730209,T-shirt
01589 T-shirt unisex mblå k/æ,Alm.slid uden restværdi,1,1541,1,30155C97D461A7C0020401D4,"PLC, Product detaljeret, Aarhus, Sep. 2023.xlsx",0.019753406878650227,T-shirt
01589 T-shirt unisex mblå k/æ,Alm.slid uden restværdi,1,1541,1,30155C97D461A7C0020401D7,"PLC, Product detaljeret, Aarhus, Sep. 2023.xlsx",0.019753406878650227,T-shirt
01589 T-shirt unisex mblå k/æ,Alm.slid uden restværdi,1,1537,11,30155C97D461A7C001CC4AE6,"PLC, Product detaljeret, Aarhus, Sep. 2023.xlsx",0.2178529603122967,T-shirt
01589 T-shirt unisex mblå k/æ,Alm.slid uden restværdi,1,1536,55,30155C97D461A7C0016E21DE,"PLC, Product detaljeret, Aarhus, Sep. 2023.xlsx",1.0899739583333332,T-shirt
01589 T-shirt unisex mblå k/æ,Alm.slid uden restværdi,1,1497,61,30155C97D461A7C0021187DC,"PLC, Product detaljeret, Aarhus, Sep. 2023.xlsx",1.240374081496326,T-shirt
01717 T-shirt unisex kblå pb,Alm.slid uden restværdi,1,1491,18,30155C97D461A7C002111605,"PLC, Product detaljeret, Aarhus, Sep. 2023.xlsx",0.36748490945674045,T-shirt
01589 T-shirt unisex mblå k/æ,Alm.slid uden restværdi,1,1431,50,30155C97D461A7C0020401B8,"PLC, Product detaljeret, Aarhus, Sep. 2023.xlsx",1.063591893780573,T-shirt
01589 T-shirt unisex mblå k/æ,Alm.slid uden restværdi,1,1386,3,30155C97D461A7C0020EE58B,"PLC, Product detaljeret, Aarhus, Sep. 2023.xlsx",0.06588744588744588,T-shirt
26056 T-shirt k/æ dame lyseblå,Alm.slid uden restværdi,1,1349,97,30155C97D461A7C0005C4721,"PLC, Product detaljeret, Aarhus, Sep. 2023.xlsx",2.188791697553744,T-shirt
01589 T-shirt unisex mblå k/æ,Alm.slid uden restværdi,1,1348,42,30155C97D461A7C001F70BEB,"PLC, Product detaljeret, Aarhus, Sep. 2023.xlsx",0.9484272997032641,T-shirt
26056 T-shirt k/æ dame lyseblå,Alm.slid uden restværdi,1,1338,79,30155C97D461A7C00214BF91,"PLC, Product detaljeret, Aarhus, Sep. 2023.xlsx",1.7972795216741406,T-shirt
01589 T-shirt unisex mblå k/æ,Alm.slid uden restværdi,1,1320,26,30155C97D461A7C002676E59,"PLC, Product detaljeret, Aarhus, Sep. 2023.xlsx",0.5995757575757575,T-shirt
01589 T-shirt unisex mblå k/æ,Alm.slid uden restværdi,1,1307,68,30155C97D461A7C002676DD3,"PLC, Product detaljeret, Aarhus, Sep. 2023.xlsx",1.5837184391736803,T-shirt
01589 T-shirt unisex mblå k/æ,Alm.slid uden restværdi,1,1307,57,30155C97D461A7C002676E0C,"PLC, Product detaljeret, Aarhus, Sep. 2023.xlsx",1.3275286916602909,T-shirt
12151 T-shirt 1/2 æ lady lblå PB,Alm.slid uden restværdi,1,1304,82,30155C97D461A7C0016ED3F7,"PLC, Product detaljeret, Aarhus, Sep. 2023.xlsx",1.9141717791411044,T-shirt
12151 T-shirt 1/2 æ lady lblå PB,Alm.slid uden restværdi,1,1304,77,30155C97D461A7C0016ED433,"PLC, Product detaljeret, Aarhus, Sep. 2023.xlsx",1.7974539877300615,T-shirt
12151 T-shirt 1/2 æ lady lblå PB,Alm.slid uden restværdi,1,1304,65,30155C97D461A7C0016ED4C9,"PLC, Product detaljeret, Aarhus, Sep. 2023.xlsx",1.5173312883435583,T-shirt
12151 T-shirt 1/2 æ lady lblå PB,Alm.slid uden restværdi,1,1304,74,30155C97D461A7C0016ED587,"PLC, Product detaljeret, Aarhus, Sep. 2023.xlsx",1.7274233128834355,T-shirt
12151 T-shirt 1/2 æ lady lblå PB,Alm.slid uden restværdi,1,1303,1,30155C97D461A7C001F5C2A7,"PLC, Product detaljeret, Aarhus, Sep. 2023.xlsx",0.02336147352264006,T-shirt
01589 T-shirt unisex mblå k/æ,Alm.slid uden restværdi,1,1302,45,30155C97D461A7C00229FCBF,"PLC, Product detaljeret, Aarhus, Sep. 2023.xlsx",1.052073732718894,T-shirt
24593 T-shirt You dame Kornblå,Alm.slid uden restværdi,1,1302,21,30155C97D461A7C0023174E6,"PLC, Product detaljeret, Aarhus, Sep. 2023.xlsx",0.49096774193548387,T-shirt
24597 T-shirt You unisex Kornblå,Alm.slid uden restværdi,1,1302,19,30155C97D461A7C00231744A,"PLC, Product detaljeret, Aarhus, Sep. 2023.xlsx",0.44420890937019974,T-shirt
24597 T-shirt You unisex Kornblå,Alm.slid uden restværdi,1,1302,31,30155C97D461A7C00231746C,"PLC, Product detaljeret, Aarhus, Sep. 2023.xlsx",0.7247619047619047,T-shirt
12151 T-shirt 1/2 æ lady lblå PB,Alm.slid uden restværdi,1,1301,94,30155C97D461A7C0016ED534,"PLC, Product detaljeret, Aarhus, Sep. 2023.xlsx",2.1993543428132205,T-shirt
26056 T-shirt k/æ dame lyseblå,Alm.slid uden restværdi,1,1301,91,30155C97D461A7C0021BEF3C,"PLC, Product detaljeret, Aarhus, Sep. 2023.xlsx",2.1291621829362026,T-shirt
01589 T-shirt unisex mblå k/æ,Alm.slid uden restværdi,1,1286,86,30155C97D461A7C00229013A,"PLC, Product detaljeret, Aarhus, Sep. 2023.xlsx",2.0356454121306378,T-shirt
01589 T-shirt unisex mblå k/æ,Alm.slid uden restværdi,1,1286,77,30155C97D461A7C00229C029,"PLC, Product detaljeret, Aarhus, Sep. 2023.xlsx",1.8226127527216176,T-shirt
01589 T-shirt unisex mblå k/æ,Alm.slid uden restværdi,1,1286,73,30155C97D461A7C00229C046,"PLC, Product detaljeret, Aarhus, Sep. 2023.xlsx",1.727931570762053,T-shirt
01589 T-shirt unisex mblå k/æ,Alm.slid uden restværdi,1,1286,69,30155C97D461A7C00229C059,"PLC, Product detaljeret, Aarhus, Sep. 2023.xlsx",1.6332503888024883,T-shirt
12151 T-shirt 1/2 æ lady lblå PB,Alm.slid uden restværdi,1,1286,56,30155C97D461A7C0016ED47F,"PLC, Product detaljeret, Aarhus, Sep. 2023.xlsx",1.3255365474339036,T-shirt
12151 T-shirt 1/2 æ lady lblå PB,Alm.slid uden restværdi,1,1286,70,30155C97D461A7C0016ED557,"PLC, Product detaljeret, Aarhus, Sep. 2023.xlsx",1.6569206842923796,T-shirt
01589 T-shirt unisex mblå k/æ,Alm.slid uden restværdi,1,1281,73,30155C97D461A7C002290273,"PLC, Product detaljeret, Aarhus, Sep. 2023.xlsx",1.7346760343481655,T-shirt
09610 T-Shirt Lady Lysblå Bom,Alm.slid uden restværdi,1,1257,34,30155C97D461A7C0023C791C,"PLC, Product detaljeret, Aarhus, Sep. 2023.xlsx",0.823357199681782,T-shirt
01589 T-shirt unisex mblå k/æ,Alm.slid uden restværdi,1,1253,66,30155C97D461A7C0023BA2D8,"PLC, Product detaljeret, Aarhus, Sep. 2023.xlsx",1.6033838786911414,T-shirt
12151 T-shirt 1/2 æ lady lblå PB,Alm.slid uden restværdi,1,1222,67,30155C97D461A7C001F686F3,"PLC, Product detaljeret, Aarhus, Sep. 2023.xlsx",1.6689689034369888,T-shirt
12151 T-shirt 1/2 æ lady lblå PB,Alm.slid uden restværdi,1,1222,64,30155C97D461A7C001F6878F,"PLC, Product detaljeret, Aarhus, Sep. 2023.xlsx",1.594238952536825,T-shirt
12151 T-shirt 1/2 æ lady lblå PB,Alm.slid uden restværdi,1,1219,82,30155C97D461A7C001F68659,"PLC, Product detaljeret, Aarhus, Sep. 2023.xlsx",2.047645611156686,T-shirt
26056 T-shirt k/æ dame lyseblå,Alm.slid uden restværdi,1,1195,90,30155C97D461A7C0021BEF5B,"PLC, Product detaljeret, Aarhus, Sep. 2023.xlsx",2.2925523012552302,T-shirt
01717 T-shirt unisex kblå pb,Alm.slid uden restværdi,1,1190,105,30155C97D461A7C0023C5A62,"PLC, Product detaljeret, Aarhus, Sep. 2023.xlsx",2.6858823529411766,T-shirt
01589 T-shirt unisex mblå k/æ,Alm.slid uden restværdi,1,1182,19,30155C97D461A7C00294B848,"PLC, Product detaljeret, Aarhus, Sep. 2023.xlsx",0.4893062605752961,T-shirt
03885 T-Shirt Lysblå Lady K/Æ P/B,Alm.slid uden restværdi,1,1159,47,30155C97D461A7C001C8589F,"PLC, Product detaljeret, Aarhus, Sep. 2023.xlsx",1.234408973252804,T-shirt
25055 T-shirt uni k/æ blåmelan Pro,Alm.slid uden restværdi,1,1096,71,30155C97D461A7C00281D294,"PLC, Product detaljeret, Aarhus, Sep. 2023.xlsx",1.9719343065693433,T-shirt
01589 T-shirt unisex mblå k/æ,Alm.slid uden restværdi,1,1061,42,30155C97D461A6C0000F1793,"PLC, Product detaljeret, Aarhus, Sep. 2023.xlsx",1.20497643732328,T-shirt
03885 T-Shirt Lysblå Lady K/Æ P/B,Alm.slid uden restværdi,1,1037,120,30155C97D461A7C001C8595A,"PLC, Product detaljeret, Aarhus, Sep. 2023.xlsx",3.5224686595949857,T-shirt
03885 T-Shirt Lysblå Lady K/Æ P/B,Alm.slid uden restværdi,1,1036,114,30155C97D461A7C001C858B6,"PLC, Product detaljeret, Aarhus, Sep. 2023.xlsx",3.3495752895752897,T-shirt
13658 T-shirt dame lyseblå Prowear,Alm.slid uden restværdi,1,1036,46,30155C97D461A6C00016F4C7,"PLC, Product detaljeret, Aarhus, Sep. 2023.xlsx",1.3515830115830116,T-shirt
01589 T-shirt unisex mblå k/æ,Alm.slid uden restværdi,1,1026,36,30155C97D461A7C001EA8FC1,"PLC, Product detaljeret, Aarhus, Sep. 2023.xlsx",1.0680701754385964,T-shirt
01717 T-shirt unisex kblå pb,Alm.slid uden restværdi,1,1022,26,30155C97D461A6C00016FB80,"PLC, Product detaljeret, Aarhus, Sep. 2023.xlsx",0.7744031311154599,T-shirt
01717 T-shirt unisex kblå pb,Alm.slid uden restværdi,1,1022,21,30155C97D461A6C00016FB8C,"PLC, Product detaljeret, Aarhus, Sep. 2023.xlsx",0.6254794520547945,T-shirt
01717 T-shirt unisex kblå pb,Alm.slid uden restværdi,1,1022,19,30155C97D461A6C00016FBDC,"PLC, Product detaljeret, Aarhus, Sep. 2023.xlsx",0.5659099804305283,T-shirt
01717 T-shirt unisex kblå pb,Alm.slid uden restværdi,1,1022,20,30155C97D461A6C00016FC21,"PLC, Product detaljeret, Aarhus, Sep. 2023.xlsx",0.5956947162426615,T-shirt
01589 T-shirt unisex mblå k/æ,Alm.slid uden restværdi,1,1007,21,30155C97D461A6C00012AA25,"PLC, Product detaljeret, Aarhus, Sep. 2023.xlsx",0.6347964250248262,T-shirt
01589 T-shirt unisex mblå k/æ,Alm.slid uden restværdi,1,1007,12,30155C97D461A6C00012AAF0,"PLC, Product detaljeret, Aarhus, Sep. 2023.xlsx",0.36274081429990074,T-shirt
01589 T-shirt unisex mblå k/æ,Alm.slid uden restværdi,1,1002,56,30155C97D461A7C002913DB1,"PLC, Product detaljeret, Aarhus, Sep. 2023.xlsx",1.7012375249501,T-shirt
01589 T-shirt unisex mblå k/æ,Alm.slid uden restværdi,1,1001,30,30155C97D461A6C0001739E7,"PLC, Product detaljeret, Aarhus, Sep. 2023.xlsx",0.9122877122877123,T-shirt
26056 T-shirt k/æ dame lyseblå,Alm.slid uden restværdi,1,989,73,30155C97D461A7C0023005FC,"PLC, Product detaljeret, Aarhus, Sep. 2023.xlsx",2.246835187057634,T-shirt
26498 T-shirt L/Æ kongeblå P/B,Alm.slid uden restværdi,1,979,24,30155C97D461A6C0002CEF9A,"PLC, Product detaljeret, Aarhus, Sep. 2023.xlsx",0.7462308478038815,T-shirt
01589 T-shirt unisex mblå k/æ,Alm.slid uden restværdi,1,973,8,30155C97D461A6C0002F12D0,"PLC, Product detaljeret, Aarhus, Sep. 2023.xlsx",0.2502774922918808,T-shirt
24597 T-shirt You unisex Kornblå,Alm.slid uden restværdi,1,961,10,30155C97D461A7C002316731,"PLC, Product detaljeret, Aarhus, Sep. 2023.xlsx",0.3167533818938606,T-shirt
01589 T-shirt unisex mblå k/æ,Alm.slid uden restværdi,1,960,54,30155C97D461A6C000304C8C,"PLC, Product detaljeret, Aarhus, Sep. 2023.xlsx",1.71225,T-shirt
24597 T-shirt You unisex Kornblå,Alm.slid uden restværdi,1,956,3,30155C97D461A7C0023166BD,"PLC, Product detaljeret, Aarhus, Sep. 2023.xlsx",0.09552301255230125,T-shirt
24597 T-shirt You unisex Kornblå,Alm.slid uden restværdi,1,956,3,30155C97D461A7C0023167E9,"PLC, Product detaljeret, Aarhus, Sep. 2023.xlsx",0.09552301255230125,T-shirt
24597 T-shirt You unisex Kornblå,Alm.slid uden restværdi,1,956,2,30155C97D461A7C0023167F6,"PLC, Product detaljeret, Aarhus, Sep. 2023.xlsx",0.06368200836820083,T-shirt
24762 T-shirt da k/æ blåmela Pro,Alm.slid uden restværdi,1,956,32,30155C97D461A7C0023C6F46,"PLC, Product detaljeret, Aarhus, Sep. 2023.xlsx",1.0189121338912133,T-shirt
01589 T-shirt unisex mblå k/æ,Alm.slid uden restværdi,1,955,92,30155C97D461A6C0002F0729,"PLC, Product detaljeret, Aarhus, Sep. 2023.xlsx",2.9324397905759163,T-shirt
01589 T-shirt unisex mblå k/æ,Alm.slid uden restværdi,1,938,24,30155C97D461A6C000306ADB,"PLC, Product detaljeret, Aarhus, Sep. 2023.xlsx",0.7788486140724947,T-shirt
01589 T-shirt unisex mblå k/æ,Alm.slid uden restværdi,1,938,25,30155C97D461A6C000306AED,"PLC, Product detaljeret, Aarhus, Sep. 2023.xlsx",0.8113006396588486,T-shirt
01589 T-shirt unisex mblå k/æ,Alm.slid uden restværdi,1,938,26,30155C97D461A6C000306B1D,"PLC, Product detaljeret, Aarhus, Sep. 2023.xlsx",0.8437526652452026,T-shirt
01589 T-shirt unisex mblå k/æ,Alm.slid uden restværdi,1,938,14,30155C97D461A7C000D2DFE4,"PLC, Product detaljeret, Aarhus, Sep. 2023.xlsx",0.45432835820895523,T-shirt
01589 T-shirt unisex mblå k/æ,Alm.slid uden restværdi,1,930,55,30155C97D461A6C0000F7BE1,"PLC, Product detaljeret, Aarhus, Sep. 2023.xlsx",1.800215053763441,T-shirt
26498 T-shirt L/Æ kongeblå P/B,Alm.slid uden restværdi,1,921,34,30155C97D461A7C0027673C5,"PLC, Product detaljeret, Aarhus, Sep. 2023.xlsx",1.1237350705754616,T-shirt
13658 T-shirt dame lyseblå Prowear,Alm.slid uden restværdi,1,911,23,30155C97D461A6C0000F9A31,"PLC, Product detaljeret, Aarhus, Sep. 2023.xlsx",0.7685181119648739,T-shirt
01589 T-shirt unisex mblå k/æ,Alm.slid uden restværdi,1,906,37,30155C97D461A6C0002B9618,"PLC, Product detaljeret, Aarhus, Sep. 2023.xlsx",1.2431346578366447,T-shirt
24762 T-shirt da k/æ blåmela Pro,Alm.slid uden restværdi,1,887,79,30155C97D461A6C0002CF2E9,"PLC, Product detaljeret, Aarhus, Sep. 2023.xlsx",2.7111161217587374,T-shirt
01589 T-shirt unisex mblå k/æ,Alm.slid uden restværdi,1,885,24,30155C97D461A7C0022A1FB5,"PLC, Product detaljeret, Aarhus, Sep. 2023.xlsx",0.8254915254237288,T-shirt
13658 T-shirt dame lyseblå Prowear,Alm.slid uden restværdi,1,884,7,30155C97D461A7C00281C5F3,"PLC, Product detaljeret, Aarhus, Sep. 2023.xlsx",0.24104072398190046,T-shirt
01589 T-shirt unisex mblå k/æ,Alm.slid uden restværdi,1,873,60,30155C97D461A6C00080BCA7,"PLC, Product detaljeret, Aarhus, Sep. 2023.xlsx",2.0920962199312716,T-shirt
13658 T-shirt dame lyseblå Prowear,Alm.slid uden restværdi,1,869,52,30155C97D461A6C000306E15,"PLC, Product detaljeret, Aarhus, Sep. 2023.xlsx",1.8214959723820485,T-shirt
13658 T-shirt dame lyseblå Prowear,Alm.slid uden restværdi,1,869,58,30155C97D461A6C000306E4B,"PLC, Product detaljeret, Aarhus, Sep. 2023.xlsx",2.0316685845799767,T-shirt
13658 T-shirt dame lyseblå Prowear,Alm.slid uden restværdi,1,869,54,30155C97D461A6C000306E98,"PLC, Product detaljeret, Aarhus, Sep. 2023.xlsx",1.891553509781358,T-shirt
13658 T-shirt dame lyseblå Prowear,Alm.slid uden restværdi,1,868,55,30155C97D461A6C000306DB8,"PLC, Product detaljeret, Aarhus, Sep. 2023.xlsx",1.9288018433179726,T-shirt
01589 T-shirt unisex mblå k/æ,Alm.slid uden restværdi,1,858,46,30155C97D461A7C0023C58CA,"PLC, Product detaljeret, Aarhus, Sep. 2023.xlsx",1.6319813519813522,T-shirt
01589 T-shirt unisex mblå k/æ,Alm.slid uden restværdi,1,857,33,30155C97D461A6C0003140F4,"PLC, Product detaljeret, Aarhus, Sep. 2023.xlsx",1.1721353558926488,T-shirt
13658 T-shirt dame lyseblå Prowear,Alm.slid uden restværdi,1,820,37,30155C97D461A6C0002F43A5,"PLC, Product detaljeret, Aarhus, Sep. 2023.xlsx",1.3735121951219513,T-shirt
13658 T-shirt dame lyseblå Prowear,Alm.slid uden restværdi,1,820,30,30155C97D461A6C0002F43D1,"PLC, Product detaljeret, Aarhus, Sep. 2023.xlsx",1.1136585365853657,T-shirt
01589 T-shirt unisex mblå k/æ,Alm.slid uden restværdi,1,802,35,30155C97D461A6C000B19005,"PLC, Product detaljeret, Aarhus, Sep. 2023.xlsx",1.3284289276807981,T-shirt
01589 T-shirt unisex mblå k/æ,Alm.slid uden restværdi,1,799,38,30155C97D461A6C000B1F8F6,"PLC, Product detaljeret, Aarhus, Sep. 2023.xlsx",1.447709637046308,T-shirt
13658 T-shirt dame lyseblå Prowear,Alm.slid uden restværdi,1,789,44,30155C97D461A6C000B19DBE,"PLC, Product detaljeret, Aarhus, Sep. 2023.xlsx",1.6975411913814957,T-shirt
13658 T-shirt dame lyseblå Prowear,Alm.slid uden restværdi,1,782,3,30155C97D461A7C00281C628,"PLC, Product detaljeret, Aarhus, Sep. 2023.xlsx",0.11677749360613812,T-shirt
26056 T-shirt k/æ dame lyseblå,Alm.slid uden restværdi,1,759,68,30155C97D461A6C00081F0CA,"PLC, Product detaljeret, Aarhus, Sep. 2023.xlsx",2.727167325428195,T-shirt
26056 T-shirt k/æ dame lyseblå,Alm.slid uden restværdi,1,753,51,30155C97D461A6C000850BC8,"PLC, Product detaljeret, Aarhus, Sep. 2023.xlsx",2.0616733067729083,T-shirt
01589 T-shirt unisex mblå k/æ,Alm.slid uden restværdi,1,742,49,30155C97D461A6C0008BF35E,"PLC, Product detaljeret, Aarhus, Sep. 2023.xlsx",2.010188679245283,T-shirt
01589 T-shirt unisex mblå k/æ,Alm.slid uden restværdi,1,742,53,30155C97D461A6C0008BF46D,"PLC, Product detaljeret, Aarhus, Sep. 2023.xlsx",2.1742857142857144,T-shirt
01589 T-shirt unisex mblå k/æ,Alm.slid uden restværdi,1,742,50,30155C97D461A6C0008BF494,"PLC, Product detaljeret, Aarhus, Sep. 2023.xlsx",2.0512129380053907,T-shirt
01589 T-shirt unisex mblå k/æ,Alm.slid uden restværdi,1,742,54,30155C97D461A6C000BA031A,"PLC, Product detaljeret, Aarhus, Sep. 2023.xlsx",2.2153099730458226,T-shirt
13658 T-shirt dame lyseblå Prowear,Alm.slid uden restværdi,1,736,19,30155C97D461A6C0008BDF4D,"PLC, Product detaljeret, Aarhus, Sep. 2023.xlsx",0.7858152173913043,T-shirt
13658 T-shirt dame lyseblå Prowear,Alm.slid uden restværdi,1,736,16,30155C97D461A6C0008BE0E8,"PLC, Product detaljeret, Aarhus, Sep. 2023.xlsx",0.6617391304347826,T-shirt
13658 T-shirt dame lyseblå Prowear,Alm.slid uden restværdi,1,730,16,30155C97D461A6C0008BE0DF,"PLC, Product detaljeret, Aarhus, Sep. 2023.xlsx",0.6671780821917809,T-shirt
26665 T-shirt dame 1/2 ærme lblå,Alm.slid uden restværdi,1,696,31,30155C97D461A6C0002FEB59,"PLC, Product detaljeret, Aarhus, Sep. 2023.xlsx",1.3558045977011495,T-shirt
01589 T-shirt unisex mblå k/æ,Alm.slid uden restværdi,1,693,7,30155C97D461A6C0015B36BB,"PLC, Product detaljeret, Aarhus, Sep. 2023.xlsx",0.3074747474747475,T-shirt
12151 T-shirt 1/2 æ lady lblå PB,Alm.slid uden restværdi,1,690,16,30155C97D461A7C001F687BA,"PLC, Product detaljeret, Aarhus, Sep. 2023.xlsx",0.7058550724637681,T-shirt
01589 T-shirt unisex mblå k/æ,Alm.slid uden restværdi,1,664,17,30155C97D461A6C00053DF02,"PLC, Product detaljeret, Aarhus, Sep. 2023.xlsx",0.7793373493975904,T-shirt
01589 T-shirt unisex mblå k/æ,Alm.slid uden restværdi,1,660,16,30155C97D461A6C000B9EA18,"PLC, Product detaljeret, Aarhus, Sep. 2023.xlsx",0.737939393939394,T-shirt
01589 T-shirt unisex mblå k/æ,Alm.slid uden restværdi,1,640,14,30155C97D461A6C000B0E474,"PLC, Product detaljeret, Aarhus, Sep. 2023.xlsx",0.665875,T-shirt
24597 T-shirt You unisex Kornblå,Alm.slid uden restværdi,1,609,23,30155C97D461A7C002317413,"PLC, Product detaljeret, Aarhus, Sep. 2023.xlsx",1.1496223316912972,T-shirt
01589 T-shirt unisex mblå k/æ,Alm.slid uden restværdi,1,606,10,30155C97D461A6C000637BDE,"PLC, Product detaljeret, Aarhus, Sep. 2023.xlsx",0.5023102310231022,T-shirt
26665 T-shirt dame 1/2 ærme lblå,Alm.slid uden restværdi,1,582,29,30155C97D461A6C0012FEEE6,"PLC, Product detaljeret, Aarhus, Sep. 2023.xlsx",1.516769759450172,T-shirt
26056 T-shirt k/æ dame lyseblå,Alm.slid uden restværdi,1,573,27,30155C97D461A6C00084FEBB,"PLC, Product detaljeret, Aarhus, Sep. 2023.xlsx",1.43434554973822,T-shirt
01589 T-shirt unisex mblå k/æ,Alm.slid uden restværdi,1,554,33,30155C97D461A6C0015B5677,"PLC, Product detaljeret, Aarhus, Sep. 2023.xlsx",1.8132129963898918,T-shirt
01589 T-shirt unisex mblå k/æ,Alm.slid uden restværdi,1,553,23,30155C97D461A6C000E31CB2,"PLC, Product detaljeret, Aarhus, Sep. 2023.xlsx",1.2660397830018084,T-shirt
01589 T-shirt unisex mblå k/æ,Alm.slid uden restværdi,1,553,37,30155C97D461A6C000E31D0D,"PLC, Product detaljeret, Aarhus, Sep. 2023.xlsx",2.0366726943942135,T-shirt
01589 T-shirt unisex mblå k/æ,Alm.slid uden restværdi,1,553,30,30155C97D461A6C000E31D55,"PLC, Product detaljeret, Aarhus, Sep. 2023.xlsx",1.651356238698011,T-shirt
01589 T-shirt unisex mblå k/æ,Alm.slid uden restværdi,1,553,39,30155C97D461A6C000E31E48,"PLC, Product detaljeret, Aarhus, Sep. 2023.xlsx",2.1467631103074143,T-shirt
01589 T-shirt unisex mblå k/æ,Alm.slid uden restværdi,1,552,22,30155C97D461A6C0015B5F95,"PLC, Product detaljeret, Aarhus, Sep. 2023.xlsx",1.2131884057971014,T-shirt
01589 T-shirt unisex mblå k/æ,Alm.slid uden restværdi,1,544,4,30155C97D461A6C0012EB9F9,"PLC, Product detaljeret, Aarhus, Sep. 2023.xlsx",0.2238235294117647,T-shirt
01427 T-shirt unisex lyseblå pb,Alm.slid uden restværdi,1,529,16,30155C97D461A6C00090A53F,"PLC, Product detaljeret, Aarhus, Sep. 2023.xlsx",0.9206805293005672,T-shirt
01589 T-shirt unisex mblå k/æ,Alm.slid uden restværdi,1,521,2,00D00B654F04,"PLC, Product detaljeret, Aarhus, Sep. 2023.xlsx",0.11685220729366602,T-shirt
08398 T-shirt unisex mblå k/æ bom,Alm.slid uden restværdi,1,511,2,30155C97D461A6C0015C6443,"PLC, Product detaljeret, Aarhus, Sep. 2023.xlsx",0.11913894324853229,T-shirt
24762 T-shirt da k/æ blåmela Pro,Alm.slid uden restværdi,1,504,31,30155C97D461A6C000D86B81,"PLC, Product detaljeret, Aarhus, Sep. 2023.xlsx",1.8723015873015874,T-shirt
13658 T-shirt dame lyseblå Prowear,Alm.slid uden restværdi,1,494,25,30155C97D461A6C00070773B,"PLC, Product detaljeret, Aarhus, Sep. 2023.xlsx",1.540485829959514,T-shirt
01589 T-shirt unisex mblå k/æ,Alm.slid uden restværdi,1,488,28,30155C97D461A6C001626E2A,"PLC, Product detaljeret, Aarhus, Sep. 2023.xlsx",1.7465573770491805,T-shirt
01589 T-shirt unisex mblå k/æ,Alm.slid uden restværdi,1,488,25,30155C97D461A6C001626E65,"PLC, Product detaljeret, Aarhus, Sep. 2023.xlsx",1.5594262295081969,T-shirt
01589 T-shirt unisex mblå k/æ,Alm.slid uden restværdi,1,488,25,30155C97D461A6C001626EB8,"PLC, Product detaljeret, Aarhus, Sep. 2023.xlsx",1.5594262295081969,T-shirt
01589 T-shirt unisex mblå k/æ,Alm.slid uden restværdi,1,488,28,30155C97D461A6C001626ED1,"PLC, Product detaljeret, Aarhus, Sep. 2023.xlsx",1.7465573770491805,T-shirt
01589 T-shirt unisex mblå k/æ,Alm.slid uden restværdi,1,488,26,30155C97D461A6C001626EE9,"PLC, Product detaljeret, Aarhus, Sep. 2023.xlsx",1.6218032786885246,T-shirt
01589 T-shirt unisex mblå k/æ,Alm.slid uden restværdi,1,488,28,30155C97D461A6C001626EF0,"PLC, Product detaljeret, Aarhus, Sep. 2023.xlsx",1.7465573770491805,T-shirt
13658 T-shirt dame lyseblå Prowear,Alm.slid uden restværdi,1,486,13,300ED89F3350007FE266BFF8,"PLC, Product detaljeret, Aarhus, Sep. 2023.xlsx",0.8142386831275721,T-shirt
01589 T-shirt unisex mblå k/æ,Alm.slid uden restværdi,1,484,16,30155C97D461A6C001626D4C,"PLC, Product detaljeret, Aarhus, Sep. 2023.xlsx",1.0062809917355373,T-shirt
01589 T-shirt unisex mblå k/æ,Alm.slid uden restværdi,1,479,19,30155C97D461A6C00091039B,"PLC, Product detaljeret, Aarhus, Sep. 2023.xlsx",1.2074321503131524,T-shirt
01589 T-shirt unisex mblå k/æ,Alm.slid uden restværdi,1,472,22,30155C97D461A6C000912FEF,"PLC, Product detaljeret, Aarhus, Sep. 2023.xlsx",1.418813559322034,T-shirt
24597 T-shirt You unisex Kornblå,Alm.slid uden restværdi,1,468,13,30155C97D461A6C0015B66F5,"PLC, Product detaljeret, Aarhus, Sep. 2023.xlsx",0.8455555555555555,T-shirt
01589 T-shirt unisex mblå k/æ,Alm.slid uden restværdi,1,455,6,30155C97D461A4C00064D67B,"PLC, Product detaljeret, Aarhus, Sep. 2023.xlsx",0.4014065934065934,T-shirt
13658 T-shirt dame lyseblå Prowear,Alm.slid uden restværdi,1,426,21,30155C97D461A6C000EADCE0,"PLC, Product detaljeret, Aarhus, Sep. 2023.xlsx",1.50056338028169,T-shirt
24762 T-shirt da k/æ blåmela Pro,Alm.slid uden restværdi,1,375,19,30155C97D461A7C002448F50,"PLC, Product detaljeret, Aarhus, Sep. 2023.xlsx",1.5422933333333333,T-shirt
01589 T-shirt unisex mblå k/æ,Alm.slid uden restværdi,1,371,11,30155C97D461A6C001861666,"PLC, Product detaljeret, Aarhus, Sep. 2023.xlsx",0.902533692722372,T-shirt
01589 T-shirt unisex mblå k/æ,Alm.slid uden restværdi,1,371,11,30155C97D461A6C0018616BB,"PLC, Product detaljeret, Aarhus, Sep. 2023.xlsx",0.902533692722372,T-shirt
01589 T-shirt unisex mblå k/æ,Alm.slid uden restværdi,1,371,12,30155C97D461A6C001861768,"PLC, Product detaljeret, Aarhus, Sep. 2023.xlsx",0.9845822102425877,T-shirt
01589 T-shirt unisex mblå k/æ,Alm.slid uden restværdi,1,366,10,30155C97D461A6C0010EF1AB,"PLC, Product detaljeret, Aarhus, Sep. 2023.xlsx",0.8316939890710383,T-shirt
01427 T-shirt unisex lyseblå pb,Alm.slid uden restværdi,1,364,17,30155C97D461A6C000B213C1,"PLC, Product detaljeret, Aarhus, Sep. 2023.xlsx",1.4216483516483518,T-shirt
01589 T-shirt unisex mblå k/æ,Alm.slid uden restværdi,1,364,18,30155C97D461A6C0010EF11A,"PLC, Product detaljeret, Aarhus, Sep. 2023.xlsx",1.5052747252747252,T-shirt
01589 T-shirt unisex mblå k/æ,Alm.slid uden restværdi,1,364,20,30155C97D461A6C0010EF1B5,"PLC, Product detaljeret, Aarhus, Sep. 2023.xlsx",1.6725274725274726,T-shirt
01589 T-shirt unisex mblå k/æ,Alm.slid uden restværdi,1,359,13,30155C97D461A6C000EAA2D2,"PLC, Product detaljeret, Aarhus, Sep. 2023.xlsx",1.1022841225626743,T-shirt
13658 T-shirt dame lyseblå Prowear,Alm.slid uden restværdi,1,356,13,30155C97D461A6C001602C43,"PLC, Product detaljeret, Aarhus, Sep. 2023.xlsx",1.111573033707865,T-shirt
26961 T-shirt CSR dame lysblå,Alm.slid uden restværdi,1,337,15,30155C97D461A6C0010D8805,"PLC, Product detaljeret, Aarhus, Sep. 2023.xlsx",1.3548961424332346,T-shirt
13658 T-shirt dame lyseblå Prowear,Alm.slid uden restværdi,1,336,20,30155C97D461A7C002449625,"PLC, Product detaljeret, Aarhus, Sep. 2023.xlsx",1.811904761904762,T-shirt
01589 T-shirt unisex mblå k/æ,Alm.slid uden restværdi,1,335,19,30155C97D461A6C0010E8FF5,"PLC, Product detaljeret, Aarhus, Sep. 2023.xlsx",1.72644776119403,T-shirt
01589 T-shirt unisex mblå k/æ,Alm.slid uden restværdi,1,317,9,30155C97D461A6C0010DDFBD,"PLC, Product detaljeret, Aarhus, Sep. 2023.xlsx",0.8642271293375395,T-shirt
01589 T-shirt unisex mblå k/æ,Alm.slid uden restværdi,1,317,10,30155C97D461A6C0010DE07E,"PLC, Product detaljeret, Aarhus, Sep. 2023.xlsx",0.9602523659305994,T-shirt
26056 T-shirt k/æ dame lyseblå,Alm.slid uden restværdi,1,316,18,30155C97D461A6C00081F08A,"PLC, Product detaljeret, Aarhus, Sep. 2023.xlsx",1.7339240506329114,T-shirt
26961 T-shirt CSR dame lysblå,Alm.slid uden restværdi,1,311,17,30155C97D461A6C0010E142B,"PLC, Product detaljeret, Aarhus, Sep. 2023.xlsx",1.6639228295819937,T-shirt
26961 T-shirt CSR dame lysblå,Alm.slid uden restværdi,1,311,18,30155C97D461A6C0010E1575,"PLC, Product detaljeret, Aarhus, Sep. 2023.xlsx",1.7618006430868167,T-shirt
01589 T-shirt unisex mblå k/æ,Alm.slid uden restværdi,1,310,14,30155C97D461A6C0010E8F9D,"PLC, Product detaljeret, Aarhus, Sep. 2023.xlsx",1.3747096774193548,T-shirt
26961 T-shirt CSR dame lysblå,Alm.slid uden restværdi,1,310,3,30155C97D461A6C0015FEE8C,"PLC, Product detaljeret, Aarhus, Sep. 2023.xlsx",0.29458064516129034,T-shirt
01589 T-shirt unisex mblå k/æ,Alm.slid uden restværdi,1,304,9,30155C97D461A4C000934F24,"PLC, Product detaljeret, Aarhus, Sep. 2023.xlsx",0.9011842105263158,T-shirt
26961 T-shirt CSR dame lysblå,Alm.slid uden restværdi,1,303,30,30155C97D461A6C00135FA82,"PLC, Product detaljeret, Aarhus, Sep. 2023.xlsx",3.0138613861386143,T-shirt
26961 T-shirt CSR dame lysblå,Alm.slid uden restværdi,1,303,26,30155C97D461A6C00135FAD0,"PLC, Product detaljeret, Aarhus, Sep. 2023.xlsx",2.6120132013201323,T-shirt
26070 T-shirt Geyser uni kongeblå,Alm.slid uden restværdi,1,301,1,30155C97D461A6C0010DDB2E,"PLC, Product detaljeret, Aarhus, Sep. 2023.xlsx",0.1011295681063123,T-shirt
26070 T-shirt Geyser uni kongeblå,Alm.slid uden restværdi,1,301,3,30155C97D461A6C0010DDC37,"PLC, Product detaljeret, Aarhus, Sep. 2023.xlsx",0.3033887043189369,T-shirt
26070 T-shirt Geyser uni kongeblå,Alm.slid uden restværdi,1,301,4,30155C97D461A6C0010DDC90,"PLC, Product detaljeret, Aarhus, Sep. 2023.xlsx",0.4045182724252492,T-shirt
26070 T-shirt Geyser uni kongeblå,Alm.slid uden restværdi,1,301,6,30155C97D461A6C00186181E,"PLC, Product detaljeret, Aarhus, Sep. 2023.xlsx",0.6067774086378738,T-shirt
26961 T-shirt CSR dame lysblå,Alm.slid uden restværdi,1,301,17,30155C97D461A6C000EAA613,"PLC, Product detaljeret, Aarhus, Sep. 2023.xlsx",1.7192026578073092,T-shirt
26961 T-shirt CSR dame lysblå,Alm.slid uden restværdi,1,301,10,30155C97D461A6C00133AD03,"PLC, Product detaljeret, Aarhus, Sep. 2023.xlsx",1.011295681063123,T-shirt
26961 T-shirt CSR dame lysblå,Alm.slid uden restværdi,1,301,13,30155C97D461A6C00133AD12,"PLC, Product detaljeret, Aarhus, Sep. 2023.xlsx",1.3146843853820598,T-shirt
26961 T-shirt CSR dame lysblå,Alm.slid uden restværdi,1,301,18,30155C97D461A6C00135F3D9,"PLC, Product detaljeret, Aarhus, Sep. 2023.xlsx",1.8203322259136214,T-shirt
26961 T-shirt CSR dame lysblå,Alm.slid uden restværdi,1,301,7,30155C97D461A6C00135F416,"PLC, Product detaljeret, Aarhus, Sep. 2023.xlsx",0.707906976744186,T-shirt
26961 T-shirt CSR dame lysblå,Alm.slid uden restværdi,1,301,11,30155C97D461A6C00135F520,"PLC, Product detaljeret, Aarhus, Sep. 2023.xlsx",1.1124252491694353,T-shirt
26961 T-shirt CSR dame lysblå,Alm.slid uden restværdi,1,301,18,30155C97D461A6C00135F588,"PLC, Product detaljeret, Aarhus, Sep. 2023.xlsx",1.8203322259136214,T-shirt
26961 T-shirt CSR dame lysblå,Alm.slid uden restværdi,1,301,20,30155C97D461A6C00135FF31,"PLC, Product detaljeret, Aarhus, Sep. 2023.xlsx",2.022591362126246,T-shirt
26961 T-shirt CSR dame lysblå,Alm.slid uden restværdi,1,301,22,30155C97D461A6C0015FD496,"PLC, Product detaljeret, Aarhus, Sep. 2023.xlsx",2.2248504983388706,T-shirt
26961 T-shirt CSR dame lysblå,Alm.slid uden restværdi,1,301,15,30155C97D461A6C001601BD0,"PLC, Product detaljeret, Aarhus, Sep. 2023.xlsx",1.5169435215946845,T-shirt
26961 T-shirt CSR dame lysblå,Alm.slid uden restværdi,1,301,20,30155C97D461A6C001B32B17,"PLC, Product detaljeret, Aarhus, Sep. 2023.xlsx",2.022591362126246,T-shirt
27110 T-Shirt Csr Unisex Lysblå,Alm.slid uden restværdi,1,301,6,30155C97D461A6C00135FAA0,"PLC, Product detaljeret, Aarhus, Sep. 2023.xlsx",0.6067774086378738,T-shirt
01589 T-shirt unisex mblå k/æ,Alm.slid uden restværdi,1,300,15,30155C97D461A6C0010DDECE,"PLC, Product detaljeret, Aarhus, Sep. 2023.xlsx",1.5220000000000002,T-shirt
01589 T-shirt unisex mblå k/æ,Alm.slid uden restværdi,1,300,7,30155C97D461A6C0010DDF8E,"PLC, Product detaljeret, Aarhus, Sep. 2023.xlsx",0.7102666666666667,T-shirt
26961 T-shirt CSR dame lysblå,Alm.slid uden restværdi,1,299,13,30155C97D461A6C0010E1439,"PLC, Product detaljeret, Aarhus, Sep. 2023.xlsx",1.3234782608695652,T-shirt
26070 T-shirt Geyser uni kongeblå,Alm.slid uden restværdi,1,298,13,30155C97D461A6C00186183E,"PLC, Product detaljeret, Aarhus, Sep. 2023.xlsx",1.3279194630872484,T-shirt
26070 T-shirt Geyser uni kongeblå,Alm.slid uden restværdi,1,298,16,30155C97D461A6C001861965,"PLC, Product detaljeret, Aarhus, Sep. 2023.xlsx",1.6343624161073826,T-shirt
26961 T-shirt CSR dame lysblå,Alm.slid uden restværdi,1,298,16,30155C97D461A6C00135F55A,"PLC, Product detaljeret, Aarhus, Sep. 2023.xlsx",1.6343624161073826,T-shirt
26961 T-shirt CSR dame lysblå,Alm.slid uden restværdi,1,298,25,30155C97D461A6C001601BE8,"PLC, Product detaljeret, Aarhus, Sep. 2023.xlsx",2.5536912751677856,T-shirt
26961 T-shirt CSR dame lysblå,Alm.slid uden restværdi,1,297,27,30155C97D461A6C0015FEDC9,"PLC, Product detaljeret, Aarhus, Sep. 2023.xlsx",2.7672727272727276,T-shirt
01589 T-shirt unisex mblå k/æ,Alm.slid uden restværdi,1,295,2,30155C97D461A4C000E98C12,"PLC, Product detaljeret, Aarhus, Sep. 2023.xlsx",0.2063728813559322,T-shirt
01589 T-shirt unisex mblå k/æ,Alm.slid uden restværdi,1,294,9,30155C97D461A6C000EB148F,"PLC, Product detaljeret, Aarhus, Sep. 2023.xlsx",0.9318367346938776,T-shirt
27110 T-Shirt Csr Unisex Lysblå,Alm.slid uden restværdi,1,294,1,30155C97D461A6C0010DDB16,"PLC, Product detaljeret, Aarhus, Sep. 2023.xlsx",0.1035374149659864,T-shirt
27110 T-Shirt Csr Unisex Lysblå,Alm.slid uden restværdi,1,294,1,30155C97D461A6C0010DE8B8,"PLC, Product detaljeret, Aarhus, Sep. 2023.xlsx",0.1035374149659864,T-shirt
27110 T-Shirt Csr Unisex Lysblå,Alm.slid uden restværdi,1,294,1,30155C97D461A6C0010DE984,"PLC, Product detaljeret, Aarhus, Sep. 2023.xlsx",0.1035374149659864,T-shirt
27110 T-Shirt Csr Unisex Lysblå,Alm.slid uden restværdi,1,294,1,30155C97D461A6C00135EBE4,"PLC, Product detaljeret, Aarhus, Sep. 2023.xlsx",0.1035374149659864,T-shirt
27110 T-Shirt Csr Unisex Lysblå,Alm.slid uden restværdi,1,294,1,30155C97D461A6C00135EC69,"PLC, Product detaljeret, Aarhus, Sep. 2023.xlsx",0.1035374149659864,T-shirt
27110 T-Shirt Csr Unisex Lysblå,Alm.slid uden restværdi,1,294,1,30155C97D461A6C00135ED65,"PLC, Product detaljeret, Aarhus, Sep. 2023.xlsx",0.1035374149659864,T-shirt
27110 T-Shirt Csr Unisex Lysblå,Alm.slid uden restværdi,1,294,1,30155C97D461A6C00135F1AD,"PLC, Product detaljeret, Aarhus, Sep. 2023.xlsx",0.1035374149659864,T-shirt
27110 T-Shirt Csr Unisex Lysblå,Alm.slid uden restværdi,1,294,1,30155C97D461A6C00135F1DE,"PLC, Product detaljeret, Aarhus, Sep. 2023.xlsx",0.1035374149659864,T-shirt
27110 T-Shirt Csr Unisex Lysblå,Alm.slid uden restværdi,1,294,1,30155C97D461A6C00135FA27,"PLC, Product detaljeret, Aarhus, Sep. 2023.xlsx",0.1035374149659864,T-shirt
27110 T-Shirt Csr Unisex Lysblå,Alm.slid uden restværdi,1,294,1,30155C97D461A6C00135FB0D,"PLC, Product detaljeret, Aarhus, Sep. 2023.xlsx",0.1035374149659864,T-shirt
27110 T-Shirt Csr Unisex Lysblå,Alm.slid uden restværdi,1,294,1,30155C97D461A6C00136046F,"PLC, Product detaljeret, Aarhus, Sep. 2023.xlsx",0.1035374149659864,T-shirt
27110 T-Shirt Csr Unisex Lysblå,Alm.slid uden restværdi,1,294,1,30155C97D461A6C0015FCC07,"PLC, Product detaljeret, Aarhus, Sep. 2023.xlsx",0.1035374149659864,T-shirt
27110 T-Shirt Csr Unisex Lysblå,Alm.slid uden restværdi,1,294,1,30155C97D461A6C0015FCC2E,"PLC, Product detaljeret, Aarhus, Sep. 2023.xlsx",0.1035374149659864,T-shirt
27110 T-Shirt Csr Unisex Lysblå,Alm.slid uden restværdi,1,294,1,30155C97D461A6C0015FCC32,"PLC, Product detaljeret, Aarhus, Sep. 2023.xlsx",0.1035374149659864,T-shirt
01589 T-shirt unisex mblå k/æ,Alm.slid uden restværdi,1,291,15,30155C97D461A6C0018EA04D,"PLC, Product detaljeret, Aarhus, Sep. 2023.xlsx",1.5690721649484536,T-shirt
01589 T-shirt unisex mblå k/æ,Alm.slid uden restværdi,1,290,2,30155C97D461A6C0000FE810,"PLC, Product detaljeret, Aarhus, Sep. 2023.xlsx",0.20993103448275863,T-shirt
26961 T-shirt CSR dame lysblå,Alm.slid uden restværdi,1,289,20,30155C97D461A6C000EAA5C1,"PLC, Product detaljeret, Aarhus, Sep. 2023.xlsx",2.106574394463668,T-shirt
26961 T-shirt CSR dame lysblå,Alm.slid uden restværdi,1,289,16,30155C97D461A6C00135F273,"PLC, Product detaljeret, Aarhus, Sep. 2023.xlsx",1.6852595155709345,T-shirt
26961 T-shirt CSR dame lysblå,Alm.slid uden restværdi,1,289,12,30155C97D461A6C00135F3AD,"PLC, Product detaljeret, Aarhus, Sep. 2023.xlsx",1.2639446366782008,T-shirt
26961 T-shirt CSR dame lysblå,Alm.slid uden restværdi,1,289,14,30155C97D461A6C00135F3C2,"PLC, Product detaljeret, Aarhus, Sep. 2023.xlsx",1.4746020761245675,T-shirt
26961 T-shirt CSR dame lysblå,Alm.slid uden restværdi,1,289,7,30155C97D461A6C00135F420,"PLC, Product detaljeret, Aarhus, Sep. 2023.xlsx",0.7373010380622838,T-shirt
26961 T-shirt CSR dame lysblå,Alm.slid uden restværdi,1,289,16,30155C97D461A6C00135F42D,"PLC, Product detaljeret, Aarhus, Sep. 2023.xlsx",1.6852595155709345,T-shirt
26961 T-shirt CSR dame lysblå,Alm.slid uden restværdi,1,289,13,30155C97D461A6C00135F442,"PLC, Product detaljeret, Aarhus, Sep. 2023.xlsx",1.3692733564013841,T-shirt
26961 T-shirt CSR dame lysblå,Alm.slid uden restværdi,1,289,8,30155C97D461A6C00135F4AE,"PLC, Product detaljeret, Aarhus, Sep. 2023.xlsx",0.8426297577854672,T-shirt
26961 T-shirt CSR dame lysblå,Alm.slid uden restværdi,1,289,9,30155C97D461A6C00135F4D1,"PLC, Product detaljeret, Aarhus, Sep. 2023.xlsx",0.9479584775086505,T-shirt
26961 T-shirt CSR dame lysblå,Alm.slid uden restværdi,1,289,7,30155C97D461A6C00135F4E7,"PLC, Product detaljeret, Aarhus, Sep. 2023.xlsx",0.7373010380622838,T-shirt
26961 T-shirt CSR dame lysblå,Alm.slid uden restværdi,1,289,10,30155C97D461A6C00135F57C,"PLC, Product detaljeret, Aarhus, Sep. 2023.xlsx",1.053287197231834,T-shirt
26961 T-shirt CSR dame lysblå,Alm.slid uden restværdi,1,289,14,30155C97D461A6C0015FD4B2,"PLC, Product detaljeret, Aarhus, Sep. 2023.xlsx",1.4746020761245675,T-shirt
26961 T-shirt CSR dame lysblå,Alm.slid uden restværdi,1,289,18,30155C97D461A6C0015FD52A,"PLC, Product detaljeret, Aarhus, Sep. 2023.xlsx",1.895916955017301,T-shirt
26961 T-shirt CSR dame lysblå,Alm.slid uden restværdi,1,289,23,30155C97D461A6C0015FD52B,"PLC, Product detaljeret, Aarhus, Sep. 2023.xlsx",2.422560553633218,T-shirt
26961 T-shirt CSR dame lysblå,Alm.slid uden restværdi,1,289,8,30155C97D461A6C0015FD557,"PLC, Product detaljeret, Aarhus, Sep. 2023.xlsx",0.8426297577854672,T-shirt
26961 T-shirt CSR dame lysblå,Alm.slid uden restværdi,1,289,11,30155C97D461A6C0015FD584,"PLC, Product detaljeret, Aarhus, Sep. 2023.xlsx",1.1586159169550174,T-shirt
26961 T-shirt CSR dame lysblå,Alm.slid uden restværdi,1,289,7,30155C97D461A6C0015FD593,"PLC, Product detaljeret, Aarhus, Sep. 2023.xlsx",0.7373010380622838,T-shirt
26961 T-shirt CSR dame lysblå,Alm.slid uden restværdi,1,289,11,30155C97D461A6C0015FD5EE,"PLC, Product detaljeret, Aarhus, Sep. 2023.xlsx",1.1586159169550174,T-shirt
26961 T-shirt CSR dame lysblå,Alm.slid uden restværdi,1,289,20,30155C97D461A6C0015FEE5B,"PLC, Product detaljeret, Aarhus, Sep. 2023.xlsx",2.106574394463668,T-shirt
27110 T-Shirt Csr Unisex Lysblå,Alm.slid uden restværdi,1,289,7,30155C97D461A6C00135FAFF,"PLC, Product detaljeret, Aarhus, Sep. 2023.xlsx",0.7373010380622838,T-shirt
27110 T-Shirt Csr Unisex Lysblå,Alm.slid uden restværdi,1,289,6,30155C97D461A6C00135FB4E,"PLC, Product detaljeret, Aarhus, Sep. 2023.xlsx",0.6319723183391004,T-shirt
27110 T-Shirt Csr Unisex Lysblå,Alm.slid uden restværdi,1,289,15,30155C97D461A6C00135FB6B,"PLC, Product detaljeret, Aarhus, Sep. 2023.xlsx",1.5799307958477509,T-shirt
27110 T-Shirt Csr Unisex Lysblå,Alm.slid uden restværdi,1,287,10,30155C97D461A6C0015FE1E2,"PLC, Product detaljeret, Aarhus, Sep. 2023.xlsx",1.0606271777003484,T-shirt
27110 T-Shirt Csr Unisex Lysblå,Alm.slid uden restværdi,1,287,17,30155C97D461A6C0015FE262,"PLC, Product detaljeret, Aarhus, Sep. 2023.xlsx",1.8030662020905923,T-shirt
27110 T-Shirt Csr Unisex Lysblå,Alm.slid uden restværdi,1,287,8,30155C97D461A6C0015FE2F0,"PLC, Product detaljeret, Aarhus, Sep. 2023.xlsx",0.8485017421602787,T-shirt
27110 T-Shirt Csr Unisex Lysblå,Alm.slid uden restværdi,1,287,14,30155C97D461A6C0015FE346,"PLC, Product detaljeret, Aarhus, Sep. 2023.xlsx",1.484878048780488,T-shirt
27110 T-Shirt Csr Unisex Lysblå,Alm.slid uden restværdi,1,287,13,30155C97D461A6C0015FE3BA,"PLC, Product detaljeret, Aarhus, Sep. 2023.xlsx",1.3788153310104532,T-shirt
27110 T-Shirt Csr Unisex Lysblå,Alm.slid uden restværdi,1,285,21,30155C97D461A6C00135F994,"PLC, Product detaljeret, Aarhus, Sep. 2023.xlsx",2.2429473684210524,T-shirt
27110 T-Shirt Csr Unisex Lysblå,Alm.slid uden restværdi,1,283,23,30155C97D461A6C0010DE968,"PLC, Product detaljeret, Aarhus, Sep. 2023.xlsx",2.4739222614840988,T-shirt
27110 T-Shirt Csr Unisex Lysblå,Alm.slid uden restværdi,1,266,16,30155C97D461A6C0015FE237,"PLC, Product detaljeret, Aarhus, Sep. 2023.xlsx",1.8309774436090225,T-shirt
27110 T-Shirt Csr Unisex Lysblå,Alm.slid uden restværdi,1,261,14,30155C97D461A6C00135FA14,"PLC, Product detaljeret, Aarhus, Sep. 2023.xlsx",1.6327969348659006,T-shirt
01589 T-shirt unisex mblå k/æ,Alm.slid uden restværdi,1,260,2,30155C97D461A6C001A6BA2C,"PLC, Product detaljeret, Aarhus, Sep. 2023.xlsx",0.23415384615384618,T-shirt
26056 T-shirt k/æ dame lyseblå,Alm.slid uden restværdi,1,248,11,30155C97D461A7C002678CA7,"PLC, Product detaljeret, Aarhus, Sep. 2023.xlsx",1.3501612903225808,T-shirt
26056 T-shirt k/æ dame lyseblå,Alm.slid uden restværdi,1,241,14,30155C97D461A6C0018E5628,"PLC, Product detaljeret, Aarhus, Sep. 2023.xlsx",1.7682987551867222,T-shirt
27110 T-Shirt Csr Unisex Lysblå,Alm.slid uden restværdi,1,239,9,30155C97D461A6C0018E8515,"PLC, Product detaljeret, Aarhus, Sep. 2023.xlsx",1.1462761506276151,T-shirt
27110 T-Shirt Csr Unisex Lysblå,Alm.slid uden restværdi,1,239,8,30155C97D461A6C0018E85DE,"PLC, Product detaljeret, Aarhus, Sep. 2023.xlsx",1.0189121338912133,T-shirt
27110 T-Shirt Csr Unisex Lysblå,Alm.slid uden restværdi,1,239,4,30155C97D461A6C0018E85ED,"PLC, Product detaljeret, Aarhus, Sep. 2023.xlsx",0.5094560669456066,T-shirt
27110 T-Shirt Csr Unisex Lysblå,Alm.slid uden restværdi,1,239,8,30155C97D461A6C0018E860A,"PLC, Product detaljeret, Aarhus, Sep. 2023.xlsx",1.0189121338912133,T-shirt
27110 T-Shirt Csr Unisex Lysblå,Alm.slid uden restværdi,1,239,6,30155C97D461A6C0018E866A,"PLC, Product detaljeret, Aarhus, Sep. 2023.xlsx",0.76418410041841,T-shirt
27110 T-Shirt Csr Unisex Lysblå,Alm.slid uden restværdi,1,234,13,30155C97D461A4C000D531A6,"PLC, Product detaljeret, Aarhus, Sep. 2023.xlsx",1.691111111111111,T-shirt
27110 T-Shirt Csr Unisex Lysblå,Alm.slid uden restværdi,1,231,14,30155C97D461A6C001A6901C,"PLC, Product detaljeret, Aarhus, Sep. 2023.xlsx",1.844848484848485,T-shirt
27110 T-Shirt Csr Unisex Lysblå,Alm.slid uden restværdi,1,231,13,30155C97D461A6C001A6906A,"PLC, Product detaljeret, Aarhus, Sep. 2023.xlsx",1.7130735930735932,T-shirt
27110 T-Shirt Csr Unisex Lysblå,Alm.slid uden restværdi,1,230,18,30155C97D461A6C001A690E9,"PLC, Product detaljeret, Aarhus, Sep. 2023.xlsx",2.3822608695652177,T-shirt
26961 T-shirt CSR dame lysblå,Alm.slid uden restværdi,1,229,5,30155C97D461A6C00135F9F5,"PLC, Product detaljeret, Aarhus, Sep. 2023.xlsx",0.6646288209606986,T-shirt
01427 T-shirt unisex lyseblå pb,Alm.slid uden restværdi,1,224,8,30155C97D461A4C000D6EACE,"PLC, Product detaljeret, Aarhus, Sep. 2023.xlsx",1.0871428571428572,T-shirt
13658 T-shirt dame lyseblå Prowear,Alm.slid uden restværdi,1,217,4,30155C97D461A4C000D6F375,"PLC, Product detaljeret, Aarhus, Sep. 2023.xlsx",0.5611059907834102,T-shirt
13658 T-shirt dame lyseblå Prowear,Alm.slid uden restværdi,1,217,11,30155C97D461A4C000D6F380,"PLC, Product detaljeret, Aarhus, Sep. 2023.xlsx",1.5430414746543781,T-shirt
13658 T-shirt dame lyseblå Prowear,Alm.slid uden restværdi,1,217,9,30155C97D461A4C000D6F3A9,"PLC, Product detaljeret, Aarhus, Sep. 2023.xlsx",1.262488479262673,T-shirt
13658 T-shirt dame lyseblå Prowear,Alm.slid uden restværdi,1,217,11,30155C97D461A4C000D6F3B0,"PLC, Product detaljeret, Aarhus, Sep. 2023.xlsx",1.5430414746543781,T-shirt
13658 T-shirt dame lyseblå Prowear,Alm.slid uden restværdi,1,217,3,30155C97D461A4C000D6F4B7,"PLC, Product detaljeret, Aarhus, Sep. 2023.xlsx",0.4208294930875576,T-shirt
13658 T-shirt dame lyseblå Prowear,Alm.slid uden restværdi,1,217,6,30155C97D461A4C000D6F4CD,"PLC, Product detaljeret, Aarhus, Sep. 2023.xlsx",0.8416589861751153,T-shirt
13658 T-shirt dame lyseblå Prowear,Alm.slid uden restværdi,1,214,9,30155C97D461A4C000D700F5,"PLC, Product detaljeret, Aarhus, Sep. 2023.xlsx",1.2801869158878505,T-shirt
27110 T-Shirt Csr Unisex Lysblå,Alm.slid uden restværdi,1,213,13,30155C97D461A4C000D7242E,"PLC, Product detaljeret, Aarhus, Sep. 2023.xlsx",1.8578403755868544,T-shirt
13658 T-shirt dame lyseblå Prowear,Alm.slid uden restværdi,1,208,10,30155C97D461A4C000F4A1F5,"PLC, Product detaljeret, Aarhus, Sep. 2023.xlsx",1.4634615384615386,T-shirt
13658 T-shirt dame lyseblå Prowear,Alm.slid uden restværdi,1,208,6,30155C97D461A4C000F4A213,"PLC, Product detaljeret, Aarhus, Sep. 2023.xlsx",0.8780769230769232,T-shirt
13658 T-shirt dame lyseblå Prowear,Alm.slid uden restværdi,1,208,12,30155C97D461A4C000F4A2B4,"PLC, Product detaljeret, Aarhus, Sep. 2023.xlsx",1.7561538461538464,T-shirt
13658 T-shirt dame lyseblå Prowear,Alm.slid uden restværdi,1,208,9,30155C97D461A4C000F4A30A,"PLC, Product detaljeret, Aarhus, Sep. 2023.xlsx",1.3171153846153847,T-shirt
27110 T-Shirt Csr Unisex Lysblå,Alm.slid uden restværdi,1,201,11,30155C97D461A4C000F422C5,"PLC, Product detaljeret, Aarhus, Sep. 2023.xlsx",1.6658706467661692,T-shirt
01589 T-shirt unisex mblå k/æ,Alm.slid uden restværdi,1,170,15,00D00BAB22B9,"PLC, Product detaljeret, Aarhus, Sep. 2023.xlsx",2.6858823529411766,T-shirt
01589 T-shirt unisex mblå k/æ,Alm.slid uden restværdi,1,168,16,30155C97D461A4C000D6CB1F,"PLC, Product detaljeret, Aarhus, Sep. 2023.xlsx",2.899047619047619,T-shirt
01589 T-shirt unisex mblå k/æ,Alm.slid uden restværdi,1,168,12,30155C97D461A4C000D6CB28,"PLC, Product detaljeret, Aarhus, Sep. 2023.xlsx",2.1742857142857144,T-shirt
27110 T-Shirt Csr Unisex Lysblå,Alm.slid uden restværdi,1,168,12,30155C97D461A4C0010BF4A6,"PLC, Product detaljeret, Aarhus, Sep. 2023.xlsx",2.1742857142857144,T-shirt
27110 T-Shirt Csr Unisex Lysblå,Alm.slid uden restværdi,1,168,8,30155C97D461A4C0010BF4EB,"PLC, Product detaljeret, Aarhus, Sep. 2023.xlsx",1.4495238095238094,T-shirt
27110 T-Shirt Csr Unisex Lysblå,Alm.slid uden restværdi,1,168,9,30155C97D461A4C0010BF5BF,"PLC, Product detaljeret, Aarhus, Sep. 2023.xlsx",1.6307142857142858,T-shirt
27110 T-Shirt Csr Unisex Lysblå,Alm.slid uden restværdi,1,168,6,30155C97D461A4C0010C17D0,"PLC, Product detaljeret, Aarhus, Sep. 2023.xlsx",1.0871428571428572,T-shirt
01589 T-shirt unisex mblå k/æ,Alm.slid uden restværdi,1,165,3,30155C97D461A4C000D6BEE1,"PLC, Product detaljeret, Aarhus, Sep. 2023.xlsx",0.5534545454545454,T-shirt
01589 T-shirt unisex mblå k/æ,Alm.slid uden restværdi,1,165,2,30155C97D461A4C000D6BF52,"PLC, Product detaljeret, Aarhus, Sep. 2023.xlsx",0.368969696969697,T-shirt
27110 T-Shirt Csr Unisex Lysblå,Alm.slid uden restværdi,1,158,10,30155C97D461A4C0010BF579,"PLC, Product detaljeret, Aarhus, Sep. 2023.xlsx",1.926582278481013,T-shirt
27110 T-Shirt Csr Unisex Lysblå,Alm.slid uden restværdi,1,158,9,30155C97D461A4C0010BF5C6,"PLC, Product detaljeret, Aarhus, Sep. 2023.xlsx",1.7339240506329114,T-shirt
01589 T-shirt unisex mblå k/æ,Alm.slid uden restværdi,1,157,9,30155C97D461A4C000F4659C,"PLC, Product detaljeret, Aarhus, Sep. 2023.xlsx",1.7449681528662422,T-shirt
26961 T-shirt CSR dame lysblå,Alm.slid uden restværdi,1,157,4,30155C97D461A6C0010E8D13,"PLC, Product detaljeret, Aarhus, Sep. 2023.xlsx",0.7755414012738854,T-shirt
27110 T-Shirt Csr Unisex Lysblå,Alm.slid uden restværdi,1,156,9,30155C97D461A4C0010C1A52,"PLC, Product detaljeret, Aarhus, Sep. 2023.xlsx",1.7561538461538464,T-shirt
01427 T-shirt unisex lyseblå pb,Alm.slid uden restværdi,1,144,2,30155C97D461A6C000909061,"PLC, Product detaljeret, Aarhus, Sep. 2023.xlsx",0.42277777777777775,T-shirt
27110 T-Shirt Csr Unisex Lysblå,Alm.slid uden restværdi,1,139,7,30155C97D461A4C000C01339,"PLC, Product detaljeret, Aarhus, Sep. 2023.xlsx",1.5329496402877698,T-shirt
01589 T-shirt unisex mblå k/æ,Alm.slid uden restværdi,1,137,4,30155C97D461A4C000C02CF0,"PLC, Product detaljeret, Aarhus, Sep. 2023.xlsx",0.8887591240875913,T-shirt
01717 T-shirt unisex kblå pb,Alm.slid uden restværdi,1,133,7,30155C97D461A4C000F4C5FF,"PLC, Product detaljeret, Aarhus, Sep. 2023.xlsx",1.6021052631578947,T-shirt
01717 T-shirt unisex kblå pb,Alm.slid uden restværdi,1,133,4,30155C97D461A4C000F4C625,"PLC, Product detaljeret, Aarhus, Sep. 2023.xlsx",0.9154887218045112,T-shirt
27725 T-shirt uni lblå PRO Light,Alm.slid uden restværdi,1,130,8,30155C97D461A4C001103B0D,"PLC, Product detaljeret, Aarhus, Sep. 2023.xlsx",1.8732307692307695,T-shirt
27725 T-shirt uni lblå PRO Light,Alm.slid uden restværdi,1,130,7,30155C97D461A4C001103C49,"PLC, Product detaljeret, Aarhus, Sep. 2023.xlsx",1.6390769230769233,T-shirt
13658 T-shirt dame lyseblå Prowear,Alm.slid uden restværdi,1,124,4,30155C97D461A4C000C2C645,"PLC, Product detaljeret, Aarhus, Sep. 2023.xlsx",0.9819354838709677,T-shirt
13658 T-shirt dame lyseblå Prowear,Alm.slid uden restværdi,1,124,5,30155C97D461A4C000C2C692,"PLC, Product detaljeret, Aarhus, Sep. 2023.xlsx",1.2274193548387098,T-shirt
27859 T-shirt dame lblå PRO Light,Alm.slid uden restværdi,1,120,2,30155C97D461A6C0018F279E,"PLC, Product detaljeret, Aarhus, Sep. 2023.xlsx",0.5073333333333333,T-shirt
27859 T-shirt dame lblå PRO Light,Alm.slid uden restværdi,1,116,1,30155C97D461A6C0018F26DC,"PLC, Product detaljeret, Aarhus, Sep. 2023.xlsx",0.26241379310344826,T-shirt
28993 T-shirt dame lysblå Lyocell,Alm.slid uden restværdi,1,116,4,30155C97D461A4C000F40BFE,"PLC, Product detaljeret, Aarhus, Sep. 2023.xlsx",1.049655172413793,T-shirt
24597 T-shirt You unisex Kornblå,Alm.slid uden restværdi,1,112,4,30155C97D461A6C00189E1FE,"PLC, Product detaljeret, Aarhus, Sep. 2023.xlsx",1.0871428571428572,T-shirt
24597 T-shirt You unisex Kornblå,Alm.slid uden restværdi,1,112,3,30155C97D461A6C00189E264,"PLC, Product detaljeret, Aarhus, Sep. 2023.xlsx",0.8153571428571429,T-shirt
01589 T-shirt unisex mblå k/æ,Alm.slid uden restværdi,1,103,4,30155C97D461A4C000F49FAA,"PLC, Product detaljeret, Aarhus, Sep. 2023.xlsx",1.1821359223300971,T-shirt
01589 T-shirt unisex mblå k/æ,Alm.slid uden restværdi,1,100,1,30155C97D461A4C000C09002,"PLC, Product detaljeret, Aarhus, Sep. 2023.xlsx",0.3044,T-shirt
09610 T-Shirt Lady Lysblå Bom,Alm.slid uden restværdi,1,93,1,30155C97D461A4C000C0C0EF,"PLC, Product detaljeret, Aarhus, Sep. 2023.xlsx",0.32731182795698927,T-shirt
26055 T-shirt 1/2 ærme da lyseblå,Alm.slid uden restværdi,1,91,5,30155C97D461A4C00141B41F,"PLC, Product detaljeret, Aarhus, Sep. 2023.xlsx",1.6725274725274726,T-shirt
01589 T-shirt unisex mblå k/æ,Alm.slid uden restværdi,1,80,9,30155C97D461A4C000C24619,"PLC, Product detaljeret, Aarhus, Sep. 2023.xlsx",3.4245,T-shirt
27110 T-Shirt Csr Unisex Lysblå,Alm.slid uden restværdi,1,80,2,30155C97D461A4C000F4904B,"PLC, Product detaljeret, Aarhus, Sep. 2023.xlsx",0.7610000000000001,T-shirt
03885 T-Shirt Lysblå Lady K/Æ P/B,Alm.slid uden restværdi,1,60,2,30155C97D461A7C0027B7D4B,"PLC, Product detaljeret, Aarhus, Sep. 2023.xlsx",1.0146666666666666,T-shirt
27725 T-shirt uni lblå PRO Light,Alm.slid uden restværdi,1,59,2,30155C97D461A4C000C23AD4,"PLC, Product detaljeret, Aarhus, Sep. 2023.xlsx",1.031864406779661,T-shirt
27725 T-shirt uni lblå PRO Light,Alm.slid uden restværdi,1,59,2,30155C97D461A4C000D91C22,"PLC, Product detaljeret, Aarhus, Sep. 2023.xlsx",1.031864406779661,T-shirt
08398 T-shirt unisex mblå k/æ bom,Alm.slid uden restværdi,1,50,2,30155C97D461A4C00066A179,"PLC, Product detaljeret, Aarhus, Sep. 2023.xlsx",1.2176,T-shirt
01589 T-shirt unisex mblå k/æ,Alm.slid uden restværdi,1,49,1,30155C97D461A4C000D7C2DA,"PLC, Product detaljeret, Aarhus, Sep. 2023.xlsx",0.6212244897959184,T-shirt
08398 T-shirt unisex mblå k/æ bom,Alm.slid uden restværdi,1,49,2,30155C97D461A4C00066A245,"PLC, Product detaljeret, Aarhus, Sep. 2023.xlsx",1.2424489795918368,T-shirt
08398 T-shirt unisex mblå k/æ bom,Alm.slid uden restværdi,1,49,1,30155C97D461A4C00066A338,"PLC, Product detaljeret, Aarhus, Sep. 2023.xlsx",0.6212244897959184,T-shirt
28997 T-shirt uni lysblå Lyocell,Alm.slid uden restværdi,1,33,1,30155C97D461A4C0014BE6AD,"PLC, Product detaljeret, Aarhus, Sep. 2023.xlsx",0.9224242424242425,T-shirt
08398 T-shirt unisex mblå k/æ bom,Alm.slid uden restværdi,1,28,2,30155C97D461A4C000F5FB1F,"PLC, Product detaljeret, Aarhus, Sep. 2023.xlsx",2.1742857142857144,T-shirt
08398 T-shirt unisex mblå k/æ bom,Alm.slid uden restværdi,1,1,0,30155C97D461A6C0019EC41B,"PLC, Product detaljeret, Aarhus, Sep. 2023.xlsx",0.0,T-shirt
