Produkt - Produkt,Kassationsårsag (ui),Stk. tøj per kassationsdato,Dage i cirkulation,Total antal vask,Unik Kode (ui),Måned,Vask per måned,Kategori
01427 T-shirt unisex lyseblå pb,BTS fejl uden restværdi,1,2321,109,30155C97D461A7C0005BEFA4,"PLC, Product detaljeret, Aarhus, Apr. 2023.xlsx",1.4295389918138734,T-shirt
01427 T-shirt unisex lyseblå pb,Alm.slid uden restværdi,1,2009,67,300ED89F3350007FE266A93D,"PLC, Product detaljeret, Aarhus, Apr. 2023.xlsx",1.0151717272274763,T-shirt
13658 T-shirt dame lyseblå Prowear,Alm.slid uden restværdi,1,2009,75,300ED89F335000400183CD13,"PLC, Product detaljeret, Aarhus, Apr. 2023.xlsx",1.136386261821802,T-shirt
13658 T-shirt dame lyseblå Prowear,Alm.slid uden restværdi,1,2009,110,300ED89F335000400183CFF5,"PLC, Product detaljeret, Aarhus, Apr. 2023.xlsx",1.6666998506719761,T-shirt
13658 T-shirt dame lyseblå Prowear,Bortkommet med restværdi,1,2009,73,300ED89F335000400183D3FF,"PLC, Product detaljeret, Aarhus, Apr. 2023.xlsx",1.1060826281732206,T-shirt
13658 T-shirt dame lyseblå Prowear,Alm.slid uden restværdi,1,2005,78,300ED89F335000400183D9B7,"PLC, Product detaljeret, Aarhus, Apr. 2023.xlsx",1.184199501246883,T-shirt
13658 T-shirt dame lyseblå Prowear,Alm.slid uden restværdi,1,2004,120,300ED89F335000400183AD9D,"PLC, Product detaljeret, Aarhus, Apr. 2023.xlsx",1.822754491017964,T-shirt
13658 T-shirt dame lyseblå Prowear,Bortkommet med restværdi,1,2004,105,300ED89F335000400183C993,"PLC, Product detaljeret, Aarhus, Apr. 2023.xlsx",1.5949101796407186,T-shirt
13658 T-shirt dame lyseblå Prowear,Bortkommet med restværdi,1,2004,100,300ED89F335000400183CDB1,"PLC, Product detaljeret, Aarhus, Apr. 2023.xlsx",1.5189620758483036,T-shirt
13658 T-shirt dame lyseblå Prowear,Bortkommet med restværdi,1,2004,90,300ED89F335000400183D218,"PLC, Product detaljeret, Aarhus, Apr. 2023.xlsx",1.367065868263473,T-shirt
13658 T-shirt dame lyseblå Prowear,Bortkommet med restværdi,1,2004,82,300ED89F335000400183D790,"PLC, Product detaljeret, Aarhus, Apr. 2023.xlsx",1.2455489021956088,T-shirt
01427 T-shirt unisex lyseblå pb,Bortkommet med restværdi,1,1994,103,300ED89F3350007FE267DC6B,"PLC, Product detaljeret, Aarhus, Apr. 2023.xlsx",1.5723771313941826,T-shirt
13658 T-shirt dame lyseblå Prowear,Bortkommet med restværdi,1,1994,102,300ED89F335000400183CCBF,"PLC, Product detaljeret, Aarhus, Apr. 2023.xlsx",1.557111334002006,T-shirt
13658 T-shirt dame lyseblå Prowear,Bortkommet med restværdi,1,1989,80,300ED89F335000400183AE30,"PLC, Product detaljeret, Aarhus, Apr. 2023.xlsx",1.224333836098542,T-shirt
13658 T-shirt dame lyseblå Prowear,Bortkommet med restværdi,1,1953,68,300ED89F3350007FE2678E6C,"PLC, Product detaljeret, Aarhus, Apr. 2023.xlsx",1.0598668714797748,T-shirt
01427 T-shirt unisex lyseblå pb,Bortkommet med restværdi,1,1903,76,300ED89F33500060009D8E99,"PLC, Product detaljeret, Aarhus, Apr. 2023.xlsx",1.2156805044666317,T-shirt
01427 T-shirt unisex lyseblå pb,Alm.slid uden restværdi,1,1866,78,300ED89F3350007FE267DC2A,"PLC, Product detaljeret, Aarhus, Apr. 2023.xlsx",1.272411575562701,T-shirt
01427 T-shirt unisex lyseblå pb,Alm.slid uden restværdi,1,1766,87,30155C97D461A7C0011869EA,"PLC, Product detaljeret, Aarhus, Apr. 2023.xlsx",1.4995922989807475,T-shirt
01427 T-shirt unisex lyseblå pb,Alm.slid uden restværdi,1,1592,85,30155C97D461A7C0013C940F,"PLC, Product detaljeret, Aarhus, Apr. 2023.xlsx",1.6252512562814072,T-shirt
01427 T-shirt unisex lyseblå pb,BTS fejl uden restværdi,1,1344,58,30155C97D461A7C002115433,"PLC, Product detaljeret, Aarhus, Apr. 2023.xlsx",1.3136309523809524,T-shirt
01427 T-shirt unisex lyseblå pb,BTS fejl uden restværdi,1,1232,49,30155C97D461A7C00229F6DA,"PLC, Product detaljeret, Aarhus, Apr. 2023.xlsx",1.2106818181818182,T-shirt
26056 T-shirt k/æ dame lyseblå,Alm.slid uden restværdi,1,1227,79,30155C97D461A7C0008A64D3,"PLC, Product detaljeret, Aarhus, Apr. 2023.xlsx",1.959869600651997,T-shirt
26056 T-shirt k/æ dame lyseblå,Alm.slid uden restværdi,1,1227,58,30155C97D461A7C001EF6FE6,"PLC, Product detaljeret, Aarhus, Apr. 2023.xlsx",1.4388916055419725,T-shirt
26056 T-shirt k/æ dame lyseblå,Alm.slid uden restværdi,1,1225,80,30155C97D461A7C0008A6491,"PLC, Product detaljeret, Aarhus, Apr. 2023.xlsx",1.987918367346939,T-shirt
26056 T-shirt k/æ dame lyseblå,Alm.slid uden restværdi,1,1215,68,30155C97D461A7C0008A648F,"PLC, Product detaljeret, Aarhus, Apr. 2023.xlsx",1.7036378600823046,T-shirt
26056 T-shirt k/æ dame lyseblå,Bortkommet med restværdi,1,1208,75,30155C97D461A7C0006A9C9E,"PLC, Product detaljeret, Aarhus, Apr. 2023.xlsx",1.8899006622516556,T-shirt
01427 T-shirt unisex lyseblå pb,BTS fejl uden restværdi,1,1112,64,30155C97D461A7C002301CD1,"PLC, Product detaljeret, Aarhus, Apr. 2023.xlsx",1.7519424460431656,T-shirt
01427 T-shirt unisex lyseblå pb,BTS fejl uden restværdi,1,1069,57,30155C97D461A7C0023C4DA4,"PLC, Product detaljeret, Aarhus, Apr. 2023.xlsx",1.623086997193639,T-shirt
01427 T-shirt unisex lyseblå pb,BTS fejl uden restværdi,1,1069,56,30155C97D461A7C0023C4EB7,"PLC, Product detaljeret, Aarhus, Apr. 2023.xlsx",1.5946117867165577,T-shirt
01427 T-shirt unisex lyseblå pb,BTS fejl uden restværdi,1,1061,55,30155C97D461A7C0023B68A9,"PLC, Product detaljeret, Aarhus, Apr. 2023.xlsx",1.5779453345900096,T-shirt
13658 T-shirt dame lyseblå Prowear,Alm.slid uden restværdi,1,959,46,30155C97D461A7C002952002,"PLC, Product detaljeret, Aarhus, Apr. 2023.xlsx",1.460104275286757,T-shirt
13658 T-shirt dame lyseblå Prowear,Alm.slid uden restværdi,1,958,53,30155C97D461A7C0029520AE,"PLC, Product detaljeret, Aarhus, Apr. 2023.xlsx",1.6840501043841338,T-shirt
13658 T-shirt dame lyseblå Prowear,Bortkommet med restværdi,1,898,36,30155C97D461A6C0000E7919,"PLC, Product detaljeret, Aarhus, Apr. 2023.xlsx",1.2203118040089087,T-shirt
13658 T-shirt dame lyseblå Prowear,Alm.slid uden restværdi,1,877,51,30155C97D461A6C00035AFAB,"PLC, Product detaljeret, Aarhus, Apr. 2023.xlsx",1.7701710376282782,T-shirt
26055 T-shirt 1/2 ærme da lyseblå,Bortkommet med restværdi,1,821,45,30155C97D461A7C00214C07F,"PLC, Product detaljeret, Aarhus, Apr. 2023.xlsx",1.6684531059683314,T-shirt
13658 T-shirt dame lyseblå Prowear,Udgået Model,1,819,36,30155C97D461A6C0001739FC,"PLC, Product detaljeret, Aarhus, Apr. 2023.xlsx",1.3380219780219782,T-shirt
13658 T-shirt dame lyseblå Prowear,Bortkommet med restværdi,1,814,31,30155C97D461A6C000142ECD,"PLC, Product detaljeret, Aarhus, Apr. 2023.xlsx",1.1592628992628995,T-shirt
13658 T-shirt dame lyseblå Prowear,Alm.slid uden restværdi,1,811,27,30155C97D461A6C000127689,"PLC, Product detaljeret, Aarhus, Apr. 2023.xlsx",1.013415536374846,T-shirt
13658 T-shirt dame lyseblå Prowear,Alm.slid uden restværdi,1,804,28,30155C97D461A6C0001431E5,"PLC, Product detaljeret, Aarhus, Apr. 2023.xlsx",1.0600995024875624,T-shirt
13658 T-shirt dame lyseblå Prowear,Bortkommet med restværdi,1,795,30,30155C97D461A6C0001B7BB6,"PLC, Product detaljeret, Aarhus, Apr. 2023.xlsx",1.1486792452830188,T-shirt
13658 T-shirt dame lyseblå Prowear,Alm.slid uden restværdi,1,775,38,30155C97D461A6C0001B29E9,"PLC, Product detaljeret, Aarhus, Apr. 2023.xlsx",1.4925419354838712,T-shirt
13658 T-shirt dame lyseblå Prowear,Alm.slid uden restværdi,1,751,39,30155C97D461A6C000143058,"PLC, Product detaljeret, Aarhus, Apr. 2023.xlsx",1.5807723035952066,T-shirt
13658 T-shirt dame lyseblå Prowear,Alm.slid uden restværdi,1,741,40,30155C97D461A6C000817664,"PLC, Product detaljeret, Aarhus, Apr. 2023.xlsx",1.6431848852901485,T-shirt
13658 T-shirt dame lyseblå Prowear,Ødelagt af lommefyld uden restværdi,1,673,34,30155C97D461A6C00039E520,"PLC, Product detaljeret, Aarhus, Apr. 2023.xlsx",1.5378306092124816,T-shirt
26055 T-shirt 1/2 ærme da lyseblå,Alm.slid uden restværdi,1,651,40,30155C97D461A7C00214BF69,"PLC, Product detaljeret, Aarhus, Apr. 2023.xlsx",1.8703533026113672,T-shirt
13658 T-shirt dame lyseblå Prowear,Alm.slid uden restværdi,1,618,27,30155C97D461A6C000842AB4,"PLC, Product detaljeret, Aarhus, Apr. 2023.xlsx",1.3299029126213593,T-shirt
26057 T-shirt k/æ uni lyseblå,Udgået Model,1,604,30,30155C97D461A7C002697C6D,"PLC, Product detaljeret, Aarhus, Apr. 2023.xlsx",1.5119205298013245,T-shirt
01427 T-shirt unisex lyseblå pb,Misligholdt med restværdi,1,579,26,30155C97D461A6C000843D5C,"PLC, Product detaljeret, Aarhus, Apr. 2023.xlsx",1.3669084628670123,T-shirt
13658 T-shirt dame lyseblå Prowear,Alm.slid uden restværdi,1,570,21,30155C97D461A6C0008181E9,"PLC, Product detaljeret, Aarhus, Apr. 2023.xlsx",1.1214736842105262,T-shirt
13658 T-shirt dame lyseblå Prowear,Bortkommet med restværdi,1,569,20,30155C97D461A6C0007207F8,"PLC, Product detaljeret, Aarhus, Apr. 2023.xlsx",1.0699472759226716,T-shirt
13658 T-shirt dame lyseblå Prowear,Bortkommet med restværdi,1,569,22,30155C97D461A6C0007208F9,"PLC, Product detaljeret, Aarhus, Apr. 2023.xlsx",1.1769420035149385,T-shirt
01427 T-shirt unisex lyseblå pb,BTS fejl uden restværdi,1,558,24,30155C97D461A6C0015854FF,"PLC, Product detaljeret, Aarhus, Apr. 2023.xlsx",1.309247311827957,T-shirt
13658 T-shirt dame lyseblå Prowear,Alm.slid uden restværdi,1,538,35,30155C97D461A6C00084220A,"PLC, Product detaljeret, Aarhus, Apr. 2023.xlsx",1.9802973977695169,T-shirt
26056 T-shirt k/æ dame lyseblå,Alm.slid uden restværdi,1,451,22,30155C97D461A6C00084FF0F,"PLC, Product detaljeret, Aarhus, Apr. 2023.xlsx",1.484878048780488,T-shirt
13658 T-shirt dame lyseblå Prowear,Alm.slid uden restværdi,1,404,20,30155C97D461A6C000D8659D,"PLC, Product detaljeret, Aarhus, Apr. 2023.xlsx",1.5069306930693072,T-shirt
13658 T-shirt dame lyseblå Prowear,Alm.slid uden restværdi,1,399,15,30155C97D461A6C0008BF883,"PLC, Product detaljeret, Aarhus, Apr. 2023.xlsx",1.1443609022556391,T-shirt
26057 T-shirt k/æ uni lyseblå,Bortkommet med restværdi,1,364,21,30155C97D461A6C00084FFF7,"PLC, Product detaljeret, Aarhus, Apr. 2023.xlsx",1.7561538461538464,T-shirt
13658 T-shirt dame lyseblå Prowear,Alm.slid uden restværdi,1,344,16,30155C97D461A4C0009224D9,"PLC, Product detaljeret, Aarhus, Apr. 2023.xlsx",1.415813953488372,T-shirt
13658 T-shirt dame lyseblå Prowear,Bortkommet med restværdi,1,335,14,30155C97D461A4C00092B4AA,"PLC, Product detaljeret, Aarhus, Apr. 2023.xlsx",1.2721194029850746,T-shirt
01427 T-shirt unisex lyseblå pb,BTS fejl uden restværdi,1,334,13,30155C97D461A4C00064BE85,"PLC, Product detaljeret, Aarhus, Apr. 2023.xlsx",1.1847904191616767,T-shirt
01427 T-shirt unisex lyseblå pb,BTS fejl uden restværdi,1,334,14,30155C97D461A4C00064BF8D,"PLC, Product detaljeret, Aarhus, Apr. 2023.xlsx",1.275928143712575,T-shirt
13658 T-shirt dame lyseblå Prowear,Alm.slid uden restværdi,1,313,14,30155C97D461A6C000647CFB,"PLC, Product detaljeret, Aarhus, Apr. 2023.xlsx",1.3615335463258786,T-shirt
13658 T-shirt dame lyseblå Prowear,Alm.slid uden restværdi,1,295,11,30155C97D461A6C0009E871E,"PLC, Product detaljeret, Aarhus, Apr. 2023.xlsx",1.1350508474576273,T-shirt
13658 T-shirt dame lyseblå Prowear,Alm.slid uden restværdi,1,258,10,30155C97D461A4C0009391AE,"PLC, Product detaljeret, Aarhus, Apr. 2023.xlsx",1.1798449612403101,T-shirt
13658 T-shirt dame lyseblå Prowear,Alm.slid uden restværdi,1,238,8,30155C97D461A6C001861276,"PLC, Product detaljeret, Aarhus, Apr. 2023.xlsx",1.0231932773109245,T-shirt
13658 T-shirt dame lyseblå Prowear,Alm.slid uden restværdi,1,238,10,30155C97D461A6C001861309,"PLC, Product detaljeret, Aarhus, Apr. 2023.xlsx",1.2789915966386556,T-shirt
13658 T-shirt dame lyseblå Prowear,Alm.slid uden restværdi,1,238,9,30155C97D461A6C0018613DA,"PLC, Product detaljeret, Aarhus, Apr. 2023.xlsx",1.15109243697479,T-shirt
13658 T-shirt dame lyseblå Prowear,Bortkommet med restværdi,1,160,6,30155C97D461A6C0010E946A,"PLC, Product detaljeret, Aarhus, Apr. 2023.xlsx",1.1415,T-shirt
01427 T-shirt unisex lyseblå pb,Alm.slid uden restværdi,1,140,5,30155C97D461A6C00136080B,"PLC, Product detaljeret, Aarhus, Apr. 2023.xlsx",1.0871428571428572,T-shirt
13658 T-shirt dame lyseblå Prowear,Alm.slid uden restværdi,1,140,8,30155C97D461A6C001A5F213,"PLC, Product detaljeret, Aarhus, Apr. 2023.xlsx",1.7394285714285715,T-shirt
13658 T-shirt dame lyseblå Prowear,Alm.slid uden restværdi,1,61,4,30155C97D461A4C000F32351,"PLC, Product detaljeret, Aarhus, Apr. 2023.xlsx",1.996065573770492,T-shirt
26056 T-shirt k/æ dame lyseblå,Alm.slid uden restværdi,1,61,4,30155C97D461A6C0020E7781,"PLC, Product detaljeret, Aarhus, Apr. 2023.xlsx",1.996065573770492,T-shirt
13658 T-shirt dame lyseblå Prowear,Bortkommet med restværdi,1,2135,81,300ED89F335000400183B3A6,"PLC, Product detaljeret, Aarhus, Aug. 2023.xlsx",1.1548665105386418,T-shirt
13658 T-shirt dame lyseblå Prowear,Bortkommet med restværdi,1,2135,99,300ED89F335000400183CC03,"PLC, Product detaljeret, Aarhus, Aug. 2023.xlsx",1.411503512880562,T-shirt
13658 T-shirt dame lyseblå Prowear,Bortkommet med restværdi,1,2135,110,300ED89F335000400183CD9B,"PLC, Product detaljeret, Aarhus, Aug. 2023.xlsx",1.568337236533958,T-shirt
13658 T-shirt dame lyseblå Prowear,Bortkommet med restværdi,1,2135,88,300ED89F335000400183DA12,"PLC, Product detaljeret, Aarhus, Aug. 2023.xlsx",1.2546697892271663,T-shirt
13658 T-shirt dame lyseblå Prowear,Bortkommet med restværdi,1,2135,80,300ED89F335000400183DAC8,"PLC, Product detaljeret, Aarhus, Aug. 2023.xlsx",1.140608899297424,T-shirt
13658 T-shirt dame lyseblå Prowear,Bortkommet med restværdi,1,2135,91,300ED89F335000400183DB56,"PLC, Product detaljeret, Aarhus, Aug. 2023.xlsx",1.2974426229508196,T-shirt
01427 T-shirt unisex lyseblå pb,Alm.slid uden restværdi,1,2134,72,300ED89F3350007FE267DB8F,"PLC, Product detaljeret, Aarhus, Aug. 2023.xlsx",1.0270290534208062,T-shirt
13658 T-shirt dame lyseblå Prowear,Bortkommet med restværdi,1,2134,72,300ED89F335000400183D3F6,"PLC, Product detaljeret, Aarhus, Aug. 2023.xlsx",1.0270290534208062,T-shirt
13658 T-shirt dame lyseblå Prowear,Bortkommet med restværdi,1,2134,119,300ED89F3350007FE266C118,"PLC, Product detaljeret, Aarhus, Aug. 2023.xlsx",1.6974507966260544,T-shirt
01427 T-shirt unisex lyseblå pb,Alm.slid uden restværdi,1,2132,90,300ED89F3350007FE267DC1E,"PLC, Product detaljeret, Aarhus, Aug. 2023.xlsx",1.2849906191369607,T-shirt
13658 T-shirt dame lyseblå Prowear,Bortkommet med restværdi,1,2130,98,300ED89F335000400183ADFD,"PLC, Product detaljeret, Aarhus, Aug. 2023.xlsx",1.4005258215962444,T-shirt
13658 T-shirt dame lyseblå Prowear,Bortkommet med restværdi,1,2130,89,300ED89F335000400183AECD,"PLC, Product detaljeret, Aarhus, Aug. 2023.xlsx",1.2719061032863852,T-shirt
13658 T-shirt dame lyseblå Prowear,Bortkommet med restværdi,1,2130,107,300ED89F335000400183C96D,"PLC, Product detaljeret, Aarhus, Aug. 2023.xlsx",1.5291455399061034,T-shirt
13658 T-shirt dame lyseblå Prowear,Bortkommet med restværdi,1,2130,83,300ED89F335000400183D109,"PLC, Product detaljeret, Aarhus, Aug. 2023.xlsx",1.1861596244131456,T-shirt
13658 T-shirt dame lyseblå Prowear,Bortkommet med restværdi,1,2130,87,300ED89F335000400183D1A3,"PLC, Product detaljeret, Aarhus, Aug. 2023.xlsx",1.2433239436619719,T-shirt
13658 T-shirt dame lyseblå Prowear,Bortkommet med restværdi,1,2129,122,300ED89F335000400183D130,"PLC, Product detaljeret, Aarhus, Aug. 2023.xlsx",1.7443306716768436,T-shirt
13658 T-shirt dame lyseblå Prowear,Bortkommet med restværdi,1,2129,75,300ED89F335000400183D9E7,"PLC, Product detaljeret, Aarhus, Aug. 2023.xlsx",1.0723344293095352,T-shirt
13658 T-shirt dame lyseblå Prowear,Bortkommet med restværdi,1,2129,79,300ED89F3350007FE266B6D6,"PLC, Product detaljeret, Aarhus, Aug. 2023.xlsx",1.1295255988727102,T-shirt
13658 T-shirt dame lyseblå Prowear,Alm.slid uden restværdi,1,2128,101,300ED89F335000400183D432,"PLC, Product detaljeret, Aarhus, Aug. 2023.xlsx",1.4447556390977445,T-shirt
13658 T-shirt dame lyseblå Prowear,Bortkommet med restværdi,1,2128,87,300ED89F335000400183D2FB,"PLC, Product detaljeret, Aarhus, Aug. 2023.xlsx",1.2444924812030076,T-shirt
13658 T-shirt dame lyseblå Prowear,Bortkommet med restværdi,1,2128,76,300ED89F335000400183D423,"PLC, Product detaljeret, Aarhus, Aug. 2023.xlsx",1.0871428571428572,T-shirt
13658 T-shirt dame lyseblå Prowear,Bortkommet med restværdi,1,2128,115,300ED89F335000400183D52C,"PLC, Product detaljeret, Aarhus, Aug. 2023.xlsx",1.6450187969924812,T-shirt
13658 T-shirt dame lyseblå Prowear,Bortkommet med restværdi,1,2128,86,300ED89F335000400183D822,"PLC, Product detaljeret, Aarhus, Aug. 2023.xlsx",1.230187969924812,T-shirt
13658 T-shirt dame lyseblå Prowear,Bortkommet med restværdi,1,2127,71,300ED89F335000400183CBEC,"PLC, Product detaljeret, Aarhus, Aug. 2023.xlsx",1.0160977903149977,T-shirt
13658 T-shirt dame lyseblå Prowear,Bortkommet med restværdi,1,2127,75,300ED89F335000400183D65F,"PLC, Product detaljeret, Aarhus, Aug. 2023.xlsx",1.073342736248237,T-shirt
13658 T-shirt dame lyseblå Prowear,Bortkommet med restværdi,1,2123,99,300ED89F335000400183D608,"PLC, Product detaljeret, Aarhus, Aug. 2023.xlsx",1.419481865284974,T-shirt
13658 T-shirt dame lyseblå Prowear,Alm.slid uden restværdi,1,2122,105,300ED89F335000400183B40D,"PLC, Product detaljeret, Aarhus, Aug. 2023.xlsx",1.5062205466540999,T-shirt
13658 T-shirt dame lyseblå Prowear,Bortkommet med restværdi,1,2122,89,300ED89F335000400183C96E,"PLC, Product detaljeret, Aarhus, Aug. 2023.xlsx",1.2767012252591896,T-shirt
13658 T-shirt dame lyseblå Prowear,Bortkommet med restværdi,1,2122,81,300ED89F335000400183CEB5,"PLC, Product detaljeret, Aarhus, Aug. 2023.xlsx",1.1619415645617344,T-shirt
13658 T-shirt dame lyseblå Prowear,Alm.slid uden restværdi,1,2110,116,300ED89F3350007FE266B5D2,"PLC, Product detaljeret, Aarhus, Aug. 2023.xlsx",1.673478672985782,T-shirt
13658 T-shirt dame lyseblå Prowear,Udgået Model,1,2107,99,300ED89F335000400183CC6E,"PLC, Product detaljeret, Aarhus, Aug. 2023.xlsx",1.4302610346464169,T-shirt
13658 T-shirt dame lyseblå Prowear,Udgået Model,1,2107,113,300ED89F335000400183DA4C,"PLC, Product detaljeret, Aarhus, Aug. 2023.xlsx",1.6325201708590413,T-shirt
13658 T-shirt dame lyseblå Prowear,Udgået Model,1,2101,93,300ED89F335000400183CE98,"PLC, Product detaljeret, Aarhus, Aug. 2023.xlsx",1.347415516420752,T-shirt
13658 T-shirt dame lyseblå Prowear,Bortkommet med restværdi,1,2100,98,300ED89F3350007FE266CD30,"PLC, Product detaljeret, Aarhus, Aug. 2023.xlsx",1.4205333333333334,T-shirt
13658 T-shirt dame lyseblå Prowear,Udgået Model,1,2004,75,300ED89F335000400183B41C,"PLC, Product detaljeret, Aarhus, Aug. 2023.xlsx",1.1392215568862274,T-shirt
13658 T-shirt dame lyseblå Prowear,Udgået Model,1,2004,116,300ED89F335000400183D172,"PLC, Product detaljeret, Aarhus, Aug. 2023.xlsx",1.761996007984032,T-shirt
13658 T-shirt dame lyseblå Prowear,Udgået Model,1,2004,95,300ED89F3350007FE266B700,"PLC, Product detaljeret, Aarhus, Aug. 2023.xlsx",1.443013972055888,T-shirt
13658 T-shirt dame lyseblå Prowear,Alm.slid uden restværdi,1,1835,61,300ED89F33500060009D7A16,"PLC, Product detaljeret, Aarhus, Aug. 2023.xlsx",1.0119019073569482,T-shirt
01427 T-shirt unisex lyseblå pb,Alm.slid uden restværdi,1,1713,112,30155C97D461A7C00116DC8D,"PLC, Product detaljeret, Aarhus, Aug. 2023.xlsx",1.990239346176299,T-shirt
01427 T-shirt unisex lyseblå pb,Alm.slid uden restværdi,1,1713,92,30155C97D461A7C0013FA74F,"PLC, Product detaljeret, Aarhus, Aug. 2023.xlsx",1.6348394629305314,T-shirt
01427 T-shirt unisex lyseblå pb,Misligholdt med restværdi,1,1703,86,30155C97D461A7C001571896,"PLC, Product detaljeret, Aarhus, Aug. 2023.xlsx",1.5371931884908985,T-shirt
01427 T-shirt unisex lyseblå pb,Misligholdt med restværdi,1,1693,91,30155C97D461A7C000F0A4F8,"PLC, Product detaljeret, Aarhus, Aug. 2023.xlsx",1.6361724748966333,T-shirt
01427 T-shirt unisex lyseblå pb,Misligholdt med restværdi,1,1661,95,30155C97D461A7C0016D926F,"PLC, Product detaljeret, Aarhus, Aug. 2023.xlsx",1.7409993979530405,T-shirt
26056 T-shirt k/æ dame lyseblå,Alm.slid uden restværdi,1,1348,54,30155C97D461A7C001FC55FD,"PLC, Product detaljeret, Aarhus, Aug. 2023.xlsx",1.2194065281899111,T-shirt
26056 T-shirt k/æ dame lyseblå,Alm.slid uden restværdi,1,1348,53,30155C97D461A7C001FC5647,"PLC, Product detaljeret, Aarhus, Aug. 2023.xlsx",1.1968249258160237,T-shirt
26055 T-shirt 1/2 ærme da lyseblå,Bortkommet med restværdi,1,1324,80,30155C97D461A7C0006A9CD4,"PLC, Product detaljeret, Aarhus, Aug. 2023.xlsx",1.8392749244712994,T-shirt
26057 T-shirt k/æ uni lyseblå,Alm.slid uden restværdi,1,1307,83,30155C97D461A7C00214BE32,"PLC, Product detaljeret, Aarhus, Aug. 2023.xlsx",1.9330680948737566,T-shirt
13658 T-shirt dame lyseblå Prowear,Alm.slid uden restværdi,1,1109,44,30155C97D461A7C00294CAFA,"PLC, Product detaljeret, Aarhus, Aug. 2023.xlsx",1.2077186654643823,T-shirt
13658 T-shirt dame lyseblå Prowear,Alm.slid uden restværdi,1,1108,64,30155C97D461A7C00294DA6C,"PLC, Product detaljeret, Aarhus, Aug. 2023.xlsx",1.7582671480144405,T-shirt
26056 T-shirt k/æ dame lyseblå,Alm.slid uden restværdi,1,1071,64,30155C97D461A7C001D00E90,"PLC, Product detaljeret, Aarhus, Aug. 2023.xlsx",1.819010270774977,T-shirt
26056 T-shirt k/æ dame lyseblå,Alm.slid uden restværdi,1,1058,51,30155C97D461A7C00214BD9E,"PLC, Product detaljeret, Aarhus, Aug. 2023.xlsx",1.467334593572779,T-shirt
13658 T-shirt dame lyseblå Prowear,Bortkommet med restværdi,1,1050,48,30155C97D461A6C0000E78C9,"PLC, Product detaljeret, Aarhus, Aug. 2023.xlsx",1.3915428571428572,T-shirt
13658 T-shirt dame lyseblå Prowear,Alm.slid uden restværdi,1,998,42,30155C97D461A6C00035AF0C,"PLC, Product detaljeret, Aarhus, Aug. 2023.xlsx",1.2810420841683368,T-shirt
13658 T-shirt dame lyseblå Prowear,Alm.slid uden restværdi,1,998,50,30155C97D461A6C00035AF29,"PLC, Product detaljeret, Aarhus, Aug. 2023.xlsx",1.5250501002004009,T-shirt
13658 T-shirt dame lyseblå Prowear,Alm.slid uden restværdi,1,997,50,30155C97D461A6C00035B001,"PLC, Product detaljeret, Aarhus, Aug. 2023.xlsx",1.526579739217653,T-shirt
13658 T-shirt dame lyseblå Prowear,Alm.slid uden restværdi,1,997,35,30155C97D461A6C00035B019,"PLC, Product detaljeret, Aarhus, Aug. 2023.xlsx",1.0686058174523572,T-shirt
13658 T-shirt dame lyseblå Prowear,Alm.slid uden restværdi,1,980,36,30155C97D461A6C00014177F,"PLC, Product detaljeret, Aarhus, Aug. 2023.xlsx",1.1182040816326533,T-shirt
13658 T-shirt dame lyseblå Prowear,Udgået Model,1,975,47,30155C97D461A6C0000E786E,"PLC, Product detaljeret, Aarhus, Aug. 2023.xlsx",1.4673641025641027,T-shirt
13658 T-shirt dame lyseblå Prowear,Udgået Model,1,947,42,30155C97D461A6C00035AF3C,"PLC, Product detaljeret, Aarhus, Aug. 2023.xlsx",1.3500316789862725,T-shirt
13658 T-shirt dame lyseblå Prowear,Udgået Model,1,947,44,30155C97D461A6C00035AF89,"PLC, Product detaljeret, Aarhus, Aug. 2023.xlsx",1.4143189017951427,T-shirt
13658 T-shirt dame lyseblå Prowear,Alm.slid uden restværdi,1,944,36,30155C97D461A7C0023CA672,"PLC, Product detaljeret, Aarhus, Aug. 2023.xlsx",1.1608474576271188,T-shirt
26056 T-shirt k/æ dame lyseblå,Alm.slid uden restværdi,1,887,51,30155C97D461A7C0022FA320,"PLC, Product detaljeret, Aarhus, Aug. 2023.xlsx",1.7502142051860203,T-shirt
13658 T-shirt dame lyseblå Prowear,Alm.slid uden restværdi,1,870,32,30155C97D461A6C0003A7924,"PLC, Product detaljeret, Aarhus, Aug. 2023.xlsx",1.119632183908046,T-shirt
26056 T-shirt k/æ dame lyseblå,Alm.slid uden restværdi,1,866,53,30155C97D461A7C0022FA2D0,"PLC, Product detaljeret, Aarhus, Aug. 2023.xlsx",1.8629561200923788,T-shirt
26056 T-shirt k/æ dame lyseblå,Alm.slid uden restværdi,1,866,54,30155C97D461A7C0022FA391,"PLC, Product detaljeret, Aarhus, Aug. 2023.xlsx",1.89810623556582,T-shirt
13658 T-shirt dame lyseblå Prowear,Alm.slid uden restværdi,1,830,28,30155C97D461A6C000817599,"PLC, Product detaljeret, Aarhus, Aug. 2023.xlsx",1.0268915662650604,T-shirt
26056 T-shirt k/æ dame lyseblå,Alm.slid uden restværdi,1,815,36,30155C97D461A7C0005C464A,"PLC, Product detaljeret, Aarhus, Aug. 2023.xlsx",1.3445889570552148,T-shirt
13658 T-shirt dame lyseblå Prowear,Udgået Model,1,811,49,300ED89F335000400183D7E7,"PLC, Product detaljeret, Aarhus, Aug. 2023.xlsx",1.8391615289765724,T-shirt
26056 T-shirt k/æ dame lyseblå,Alm.slid uden restværdi,1,793,31,30155C97D461A7C00219DE4B,"PLC, Product detaljeret, Aarhus, Aug. 2023.xlsx",1.1899621689785624,T-shirt
26056 T-shirt k/æ dame lyseblå,Alm.slid uden restværdi,1,774,29,30155C97D461A7C001489710,"PLC, Product detaljeret, Aarhus, Aug. 2023.xlsx",1.1405167958656333,T-shirt
26056 T-shirt k/æ dame lyseblå,Alm.slid uden restværdi,1,773,48,30155C97D461A6C000839FE5,"PLC, Product detaljeret, Aarhus, Aug. 2023.xlsx",1.8901940491591205,T-shirt
13658 T-shirt dame lyseblå Prowear,Alm.slid uden restværdi,1,749,31,30155C97D461A6C000B09AC6,"PLC, Product detaljeret, Aarhus, Aug. 2023.xlsx",1.2598664886515354,T-shirt
13658 T-shirt dame lyseblå Prowear,Alm.slid uden restværdi,1,741,27,30155C97D461A6C000B12914,"PLC, Product detaljeret, Aarhus, Aug. 2023.xlsx",1.1091497975708502,T-shirt
13658 T-shirt dame lyseblå Prowear,Alm.slid uden restværdi,1,716,25,30155C97D461A6C000B8541A,"PLC, Product detaljeret, Aarhus, Aug. 2023.xlsx",1.062849162011173,T-shirt
01427 T-shirt unisex lyseblå pb,Alm.slid uden restværdi,1,707,24,30155C97D461A6C000BA2BFD,"PLC, Product detaljeret, Aarhus, Aug. 2023.xlsx",1.0333239038189534,T-shirt
13658 T-shirt dame lyseblå Prowear,Bortkommet med restværdi,1,707,24,30155C97D461A6C0008D7B36,"PLC, Product detaljeret, Aarhus, Aug. 2023.xlsx",1.0333239038189534,T-shirt
13658 T-shirt dame lyseblå Prowear,Alm.slid uden restværdi,1,581,30,30155C97D461A6C000306DE1,"PLC, Product detaljeret, Aarhus, Aug. 2023.xlsx",1.5717728055077453,T-shirt
13658 T-shirt dame lyseblå Prowear,Alm.slid uden restværdi,1,562,33,30155C97D461A6C000639624,"PLC, Product detaljeret, Aarhus, Aug. 2023.xlsx",1.7874021352313167,T-shirt
13658 T-shirt dame lyseblå Prowear,Alm.slid uden restværdi,1,562,26,30155C97D461A6C000639696,"PLC, Product detaljeret, Aarhus, Aug. 2023.xlsx",1.408256227758007,T-shirt
13658 T-shirt dame lyseblå Prowear,Alm.slid uden restværdi,1,562,31,30155C97D461A6C000639C1B,"PLC, Product detaljeret, Aarhus, Aug. 2023.xlsx",1.6790747330960856,T-shirt
13658 T-shirt dame lyseblå Prowear,Alm.slid uden restværdi,1,562,32,30155C97D461A6C000639CAF,"PLC, Product detaljeret, Aarhus, Aug. 2023.xlsx",1.733238434163701,T-shirt
13658 T-shirt dame lyseblå Prowear,Alm.slid uden restværdi,1,557,33,30155C97D461A6C0006395DE,"PLC, Product detaljeret, Aarhus, Aug. 2023.xlsx",1.803447037701975,T-shirt
13658 T-shirt dame lyseblå Prowear,Alm.slid uden restværdi,1,557,29,30155C97D461A6C000639B95,"PLC, Product detaljeret, Aarhus, Aug. 2023.xlsx",1.5848473967684023,T-shirt
13658 T-shirt dame lyseblå Prowear,Alm.slid uden restværdi,1,557,31,30155C97D461A6C000639BA9,"PLC, Product detaljeret, Aarhus, Aug. 2023.xlsx",1.6941472172351886,T-shirt
13658 T-shirt dame lyseblå Prowear,Alm.slid uden restværdi,1,557,27,30155C97D461A6C000639C0E,"PLC, Product detaljeret, Aarhus, Aug. 2023.xlsx",1.4755475763016157,T-shirt
01427 T-shirt unisex lyseblå pb,Alm.slid uden restværdi,1,540,19,30155C97D461A6C0013008DF,"PLC, Product detaljeret, Aarhus, Aug. 2023.xlsx",1.0710370370370372,T-shirt
01427 T-shirt unisex lyseblå pb,Alm.slid uden restværdi,1,538,25,30155C97D461A6C0013008CC,"PLC, Product detaljeret, Aarhus, Aug. 2023.xlsx",1.4144981412639406,T-shirt
01427 T-shirt unisex lyseblå pb,Alm.slid uden restværdi,1,538,18,30155C97D461A6C0013009AE,"PLC, Product detaljeret, Aarhus, Aug. 2023.xlsx",1.0184386617100372,T-shirt
13658 T-shirt dame lyseblå Prowear,Alm.slid uden restværdi,1,507,27,30155C97D461A6C000BA2ACF,"PLC, Product detaljeret, Aarhus, Aug. 2023.xlsx",1.6210650887573965,T-shirt
26056 T-shirt k/æ dame lyseblå,Bortkommet med restværdi,1,477,28,30155C97D461A6C00081EFD6,"PLC, Product detaljeret, Aarhus, Aug. 2023.xlsx",1.7868343815513628,T-shirt
26056 T-shirt k/æ dame lyseblå,Alm.slid uden restværdi,1,458,30,30155C97D461A6C00081F039,"PLC, Product detaljeret, Aarhus, Aug. 2023.xlsx",1.9938864628820963,T-shirt
26056 T-shirt k/æ dame lyseblå,Alm.slid uden restværdi,1,458,24,30155C97D461A6C00081F054,"PLC, Product detaljeret, Aarhus, Aug. 2023.xlsx",1.5951091703056768,T-shirt
26056 T-shirt k/æ dame lyseblå,Alm.slid uden restværdi,1,447,29,30155C97D461A6C00081F008,"PLC, Product detaljeret, Aarhus, Aug. 2023.xlsx",1.9748545861297537,T-shirt
13658 T-shirt dame lyseblå Prowear,Bortkommet med restværdi,1,388,20,30155C97D461A6C0010EF914,"PLC, Product detaljeret, Aarhus, Aug. 2023.xlsx",1.5690721649484536,T-shirt
13658 T-shirt dame lyseblå Prowear,Alm.slid uden restværdi,1,347,18,30155C97D461A6C0016018EF,"PLC, Product detaljeret, Aarhus, Aug. 2023.xlsx",1.579020172910663,T-shirt
26057 T-shirt k/æ uni lyseblå,Bortkommet med restværdi,1,321,14,30155C97D461A6C001BCDB08,"PLC, Product detaljeret, Aarhus, Aug. 2023.xlsx",1.327601246105919,T-shirt
01427 T-shirt unisex lyseblå pb,Alm.slid uden restværdi,1,225,10,30155C97D461A6C0018FAFDC,"PLC, Product detaljeret, Aarhus, Aug. 2023.xlsx",1.352888888888889,T-shirt
01427 T-shirt unisex lyseblå pb,Alm.slid uden restværdi,1,225,10,30155C97D461A6C0018FB08E,"PLC, Product detaljeret, Aarhus, Aug. 2023.xlsx",1.352888888888889,T-shirt
01427 T-shirt unisex lyseblå pb,Alm.slid uden restværdi,1,185,8,30155C97D461A4C000D6E5A3,"PLC, Product detaljeret, Aarhus, Aug. 2023.xlsx",1.3163243243243246,T-shirt
01427 T-shirt unisex lyseblå pb,Alm.slid uden restværdi,1,185,9,30155C97D461A4C000D6E5F8,"PLC, Product detaljeret, Aarhus, Aug. 2023.xlsx",1.480864864864865,T-shirt
13658 T-shirt dame lyseblå Prowear,Bortkommet med restværdi,1,181,7,30155C97D461A4C000C03F25,"PLC, Product detaljeret, Aarhus, Aug. 2023.xlsx",1.1772375690607735,T-shirt
13658 T-shirt dame lyseblå Prowear,Alm.slid uden restværdi,1,155,7,30155C97D461A4C000F4BDE9,"PLC, Product detaljeret, Aarhus, Aug. 2023.xlsx",1.3747096774193548,T-shirt
13658 T-shirt dame lyseblå Prowear,Alm.slid uden restværdi,1,89,3,30155C97D461A4C0010C00D4,"PLC, Product detaljeret, Aarhus, Aug. 2023.xlsx",1.026067415730337,T-shirt
13658 T-shirt dame lyseblå Prowear,Alm.slid uden restværdi,1,2255,123,300ED89F335000400183D836,"PLC, Product detaljeret, Aarhus, Dec. 2023.xlsx",1.6603636363636363,T-shirt
13658 T-shirt dame lyseblå Prowear,Alm.slid uden restværdi,1,2253,123,300ED89F335000400183D7C6,"PLC, Product detaljeret, Aarhus, Dec. 2023.xlsx",1.6618375499334221,T-shirt
13658 T-shirt dame lyseblå Prowear,Alm.slid uden restværdi,1,2247,110,300ED89F3350007FE266B60B,"PLC, Product detaljeret, Aarhus, Dec. 2023.xlsx",1.4901646639964397,T-shirt
13658 T-shirt dame lyseblå Prowear,Alm.slid uden restværdi,1,2244,99,300ED89F335000400183D336,"PLC, Product detaljeret, Aarhus, Dec. 2023.xlsx",1.3429411764705883,T-shirt
13658 T-shirt dame lyseblå Prowear,Alm.slid uden restværdi,1,2242,111,300ED89F335000400183CA7E,"PLC, Product detaljeret, Aarhus, Dec. 2023.xlsx",1.5070651204281893,T-shirt
13658 T-shirt dame lyseblå Prowear,Alm.slid uden restværdi,1,2235,110,300ED89F335000400183CF8E,"PLC, Product detaljeret, Aarhus, Dec. 2023.xlsx",1.4981655480984342,T-shirt
13658 T-shirt dame lyseblå Prowear,Alm.slid uden restværdi,1,2230,97,300ED89F335000400183CC8D,"PLC, Product detaljeret, Aarhus, Dec. 2023.xlsx",1.3240717488789238,T-shirt
13658 T-shirt dame lyseblå Prowear,Ødelagt af lommefyld uden restværdi,1,2212,98,300ED89F3350007FE266CE37,"PLC, Product detaljeret, Aarhus, Dec. 2023.xlsx",1.348607594936709,T-shirt
13658 T-shirt dame lyseblå Prowear,Alm.slid uden restværdi,1,2116,70,300ED89F33500060009D9936,"PLC, Product detaljeret, Aarhus, Dec. 2023.xlsx",1.0069943289224952,T-shirt
01427 T-shirt unisex lyseblå pb,Misligholdt med restværdi,1,1833,104,30155C97D461A7C00140ABD4,"PLC, Product detaljeret, Aarhus, Dec. 2023.xlsx",1.7270921985815604,T-shirt
01427 T-shirt unisex lyseblå pb,Misligholdt med restværdi,1,1832,114,30155C97D461A7C0013FA7FE,"PLC, Product detaljeret, Aarhus, Dec. 2023.xlsx",1.8941921397379913,T-shirt
01427 T-shirt unisex lyseblå pb,Misligholdt med restværdi,1,1831,110,30155C97D461A7C000F0A4BF,"PLC, Product detaljeret, Aarhus, Dec. 2023.xlsx",1.8287274713271437,T-shirt
01427 T-shirt unisex lyseblå pb,Alm.slid uden restværdi,1,1821,104,30155C97D461A7C000F0A394,"PLC, Product detaljeret, Aarhus, Dec. 2023.xlsx",1.7384733662822625,T-shirt
01427 T-shirt unisex lyseblå pb,Alm.slid uden restværdi,1,1821,117,30155C97D461A7C000F0A4FB,"PLC, Product detaljeret, Aarhus, Dec. 2023.xlsx",1.9557825370675452,T-shirt
01427 T-shirt unisex lyseblå pb,Alm.slid uden restværdi,1,1820,109,30155C97D461A7C000F0A35C,"PLC, Product detaljeret, Aarhus, Dec. 2023.xlsx",1.8230549450549451,T-shirt
01427 T-shirt unisex lyseblå pb,Alm.slid uden restværdi,1,1820,112,30155C97D461A7C000F0A408,"PLC, Product detaljeret, Aarhus, Dec. 2023.xlsx",1.8732307692307695,T-shirt
01427 T-shirt unisex lyseblå pb,Alm.slid uden restværdi,1,1820,91,30155C97D461A7C000F0A475,"PLC, Product detaljeret, Aarhus, Dec. 2023.xlsx",1.5220000000000002,T-shirt
01427 T-shirt unisex lyseblå pb,Alm.slid uden restværdi,1,1820,95,30155C97D461A7C0013FA6F9,"PLC, Product detaljeret, Aarhus, Dec. 2023.xlsx",1.588901098901099,T-shirt
01427 T-shirt unisex lyseblå pb,Alm.slid uden restværdi,1,1820,113,30155C97D461A7C0013FA71E,"PLC, Product detaljeret, Aarhus, Dec. 2023.xlsx",1.889956043956044,T-shirt
01427 T-shirt unisex lyseblå pb,Alm.slid uden restværdi,1,1820,113,30155C97D461A7C0013FA720,"PLC, Product detaljeret, Aarhus, Dec. 2023.xlsx",1.889956043956044,T-shirt
01427 T-shirt unisex lyseblå pb,Alm.slid uden restværdi,1,1820,114,30155C97D461A7C0013FA742,"PLC, Product detaljeret, Aarhus, Dec. 2023.xlsx",1.9066813186813187,T-shirt
01427 T-shirt unisex lyseblå pb,Alm.slid uden restværdi,1,1820,89,30155C97D461A7C0013FA760,"PLC, Product detaljeret, Aarhus, Dec. 2023.xlsx",1.4885494505494505,T-shirt
01427 T-shirt unisex lyseblå pb,Alm.slid uden restværdi,1,1820,72,30155C97D461A7C0013FA7EA,"PLC, Product detaljeret, Aarhus, Dec. 2023.xlsx",1.2042197802197803,T-shirt
01427 T-shirt unisex lyseblå pb,Alm.slid uden restværdi,1,1820,64,30155C97D461A7C0013FA800,"PLC, Product detaljeret, Aarhus, Dec. 2023.xlsx",1.0704175824175826,T-shirt
01427 T-shirt unisex lyseblå pb,Alm.slid uden restværdi,1,1820,116,30155C97D461A7C0013FA88C,"PLC, Product detaljeret, Aarhus, Dec. 2023.xlsx",1.940131868131868,T-shirt
26055 T-shirt 1/2 ærme da lyseblå,Alm.slid uden restværdi,1,1479,71,30155C97D461A7C0008A646E,"PLC, Product detaljeret, Aarhus, Dec. 2023.xlsx",1.4612846517917513,T-shirt
26055 T-shirt 1/2 ærme da lyseblå,Alm.slid uden restværdi,1,1479,73,30155C97D461A7C0008A6475,"PLC, Product detaljeret, Aarhus, Dec. 2023.xlsx",1.502447599729547,T-shirt
26055 T-shirt 1/2 ærme da lyseblå,Alm.slid uden restværdi,1,1479,75,30155C97D461A7C0008A6476,"PLC, Product detaljeret, Aarhus, Dec. 2023.xlsx",1.5436105476673427,T-shirt
26055 T-shirt 1/2 ærme da lyseblå,Alm.slid uden restværdi,1,1479,70,30155C97D461A7C0008A6479,"PLC, Product detaljeret, Aarhus, Dec. 2023.xlsx",1.4407031778228534,T-shirt
26055 T-shirt 1/2 ærme da lyseblå,Alm.slid uden restværdi,1,1479,72,30155C97D461A7C0008A649B,"PLC, Product detaljeret, Aarhus, Dec. 2023.xlsx",1.4818661257606491,T-shirt
26055 T-shirt 1/2 ærme da lyseblå,Alm.slid uden restværdi,1,1479,72,30155C97D461A7C0008A64A6,"PLC, Product detaljeret, Aarhus, Dec. 2023.xlsx",1.4818661257606491,T-shirt
26055 T-shirt 1/2 ærme da lyseblå,Alm.slid uden restværdi,1,1479,69,30155C97D461A7C0008A64B2,"PLC, Product detaljeret, Aarhus, Dec. 2023.xlsx",1.4201217038539553,T-shirt
26055 T-shirt 1/2 ærme da lyseblå,Alm.slid uden restværdi,1,1479,76,30155C97D461A7C0008A64C1,"PLC, Product detaljeret, Aarhus, Dec. 2023.xlsx",1.5641920216362408,T-shirt
26055 T-shirt 1/2 ærme da lyseblå,Alm.slid uden restværdi,1,1479,75,30155C97D461A7C0008A64F9,"PLC, Product detaljeret, Aarhus, Dec. 2023.xlsx",1.5436105476673427,T-shirt
26055 T-shirt 1/2 ærme da lyseblå,Alm.slid uden restværdi,1,1479,70,30155C97D461A7C0008A6506,"PLC, Product detaljeret, Aarhus, Dec. 2023.xlsx",1.4407031778228534,T-shirt
26055 T-shirt 1/2 ærme da lyseblå,Alm.slid uden restværdi,1,1479,81,30155C97D461A7C0008A6508,"PLC, Product detaljeret, Aarhus, Dec. 2023.xlsx",1.6670993914807302,T-shirt
26056 T-shirt k/æ dame lyseblå,Alm.slid uden restværdi,1,1471,85,30155C97D461A7C0008A63F5,"PLC, Product detaljeret, Aarhus, Dec. 2023.xlsx",1.7589394969408567,T-shirt
26056 T-shirt k/æ dame lyseblå,Alm.slid uden restværdi,1,1471,95,30155C97D461A7C0008A6420,"PLC, Product detaljeret, Aarhus, Dec. 2023.xlsx",1.9658735554044866,T-shirt
26056 T-shirt k/æ dame lyseblå,Alm.slid uden restværdi,1,1471,68,30155C97D461A7C0008A6449,"PLC, Product detaljeret, Aarhus, Dec. 2023.xlsx",1.4071515975526854,T-shirt
26056 T-shirt k/æ dame lyseblå,Alm.slid uden restværdi,1,1471,66,30155C97D461A7C0008A6463,"PLC, Product detaljeret, Aarhus, Dec. 2023.xlsx",1.3657647858599593,T-shirt
26056 T-shirt k/æ dame lyseblå,Alm.slid uden restværdi,1,1471,73,30155C97D461A7C0008A6529,"PLC, Product detaljeret, Aarhus, Dec. 2023.xlsx",1.5106186267845005,T-shirt
26056 T-shirt k/æ dame lyseblå,Alm.slid uden restværdi,1,1471,85,30155C97D461A7C0008A6532,"PLC, Product detaljeret, Aarhus, Dec. 2023.xlsx",1.7589394969408567,T-shirt
26056 T-shirt k/æ dame lyseblå,Alm.slid uden restværdi,1,1471,87,30155C97D461A7C0008A6559,"PLC, Product detaljeret, Aarhus, Dec. 2023.xlsx",1.8003263086335826,T-shirt
26055 T-shirt 1/2 ærme da lyseblå,Alm.slid uden restværdi,1,1464,86,30155C97D461A7C0006A9C84,"PLC, Product detaljeret, Aarhus, Dec. 2023.xlsx",1.7881420765027325,T-shirt
26055 T-shirt 1/2 ærme da lyseblå,Alm.slid uden restværdi,1,1464,87,30155C97D461A7C0006A9DE7,"PLC, Product detaljeret, Aarhus, Dec. 2023.xlsx",1.8089344262295082,T-shirt
26055 T-shirt 1/2 ærme da lyseblå,Alm.slid uden restværdi,1,1459,87,30155C97D461A7C0006A9C8B,"PLC, Product detaljeret, Aarhus, Dec. 2023.xlsx",1.8151336531871147,T-shirt
26056 T-shirt k/æ dame lyseblå,Alm.slid uden restværdi,1,1458,52,30155C97D461A7C001FC5719,"PLC, Product detaljeret, Aarhus, Dec. 2023.xlsx",1.0856515775034294,T-shirt
26056 T-shirt k/æ dame lyseblå,Alm.slid uden restværdi,1,1452,92,30155C97D461A7C0021BEF4E,"PLC, Product detaljeret, Aarhus, Dec. 2023.xlsx",1.9287052341597797,T-shirt
26056 T-shirt k/æ dame lyseblå,Alm.slid uden restværdi,1,1448,95,30155C97D461A7C0021BEF50,"PLC, Product detaljeret, Aarhus, Dec. 2023.xlsx",1.9970994475138122,T-shirt
26056 T-shirt k/æ dame lyseblå,Alm.slid uden restværdi,1,1437,78,30155C97D461A7C0021BEFA0,"PLC, Product detaljeret, Aarhus, Dec. 2023.xlsx",1.652275574112735,T-shirt
26056 T-shirt k/æ dame lyseblå,Alm.slid uden restværdi,1,1429,84,30155C97D461A7C0021BEF2D,"PLC, Product detaljeret, Aarhus, Dec. 2023.xlsx",1.789335199440168,T-shirt
26056 T-shirt k/æ dame lyseblå,Alm.slid uden restværdi,1,1429,85,30155C97D461A7C0021BEFC5,"PLC, Product detaljeret, Aarhus, Dec. 2023.xlsx",1.8106368089573128,T-shirt
26056 T-shirt k/æ dame lyseblå,Alm.slid uden restværdi,1,1413,83,30155C97D461A7C001FC5773,"PLC, Product detaljeret, Aarhus, Dec. 2023.xlsx",1.788053786270347,T-shirt
26056 T-shirt k/æ dame lyseblå,Alm.slid uden restværdi,1,1392,84,30155C97D461A7C0005C46A9,"PLC, Product detaljeret, Aarhus, Dec. 2023.xlsx",1.836896551724138,T-shirt
26056 T-shirt k/æ dame lyseblå,Alm.slid uden restværdi,1,1305,55,30155C97D461A7C0005C461C,"PLC, Product detaljeret, Aarhus, Dec. 2023.xlsx",1.2829118773946362,T-shirt
26056 T-shirt k/æ dame lyseblå,Alm.slid uden restværdi,1,1292,58,30155C97D461A7C001FC43D4,"PLC, Product detaljeret, Aarhus, Dec. 2023.xlsx",1.3665015479876161,T-shirt
26056 T-shirt k/æ dame lyseblå,Alm.slid uden restværdi,1,1285,52,30155C97D461A7C0005C460B,"PLC, Product detaljeret, Aarhus, Dec. 2023.xlsx",1.2318132295719846,T-shirt
26056 T-shirt k/æ dame lyseblå,Alm.slid uden restværdi,1,1225,72,30155C97D461A7C001EF715A,"PLC, Product detaljeret, Aarhus, Dec. 2023.xlsx",1.7891265306122448,T-shirt
13658 T-shirt dame lyseblå Prowear,Alm.slid uden restværdi,1,1222,46,30155C97D461A7C00294CB3F,"PLC, Product detaljeret, Aarhus, Dec. 2023.xlsx",1.1458592471358429,T-shirt
13658 T-shirt dame lyseblå Prowear,Alm.slid uden restværdi,1,1204,78,30155C97D461A7C00294CC72,"PLC, Product detaljeret, Aarhus, Dec. 2023.xlsx",1.9720265780730897,T-shirt
13658 T-shirt dame lyseblå Prowear,Alm.slid uden restværdi,1,1204,71,30155C97D461A7C00294CC9A,"PLC, Product detaljeret, Aarhus, Dec. 2023.xlsx",1.795049833887043,T-shirt
13658 T-shirt dame lyseblå Prowear,Alm.slid uden restværdi,1,1204,68,30155C97D461A7C00294CC9C,"PLC, Product detaljeret, Aarhus, Dec. 2023.xlsx",1.7192026578073092,T-shirt
13658 T-shirt dame lyseblå Prowear,Alm.slid uden restværdi,1,1106,54,30155C97D461A6C0000E7844,"PLC, Product detaljeret, Aarhus, Dec. 2023.xlsx",1.4862206148282098,T-shirt
26056 T-shirt k/æ dame lyseblå,Alm.slid uden restværdi,1,1056,39,30155C97D461A7C00214C0D6,"PLC, Product detaljeret, Aarhus, Dec. 2023.xlsx",1.1242045454545455,T-shirt
13658 T-shirt dame lyseblå Prowear,Alm.slid uden restværdi,1,1033,34,30155C97D461A6C0001B1CAD,"PLC, Product detaljeret, Aarhus, Dec. 2023.xlsx",1.0018973862536302,T-shirt
13658 T-shirt dame lyseblå Prowear,Alm.slid uden restværdi,1,1014,62,30155C97D461A6C00014185A,"PLC, Product detaljeret, Aarhus, Dec. 2023.xlsx",1.8612228796844181,T-shirt
13658 T-shirt dame lyseblå Prowear,Alm.slid uden restværdi,1,976,34,30155C97D461A6C0000F99E1,"PLC, Product detaljeret, Aarhus, Dec. 2023.xlsx",1.0604098360655738,T-shirt
13658 T-shirt dame lyseblå Prowear,Alm.slid uden restværdi,1,976,34,30155C97D461A6C0000F9A4F,"PLC, Product detaljeret, Aarhus, Dec. 2023.xlsx",1.0604098360655738,T-shirt
26056 T-shirt k/æ dame lyseblå,Alm.slid uden restværdi,1,974,63,30155C97D461A7C001EF7117,"PLC, Product detaljeret, Aarhus, Dec. 2023.xlsx",1.9689117043121152,T-shirt
26056 T-shirt k/æ dame lyseblå,Alm.slid uden restværdi,1,957,60,30155C97D461A7C002697CC1,"PLC, Product detaljeret, Aarhus, Dec. 2023.xlsx",1.90846394984326,T-shirt
26056 T-shirt k/æ dame lyseblå,Alm.slid uden restværdi,1,942,52,30155C97D461A7C00219E2D8,"PLC, Product detaljeret, Aarhus, Dec. 2023.xlsx",1.680339702760085,T-shirt
26055 T-shirt 1/2 ærme da lyseblå,Alm.slid uden restværdi,1,932,31,30155C97D461A7C0022FB0C4,"PLC, Product detaljeret, Aarhus, Dec. 2023.xlsx",1.012489270386266,T-shirt
26055 T-shirt 1/2 ærme da lyseblå,Alm.slid uden restværdi,1,929,59,30155C97D461A6C0004A2167,"PLC, Product detaljeret, Aarhus, Dec. 2023.xlsx",1.9332185145317549,T-shirt
26055 T-shirt 1/2 ærme da lyseblå,Alm.slid uden restværdi,1,929,53,30155C97D461A6C0004A2169,"PLC, Product detaljeret, Aarhus, Dec. 2023.xlsx",1.7366200215285252,T-shirt
26055 T-shirt 1/2 ærme da lyseblå,Alm.slid uden restværdi,1,925,33,30155C97D461A7C0022FB056,"PLC, Product detaljeret, Aarhus, Dec. 2023.xlsx",1.0859675675675677,T-shirt
13658 T-shirt dame lyseblå Prowear,Alm.slid uden restværdi,1,903,32,30155C97D461A6C0008429C5,"PLC, Product detaljeret, Aarhus, Dec. 2023.xlsx",1.078715393133998,T-shirt
13658 T-shirt dame lyseblå Prowear,Alm.slid uden restværdi,1,903,31,30155C97D461A6C0008429DA,"PLC, Product detaljeret, Aarhus, Dec. 2023.xlsx",1.0450055370985605,T-shirt
13658 T-shirt dame lyseblå Prowear,Alm.slid uden restværdi,1,903,34,30155C97D461A6C000842A0D,"PLC, Product detaljeret, Aarhus, Dec. 2023.xlsx",1.1461351052048727,T-shirt
13658 T-shirt dame lyseblå Prowear,Bortkommet med restværdi,1,891,52,30155C97D461A6C000842A6B,"PLC, Product detaljeret, Aarhus, Dec. 2023.xlsx",1.7765207631874298,T-shirt
26055 T-shirt 1/2 ærme da lyseblå,Alm.slid uden restværdi,1,881,53,30155C97D461A7C00214BF53,"PLC, Product detaljeret, Aarhus, Dec. 2023.xlsx",1.8312372304199773,T-shirt
26056 T-shirt k/æ dame lyseblå,Alm.slid uden restværdi,1,872,34,30155C97D461A7C0014895BD,"PLC, Product detaljeret, Aarhus, Dec. 2023.xlsx",1.1868807339449543,T-shirt
26056 T-shirt k/æ dame lyseblå,Alm.slid uden restværdi,1,856,30,30155C97D461A7C002678C58,"PLC, Product detaljeret, Aarhus, Dec. 2023.xlsx",1.066822429906542,T-shirt
26055 T-shirt 1/2 ærme da lyseblå,Alm.slid uden restværdi,1,852,38,30155C97D461A7C0022FB158,"PLC, Product detaljeret, Aarhus, Dec. 2023.xlsx",1.3576525821596244,T-shirt
26055 T-shirt 1/2 ærme da lyseblå,Alm.slid uden restværdi,1,845,40,30155C97D461A7C0022FB08C,"PLC, Product detaljeret, Aarhus, Dec. 2023.xlsx",1.44094674556213,T-shirt
13658 T-shirt dame lyseblå Prowear,Alm.slid uden restværdi,1,841,49,30155C97D461A6C000B12DE2,"PLC, Product detaljeret, Aarhus, Dec. 2023.xlsx",1.7735552913198573,T-shirt
13658 T-shirt dame lyseblå Prowear,Alm.slid uden restværdi,1,841,44,30155C97D461A6C000B12F24,"PLC, Product detaljeret, Aarhus, Dec. 2023.xlsx",1.5925802615933413,T-shirt
01427 T-shirt unisex lyseblå pb,Misligholdt med restværdi,1,829,50,30155C97D461A6C0008C386F,"PLC, Product detaljeret, Aarhus, Dec. 2023.xlsx",1.8359469240048252,T-shirt
26056 T-shirt k/æ dame lyseblå,Bortkommet med restværdi,1,828,30,30155C97D461A6C000839DB0,"PLC, Product detaljeret, Aarhus, Dec. 2023.xlsx",1.1028985507246378,T-shirt
13658 T-shirt dame lyseblå Prowear,Bortkommet med restværdi,1,816,37,30155C97D461A6C0005CE801,"PLC, Product detaljeret, Aarhus, Dec. 2023.xlsx",1.3802450980392158,T-shirt
13658 T-shirt dame lyseblå Prowear,Alm.slid uden restværdi,1,810,32,30155C97D461A6C000B0B150,"PLC, Product detaljeret, Aarhus, Dec. 2023.xlsx",1.202567901234568,T-shirt
13658 T-shirt dame lyseblå Prowear,Bortkommet med restværdi,1,776,39,30155C97D461A7C002300645,"PLC, Product detaljeret, Aarhus, Dec. 2023.xlsx",1.5298453608247424,T-shirt
01427 T-shirt unisex lyseblå pb,Alm.slid uden restværdi,1,731,27,30155C97D461A6C001059EEF,"PLC, Product detaljeret, Aarhus, Dec. 2023.xlsx",1.1243228454172367,T-shirt
26056 T-shirt k/æ dame lyseblå,Alm.slid uden restværdi,1,642,33,30155C97D461A7C00219E3CE,"PLC, Product detaljeret, Aarhus, Dec. 2023.xlsx",1.5646728971962618,T-shirt
13658 T-shirt dame lyseblå Prowear,Udgået Model,1,574,22,30155C97D461A6C0008BE042,"PLC, Product detaljeret, Aarhus, Dec. 2023.xlsx",1.1666898954703833,T-shirt
13658 T-shirt dame lyseblå Prowear,Alm.slid uden restværdi,1,546,29,30155C97D461A6C000EABA99,"PLC, Product detaljeret, Aarhus, Dec. 2023.xlsx",1.6167765567765569,T-shirt
13658 T-shirt dame lyseblå Prowear,Bortkommet med restværdi,1,507,20,30155C97D461A6C00135DAF2,"PLC, Product detaljeret, Aarhus, Dec. 2023.xlsx",1.2007889546351085,T-shirt
26056 T-shirt k/æ dame lyseblå,Alm.slid uden restværdi,1,462,25,30155C97D461A7C000C1AA5C,"PLC, Product detaljeret, Aarhus, Dec. 2023.xlsx",1.6471861471861473,T-shirt
13658 T-shirt dame lyseblå Prowear,Alm.slid uden restværdi,1,461,17,30155C97D461A6C000EADD8A,"PLC, Product detaljeret, Aarhus, Dec. 2023.xlsx",1.1225162689804773,T-shirt
26056 T-shirt k/æ dame lyseblå,Alm.slid uden restværdi,1,457,26,30155C97D461A6C000EE71D8,"PLC, Product detaljeret, Aarhus, Dec. 2023.xlsx",1.7318161925601752,T-shirt
26056 T-shirt k/æ dame lyseblå,Alm.slid uden restværdi,1,383,24,30155C97D461A6C0011058EE,"PLC, Product detaljeret, Aarhus, Dec. 2023.xlsx",1.907467362924282,T-shirt
26056 T-shirt k/æ dame lyseblå,Bortkommet med restværdi,1,380,18,30155C97D461A6C0018E56B1,"PLC, Product detaljeret, Aarhus, Dec. 2023.xlsx",1.4418947368421053,T-shirt
01427 T-shirt unisex lyseblå pb,Misligholdt med restværdi,1,366,23,30155C97D461A6C0018EDA6D,"PLC, Product detaljeret, Aarhus, Dec. 2023.xlsx",1.9128961748633881,T-shirt
13658 T-shirt dame lyseblå Prowear,Ødelagt af lommefyld uden restværdi,1,325,20,30155C97D461A6C0018E9DF4,"PLC, Product detaljeret, Aarhus, Dec. 2023.xlsx",1.8732307692307695,T-shirt
13658 T-shirt dame lyseblå Prowear,Alm.slid uden restværdi,1,256,11,30155C97D461A4C000F48F0D,"PLC, Product detaljeret, Aarhus, Dec. 2023.xlsx",1.3079687500000001,T-shirt
13658 T-shirt dame lyseblå Prowear,Alm.slid uden restværdi,1,250,9,30155C97D461A4C000F48E3B,"PLC, Product detaljeret, Aarhus, Dec. 2023.xlsx",1.09584,T-shirt
26056 T-shirt k/æ dame lyseblå,Alm.slid uden restværdi,1,245,9,30155C97D461A4C000C69372,"PLC, Product detaljeret, Aarhus, Dec. 2023.xlsx",1.1182040816326533,T-shirt
26056 T-shirt k/æ dame lyseblå,Alm.slid uden restværdi,1,245,10,30155C97D461A4C000C6943F,"PLC, Product detaljeret, Aarhus, Dec. 2023.xlsx",1.2424489795918368,T-shirt
26056 T-shirt k/æ dame lyseblå,Alm.slid uden restværdi,1,245,10,30155C97D461A4C000C6A604,"PLC, Product detaljeret, Aarhus, Dec. 2023.xlsx",1.2424489795918368,T-shirt
26055 T-shirt 1/2 ærme da lyseblå,Alm.slid uden restværdi,1,208,12,30155C97D461A6C0020E7720,"PLC, Product detaljeret, Aarhus, Dec. 2023.xlsx",1.7561538461538464,T-shirt
13658 T-shirt dame lyseblå Prowear,Alm.slid uden restværdi,1,163,7,30155C97D461A4C000F6A7AD,"PLC, Product detaljeret, Aarhus, Dec. 2023.xlsx",1.3072392638036812,T-shirt
13658 T-shirt dame lyseblå Prowear,Ødelagt af lommefyld uden restværdi,1,1949,86,300ED89F335000400183D59D,"PLC, Product detaljeret, Aarhus, Feb. 2023.xlsx",1.3431708568496665,T-shirt
13658 T-shirt dame lyseblå Prowear,Alm.slid uden restværdi,1,1930,78,300ED89F335000400183AE70,"PLC, Product detaljeret, Aarhus, Feb. 2023.xlsx",1.230217616580311,T-shirt
13658 T-shirt dame lyseblå Prowear,Alm.slid uden restværdi,1,1929,67,300ED89F335000400183D84F,"PLC, Product detaljeret, Aarhus, Feb. 2023.xlsx",1.057273198548471,T-shirt
01427 T-shirt unisex lyseblå pb,Alm.slid uden restværdi,1,1824,94,300ED89F33500060009D9877,"PLC, Product detaljeret, Aarhus, Feb. 2023.xlsx",1.5687280701754387,T-shirt
01427 T-shirt unisex lyseblå pb,Alm.slid uden restværdi,1,1715,87,30155C97D461A7C0010E17DA,"PLC, Product detaljeret, Aarhus, Feb. 2023.xlsx",1.544186588921283,T-shirt
01427 T-shirt unisex lyseblå pb,Bortkommet med restværdi,1,1578,54,30155C97D461A7C00123B35B,"PLC, Product detaljeret, Aarhus, Feb. 2023.xlsx",1.0416730038022814,T-shirt
01427 T-shirt unisex lyseblå pb,Alm.slid uden restværdi,1,1528,96,30155C97D461A7C000F0A493,"PLC, Product detaljeret, Aarhus, Feb. 2023.xlsx",1.912460732984293,T-shirt
01427 T-shirt unisex lyseblå pb,Alm.slid uden restværdi,1,1528,89,30155C97D461A7C00140ACEF,"PLC, Product detaljeret, Aarhus, Feb. 2023.xlsx",1.7730104712041885,T-shirt
26056 T-shirt k/æ dame lyseblå,Alm.slid uden restværdi,1,1183,77,30155C97D461A7C0021BEFF2,"PLC, Product detaljeret, Aarhus, Feb. 2023.xlsx",1.9813017751479292,T-shirt
26056 T-shirt k/æ dame lyseblå,Alm.slid uden restværdi,1,1183,49,30155C97D461A7C0021BF01F,"PLC, Product detaljeret, Aarhus, Feb. 2023.xlsx",1.260828402366864,T-shirt
26056 T-shirt k/æ dame lyseblå,Bortkommet med restværdi,1,1177,69,30155C97D461A7C001EF706F,"PLC, Product detaljeret, Aarhus, Feb. 2023.xlsx",1.7845029736618523,T-shirt
26056 T-shirt k/æ dame lyseblå,Bortkommet med restværdi,1,1177,60,30155C97D461A7C001EF70C7,"PLC, Product detaljeret, Aarhus, Feb. 2023.xlsx",1.5517417162276976,T-shirt
26056 T-shirt k/æ dame lyseblå,Bortkommet med restværdi,1,1177,69,30155C97D461A7C001EF70FB,"PLC, Product detaljeret, Aarhus, Feb. 2023.xlsx",1.7845029736618523,T-shirt
26056 T-shirt k/æ dame lyseblå,Bortkommet med restværdi,1,1177,62,30155C97D461A7C001EF710B,"PLC, Product detaljeret, Aarhus, Feb. 2023.xlsx",1.6034664401019543,T-shirt
26056 T-shirt k/æ dame lyseblå,Bortkommet med restværdi,1,1177,77,30155C97D461A7C001EF7197,"PLC, Product detaljeret, Aarhus, Feb. 2023.xlsx",1.9914018691588784,T-shirt
26056 T-shirt k/æ dame lyseblå,Bortkommet med restværdi,1,1165,50,30155C97D461A7C0021BF09A,"PLC, Product detaljeret, Aarhus, Feb. 2023.xlsx",1.3064377682403434,T-shirt
26056 T-shirt k/æ dame lyseblå,Alm.slid uden restværdi,1,1163,56,30155C97D461A7C0006A9DAD,"PLC, Product detaljeret, Aarhus, Feb. 2023.xlsx",1.465726569217541,T-shirt
26056 T-shirt k/æ dame lyseblå,Alm.slid uden restværdi,1,1161,70,30155C97D461A7C001EF7007,"PLC, Product detaljeret, Aarhus, Feb. 2023.xlsx",1.8353143841515935,T-shirt
26056 T-shirt k/æ dame lyseblå,Alm.slid uden restværdi,1,1140,71,30155C97D461A7C0006A9D82,"PLC, Product detaljeret, Aarhus, Feb. 2023.xlsx",1.8958245614035087,T-shirt
26056 T-shirt k/æ dame lyseblå,Alm.slid uden restværdi,1,1140,60,30155C97D461A7C0006A9DB0,"PLC, Product detaljeret, Aarhus, Feb. 2023.xlsx",1.6021052631578947,T-shirt
26056 T-shirt k/æ dame lyseblå,Alm.slid uden restværdi,1,1125,66,30155C97D461A7C0006A9DA9,"PLC, Product detaljeret, Aarhus, Feb. 2023.xlsx",1.7858133333333335,T-shirt
26056 T-shirt k/æ dame lyseblå,Alm.slid uden restværdi,1,1125,42,30155C97D461A7C001EF70B0,"PLC, Product detaljeret, Aarhus, Feb. 2023.xlsx",1.136426666666667,T-shirt
26056 T-shirt k/æ dame lyseblå,Alm.slid uden restværdi,1,1115,66,30155C97D461A7C001FC57A1,"PLC, Product detaljeret, Aarhus, Feb. 2023.xlsx",1.8018295964125561,T-shirt
26056 T-shirt k/æ dame lyseblå,Alm.slid uden restværdi,1,1088,67,30155C97D461A7C0006A9C0C,"PLC, Product detaljeret, Aarhus, Feb. 2023.xlsx",1.8745220588235296,T-shirt
26056 T-shirt k/æ dame lyseblå,Alm.slid uden restværdi,1,1088,57,30155C97D461A7C0006A9D0D,"PLC, Product detaljeret, Aarhus, Feb. 2023.xlsx",1.5947426470588237,T-shirt
26055 T-shirt 1/2 ærme da lyseblå,BTS fejl uden restværdi,1,1027,36,30155C97D461A7C00219DD71,"PLC, Product detaljeret, Aarhus, Feb. 2023.xlsx",1.0670301850048687,T-shirt
26055 T-shirt 1/2 ærme da lyseblå,BTS fejl uden restværdi,1,1027,35,30155C97D461A7C00219DD9E,"PLC, Product detaljeret, Aarhus, Feb. 2023.xlsx",1.0373904576436221,T-shirt
26056 T-shirt k/æ dame lyseblå,Alm.slid uden restværdi,1,964,51,30155C97D461A7C0021BEFC6,"PLC, Product detaljeret, Aarhus, Feb. 2023.xlsx",1.6104149377593362,T-shirt
13658 T-shirt dame lyseblå Prowear,Alm.slid uden restværdi,1,860,34,30155C97D461A7C002448EF6,"PLC, Product detaljeret, Aarhus, Feb. 2023.xlsx",1.2034418604651163,T-shirt
13658 T-shirt dame lyseblå Prowear,Alm.slid uden restværdi,1,853,45,30155C97D461A6C0000EA7CC,"PLC, Product detaljeret, Aarhus, Feb. 2023.xlsx",1.6058616647127786,T-shirt
13658 T-shirt dame lyseblå Prowear,Alm.slid uden restværdi,1,812,50,30155C97D461A6C00012A9A9,"PLC, Product detaljeret, Aarhus, Feb. 2023.xlsx",1.8743842364532022,T-shirt
13658 T-shirt dame lyseblå Prowear,Alm.slid uden restværdi,1,812,33,30155C97D461A6C00012A9E5,"PLC, Product detaljeret, Aarhus, Feb. 2023.xlsx",1.2370935960591134,T-shirt
13658 T-shirt dame lyseblå Prowear,Alm.slid uden restværdi,1,812,43,30155C97D461A6C00012AAE9,"PLC, Product detaljeret, Aarhus, Feb. 2023.xlsx",1.6119704433497537,T-shirt
26056 T-shirt k/æ dame lyseblå,Alm.slid uden restværdi,1,807,44,30155C97D461A7C002300743,"PLC, Product detaljeret, Aarhus, Feb. 2023.xlsx",1.6596778190830237,T-shirt
13658 T-shirt dame lyseblå Prowear,Alm.slid uden restværdi,1,806,40,30155C97D461A6C00016FB08,"PLC, Product detaljeret, Aarhus, Feb. 2023.xlsx",1.5106699751861044,T-shirt
26056 T-shirt k/æ dame lyseblå,Alm.slid uden restværdi,1,803,42,30155C97D461A7C002A412FC,"PLC, Product detaljeret, Aarhus, Feb. 2023.xlsx",1.5921295143212952,T-shirt
26056 T-shirt k/æ dame lyseblå,Alm.slid uden restværdi,1,801,49,30155C97D461A7C002300615,"PLC, Product detaljeret, Aarhus, Feb. 2023.xlsx",1.8621223470661672,T-shirt
13658 T-shirt dame lyseblå Prowear,Alm.slid uden restværdi,1,787,37,30155C97D461A6C00012BDD8,"PLC, Product detaljeret, Aarhus, Feb. 2023.xlsx",1.4311054637865313,T-shirt
26056 T-shirt k/æ dame lyseblå,Alm.slid uden restværdi,1,782,43,30155C97D461A7C00219DCE5,"PLC, Product detaljeret, Aarhus, Feb. 2023.xlsx",1.6738107416879797,T-shirt
26056 T-shirt k/æ dame lyseblå,Alm.slid uden restværdi,1,764,43,30155C97D461A7C002300741,"PLC, Product detaljeret, Aarhus, Feb. 2023.xlsx",1.7132460732984294,T-shirt
13658 T-shirt dame lyseblå Prowear,Alm.slid uden restværdi,1,740,31,30155C97D461A6C000210144,"PLC, Product detaljeret, Aarhus, Feb. 2023.xlsx",1.2751891891891893,T-shirt
13658 T-shirt dame lyseblå Prowear,Alm.slid uden restværdi,1,728,27,30155C97D461A6C0002F2D45,"PLC, Product detaljeret, Aarhus, Feb. 2023.xlsx",1.128956043956044,T-shirt
13658 T-shirt dame lyseblå Prowear,Bortkommet med restværdi,1,687,38,30155C97D461A6C0002F2E8E,"PLC, Product detaljeret, Aarhus, Feb. 2023.xlsx",1.6837263464337702,T-shirt
13658 T-shirt dame lyseblå Prowear,Alm.slid uden restværdi,1,685,23,30155C97D461A6C000210180,"PLC, Product detaljeret, Aarhus, Feb. 2023.xlsx",1.02207299270073,T-shirt
13658 T-shirt dame lyseblå Prowear,Alm.slid uden restværdi,1,675,35,30155C97D461A6C00039E4E7,"PLC, Product detaljeret, Aarhus, Feb. 2023.xlsx",1.5783703703703704,T-shirt
13658 T-shirt dame lyseblå Prowear,Alm.slid uden restværdi,1,665,28,30155C97D461A6C0002F2E80,"PLC, Product detaljeret, Aarhus, Feb. 2023.xlsx",1.2816842105263158,T-shirt
26056 T-shirt k/æ dame lyseblå,Alm.slid uden restværdi,1,553,21,30155C97D461A6C000839F2F,"PLC, Product detaljeret, Aarhus, Feb. 2023.xlsx",1.1559493670886076,T-shirt
13658 T-shirt dame lyseblå Prowear,Alm.slid uden restværdi,1,538,26,30155C97D461A6C000B0996C,"PLC, Product detaljeret, Aarhus, Feb. 2023.xlsx",1.4710780669144983,T-shirt
13658 T-shirt dame lyseblå Prowear,Alm.slid uden restværdi,1,532,19,30155C97D461A6C000B2016D,"PLC, Product detaljeret, Aarhus, Feb. 2023.xlsx",1.0871428571428572,T-shirt
13658 T-shirt dame lyseblå Prowear,Alm.slid uden restværdi,1,519,18,30155C97D461A6C000B0B1CB,"PLC, Product detaljeret, Aarhus, Feb. 2023.xlsx",1.0557225433526012,T-shirt
13658 T-shirt dame lyseblå Prowear,Alm.slid uden restværdi,1,519,18,30155C97D461A6C000B0B1DD,"PLC, Product detaljeret, Aarhus, Feb. 2023.xlsx",1.0557225433526012,T-shirt
01427 T-shirt unisex lyseblå pb,Alm.slid uden restværdi,1,518,33,30155C97D461A6C0008C3880,"PLC, Product detaljeret, Aarhus, Feb. 2023.xlsx",1.9392277992277993,T-shirt
01427 T-shirt unisex lyseblå pb,Alm.slid uden restværdi,1,518,18,30155C97D461A6C0008C3924,"PLC, Product detaljeret, Aarhus, Feb. 2023.xlsx",1.0577606177606178,T-shirt
13658 T-shirt dame lyseblå Prowear,Alm.slid uden restværdi,1,508,31,30155C97D461A6C0008BDF8F,"PLC, Product detaljeret, Aarhus, Feb. 2023.xlsx",1.8575590551181105,T-shirt
13658 T-shirt dame lyseblå Prowear,Alm.slid uden restværdi,1,508,25,30155C97D461A6C0008BDFC7,"PLC, Product detaljeret, Aarhus, Feb. 2023.xlsx",1.4980314960629924,T-shirt
13658 T-shirt dame lyseblå Prowear,Misligholdt med restværdi,1,505,17,30155C97D461A6C0008CBAD6,"PLC, Product detaljeret, Aarhus, Feb. 2023.xlsx",1.0247128712871287,T-shirt
13658 T-shirt dame lyseblå Prowear,Alm.slid uden restværdi,1,494,23,30155C97D461A6C0007208C8,"PLC, Product detaljeret, Aarhus, Feb. 2023.xlsx",1.4172469635627531,T-shirt
13658 T-shirt dame lyseblå Prowear,Alm.slid uden restværdi,1,463,17,30155C97D461A6C0008CBB2E,"PLC, Product detaljeret, Aarhus, Feb. 2023.xlsx",1.1176673866090714,T-shirt
01427 T-shirt unisex lyseblå pb,Bortkommet med restværdi,1,460,19,30155C97D461A6C0015C4A5F,"PLC, Product detaljeret, Aarhus, Feb. 2023.xlsx",1.257304347826087,T-shirt
13658 T-shirt dame lyseblå Prowear,Udgået Model,1,454,21,30155C97D461A6C0008BF7D8,"PLC, Product detaljeret, Aarhus, Feb. 2023.xlsx",1.4080176211453745,T-shirt
13658 T-shirt dame lyseblå Prowear,Alm.slid uden restværdi,1,437,16,30155C97D461A6C0008429A9,"PLC, Product detaljeret, Aarhus, Feb. 2023.xlsx",1.1145080091533182,T-shirt
26056 T-shirt k/æ dame lyseblå,Alm.slid uden restværdi,1,436,19,30155C97D461A6C00083A40F,"PLC, Product detaljeret, Aarhus, Feb. 2023.xlsx",1.3265137614678901,T-shirt
01427 T-shirt unisex lyseblå pb,Misligholdt med restværdi,1,430,20,30155C97D461A6C000BA2CE2,"PLC, Product detaljeret, Aarhus, Feb. 2023.xlsx",1.415813953488372,T-shirt
13658 T-shirt dame lyseblå Prowear,Alm.slid uden restværdi,1,347,13,30155C97D461A6C000D88860,"PLC, Product detaljeret, Aarhus, Feb. 2023.xlsx",1.1404034582132565,T-shirt
13658 T-shirt dame lyseblå Prowear,Alm.slid uden restværdi,1,325,15,30155C97D461A6C000647CE6,"PLC, Product detaljeret, Aarhus, Feb. 2023.xlsx",1.4049230769230772,T-shirt
13658 T-shirt dame lyseblå Prowear,Alm.slid uden restværdi,1,273,16,30155C97D461A4C00092B4A1,"PLC, Product detaljeret, Aarhus, Feb. 2023.xlsx",1.784029304029304,T-shirt
01427 T-shirt unisex lyseblå pb,Alm.slid uden restværdi,1,252,14,30155C97D461A6C0009E97A9,"PLC, Product detaljeret, Aarhus, Feb. 2023.xlsx",1.691111111111111,T-shirt
26056 T-shirt k/æ dame lyseblå,Alm.slid uden restværdi,1,251,16,30155C97D461A6C001104985,"PLC, Product detaljeret, Aarhus, Feb. 2023.xlsx",1.9403984063745021,T-shirt
13658 T-shirt dame lyseblå Prowear,Alm.slid uden restværdi,1,237,12,30155C97D461A6C00185D8C4,"PLC, Product detaljeret, Aarhus, Feb. 2023.xlsx",1.5412658227848102,T-shirt
13658 T-shirt dame lyseblå Prowear,Alm.slid uden restværdi,1,135,8,30155C97D461A6C000EB0F7C,"PLC, Product detaljeret, Aarhus, Feb. 2023.xlsx",1.803851851851852,T-shirt
13658 T-shirt dame lyseblå Prowear,Alm.slid uden restværdi,1,1906,70,300ED89F335000400183D373,"PLC, Product detaljeret, Aarhus, Jan. 2023.xlsx",1.1179433368310598,T-shirt
13658 T-shirt dame lyseblå Prowear,Alm.slid uden restværdi,1,1900,115,300ED89F3350007FE266C0EA,"PLC, Product detaljeret, Aarhus, Jan. 2023.xlsx",1.842421052631579,T-shirt
13658 T-shirt dame lyseblå Prowear,Bortkommet med restværdi,1,1899,96,300ED89F3350007FE266B67B,"PLC, Product detaljeret, Aarhus, Jan. 2023.xlsx",1.538830963665087,T-shirt
13658 T-shirt dame lyseblå Prowear,Alm.slid uden restværdi,1,1889,71,300ED89F335000400183DA1F,"PLC, Product detaljeret, Aarhus, Jan. 2023.xlsx",1.144118581259926,T-shirt
01427 T-shirt unisex lyseblå pb,Alm.slid uden restværdi,1,1825,77,300ED89F33500060009D9507,"PLC, Product detaljeret, Aarhus, Jan. 2023.xlsx",1.2843178082191782,T-shirt
01427 T-shirt unisex lyseblå pb,Misligholdt med restværdi,1,1511,76,30155C97D461A7C0013FA7B2,"PLC, Product detaljeret, Aarhus, Jan. 2023.xlsx",1.5310655195234943,T-shirt
01427 T-shirt unisex lyseblå pb,Misligholdt med restværdi,1,1487,62,30155C97D461A7C001178B6C,"PLC, Product detaljeret, Aarhus, Jan. 2023.xlsx",1.2691862811028918,T-shirt
01427 T-shirt unisex lyseblå pb,Udgået Model,1,1421,83,30155C97D461A7C001186A3F,"PLC, Product detaljeret, Aarhus, Jan. 2023.xlsx",1.7779873328641802,T-shirt
26056 T-shirt k/æ dame lyseblå,Alm.slid uden restværdi,1,1128,68,30155C97D461A7C001EF7108,"PLC, Product detaljeret, Aarhus, Jan. 2023.xlsx",1.8350354609929078,T-shirt
26056 T-shirt k/æ dame lyseblå,Alm.slid uden restværdi,1,1128,61,30155C97D461A7C001EF710E,"PLC, Product detaljeret, Aarhus, Jan. 2023.xlsx",1.6461347517730498,T-shirt
26056 T-shirt k/æ dame lyseblå,Alm.slid uden restværdi,1,1115,56,30155C97D461A7C0006A9C45,"PLC, Product detaljeret, Aarhus, Jan. 2023.xlsx",1.5288251121076233,T-shirt
26056 T-shirt k/æ dame lyseblå,Alm.slid uden restværdi,1,1091,54,30155C97D461A7C0008A64AC,"PLC, Product detaljeret, Aarhus, Jan. 2023.xlsx",1.5066544454628783,T-shirt
26056 T-shirt k/æ dame lyseblå,Alm.slid uden restværdi,1,1090,54,30155C97D461A7C0008A649A,"PLC, Product detaljeret, Aarhus, Jan. 2023.xlsx",1.5080366972477066,T-shirt
26056 T-shirt k/æ dame lyseblå,Alm.slid uden restværdi,1,1085,55,30155C97D461A7C0006A9D0B,"PLC, Product detaljeret, Aarhus, Jan. 2023.xlsx",1.5430414746543781,T-shirt
26056 T-shirt k/æ dame lyseblå,Alm.slid uden restværdi,1,1062,64,30155C97D461A7C0006A9D0E,"PLC, Product detaljeret, Aarhus, Jan. 2023.xlsx",1.8344256120527307,T-shirt
26055 T-shirt 1/2 ærme da lyseblå,Alm.slid uden restværdi,1,902,33,30155C97D461A7C00219DEB2,"PLC, Product detaljeret, Aarhus, Jan. 2023.xlsx",1.1136585365853657,T-shirt
13658 T-shirt dame lyseblå Prowear,Alm.slid uden restværdi,1,845,35,30155C97D461A6C0000E780C,"PLC, Product detaljeret, Aarhus, Jan. 2023.xlsx",1.260828402366864,T-shirt
13658 T-shirt dame lyseblå Prowear,Alm.slid uden restværdi,1,845,31,30155C97D461A6C0000E78C7,"PLC, Product detaljeret, Aarhus, Jan. 2023.xlsx",1.1167337278106508,T-shirt
13658 T-shirt dame lyseblå Prowear,Alm.slid uden restværdi,1,804,28,30155C97D461A6C00035AE66,"PLC, Product detaljeret, Aarhus, Jan. 2023.xlsx",1.0600995024875624,T-shirt
13658 T-shirt dame lyseblå Prowear,Misligholdt med restværdi,1,802,27,30155C97D461A6C000126025,"PLC, Product detaljeret, Aarhus, Jan. 2023.xlsx",1.024788029925187,T-shirt
13658 T-shirt dame lyseblå Prowear,Misligholdt med restværdi,1,802,29,30155C97D461A6C000127852,"PLC, Product detaljeret, Aarhus, Jan. 2023.xlsx",1.10069825436409,T-shirt
13658 T-shirt dame lyseblå Prowear,Misligholdt med restværdi,1,799,29,30155C97D461A6C0001276BF,"PLC, Product detaljeret, Aarhus, Jan. 2023.xlsx",1.104831038798498,T-shirt
13658 T-shirt dame lyseblå Prowear,Alm.slid uden restværdi,1,791,34,30155C97D461A6C00012C8D4,"PLC, Product detaljeret, Aarhus, Jan. 2023.xlsx",1.3084197218710494,T-shirt
13658 T-shirt dame lyseblå Prowear,Alm.slid uden restværdi,1,791,32,30155C97D461A6C00012CA06,"PLC, Product detaljeret, Aarhus, Jan. 2023.xlsx",1.2314538558786348,T-shirt
13658 T-shirt dame lyseblå Prowear,Misligholdt med restværdi,1,791,28,30155C97D461A6C0001260C3,"PLC, Product detaljeret, Aarhus, Jan. 2023.xlsx",1.0775221238938053,T-shirt
13658 T-shirt dame lyseblå Prowear,Alm.slid uden restværdi,1,759,40,30155C97D461A6C000173989,"PLC, Product detaljeret, Aarhus, Jan. 2023.xlsx",1.6042160737812912,T-shirt
01427 T-shirt unisex lyseblå pb,Alm.slid uden restværdi,1,745,25,30155C97D461A6C0000F5E84,"PLC, Product detaljeret, Aarhus, Jan. 2023.xlsx",1.0214765100671142,T-shirt
13658 T-shirt dame lyseblå Prowear,Misligeholdt pga blæk,1,721,28,30155C97D461A6C000303C89,"PLC, Product detaljeret, Aarhus, Jan. 2023.xlsx",1.1821359223300971,T-shirt
13658 T-shirt dame lyseblå Prowear,Alm.slid uden restværdi,1,718,32,30155C97D461A6C0002F2CC6,"PLC, Product detaljeret, Aarhus, Jan. 2023.xlsx",1.356657381615599,T-shirt
13658 T-shirt dame lyseblå Prowear,Alm.slid uden restværdi,1,718,29,30155C97D461A6C000303D50,"PLC, Product detaljeret, Aarhus, Jan. 2023.xlsx",1.2294707520891366,T-shirt
26055 T-shirt 1/2 ærme da lyseblå,Alm.slid uden restværdi,1,714,42,30155C97D461A7C00214D473,"PLC, Product detaljeret, Aarhus, Jan. 2023.xlsx",1.7905882352941176,T-shirt
13658 T-shirt dame lyseblå Prowear,Alm.slid uden restværdi,1,665,38,30155C97D461A6C00039E510,"PLC, Product detaljeret, Aarhus, Jan. 2023.xlsx",1.7394285714285715,T-shirt
26055 T-shirt 1/2 ærme da lyseblå,Alm.slid uden restværdi,1,651,38,30155C97D461A7C00214D2BC,"PLC, Product detaljeret, Aarhus, Jan. 2023.xlsx",1.776835637480799,T-shirt
13658 T-shirt dame lyseblå Prowear,Alm.slid uden restværdi,1,642,39,30155C97D461A6C00039E3C5,"PLC, Product detaljeret, Aarhus, Jan. 2023.xlsx",1.8491588785046729,T-shirt
26055 T-shirt 1/2 ærme da lyseblå,Alm.slid uden restværdi,1,638,27,30155C97D461A7C00214D395,"PLC, Product detaljeret, Aarhus, Jan. 2023.xlsx",1.2882131661442007,T-shirt
26056 T-shirt k/æ dame lyseblå,Alm.slid uden restværdi,1,630,36,30155C97D461A7C0006A9DC7,"PLC, Product detaljeret, Aarhus, Jan. 2023.xlsx",1.7394285714285715,T-shirt
13658 T-shirt dame lyseblå Prowear,Bortkommet med restværdi,1,549,23,30155C97D461A6C000B19E42,"PLC, Product detaljeret, Aarhus, Jan. 2023.xlsx",1.275264116575592,T-shirt
13658 T-shirt dame lyseblå Prowear,Alm.slid uden restværdi,1,511,20,30155C97D461A6C00081858F,"PLC, Product detaljeret, Aarhus, Jan. 2023.xlsx",1.191389432485323,T-shirt
26056 T-shirt k/æ dame lyseblå,Alm.slid uden restværdi,1,423,21,30155C97D461A6C0004A0B90,"PLC, Product detaljeret, Aarhus, Jan. 2023.xlsx",1.5112056737588653,T-shirt
26056 T-shirt k/æ dame lyseblå,Alm.slid uden restværdi,1,348,13,30155C97D461A6C0004A2137,"PLC, Product detaljeret, Aarhus, Jan. 2023.xlsx",1.1371264367816094,T-shirt
26056 T-shirt k/æ dame lyseblå,Alm.slid uden restværdi,1,222,10,30155C97D461A6C00084ECC2,"PLC, Product detaljeret, Aarhus, Jan. 2023.xlsx",1.3711711711711712,T-shirt
13658 T-shirt dame lyseblå Prowear,Alm.slid uden restværdi,1,2092,72,300ED89F3350007FE266BFF0,"PLC, Product detaljeret, Aarhus, Jul. 2023.xlsx",1.0476481835564053,T-shirt
13658 T-shirt dame lyseblå Prowear,Alm.slid uden restværdi,1,2086,114,300ED89F335000400183CCF7,"PLC, Product detaljeret, Aarhus, Jul. 2023.xlsx",1.6635474592521573,T-shirt
13658 T-shirt dame lyseblå Prowear,Alm.slid uden restværdi,1,2086,101,300ED89F335000400183CD43,"PLC, Product detaljeret, Aarhus, Jul. 2023.xlsx",1.473844678811122,T-shirt
13658 T-shirt dame lyseblå Prowear,Alm.slid uden restværdi,1,2086,121,300ED89F335000400183D5B4,"PLC, Product detaljeret, Aarhus, Jul. 2023.xlsx",1.7656951102588687,T-shirt
13658 T-shirt dame lyseblå Prowear,Alm.slid uden restværdi,1,2086,105,300ED89F335000400183D5C2,"PLC, Product detaljeret, Aarhus, Jul. 2023.xlsx",1.532214765100671,T-shirt
13658 T-shirt dame lyseblå Prowear,Alm.slid uden restværdi,1,2086,93,300ED89F3350007FE266BFAB,"PLC, Product detaljeret, Aarhus, Jul. 2023.xlsx",1.357104506232023,T-shirt
13658 T-shirt dame lyseblå Prowear,Alm.slid uden restværdi,1,2085,84,300ED89F335000400183CBFD,"PLC, Product detaljeret, Aarhus, Jul. 2023.xlsx",1.2263597122302157,T-shirt
13658 T-shirt dame lyseblå Prowear,Alm.slid uden restværdi,1,2085,87,300ED89F335000400183CD2A,"PLC, Product detaljeret, Aarhus, Jul. 2023.xlsx",1.270158273381295,T-shirt
13658 T-shirt dame lyseblå Prowear,Alm.slid uden restværdi,1,2082,100,300ED89F335000400183CA1A,"PLC, Product detaljeret, Aarhus, Jul. 2023.xlsx",1.4620557156580212,T-shirt
13658 T-shirt dame lyseblå Prowear,Alm.slid uden restværdi,1,2082,74,300ED89F335000400183D03A,"PLC, Product detaljeret, Aarhus, Jul. 2023.xlsx",1.0819212295869358,T-shirt
13658 T-shirt dame lyseblå Prowear,Alm.slid uden restværdi,1,2082,109,300ED89F3350007FE266BFAC,"PLC, Product detaljeret, Aarhus, Jul. 2023.xlsx",1.593640730067243,T-shirt
13658 T-shirt dame lyseblå Prowear,Alm.slid uden restværdi,1,2081,120,300ED89F335000400183CA0D,"PLC, Product detaljeret, Aarhus, Jul. 2023.xlsx",1.7553099471407978,T-shirt
13658 T-shirt dame lyseblå Prowear,Alm.slid uden restværdi,1,2081,96,300ED89F335000400183CBA5,"PLC, Product detaljeret, Aarhus, Jul. 2023.xlsx",1.404247957712638,T-shirt
13658 T-shirt dame lyseblå Prowear,Alm.slid uden restværdi,1,2081,88,300ED89F335000400183D1CC,"PLC, Product detaljeret, Aarhus, Jul. 2023.xlsx",1.2872272945699184,T-shirt
13658 T-shirt dame lyseblå Prowear,Alm.slid uden restværdi,1,2081,93,300ED89F3350007FE266B639,"PLC, Product detaljeret, Aarhus, Jul. 2023.xlsx",1.3603652090341183,T-shirt
13658 T-shirt dame lyseblå Prowear,Alm.slid uden restværdi,1,2081,112,300ED89F3350007FE266B79F,"PLC, Product detaljeret, Aarhus, Jul. 2023.xlsx",1.6382892839980778,T-shirt
13658 T-shirt dame lyseblå Prowear,Alm.slid uden restværdi,1,2080,98,300ED89F335000400183CEB8,"PLC, Product detaljeret, Aarhus, Jul. 2023.xlsx",1.4341923076923078,T-shirt
13658 T-shirt dame lyseblå Prowear,Alm.slid uden restværdi,1,2077,84,300ED89F335000400183AEF4,"PLC, Product detaljeret, Aarhus, Jul. 2023.xlsx",1.2310832932113627,T-shirt
01427 T-shirt unisex lyseblå pb,Alm.slid uden restværdi,1,1875,93,30155C97D461A7C0011799FF,"PLC, Product detaljeret, Aarhus, Jul. 2023.xlsx",1.509824,T-shirt
01427 T-shirt unisex lyseblå pb,Alm.slid uden restværdi,1,1857,112,300ED89F33500060009D82C1,"PLC, Product detaljeret, Aarhus, Jul. 2023.xlsx",1.8359073774905763,T-shirt
01427 T-shirt unisex lyseblå pb,Ødelagt af lommefyld uden restværdi,1,1773,82,30155C97D461A7C000E8038A,"PLC, Product detaljeret, Aarhus, Jul. 2023.xlsx",1.4078285391990977,T-shirt
26056 T-shirt k/æ dame lyseblå,Udgået Model,1,1331,46,30155C97D461A7C001FC5734,"PLC, Product detaljeret, Aarhus, Jul. 2023.xlsx",1.0520210368144254,T-shirt
26055 T-shirt 1/2 ærme da lyseblå,Alm.slid uden restværdi,1,1305,82,30155C97D461A7C00214D479,"PLC, Product detaljeret, Aarhus, Jul. 2023.xlsx",1.9127049808429117,T-shirt
26056 T-shirt k/æ dame lyseblå,Alm.slid uden restværdi,1,1264,46,30155C97D461A7C001EF71A8,"PLC, Product detaljeret, Aarhus, Jul. 2023.xlsx",1.1077848101265824,T-shirt
26057 T-shirt k/æ uni lyseblå,Alm.slid uden restværdi,1,1253,52,30155C97D461A7C002399A72,"PLC, Product detaljeret, Aarhus, Jul. 2023.xlsx",1.2632721468475658,T-shirt
26057 T-shirt k/æ uni lyseblå,Alm.slid uden restværdi,1,1253,62,30155C97D461A7C002399B11,"PLC, Product detaljeret, Aarhus, Jul. 2023.xlsx",1.5062090981644056,T-shirt
26057 T-shirt k/æ uni lyseblå,Alm.slid uden restværdi,1,1253,65,30155C97D461A7C002399B26,"PLC, Product detaljeret, Aarhus, Jul. 2023.xlsx",1.5790901835594575,T-shirt
26057 T-shirt k/æ uni lyseblå,Alm.slid uden restværdi,1,1253,61,30155C97D461A7C002399B6A,"PLC, Product detaljeret, Aarhus, Jul. 2023.xlsx",1.4819154030327215,T-shirt
26057 T-shirt k/æ uni lyseblå,Udgået Model,1,1253,51,30155C97D461A7C002399A0D,"PLC, Product detaljeret, Aarhus, Jul. 2023.xlsx",1.238978451715882,T-shirt
26057 T-shirt k/æ uni lyseblå,Udgået Model,1,1253,58,30155C97D461A7C002399B9F,"PLC, Product detaljeret, Aarhus, Jul. 2023.xlsx",1.4090343176376696,T-shirt
26057 T-shirt k/æ uni lyseblå,Alm.slid uden restværdi,1,1252,46,30155C97D461A7C0023999F8,"PLC, Product detaljeret, Aarhus, Jul. 2023.xlsx",1.118402555910543,T-shirt
26056 T-shirt k/æ dame lyseblå,Alm.slid uden restværdi,1,1219,60,30155C97D461A7C00214BE60,"PLC, Product detaljeret, Aarhus, Jul. 2023.xlsx",1.4982772764561116,T-shirt
26056 T-shirt k/æ dame lyseblå,Udgået Model,1,1194,47,30155C97D461A7C0021BF068,"PLC, Product detaljeret, Aarhus, Jul. 2023.xlsx",1.1982244556113903,T-shirt
26056 T-shirt k/æ dame lyseblå,Udgået Model,1,1185,53,30155C97D461A7C0006A9DDD,"PLC, Product detaljeret, Aarhus, Jul. 2023.xlsx",1.3614514767932488,T-shirt
26056 T-shirt k/æ dame lyseblå,Udgået Model,1,1163,56,30155C97D461A7C001FC560E,"PLC, Product detaljeret, Aarhus, Jul. 2023.xlsx",1.465726569217541,T-shirt
26056 T-shirt k/æ dame lyseblå,Alm.slid uden restværdi,1,1147,52,30155C97D461A7C001FC62EB,"PLC, Product detaljeret, Aarhus, Jul. 2023.xlsx",1.3800174367916305,T-shirt
26056 T-shirt k/æ dame lyseblå,Alm.slid uden restværdi,1,1115,43,30155C97D461A7C0008A6499,"PLC, Product detaljeret, Aarhus, Jul. 2023.xlsx",1.1739192825112108,T-shirt
13658 T-shirt dame lyseblå Prowear,Alm.slid uden restværdi,1,1074,43,30155C97D461A7C0023C2779,"PLC, Product detaljeret, Aarhus, Jul. 2023.xlsx",1.218733705772812,T-shirt
13658 T-shirt dame lyseblå Prowear,Alm.slid uden restværdi,1,1065,60,30155C97D461A7C00294DC1F,"PLC, Product detaljeret, Aarhus, Jul. 2023.xlsx",1.7149295774647888,T-shirt
01427 T-shirt unisex lyseblå pb,Alm.slid uden restværdi,1,1055,68,30155C97D461A7C00291199A,"PLC, Product detaljeret, Aarhus, Jul. 2023.xlsx",1.9620094786729858,T-shirt
13658 T-shirt dame lyseblå Prowear,Alm.slid uden restværdi,1,939,35,30155C97D461A7C002449666,"PLC, Product detaljeret, Aarhus, Jul. 2023.xlsx",1.134611288604899,T-shirt
26056 T-shirt k/æ dame lyseblå,Alm.slid uden restværdi,1,897,58,30155C97D461A7C002399B92,"PLC, Product detaljeret, Aarhus, Jul. 2023.xlsx",1.9682497212931997,T-shirt
13658 T-shirt dame lyseblå Prowear,Alm.slid uden restværdi,1,838,46,30155C97D461A6C00039E4D1,"PLC, Product detaljeret, Aarhus, Jul. 2023.xlsx",1.670930787589499,T-shirt
26056 T-shirt k/æ dame lyseblå,Udgået Model,1,805,28,30155C97D461A7C0008A6489,"PLC, Product detaljeret, Aarhus, Jul. 2023.xlsx",1.0587826086956522,T-shirt
26056 T-shirt k/æ dame lyseblå,Alm.slid uden restværdi,1,790,35,30155C97D461A7C0006A9D15,"PLC, Product detaljeret, Aarhus, Jul. 2023.xlsx",1.348607594936709,T-shirt
26056 T-shirt k/æ dame lyseblå,Udgået Model,1,790,35,30155C97D461A7C0006A9D26,"PLC, Product detaljeret, Aarhus, Jul. 2023.xlsx",1.348607594936709,T-shirt
26056 T-shirt k/æ dame lyseblå,Alm.slid uden restværdi,1,783,40,30155C97D461A7C0006A9C38,"PLC, Product detaljeret, Aarhus, Jul. 2023.xlsx",1.5550446998722862,T-shirt
26056 T-shirt k/æ dame lyseblå,Udgået Model,1,783,31,30155C97D461A7C0006A9C56,"PLC, Product detaljeret, Aarhus, Jul. 2023.xlsx",1.2051596424010218,T-shirt
26056 T-shirt k/æ dame lyseblå,Alm.slid uden restværdi,1,727,39,30155C97D461A7C0006A9D33,"PLC, Product detaljeret, Aarhus, Jul. 2023.xlsx",1.6329573590096287,T-shirt
13658 T-shirt dame lyseblå Prowear,Alm.slid uden restværdi,1,708,42,30155C97D461A6C0000F74D1,"PLC, Product detaljeret, Aarhus, Jul. 2023.xlsx",1.8057627118644068,T-shirt
26056 T-shirt k/æ dame lyseblå,Alm.slid uden restværdi,1,697,37,30155C97D461A7C001EF6FFD,"PLC, Product detaljeret, Aarhus, Jul. 2023.xlsx",1.615896700143472,T-shirt
26056 T-shirt k/æ dame lyseblå,Alm.slid uden restværdi,1,679,29,30155C97D461A6C000839EBF,"PLC, Product detaljeret, Aarhus, Jul. 2023.xlsx",1.3000883652430044,T-shirt
26056 T-shirt k/æ dame lyseblå,Alm.slid uden restværdi,1,679,24,30155C97D461A6C000839EE1,"PLC, Product detaljeret, Aarhus, Jul. 2023.xlsx",1.075935198821797,T-shirt
26056 T-shirt k/æ dame lyseblå,Alm.slid uden restværdi,1,678,23,30155C97D461A7C001FC3990,"PLC, Product detaljeret, Aarhus, Jul. 2023.xlsx",1.0326253687315634,T-shirt
13658 T-shirt dame lyseblå Prowear,Alm.slid uden restværdi,1,674,38,30155C97D461A6C0008CBBC0,"PLC, Product detaljeret, Aarhus, Jul. 2023.xlsx",1.7162017804154301,T-shirt
26056 T-shirt k/æ dame lyseblå,Alm.slid uden restværdi,1,674,44,30155C97D461A6C00083A7FE,"PLC, Product detaljeret, Aarhus, Jul. 2023.xlsx",1.9871810089020774,T-shirt
13658 T-shirt dame lyseblå Prowear,Alm.slid uden restværdi,1,662,22,30155C97D461A6C0008CBC39,"PLC, Product detaljeret, Aarhus, Jul. 2023.xlsx",1.0116012084592145,T-shirt
26056 T-shirt k/æ dame lyseblå,Alm.slid uden restværdi,1,660,26,30155C97D461A6C000839DE6,"PLC, Product detaljeret, Aarhus, Jul. 2023.xlsx",1.199151515151515,T-shirt
13658 T-shirt dame lyseblå Prowear,Alm.slid uden restværdi,1,561,21,30155C97D461A6C00105DB5E,"PLC, Product detaljeret, Aarhus, Jul. 2023.xlsx",1.1394652406417112,T-shirt
13658 T-shirt dame lyseblå Prowear,Alm.slid uden restværdi,1,555,29,30155C97D461A6C0008BF81C,"PLC, Product detaljeret, Aarhus, Jul. 2023.xlsx",1.5905585585585587,T-shirt
13658 T-shirt dame lyseblå Prowear,Alm.slid uden restværdi,1,363,16,30155C97D461A6C000913890,"PLC, Product detaljeret, Aarhus, Jul. 2023.xlsx",1.3417079889807164,T-shirt
13658 T-shirt dame lyseblå Prowear,Udgået Model,1,338,16,30155C97D461A6C0010EFA2E,"PLC, Product detaljeret, Aarhus, Jul. 2023.xlsx",1.44094674556213,T-shirt
13658 T-shirt dame lyseblå Prowear,Alm.slid uden restværdi,1,307,13,30155C97D461A6C00160378E,"PLC, Product detaljeret, Aarhus, Jul. 2023.xlsx",1.2889902280130292,T-shirt
13658 T-shirt dame lyseblå Prowear,Alm.slid uden restværdi,1,278,11,30155C97D461A4C00092E2B6,"PLC, Product detaljeret, Aarhus, Jul. 2023.xlsx",1.2044604316546763,T-shirt
26056 T-shirt k/æ dame lyseblå,Alm.slid uden restværdi,1,183,7,30155C97D461A6C00084FBE9,"PLC, Product detaljeret, Aarhus, Jul. 2023.xlsx",1.1643715846994536,T-shirt
13658 T-shirt dame lyseblå Prowear,Alm.slid uden restværdi,1,124,6,30155C97D461A4C000C03DF0,"PLC, Product detaljeret, Aarhus, Jul. 2023.xlsx",1.4729032258064516,T-shirt
13658 T-shirt dame lyseblå Prowear,Alm.slid uden restværdi,1,112,6,30155C97D461A4C0010BA899,"PLC, Product detaljeret, Aarhus, Jul. 2023.xlsx",1.6307142857142858,T-shirt
13658 T-shirt dame lyseblå Prowear,Alm.slid uden restværdi,1,111,5,30155C97D461A4C0010BA7B3,"PLC, Product detaljeret, Aarhus, Jul. 2023.xlsx",1.3711711711711712,T-shirt
13658 T-shirt dame lyseblå Prowear,Alm.slid uden restværdi,1,111,6,30155C97D461A4C0010BA82B,"PLC, Product detaljeret, Aarhus, Jul. 2023.xlsx",1.6454054054054055,T-shirt
13658 T-shirt dame lyseblå Prowear,Alm.slid uden restværdi,1,111,6,30155C97D461A4C0010BA85B,"PLC, Product detaljeret, Aarhus, Jul. 2023.xlsx",1.6454054054054055,T-shirt
13658 T-shirt dame lyseblå Prowear,Alm.slid uden restværdi,1,104,5,30155C97D461A4C0010BA2AB,"PLC, Product detaljeret, Aarhus, Jul. 2023.xlsx",1.4634615384615386,T-shirt
13658 T-shirt dame lyseblå Prowear,Alm.slid uden restværdi,1,104,5,30155C97D461A4C0010BA863,"PLC, Product detaljeret, Aarhus, Jul. 2023.xlsx",1.4634615384615386,T-shirt
13658 T-shirt dame lyseblå Prowear,Alm.slid uden restværdi,1,104,6,30155C97D461A4C0010BA971,"PLC, Product detaljeret, Aarhus, Jul. 2023.xlsx",1.7561538461538464,T-shirt
13658 T-shirt dame lyseblå Prowear,Bortkommet med restværdi,1,99,4,30155C97D461A4C000C02D1F,"PLC, Product detaljeret, Aarhus, Jul. 2023.xlsx",1.22989898989899,T-shirt
13658 T-shirt dame lyseblå Prowear,Alm.slid uden restværdi,1,86,3,30155C97D461A4C000C2A6B2,"PLC, Product detaljeret, Aarhus, Jul. 2023.xlsx",1.061860465116279,T-shirt
13658 T-shirt dame lyseblå Prowear,Alm.slid uden restværdi,1,2069,87,300ED89F335000400183C9D0,"PLC, Product detaljeret, Aarhus, Jun. 2023.xlsx",1.2799806669888836,T-shirt
13658 T-shirt dame lyseblå Prowear,Alm.slid uden restværdi,1,2057,92,300ED89F335000400183CB7A,"PLC, Product detaljeret, Aarhus, Jun. 2023.xlsx",1.361438988818668,T-shirt
13658 T-shirt dame lyseblå Prowear,Alm.slid uden restværdi,1,2056,124,300ED89F335000400183D58F,"PLC, Product detaljeret, Aarhus, Jun. 2023.xlsx",1.8358754863813231,T-shirt
01427 T-shirt unisex lyseblå pb,Alm.slid uden restværdi,1,1830,120,30155C97D461A7C00122B3E6,"PLC, Product detaljeret, Aarhus, Jun. 2023.xlsx",1.996065573770492,T-shirt
01427 T-shirt unisex lyseblå pb,Alm.slid uden restværdi,1,1686,84,30155C97D461A7C000E80049,"PLC, Product detaljeret, Aarhus, Jun. 2023.xlsx",1.5165836298932385,T-shirt
01427 T-shirt unisex lyseblå pb,Alm.slid uden restværdi,1,1686,103,30155C97D461A7C000E800BB,"PLC, Product detaljeret, Aarhus, Jun. 2023.xlsx",1.859620403321471,T-shirt
01427 T-shirt unisex lyseblå pb,Misligholdt med restværdi,1,1648,89,30155C97D461A7C000F0A3EB,"PLC, Product detaljeret, Aarhus, Jun. 2023.xlsx",1.6439077669902913,T-shirt
01427 T-shirt unisex lyseblå pb,Misligholdt med restværdi,1,1637,86,30155C97D461A7C0013FA72B,"PLC, Product detaljeret, Aarhus, Jun. 2023.xlsx",1.5991692119731216,T-shirt
26055 T-shirt 1/2 ærme da lyseblå,Alm.slid uden restværdi,1,1255,73,30155C97D461A7C0006A9C5B,"PLC, Product detaljeret, Aarhus, Jun. 2023.xlsx",1.7706135458167331,T-shirt
26055 T-shirt 1/2 ærme da lyseblå,Alm.slid uden restværdi,1,1250,72,30155C97D461A7C0006A9CD3,"PLC, Product detaljeret, Aarhus, Jun. 2023.xlsx",1.753344,T-shirt
01427 T-shirt unisex lyseblå pb,Alm.slid uden restværdi,1,1180,52,30155C97D461A7C002302350,"PLC, Product detaljeret, Aarhus, Jun. 2023.xlsx",1.3414237288135593,T-shirt
26056 T-shirt k/æ dame lyseblå,Udgået Model,1,1177,63,30155C97D461A7C001EF706E,"PLC, Product detaljeret, Aarhus, Jun. 2023.xlsx",1.6293288020390824,T-shirt
26056 T-shirt k/æ dame lyseblå,Udgået Model,1,1166,55,30155C97D461A7C0005C46A4,"PLC, Product detaljeret, Aarhus, Jun. 2023.xlsx",1.4358490566037738,T-shirt
26056 T-shirt k/æ dame lyseblå,Udgået Model,1,1133,74,30155C97D461A7C0006A9D0C,"PLC, Product detaljeret, Aarhus, Jun. 2023.xlsx",1.9881376875551635,T-shirt
26056 T-shirt k/æ dame lyseblå,Alm.slid uden restværdi,1,992,54,30155C97D461A7C0021BEFC3,"PLC, Product detaljeret, Aarhus, Jun. 2023.xlsx",1.657016129032258,T-shirt
26056 T-shirt k/æ dame lyseblå,Alm.slid uden restværdi,1,992,53,30155C97D461A7C0021BF049,"PLC, Product detaljeret, Aarhus, Jun. 2023.xlsx",1.6263306451612904,T-shirt
26056 T-shirt k/æ dame lyseblå,Udgået Model,1,960,49,30155C97D461A7C001EF7111,"PLC, Product detaljeret, Aarhus, Jun. 2023.xlsx",1.5537083333333335,T-shirt
13658 T-shirt dame lyseblå Prowear,Alm.slid uden restværdi,1,908,54,30155C97D461A6C00013ED08,"PLC, Product detaljeret, Aarhus, Jun. 2023.xlsx",1.8103083700440528,T-shirt
13658 T-shirt dame lyseblå Prowear,Alm.slid uden restværdi,1,904,33,30155C97D461A6C00013EC48,"PLC, Product detaljeret, Aarhus, Jun. 2023.xlsx",1.1111946902654868,T-shirt
13658 T-shirt dame lyseblå Prowear,Alm.slid uden restværdi,1,861,40,30155C97D461A6C0002F10AF,"PLC, Product detaljeret, Aarhus, Jun. 2023.xlsx",1.4141695702671313,T-shirt
13658 T-shirt dame lyseblå Prowear,Udgået Model,1,842,43,30155C97D461A6C00017398A,"PLC, Product detaljeret, Aarhus, Jun. 2023.xlsx",1.5545368171021376,T-shirt
26056 T-shirt k/æ dame lyseblå,Alm.slid uden restværdi,1,831,44,30155C97D461A7C002697C5D,"PLC, Product detaljeret, Aarhus, Jun. 2023.xlsx",1.6117448856799037,T-shirt
13658 T-shirt dame lyseblå Prowear,Alm.slid uden restværdi,1,808,53,30155C97D461A6C0008176A7,"PLC, Product detaljeret, Aarhus, Jun. 2023.xlsx",1.9966831683168318,T-shirt
13658 T-shirt dame lyseblå Prowear,Alm.slid uden restværdi,1,791,42,30155C97D461A6C0002F2D7D,"PLC, Product detaljeret, Aarhus, Jun. 2023.xlsx",1.616283185840708,T-shirt
13658 T-shirt dame lyseblå Prowear,Alm.slid uden restværdi,1,791,30,30155C97D461A6C0002F2E24,"PLC, Product detaljeret, Aarhus, Jun. 2023.xlsx",1.1544879898862201,T-shirt
13658 T-shirt dame lyseblå Prowear,Alm.slid uden restværdi,1,765,39,30155C97D461A6C00031414D,"PLC, Product detaljeret, Aarhus, Jun. 2023.xlsx",1.551843137254902,T-shirt
13658 T-shirt dame lyseblå Prowear,Alm.slid uden restværdi,1,758,36,30155C97D461A6C0002F2E35,"PLC, Product detaljeret, Aarhus, Jun. 2023.xlsx",1.4456992084432718,T-shirt
13658 T-shirt dame lyseblå Prowear,Udgået Model,1,739,40,30155C97D461A7C0023C2698,"PLC, Product detaljeret, Aarhus, Jun. 2023.xlsx",1.6476319350473614,T-shirt
26056 T-shirt k/æ dame lyseblå,Bortkommet med restværdi,1,677,25,30155C97D461A7C001FC563A,"PLC, Product detaljeret, Aarhus, Jun. 2023.xlsx",1.1240768094534712,T-shirt
13658 T-shirt dame lyseblå Prowear,Alm.slid uden restværdi,1,676,41,30155C97D461A6C0002F2DCF,"PLC, Product detaljeret, Aarhus, Jun. 2023.xlsx",1.8462130177514793,T-shirt
13658 T-shirt dame lyseblå Prowear,Alm.slid uden restværdi,1,625,33,30155C97D461A6C0008BE06B,"PLC, Product detaljeret, Aarhus, Jun. 2023.xlsx",1.607232,T-shirt
13658 T-shirt dame lyseblå Prowear,Udgået Model,1,611,27,30155C97D461A6C000171230,"PLC, Product detaljeret, Aarhus, Jun. 2023.xlsx",1.345139116202946,T-shirt
26056 T-shirt k/æ dame lyseblå,Bortkommet med restværdi,1,553,26,30155C97D461A6C00083A7C5,"PLC, Product detaljeret, Aarhus, Jun. 2023.xlsx",1.4311754068716094,T-shirt
26056 T-shirt k/æ dame lyseblå,Udgået Model,1,540,23,30155C97D461A6C000839EB0,"PLC, Product detaljeret, Aarhus, Jun. 2023.xlsx",1.2965185185185186,T-shirt
13658 T-shirt dame lyseblå Prowear,Alm.slid uden restværdi,1,473,16,30155C97D461A6C000D87E0D,"PLC, Product detaljeret, Aarhus, Jun. 2023.xlsx",1.0296828752642706,T-shirt
13658 T-shirt dame lyseblå Prowear,Alm.slid uden restværdi,1,398,17,30155C97D461A4C0009227F0,"PLC, Product detaljeret, Aarhus, Jun. 2023.xlsx",1.3002010050251256,T-shirt
13658 T-shirt dame lyseblå Prowear,Alm.slid uden restværdi,1,359,12,30155C97D461A6C0009E9947,"PLC, Product detaljeret, Aarhus, Jun. 2023.xlsx",1.0174930362116992,T-shirt
13658 T-shirt dame lyseblå Prowear,Alm.slid uden restværdi,1,318,14,30155C97D461A6C000D86483,"PLC, Product detaljeret, Aarhus, Jun. 2023.xlsx",1.340125786163522,T-shirt
01427 T-shirt unisex lyseblå pb,Udgået Model,1,295,12,30155C97D461A6C00030607C,"PLC, Product detaljeret, Aarhus, Jun. 2023.xlsx",1.2382372881355932,T-shirt
13658 T-shirt dame lyseblå Prowear,Alm.slid uden restværdi,1,244,13,30155C97D461A6C0008421B4,"PLC, Product detaljeret, Aarhus, Jun. 2023.xlsx",1.6218032786885246,T-shirt
13658 T-shirt dame lyseblå Prowear,Misligholdt med restværdi,1,237,10,30155C97D461A4C000BBCC3E,"PLC, Product detaljeret, Aarhus, Jun. 2023.xlsx",1.2843881856540085,T-shirt
13658 T-shirt dame lyseblå Prowear,Alm.slid uden restværdi,1,193,9,30155C97D461A6C001B9998F,"PLC, Product detaljeret, Aarhus, Jun. 2023.xlsx",1.419481865284974,T-shirt
26056 T-shirt k/æ dame lyseblå,Udgået Model,1,174,11,30155C97D461A6C0020E8119,"PLC, Product detaljeret, Aarhus, Jun. 2023.xlsx",1.9243678160919544,T-shirt
26056 T-shirt k/æ dame lyseblå,Alm.slid uden restværdi,1,169,6,30155C97D461A6C00084FC28,"PLC, Product detaljeret, Aarhus, Jun. 2023.xlsx",1.0807100591715977,T-shirt
13658 T-shirt dame lyseblå Prowear,Udgået Model,1,151,5,30155C97D461A6C001A610C5,"PLC, Product detaljeret, Aarhus, Jun. 2023.xlsx",1.0079470198675498,T-shirt
13658 T-shirt dame lyseblå Prowear,Alm.slid uden restværdi,1,121,6,30155C97D461A4C000F32490,"PLC, Product detaljeret, Aarhus, Jun. 2023.xlsx",1.5094214876033059,T-shirt
26057 T-shirt k/æ uni lyseblå,Alm.slid uden restværdi,1,119,7,30155C97D461A6C0020E7FA2,"PLC, Product detaljeret, Aarhus, Jun. 2023.xlsx",1.7905882352941176,T-shirt
26057 T-shirt k/æ uni lyseblå,Alm.slid uden restværdi,1,119,6,30155C97D461A6C0020E7FC8,"PLC, Product detaljeret, Aarhus, Jun. 2023.xlsx",1.5347899159663867,T-shirt
13658 T-shirt dame lyseblå Prowear,Alm.slid uden restværdi,1,100,5,30155C97D461A4C0010BA022,"PLC, Product detaljeret, Aarhus, Jun. 2023.xlsx",1.5220000000000002,T-shirt
26055 T-shirt 1/2 ærme da lyseblå,Alm.slid uden restværdi,1,78,5,30155C97D461A6C000EE60D0,"PLC, Product detaljeret, Aarhus, Jun. 2023.xlsx",1.9512820512820512,T-shirt
13658 T-shirt dame lyseblå Prowear,Alm.slid uden restværdi,1,2041,107,300ED89F335000400183B460,Maj,1.5958255756981872,T-shirt
13658 T-shirt dame lyseblå Prowear,Alm.slid uden restværdi,1,2030,82,300ED89F335000400183D233,Maj,1.2295960591133006,T-shirt
13658 T-shirt dame lyseblå Prowear,Alm.slid uden restværdi,1,2016,70,300ED89F335000400183D0AB,Maj,1.0569444444444445,T-shirt
13658 T-shirt dame lyseblå Prowear,BTS fejl uden restværdi,1,2009,72,300ED89F335000400183D32B,Maj,1.0909308113489298,T-shirt
13658 T-shirt dame lyseblå Prowear,Alm.slid uden restværdi,1,2007,90,300ED89F335000400183B4DF,Maj,1.3650224215246636,T-shirt
13658 T-shirt dame lyseblå Prowear,BTS fejl uden restværdi,1,1876,94,300ED89F335000400183D712,Maj,1.5252452025586354,T-shirt
13658 T-shirt dame lyseblå Prowear,BTS fejl uden restværdi,1,1871,72,300ED89F335000400183CF85,Maj,1.1713949759486906,T-shirt
01427 T-shirt unisex lyseblå pb,Alm.slid uden restværdi,1,1771,71,300ED89F33500060009D7E0F,Maj,1.220350084697911,T-shirt
01427 T-shirt unisex lyseblå pb,Alm.slid uden restværdi,1,1700,82,30155C97D461A7C00117992E,Maj,1.4682823529411764,T-shirt
01427 T-shirt unisex lyseblå pb,BTS fejl uden restværdi,1,1700,88,30155C97D461A7C001179A0B,Maj,1.5757176470588237,T-shirt
01427 T-shirt unisex lyseblå pb,Alm.slid uden restværdi,1,1693,103,30155C97D461A7C001179A10,Maj,1.8519314825753102,T-shirt
01427 T-shirt unisex lyseblå pb,Alm.slid uden restværdi,1,1628,97,30155C97D461A7C00140ABA2,Maj,1.8136855036855037,T-shirt
01427 T-shirt unisex lyseblå pb,Alm.slid uden restværdi,1,1571,79,30155C97D461A7C0011798D4,Maj,1.5307192870782942,T-shirt
26055 T-shirt 1/2 ærme da lyseblå,Alm.slid uden restværdi,1,1258,80,30155C97D461A7C0021BF026,Maj,1.93577106518283,T-shirt
26055 T-shirt 1/2 ærme da lyseblå,Alm.slid uden restværdi,1,1253,79,30155C97D461A7C0021BEF63,Maj,1.9192019154030329,T-shirt
26055 T-shirt 1/2 ærme da lyseblå,Alm.slid uden restværdi,1,1252,74,30155C97D461A7C0021BF0D6,Maj,1.7991693290734825,T-shirt
26056 T-shirt k/æ dame lyseblå,BTS fejl uden restværdi,1,1177,45,30155C97D461A7C001EF7115,Maj,1.1638062871707733,T-shirt
26056 T-shirt k/æ dame lyseblå,BTS fejl uden restværdi,1,1143,60,30155C97D461A7C0005C45EC,Maj,1.5979002624671916,T-shirt
13658 T-shirt dame lyseblå Prowear,Alm.slid uden restværdi,1,1061,46,30155C97D461A7C002951100,Maj,1.319736098020735,T-shirt
13658 T-shirt dame lyseblå Prowear,Alm.slid uden restværdi,1,1051,61,30155C97D461A7C00268C7E2,Maj,1.7667364414843008,T-shirt
13658 T-shirt dame lyseblå Prowear,Alm.slid uden restværdi,1,1051,42,30155C97D461A7C00268C90B,Maj,1.2164414843006661,T-shirt
26056 T-shirt k/æ dame lyseblå,Alm.slid uden restværdi,1,1023,63,30155C97D461A7C001EF7195,Maj,1.8746041055718476,T-shirt
13658 T-shirt dame lyseblå Prowear,Alm.slid uden restværdi,1,1017,57,30155C97D461A7C00294DC38,Maj,1.7060766961651919,T-shirt
26056 T-shirt k/æ dame lyseblå,Alm.slid uden restværdi,1,942,52,30155C97D461A7C00214BE8A,Maj,1.680339702760085,T-shirt
26056 T-shirt k/æ dame lyseblå,Alm.slid uden restværdi,1,942,56,30155C97D461A7C00214BEB5,Maj,1.8095966029723993,T-shirt
26055 T-shirt 1/2 ærme da lyseblå,Alm.slid uden restværdi,1,916,56,30155C97D461A7C0021BEF7A,Maj,1.8609606986899563,T-shirt
26055 T-shirt 1/2 ærme da lyseblå,Alm.slid uden restværdi,1,907,59,30155C97D461A7C0021BEF64,Maj,1.9801102535832418,T-shirt
13658 T-shirt dame lyseblå Prowear,Alm.slid uden restværdi,1,827,52,30155C97D461A6C00030DB4A,Maj,1.9140024183796855,T-shirt
13658 T-shirt dame lyseblå Prowear,Alm.slid uden restværdi,1,812,27,30155C97D461A6C0003A316B,Maj,1.012167487684729,T-shirt
26056 T-shirt k/æ dame lyseblå,Alm.slid uden restværdi,1,780,49,30155C97D461A7C00214BEFF,Maj,1.9122564102564104,T-shirt
26056 T-shirt k/æ dame lyseblå,Alm.slid uden restværdi,1,763,45,30155C97D461A7C00214CC63,Maj,1.7952817824377458,T-shirt
26056 T-shirt k/æ dame lyseblå,Alm.slid uden restværdi,1,723,43,30155C97D461A7C00219E37D,Maj,1.8104011065006915,T-shirt
13658 T-shirt dame lyseblå Prowear,BTS fejl uden restværdi,1,720,25,30155C97D461A6C000842175,Maj,1.0569444444444445,T-shirt
13658 T-shirt dame lyseblå Prowear,BTS fejl uden restværdi,1,720,30,30155C97D461A6C000842190,Maj,1.2683333333333333,T-shirt
01427 T-shirt unisex lyseblå pb,Bortkommet med restværdi,1,717,27,30155C97D461A6C00030EA1A,Maj,1.1462761506276151,T-shirt
13658 T-shirt dame lyseblå Prowear,Alm.slid uden restværdi,1,705,27,30155C97D461A6C0002FE5EB,Maj,1.1657872340425532,T-shirt
13658 T-shirt dame lyseblå Prowear,Alm.slid uden restværdi,1,703,33,30155C97D461A6C000143077,Maj,1.4289046941678523,T-shirt
13658 T-shirt dame lyseblå Prowear,Alm.slid uden restværdi,1,702,29,30155C97D461A6C0001430BA,Maj,1.2574928774928775,T-shirt
13658 T-shirt dame lyseblå Prowear,Alm.slid uden restværdi,1,702,38,30155C97D461A6C0001430BE,Maj,1.6477492877492879,T-shirt
26056 T-shirt k/æ dame lyseblå,Alm.slid uden restværdi,1,702,39,30155C97D461A7C0005C4726,Maj,1.691111111111111,T-shirt
26056 T-shirt k/æ dame lyseblå,Alm.slid uden restværdi,1,660,35,30155C97D461A7C0005C46C1,Maj,1.6142424242424243,T-shirt
26056 T-shirt k/æ dame lyseblå,Alm.slid uden restværdi,1,660,41,30155C97D461A7C0005C46C7,Maj,1.890969696969697,T-shirt
13658 T-shirt dame lyseblå Prowear,Alm.slid uden restværdi,1,586,24,30155C97D461A6C0008CBADE,Maj,1.2466894197952219,T-shirt
13658 T-shirt dame lyseblå Prowear,Bortkommet med restværdi,1,539,20,30155C97D461A6C0008BF7FE,Maj,1.1294990723562153,T-shirt
13658 T-shirt dame lyseblå Prowear,Alm.slid uden restværdi,1,530,22,30155C97D461A6C0008D7B9E,Maj,1.2635471698113208,T-shirt
01427 T-shirt unisex lyseblå pb,Alm.slid uden restværdi,1,515,17,30155C97D461A6C001059E1B,Maj,1.0048155339805827,T-shirt
13658 T-shirt dame lyseblå Prowear,Alm.slid uden restværdi,1,482,18,30155C97D461A6C0008BE02E,Maj,1.1367634854771784,T-shirt
13658 T-shirt dame lyseblå Prowear,Alm.slid uden restværdi,1,481,20,30155C97D461A6C0008BE104,Maj,1.2656964656964658,T-shirt
13658 T-shirt dame lyseblå Prowear,Alm.slid uden restværdi,1,468,16,30155C97D461A6C000E2E183,Maj,1.040683760683761,T-shirt
13658 T-shirt dame lyseblå Prowear,Alm.slid uden restværdi,1,464,21,30155C97D461A6C0000F7424,Maj,1.3776724137931036,T-shirt
13658 T-shirt dame lyseblå Prowear,Alm.slid uden restværdi,1,464,29,30155C97D461A6C0000F752E,Maj,1.9025,T-shirt
13658 T-shirt dame lyseblå Prowear,Alm.slid uden restværdi,1,464,22,30155C97D461A6C0000F755D,Maj,1.4432758620689654,T-shirt
26056 T-shirt k/æ dame lyseblå,Alm.slid uden restværdi,1,439,28,30155C97D461A7C0006A9D91,Maj,1.9415034168564922,T-shirt
13658 T-shirt dame lyseblå Prowear,Alm.slid uden restværdi,1,418,14,30155C97D461A6C0002F441D,Maj,1.0195215311004786,T-shirt
13658 T-shirt dame lyseblå Prowear,Alm.slid uden restværdi,1,395,23,30155C97D461A6C0009E8AC7,Maj,1.7724556962025317,T-shirt
13658 T-shirt dame lyseblå Prowear,Alm.slid uden restværdi,1,392,16,30155C97D461A6C0009E9801,Maj,1.2424489795918368,T-shirt
13658 T-shirt dame lyseblå Prowear,Alm.slid uden restværdi,1,365,19,30155C97D461A4C00064BF93,Maj,1.5845479452054796,T-shirt
13658 T-shirt dame lyseblå Prowear,Alm.slid uden restværdi,1,364,15,30155C97D461A6C0001B855D,Maj,1.2543956043956044,T-shirt
13658 T-shirt dame lyseblå Prowear,Alm.slid uden restværdi,1,292,15,30155C97D461A6C00080C452,Maj,1.5636986301369862,T-shirt
13658 T-shirt dame lyseblå Prowear,Alm.slid uden restværdi,1,281,13,30155C97D461A4C00064E24E,Maj,1.408256227758007,T-shirt
13658 T-shirt dame lyseblå Prowear,Alm.slid uden restværdi,1,281,18,30155C97D461A4C00064E2B6,Maj,1.9498932384341638,T-shirt
13658 T-shirt dame lyseblå Prowear,Alm.slid uden restværdi,1,217,10,30155C97D461A6C001861344,Maj,1.4027649769585255,T-shirt
13658 T-shirt dame lyseblå Prowear,Alm.slid uden restværdi,1,204,9,30155C97D461A6C0005CD1ED,Maj,1.3429411764705883,T-shirt
01427 T-shirt unisex lyseblå pb,Misligholdt med restværdi,1,150,7,30155C97D461A6C0018F5523,Maj,1.4205333333333334,T-shirt
01427 T-shirt unisex lyseblå pb,Misligholdt med restværdi,1,150,7,30155C97D461A6C0018F558B,Maj,1.4205333333333334,T-shirt
01427 T-shirt unisex lyseblå pb,Misligholdt med restværdi,1,150,5,30155C97D461A6C0018F5590,Maj,1.0146666666666666,T-shirt
01427 T-shirt unisex lyseblå pb,Misligholdt med restværdi,1,150,5,30155C97D461A6C0018F5601,Maj,1.0146666666666666,T-shirt
01427 T-shirt unisex lyseblå pb,Misligholdt med restværdi,1,150,7,30155C97D461A6C0018F56BB,Maj,1.4205333333333334,T-shirt
13658 T-shirt dame lyseblå Prowear,Alm.slid uden restværdi,1,105,4,30155C97D461A6C0018F1E6D,Maj,1.1596190476190478,T-shirt
13658 T-shirt dame lyseblå Prowear,Alm.slid uden restværdi,1,90,5,30155C97D461A4C000D6F47C,Maj,1.691111111111111,T-shirt
13658 T-shirt dame lyseblå Prowear,Alm.slid uden restværdi,1,75,3,30155C97D461A4C000F48A65,Maj,1.2176,T-shirt
13658 T-shirt dame lyseblå Prowear,Alm.slid uden restværdi,1,72,4,30155C97D461A4C000D72551,Maj,1.691111111111111,T-shirt
13658 T-shirt dame lyseblå Prowear,Alm.slid uden restværdi,1,1979,97,300ED89F335000400183DA99,"PLC, Product detaljeret, Aarhus, Mar. 2023.xlsx",1.4920060636685195,T-shirt
13658 T-shirt dame lyseblå Prowear,Alm.slid uden restværdi,1,1979,106,300ED89F3350007FE266C011,"PLC, Product detaljeret, Aarhus, Mar. 2023.xlsx",1.6304396159676606,T-shirt
13658 T-shirt dame lyseblå Prowear,Alm.slid uden restværdi,1,1974,67,300ED89F335000400183D0AF,"PLC, Product detaljeret, Aarhus, Mar. 2023.xlsx",1.0331712259371835,T-shirt
13658 T-shirt dame lyseblå Prowear,Alm.slid uden restværdi,1,1973,106,300ED89F335000400183C8F7,"PLC, Product detaljeret, Aarhus, Mar. 2023.xlsx",1.6353978712620376,T-shirt
13658 T-shirt dame lyseblå Prowear,Alm.slid uden restværdi,1,1967,113,300ED89F335000400183CE6B,"PLC, Product detaljeret, Aarhus, Mar. 2023.xlsx",1.7487137773258772,T-shirt
13658 T-shirt dame lyseblå Prowear,Alm.slid uden restværdi,1,1965,65,300ED89F335000400183DC05,"PLC, Product detaljeret, Aarhus, Mar. 2023.xlsx",1.0069211195928753,T-shirt
13658 T-shirt dame lyseblå Prowear,Alm.slid uden restværdi,1,1964,65,300ED89F335000400183DA40,"PLC, Product detaljeret, Aarhus, Mar. 2023.xlsx",1.0074338085539716,T-shirt
13658 T-shirt dame lyseblå Prowear,Alm.slid uden restværdi,1,1961,116,300ED89F335000400183D4CD,"PLC, Product detaljeret, Aarhus, Mar. 2023.xlsx",1.8006323304436513,T-shirt
13658 T-shirt dame lyseblå Prowear,Alm.slid uden restværdi,1,1960,80,300ED89F335000400183ADDE,"PLC, Product detaljeret, Aarhus, Mar. 2023.xlsx",1.2424489795918368,T-shirt
13658 T-shirt dame lyseblå Prowear,Alm.slid uden restværdi,1,1959,81,300ED89F335000400183D646,"PLC, Product detaljeret, Aarhus, Mar. 2023.xlsx",1.2586217457886677,T-shirt
13658 T-shirt dame lyseblå Prowear,Alm.slid uden restværdi,1,1959,66,300ED89F335000400183D9B3,"PLC, Product detaljeret, Aarhus, Mar. 2023.xlsx",1.0255436447166923,T-shirt
13658 T-shirt dame lyseblå Prowear,Alm.slid uden restværdi,1,1958,93,300ED89F335000400183D331,"PLC, Product detaljeret, Aarhus, Mar. 2023.xlsx",1.4458222676200203,T-shirt
13658 T-shirt dame lyseblå Prowear,Alm.slid uden restværdi,1,1957,70,300ED89F335000400183D7FC,"PLC, Product detaljeret, Aarhus, Mar. 2023.xlsx",1.088809402146142,T-shirt
13658 T-shirt dame lyseblå Prowear,Alm.slid uden restværdi,1,1953,104,300ED89F335000400183CCA2,"PLC, Product detaljeret, Aarhus, Mar. 2023.xlsx",1.620972862263185,T-shirt
13658 T-shirt dame lyseblå Prowear,Alm.slid uden restværdi,1,1953,125,300ED89F335000400183D30F,"PLC, Product detaljeret, Aarhus, Mar. 2023.xlsx",1.948284690220174,T-shirt
13658 T-shirt dame lyseblå Prowear,Alm.slid uden restværdi,1,1952,94,300ED89F335000400183DB70,"PLC, Product detaljeret, Aarhus, Mar. 2023.xlsx",1.465860655737705,T-shirt
13658 T-shirt dame lyseblå Prowear,Alm.slid uden restværdi,1,1932,80,300ED89F3350007FE2685A20,"PLC, Product detaljeret, Aarhus, Mar. 2023.xlsx",1.260455486542443,T-shirt
13658 T-shirt dame lyseblå Prowear,Ødelagt af lommefyld uden restværdi,1,1919,98,300ED89F3350007FE266CD86,"PLC, Product detaljeret, Aarhus, Mar. 2023.xlsx",1.554517978113601,T-shirt
13658 T-shirt dame lyseblå Prowear,Alm.slid uden restværdi,1,1918,83,300ED89F3350007FE266CEC1,"PLC, Product detaljeret, Aarhus, Mar. 2023.xlsx",1.3172679874869657,T-shirt
13658 T-shirt dame lyseblå Prowear,Alm.slid uden restværdi,1,1829,68,300ED89F33500060009D98F2,"PLC, Product detaljeret, Aarhus, Mar. 2023.xlsx",1.1317222525970476,T-shirt
13658 T-shirt dame lyseblå Prowear,Alm.slid uden restværdi,1,1829,81,300ED89F33500060009D9978,"PLC, Product detaljeret, Aarhus, Mar. 2023.xlsx",1.3480809185347185,T-shirt
01427 T-shirt unisex lyseblå pb,Alm.slid uden restværdi,1,1725,65,300ED89F33500060009D8365,"PLC, Product detaljeret, Aarhus, Mar. 2023.xlsx",1.1470144927536232,T-shirt
13658 T-shirt dame lyseblå Prowear,Alm.slid uden restværdi,1,1655,60,300ED89F33500060009D78D3,"PLC, Product detaljeret, Aarhus, Mar. 2023.xlsx",1.1035649546827797,T-shirt
01427 T-shirt unisex lyseblå pb,Udgået Model,1,1651,70,300ED89F3350007FE2680787,"PLC, Product detaljeret, Aarhus, Mar. 2023.xlsx",1.2906117504542702,T-shirt
01427 T-shirt unisex lyseblå pb,Udgået Model,1,1587,71,30155C97D461A7C0011748D2,"PLC, Product detaljeret, Aarhus, Mar. 2023.xlsx",1.3618399495904223,T-shirt
01427 T-shirt unisex lyseblå pb,Udgået Model,1,1587,74,30155C97D461A7C0011749AA,"PLC, Product detaljeret, Aarhus, Mar. 2023.xlsx",1.4193824826717079,T-shirt
26056 T-shirt k/æ dame lyseblå,Alm.slid uden restværdi,1,1204,78,30155C97D461A7C0008A648E,"PLC, Product detaljeret, Aarhus, Mar. 2023.xlsx",1.9720265780730897,T-shirt
26056 T-shirt k/æ dame lyseblå,Alm.slid uden restværdi,1,1198,74,30155C97D461A7C001FC55FE,"PLC, Product detaljeret, Aarhus, Mar. 2023.xlsx",1.8802671118530887,T-shirt
26056 T-shirt k/æ dame lyseblå,Alm.slid uden restværdi,1,1186,75,30155C97D461A7C0021BF02D,"PLC, Product detaljeret, Aarhus, Mar. 2023.xlsx",1.9249578414839799,T-shirt
26056 T-shirt k/æ dame lyseblå,Bortkommet med restværdi,1,1185,58,30155C97D461A7C0006A9DA7,"PLC, Product detaljeret, Aarhus, Mar. 2023.xlsx",1.48989029535865,T-shirt
26056 T-shirt k/æ dame lyseblå,Bortkommet med restværdi,1,1185,77,30155C97D461A7C0006A9DE0,"PLC, Product detaljeret, Aarhus, Mar. 2023.xlsx",1.977957805907173,T-shirt
26056 T-shirt k/æ dame lyseblå,Bortkommet med restværdi,1,1185,50,30155C97D461A7C0006A9DE3,"PLC, Product detaljeret, Aarhus, Mar. 2023.xlsx",1.2843881856540085,T-shirt
26056 T-shirt k/æ dame lyseblå,Alm.slid uden restværdi,1,1181,41,30155C97D461A7C0005C4614,"PLC, Product detaljeret, Aarhus, Mar. 2023.xlsx",1.0567654530059272,T-shirt
26056 T-shirt k/æ dame lyseblå,Alm.slid uden restværdi,1,1181,40,30155C97D461A7C0005C462F,"PLC, Product detaljeret, Aarhus, Mar. 2023.xlsx",1.030990685859441,T-shirt
26056 T-shirt k/æ dame lyseblå,Bortkommet med restværdi,1,1076,59,30155C97D461A7C001FC56CF,"PLC, Product detaljeret, Aarhus, Mar. 2023.xlsx",1.66910780669145,T-shirt
13658 T-shirt dame lyseblå Prowear,Alm.slid uden restværdi,1,967,54,300ED89F335000400183D44D,"PLC, Product detaljeret, Aarhus, Mar. 2023.xlsx",1.699855222337125,T-shirt
01427 T-shirt unisex lyseblå pb,Udgået Model,1,937,43,30155C97D461A7C002692701,"PLC, Product detaljeret, Aarhus, Mar. 2023.xlsx",1.3969263607257203,T-shirt
01427 T-shirt unisex lyseblå pb,Udgået Model,1,937,40,30155C97D461A7C00269274A,"PLC, Product detaljeret, Aarhus, Mar. 2023.xlsx",1.2994663820704377,T-shirt
01427 T-shirt unisex lyseblå pb,Udgået Model,1,937,52,30155C97D461A7C00269274F,"PLC, Product detaljeret, Aarhus, Mar. 2023.xlsx",1.6893062966915688,T-shirt
26056 T-shirt k/æ dame lyseblå,Alm.slid uden restværdi,1,892,30,30155C97D461A7C001EF713D,"PLC, Product detaljeret, Aarhus, Mar. 2023.xlsx",1.0237668161434978,T-shirt
26056 T-shirt k/æ dame lyseblå,Alm.slid uden restværdi,1,890,35,30155C97D461A7C00214D566,"PLC, Product detaljeret, Aarhus, Mar. 2023.xlsx",1.1970786516853933,T-shirt
01427 T-shirt unisex lyseblå pb,Alm.slid uden restværdi,1,888,53,30155C97D461A7C002302414,"PLC, Product detaljeret, Aarhus, Mar. 2023.xlsx",1.816801801801802,T-shirt
26056 T-shirt k/æ dame lyseblå,Alm.slid uden restværdi,1,885,42,30155C97D461A7C00214D5AE,"PLC, Product detaljeret, Aarhus, Mar. 2023.xlsx",1.4446101694915254,T-shirt
13658 T-shirt dame lyseblå Prowear,Alm.slid uden restværdi,1,863,43,30155C97D461A6C00035AF1C,"PLC, Product detaljeret, Aarhus, Mar. 2023.xlsx",1.5167091541135573,T-shirt
13658 T-shirt dame lyseblå Prowear,Alm.slid uden restværdi,1,862,34,30155C97D461A6C00035AF37,"PLC, Product detaljeret, Aarhus, Mar. 2023.xlsx",1.2006496519721577,T-shirt
13658 T-shirt dame lyseblå Prowear,Alm.slid uden restværdi,1,858,42,30155C97D461A6C00035B021,"PLC, Product detaljeret, Aarhus, Mar. 2023.xlsx",1.49006993006993,T-shirt
13658 T-shirt dame lyseblå Prowear,Alm.slid uden restværdi,1,844,47,30155C97D461A6C0000E79E4,"PLC, Product detaljeret, Aarhus, Mar. 2023.xlsx",1.6951184834123223,T-shirt
13658 T-shirt dame lyseblå Prowear,Alm.slid uden restværdi,1,844,47,30155C97D461A6C0000E79FA,"PLC, Product detaljeret, Aarhus, Mar. 2023.xlsx",1.6951184834123223,T-shirt
26056 T-shirt k/æ dame lyseblå,Bortkommet med restværdi,1,833,47,30155C97D461A7C002A4125A,"PLC, Product detaljeret, Aarhus, Mar. 2023.xlsx",1.7175030012004802,T-shirt
26057 T-shirt k/æ uni lyseblå,Bortkommet med restværdi,1,775,31,30155C97D461A7C002696F44,"PLC, Product detaljeret, Aarhus, Mar. 2023.xlsx",1.2176,T-shirt
13658 T-shirt dame lyseblå Prowear,Alm.slid uden restværdi,1,700,23,30155C97D461A6C000818147,"PLC, Product detaljeret, Aarhus, Mar. 2023.xlsx",1.0001714285714285,T-shirt
13658 T-shirt dame lyseblå Prowear,Alm.slid uden restværdi,1,682,33,30155C97D461A6C00039E4A3,"PLC, Product detaljeret, Aarhus, Mar. 2023.xlsx",1.4729032258064516,T-shirt
13658 T-shirt dame lyseblå Prowear,Alm.slid uden restværdi,1,682,36,30155C97D461A6C00039E4AC,"PLC, Product detaljeret, Aarhus, Mar. 2023.xlsx",1.6068035190615837,T-shirt
13658 T-shirt dame lyseblå Prowear,Alm.slid uden restværdi,1,682,27,30155C97D461A6C00039E557,"PLC, Product detaljeret, Aarhus, Mar. 2023.xlsx",1.2051026392961877,T-shirt
01427 T-shirt unisex lyseblå pb,Alm.slid uden restværdi,1,666,31,30155C97D461A6C0002F4D1B,"PLC, Product detaljeret, Aarhus, Mar. 2023.xlsx",1.416876876876877,T-shirt
13658 T-shirt dame lyseblå Prowear,Alm.slid uden restværdi,1,656,22,30155C97D461A6C00021002E,"PLC, Product detaljeret, Aarhus, Mar. 2023.xlsx",1.0208536585365855,T-shirt
26057 T-shirt k/æ uni lyseblå,Bortkommet med restværdi,1,628,25,30155C97D461A6C00083A588,"PLC, Product detaljeret, Aarhus, Mar. 2023.xlsx",1.2117834394904459,T-shirt
13658 T-shirt dame lyseblå Prowear,Bortkommet med restværdi,1,594,22,30155C97D461A6C000B09960,"PLC, Product detaljeret, Aarhus, Mar. 2023.xlsx",1.1274074074074074,T-shirt
01427 T-shirt unisex lyseblå pb,Alm.slid uden restværdi,1,570,27,30155C97D461A6C000BA3B51,"PLC, Product detaljeret, Aarhus, Mar. 2023.xlsx",1.4418947368421053,T-shirt
01427 T-shirt unisex lyseblå pb,Alm.slid uden restværdi,1,570,21,30155C97D461A6C000BA3B60,"PLC, Product detaljeret, Aarhus, Mar. 2023.xlsx",1.1214736842105262,T-shirt
01427 T-shirt unisex lyseblå pb,Alm.slid uden restværdi,1,567,28,30155C97D461A6C000BA3C16,"PLC, Product detaljeret, Aarhus, Mar. 2023.xlsx",1.5032098765432098,T-shirt
01427 T-shirt unisex lyseblå pb,Alm.slid uden restværdi,1,564,33,30155C97D461A6C000BA3BD9,"PLC, Product detaljeret, Aarhus, Mar. 2023.xlsx",1.781063829787234,T-shirt
13658 T-shirt dame lyseblå Prowear,Alm.slid uden restværdi,1,533,22,30155C97D461A6C0008BDFB1,"PLC, Product detaljeret, Aarhus, Mar. 2023.xlsx",1.2564352720450283,T-shirt
13658 T-shirt dame lyseblå Prowear,Alm.slid uden restværdi,1,533,26,30155C97D461A6C0008BDFDD,"PLC, Product detaljeret, Aarhus, Mar. 2023.xlsx",1.484878048780488,T-shirt
13658 T-shirt dame lyseblå Prowear,Alm.slid uden restværdi,1,533,28,30155C97D461A6C0008BE078,"PLC, Product detaljeret, Aarhus, Mar. 2023.xlsx",1.599099437148218,T-shirt
26055 T-shirt 1/2 ærme da lyseblå,Alm.slid uden restværdi,1,525,29,30155C97D461A7C00214BFA2,"PLC, Product detaljeret, Aarhus, Mar. 2023.xlsx",1.681447619047619,T-shirt
26056 T-shirt k/æ dame lyseblå,Alm.slid uden restværdi,1,491,32,30155C97D461A7C002697631,"PLC, Product detaljeret, Aarhus, Mar. 2023.xlsx",1.9838696537678207,T-shirt
26056 T-shirt k/æ dame lyseblå,Alm.slid uden restværdi,1,392,24,30155C97D461A6C0004A20F0,"PLC, Product detaljeret, Aarhus, Mar. 2023.xlsx",1.8636734693877552,T-shirt
13658 T-shirt dame lyseblå Prowear,Bortkommet med restværdi,1,391,14,30155C97D461A6C0009E8AE0,"PLC, Product detaljeret, Aarhus, Mar. 2023.xlsx",1.089923273657289,T-shirt
13658 T-shirt dame lyseblå Prowear,Alm.slid uden restværdi,1,375,17,30155C97D461A6C000D8894B,"PLC, Product detaljeret, Aarhus, Mar. 2023.xlsx",1.3799466666666669,T-shirt
13658 T-shirt dame lyseblå Prowear,Alm.slid uden restværdi,1,330,12,30155C97D461A6C000BA19B0,"PLC, Product detaljeret, Aarhus, Mar. 2023.xlsx",1.1069090909090908,T-shirt
26056 T-shirt k/æ dame lyseblå,Alm.slid uden restværdi,1,314,16,30155C97D461A6C001106861,"PLC, Product detaljeret, Aarhus, Mar. 2023.xlsx",1.5510828025477708,T-shirt
13658 T-shirt dame lyseblå Prowear,Alm.slid uden restværdi,1,310,12,30155C97D461A4C00092B478,"PLC, Product detaljeret, Aarhus, Mar. 2023.xlsx",1.1783225806451614,T-shirt
13658 T-shirt dame lyseblå Prowear,Alm.slid uden restværdi,1,292,12,30155C97D461A4C00092B5D5,"PLC, Product detaljeret, Aarhus, Mar. 2023.xlsx",1.250958904109589,T-shirt
01427 T-shirt unisex lyseblå pb,Alm.slid uden restværdi,1,273,10,30155C97D461A6C000E32164,"PLC, Product detaljeret, Aarhus, Mar. 2023.xlsx",1.115018315018315,T-shirt
13658 T-shirt dame lyseblå Prowear,Alm.slid uden restværdi,1,256,9,30155C97D461A4C000923128,"PLC, Product detaljeret, Aarhus, Mar. 2023.xlsx",1.0701562500000001,T-shirt
13658 T-shirt dame lyseblå Prowear,Alm.slid uden restværdi,1,237,9,30155C97D461A6C0012FEF3E,"PLC, Product detaljeret, Aarhus, Mar. 2023.xlsx",1.1559493670886076,T-shirt
26057 T-shirt k/æ uni lyseblå,Bortkommet med restværdi,1,236,13,30155C97D461A6C000B3366D,"PLC, Product detaljeret, Aarhus, Mar. 2023.xlsx",1.6767796610169492,T-shirt
26057 T-shirt k/æ uni lyseblå,Bortkommet med restværdi,1,236,15,30155C97D461A6C000B33749,"PLC, Product detaljeret, Aarhus, Mar. 2023.xlsx",1.9347457627118645,T-shirt
26057 T-shirt k/æ uni lyseblå,Bortkommet med restværdi,1,231,8,30155C97D461A6C000B33743,"PLC, Product detaljeret, Aarhus, Mar. 2023.xlsx",1.0541991341991341,T-shirt
26056 T-shirt k/æ dame lyseblå,Alm.slid uden restværdi,1,228,14,30155C97D461A6C00084FC21,"PLC, Product detaljeret, Aarhus, Mar. 2023.xlsx",1.8691228070175439,T-shirt
01427 T-shirt unisex lyseblå pb,Alm.slid uden restværdi,1,185,12,30155C97D461A6C0013607F9,"PLC, Product detaljeret, Aarhus, Mar. 2023.xlsx",1.9744864864864866,T-shirt
13658 T-shirt dame lyseblå Prowear,Alm.slid uden restværdi,1,185,12,300ED89F335000400183AE08,"PLC, Product detaljeret, Aarhus, Mar. 2023.xlsx",1.9744864864864866,T-shirt
13658 T-shirt dame lyseblå Prowear,Alm.slid uden restværdi,1,173,11,30155C97D461A6C00135EDD2,"PLC, Product detaljeret, Aarhus, Mar. 2023.xlsx",1.9354913294797687,T-shirt
26057 T-shirt k/æ uni lyseblå,Bortkommet med restværdi,1,121,5,30155C97D461A6C000EE5FD6,"PLC, Product detaljeret, Aarhus, Mar. 2023.xlsx",1.2578512396694215,T-shirt
26056 T-shirt k/æ dame lyseblå,Alm.slid uden restværdi,1,119,5,30155C97D461A6C001BCD718,"PLC, Product detaljeret, Aarhus, Mar. 2023.xlsx",1.2789915966386556,T-shirt
01427 T-shirt unisex lyseblå pb,BTS fejl uden restværdi,1,92,4,30155C97D461A6C0018F4DEC,"PLC, Product detaljeret, Aarhus, Mar. 2023.xlsx",1.3234782608695652,T-shirt
13658 T-shirt dame lyseblå Prowear,Alm.slid uden restværdi,1,2213,131,300ED89F335000400183CB16,"PLC, Product detaljeret, Aarhus, Nov. 2023.xlsx",1.8019159511974696,T-shirt
13658 T-shirt dame lyseblå Prowear,Alm.slid uden restværdi,1,2200,137,300ED89F335000400183D1FF,"PLC, Product detaljeret, Aarhus, Nov. 2023.xlsx",1.8955818181818183,T-shirt
13658 T-shirt dame lyseblå Prowear,Alm.slid uden restværdi,1,2198,97,300ED89F335000400183D4B0,"PLC, Product detaljeret, Aarhus, Nov. 2023.xlsx",1.343348498635123,T-shirt
13658 T-shirt dame lyseblå Prowear,Bortkommet med restværdi,1,2198,87,300ED89F335000400183AF07,"PLC, Product detaljeret, Aarhus, Nov. 2023.xlsx",1.2048589626933577,T-shirt
13658 T-shirt dame lyseblå Prowear,Bortkommet med restværdi,1,2198,93,300ED89F335000400183CD17,"PLC, Product detaljeret, Aarhus, Nov. 2023.xlsx",1.2879526842584168,T-shirt
13658 T-shirt dame lyseblå Prowear,Bortkommet med restværdi,1,2198,90,300ED89F335000400183D561,"PLC, Product detaljeret, Aarhus, Nov. 2023.xlsx",1.2464058234758872,T-shirt
13658 T-shirt dame lyseblå Prowear,Bortkommet med restværdi,1,2198,86,300ED89F335000400183D5C5,"PLC, Product detaljeret, Aarhus, Nov. 2023.xlsx",1.191010009099181,T-shirt
13658 T-shirt dame lyseblå Prowear,Bortkommet med restværdi,1,2198,113,300ED89F335000400183DA8C,"PLC, Product detaljeret, Aarhus, Nov. 2023.xlsx",1.5649317561419473,T-shirt
13658 T-shirt dame lyseblå Prowear,Bortkommet med restværdi,1,2198,98,300ED89F3350007FE266C042,"PLC, Product detaljeret, Aarhus, Nov. 2023.xlsx",1.3571974522292993,T-shirt
13658 T-shirt dame lyseblå Prowear,Bortkommet med restværdi,1,2197,129,300ED89F335000400183CE72,"PLC, Product detaljeret, Aarhus, Nov. 2023.xlsx",1.7873281747837961,T-shirt
13658 T-shirt dame lyseblå Prowear,Bortkommet med restværdi,1,2193,92,300ED89F335000400183CE8D,"PLC, Product detaljeret, Aarhus, Nov. 2023.xlsx",1.2770086639306886,T-shirt
13658 T-shirt dame lyseblå Prowear,Bortkommet med restværdi,1,2074,93,300ED89F33500060009D993E,"PLC, Product detaljeret, Aarhus, Nov. 2023.xlsx",1.3649566055930569,T-shirt
01427 T-shirt unisex lyseblå pb,Alm.slid uden restværdi,1,2034,77,30155C97D461A7C00122F39D,"PLC, Product detaljeret, Aarhus, Nov. 2023.xlsx",1.1523500491642085,T-shirt
13658 T-shirt dame lyseblå Prowear,Bortkommet med restværdi,1,1900,64,300ED89F33500060009DA964,"PLC, Product detaljeret, Aarhus, Nov. 2023.xlsx",1.0253473684210526,T-shirt
01427 T-shirt unisex lyseblå pb,Alm.slid uden restværdi,1,1824,94,30155C97D461A7C001536381,"PLC, Product detaljeret, Aarhus, Nov. 2023.xlsx",1.5687280701754387,T-shirt
01427 T-shirt unisex lyseblå pb,Alm.slid uden restværdi,1,1803,88,30155C97D461A7C000F0A38C,"PLC, Product detaljeret, Aarhus, Nov. 2023.xlsx",1.4857016084303938,T-shirt
26055 T-shirt 1/2 ærme da lyseblå,Ødelagt af lommefyld med restværdi,1,1455,87,30155C97D461A7C0006A9D04,"PLC, Product detaljeret, Aarhus, Nov. 2023.xlsx",1.8201237113402065,T-shirt
26056 T-shirt k/æ dame lyseblå,Alm.slid uden restværdi,1,1454,93,30155C97D461A7C0008A650F,"PLC, Product detaljeret, Aarhus, Nov. 2023.xlsx",1.9469876203576342,T-shirt
26055 T-shirt 1/2 ærme da lyseblå,Alm.slid uden restværdi,1,1445,79,30155C97D461A7C0006A9C67,"PLC, Product detaljeret, Aarhus, Nov. 2023.xlsx",1.6641937716262976,T-shirt
26055 T-shirt 1/2 ærme da lyseblå,Alm.slid uden restværdi,1,1445,87,30155C97D461A7C0006A9DD8,"PLC, Product detaljeret, Aarhus, Nov. 2023.xlsx",1.8327197231833912,T-shirt
26055 T-shirt 1/2 ærme da lyseblå,Alm.slid uden restværdi,1,1438,80,30155C97D461A7C0006A9C85,"PLC, Product detaljeret, Aarhus, Nov. 2023.xlsx",1.6934631432545204,T-shirt
26055 T-shirt 1/2 ærme da lyseblå,Alm.slid uden restværdi,1,1438,84,30155C97D461A7C0006A9C9A,"PLC, Product detaljeret, Aarhus, Nov. 2023.xlsx",1.7781363004172461,T-shirt
26055 T-shirt 1/2 ærme da lyseblå,Alm.slid uden restværdi,1,1438,77,30155C97D461A7C0006A9C9D,"PLC, Product detaljeret, Aarhus, Nov. 2023.xlsx",1.6299582753824757,T-shirt
26055 T-shirt 1/2 ærme da lyseblå,Alm.slid uden restværdi,1,1438,84,30155C97D461A7C0006A9CB5,"PLC, Product detaljeret, Aarhus, Nov. 2023.xlsx",1.7781363004172461,T-shirt
26055 T-shirt 1/2 ærme da lyseblå,Alm.slid uden restværdi,1,1438,91,30155C97D461A7C0006A9CBD,"PLC, Product detaljeret, Aarhus, Nov. 2023.xlsx",1.9263143254520165,T-shirt
26055 T-shirt 1/2 ærme da lyseblå,Alm.slid uden restværdi,1,1438,89,30155C97D461A7C0006A9DB5,"PLC, Product detaljeret, Aarhus, Nov. 2023.xlsx",1.8839777468706538,T-shirt
26055 T-shirt 1/2 ærme da lyseblå,Alm.slid uden restværdi,1,1438,83,30155C97D461A7C0006A9DE6,"PLC, Product detaljeret, Aarhus, Nov. 2023.xlsx",1.7569680111265649,T-shirt
26055 T-shirt 1/2 ærme da lyseblå,Alm.slid uden restværdi,1,1436,68,30155C97D461A7C0006A9CBC,"PLC, Product detaljeret, Aarhus, Nov. 2023.xlsx",1.4414484679665738,T-shirt
26056 T-shirt k/æ dame lyseblå,Alm.slid uden restværdi,1,1386,84,30155C97D461A7C001FC4B02,"PLC, Product detaljeret, Aarhus, Nov. 2023.xlsx",1.844848484848485,T-shirt
26056 T-shirt k/æ dame lyseblå,Alm.slid uden restværdi,1,1370,64,30155C97D461A7C0006A9CB4,"PLC, Product detaljeret, Aarhus, Nov. 2023.xlsx",1.422014598540146,T-shirt
26056 T-shirt k/æ dame lyseblå,Bortkommet med restværdi,1,1321,56,30155C97D461A7C001EF7129,"PLC, Product detaljeret, Aarhus, Nov. 2023.xlsx",1.2904163512490539,T-shirt
26056 T-shirt k/æ dame lyseblå,Alm.slid uden restværdi,1,1263,62,30155C97D461A7C00214D5D3,"PLC, Product detaljeret, Aarhus, Nov. 2023.xlsx",1.4942834520981791,T-shirt
26056 T-shirt k/æ dame lyseblå,Alm.slid uden restværdi,1,1238,76,30155C97D461A7C001FC4271,"PLC, Product detaljeret, Aarhus, Nov. 2023.xlsx",1.868691437802908,T-shirt
26056 T-shirt k/æ dame lyseblå,Alm.slid uden restværdi,1,1232,67,30155C97D461A7C001FC43A5,"PLC, Product detaljeret, Aarhus, Nov. 2023.xlsx",1.6554220779220779,T-shirt
26056 T-shirt k/æ dame lyseblå,Alm.slid uden restværdi,1,1226,73,30155C97D461A7C001FC42A0,"PLC, Product detaljeret, Aarhus, Nov. 2023.xlsx",1.8124959216965741,T-shirt
26056 T-shirt k/æ dame lyseblå,Alm.slid uden restværdi,1,1225,60,30155C97D461A7C001FC43DA,"PLC, Product detaljeret, Aarhus, Nov. 2023.xlsx",1.4909387755102042,T-shirt
26056 T-shirt k/æ dame lyseblå,Bortkommet med restværdi,1,1216,63,30155C97D461A7C001FC4370,"PLC, Product detaljeret, Aarhus, Nov. 2023.xlsx",1.5770723684210528,T-shirt
26056 T-shirt k/æ dame lyseblå,Bortkommet med restværdi,1,1205,61,30155C97D461A7C001FC439D,"PLC, Product detaljeret, Aarhus, Nov. 2023.xlsx",1.5409460580912864,T-shirt
26056 T-shirt k/æ dame lyseblå,Alm.slid uden restværdi,1,1128,66,30155C97D461A7C001EF6FE0,"PLC, Product detaljeret, Aarhus, Nov. 2023.xlsx",1.781063829787234,T-shirt
26056 T-shirt k/æ dame lyseblå,Alm.slid uden restværdi,1,1128,73,30155C97D461A7C001EF7064,"PLC, Product detaljeret, Aarhus, Nov. 2023.xlsx",1.9699645390070921,T-shirt
26056 T-shirt k/æ dame lyseblå,Alm.slid uden restværdi,1,1128,63,30155C97D461A7C001EF70A1,"PLC, Product detaljeret, Aarhus, Nov. 2023.xlsx",1.7001063829787233,T-shirt
26056 T-shirt k/æ dame lyseblå,Alm.slid uden restværdi,1,1119,58,30155C97D461A7C001EF6FCC,"PLC, Product detaljeret, Aarhus, Nov. 2023.xlsx",1.5777658623771225,T-shirt
26056 T-shirt k/æ dame lyseblå,Alm.slid uden restværdi,1,1119,66,30155C97D461A7C001EF7175,"PLC, Product detaljeret, Aarhus, Nov. 2023.xlsx",1.7953887399463806,T-shirt
26056 T-shirt k/æ dame lyseblå,Bortkommet med restværdi,1,1092,53,30155C97D461A7C00214D57A,"PLC, Product detaljeret, Aarhus, Nov. 2023.xlsx",1.4773992673992675,T-shirt
26056 T-shirt k/æ dame lyseblå,Bortkommet med restværdi,1,1092,36,30155C97D461A7C00214D586,"PLC, Product detaljeret, Aarhus, Nov. 2023.xlsx",1.0035164835164836,T-shirt
13658 T-shirt dame lyseblå Prowear,Alm.slid uden restværdi,1,1085,41,30155C97D461A6C0000E77BF,"PLC, Product detaljeret, Aarhus, Nov. 2023.xlsx",1.1502672811059909,T-shirt
26055 T-shirt 1/2 ærme da lyseblå,Alm.slid uden restværdi,1,1039,54,30155C97D461A7C002697C08,"PLC, Product detaljeret, Aarhus, Nov. 2023.xlsx",1.5820596727622713,T-shirt
13658 T-shirt dame lyseblå Prowear,Alm.slid uden restværdi,1,1031,39,30155C97D461A6C00016FC13,"PLC, Product detaljeret, Aarhus, Nov. 2023.xlsx",1.1514645974781765,T-shirt
13658 T-shirt dame lyseblå Prowear,Alm.slid uden restværdi,1,1016,37,30155C97D461A7C0023BEFA6,"PLC, Product detaljeret, Aarhus, Nov. 2023.xlsx",1.1085433070866142,T-shirt
13658 T-shirt dame lyseblå Prowear,Alm.slid uden restværdi,1,1016,43,30155C97D461A7C0023BF030,"PLC, Product detaljeret, Aarhus, Nov. 2023.xlsx",1.2883070866141733,T-shirt
13658 T-shirt dame lyseblå Prowear,Alm.slid uden restværdi,1,1016,51,30155C97D461A7C0023BF06B,"PLC, Product detaljeret, Aarhus, Nov. 2023.xlsx",1.5279921259842522,T-shirt
13658 T-shirt dame lyseblå Prowear,Alm.slid uden restværdi,1,1010,44,30155C97D461A6C00035AE44,"PLC, Product detaljeret, Aarhus, Nov. 2023.xlsx",1.3260990099009902,T-shirt
13658 T-shirt dame lyseblå Prowear,Alm.slid uden restværdi,1,1010,51,30155C97D461A7C002951F84,"PLC, Product detaljeret, Aarhus, Nov. 2023.xlsx",1.5370693069306933,T-shirt
13658 T-shirt dame lyseblå Prowear,Alm.slid uden restværdi,1,1007,43,30155C97D461A6C00035AEE6,"PLC, Product detaljeret, Aarhus, Nov. 2023.xlsx",1.299821251241311,T-shirt
13658 T-shirt dame lyseblå Prowear,Alm.slid uden restværdi,1,1007,44,30155C97D461A6C00035AFA8,"PLC, Product detaljeret, Aarhus, Nov. 2023.xlsx",1.3300496524329692,T-shirt
13658 T-shirt dame lyseblå Prowear,Udgået Model,1,1000,55,30155C97D461A6C000170AF3,"PLC, Product detaljeret, Aarhus, Nov. 2023.xlsx",1.6742000000000001,T-shirt
13658 T-shirt dame lyseblå Prowear,Bortkommet med restværdi,1,992,37,30155C97D461A6C0002F2DB8,"PLC, Product detaljeret, Aarhus, Nov. 2023.xlsx",1.1353629032258066,T-shirt
13658 T-shirt dame lyseblå Prowear,Alm.slid uden restværdi,1,988,62,30155C97D461A6C000210126,"PLC, Product detaljeret, Aarhus, Nov. 2023.xlsx",1.9102024291497974,T-shirt
13658 T-shirt dame lyseblå Prowear,Bortkommet med restværdi,1,964,42,30155C97D461A6C000306DBB,"PLC, Product detaljeret, Aarhus, Nov. 2023.xlsx",1.3262240663900415,T-shirt
26056 T-shirt k/æ dame lyseblå,Alm.slid uden restværdi,1,956,56,30155C97D461A7C001FC4204,"PLC, Product detaljeret, Aarhus, Nov. 2023.xlsx",1.7830962343096235,T-shirt
13658 T-shirt dame lyseblå Prowear,Bortkommet med restværdi,1,946,43,30155C97D461A6C00039E38A,"PLC, Product detaljeret, Aarhus, Nov. 2023.xlsx",1.3836363636363638,T-shirt
26056 T-shirt k/æ dame lyseblå,Alm.slid uden restværdi,1,940,61,30155C97D461A7C001EF716B,"PLC, Product detaljeret, Aarhus, Nov. 2023.xlsx",1.9753617021276595,T-shirt
13658 T-shirt dame lyseblå Prowear,Alm.slid uden restværdi,1,937,34,30155C97D461A6C00030833E,"PLC, Product detaljeret, Aarhus, Nov. 2023.xlsx",1.104546424759872,T-shirt
13658 T-shirt dame lyseblå Prowear,Alm.slid uden restværdi,1,929,34,30155C97D461A6C000306F40,"PLC, Product detaljeret, Aarhus, Nov. 2023.xlsx",1.1140581270182994,T-shirt
13658 T-shirt dame lyseblå Prowear,Bortkommet med restværdi,1,927,46,30155C97D461A6C0002FDA46,"PLC, Product detaljeret, Aarhus, Nov. 2023.xlsx",1.5105070118662354,T-shirt
26057 T-shirt k/æ uni lyseblå,Alm.slid uden restværdi,1,888,52,30155C97D461A7C00219DD54,"PLC, Product detaljeret, Aarhus, Nov. 2023.xlsx",1.7825225225225225,T-shirt
01427 T-shirt unisex lyseblå pb,Alm.slid uden restværdi,1,866,29,30155C97D461A6C000305FAC,"PLC, Product detaljeret, Aarhus, Nov. 2023.xlsx",1.019353348729792,T-shirt
26056 T-shirt k/æ dame lyseblå,Alm.slid uden restværdi,1,816,39,30155C97D461A7C00219DE4C,"PLC, Product detaljeret, Aarhus, Nov. 2023.xlsx",1.4548529411764706,T-shirt
26056 T-shirt k/æ dame lyseblå,Alm.slid uden restværdi,1,773,49,30155C97D461A7C00269774E,"PLC, Product detaljeret, Aarhus, Nov. 2023.xlsx",1.9295730918499354,T-shirt
13658 T-shirt dame lyseblå Prowear,Alm.slid uden restværdi,1,766,41,30155C97D461A6C0002FF405,"PLC, Product detaljeret, Aarhus, Nov. 2023.xlsx",1.629295039164491,T-shirt
13658 T-shirt dame lyseblå Prowear,Alm.slid uden restværdi,1,726,31,30155C97D461A6C0008BF8A1,"PLC, Product detaljeret, Aarhus, Nov. 2023.xlsx",1.299779614325069,T-shirt
13658 T-shirt dame lyseblå Prowear,Alm.slid uden restværdi,1,696,32,30155C97D461A6C0008BF7D1,"PLC, Product detaljeret, Aarhus, Nov. 2023.xlsx",1.3995402298850574,T-shirt
01427 T-shirt unisex lyseblå pb,Alm.slid uden restværdi,1,695,25,30155C97D461A6C001059DF7,"PLC, Product detaljeret, Aarhus, Nov. 2023.xlsx",1.0949640287769784,T-shirt
01427 T-shirt unisex lyseblå pb,Alm.slid uden restværdi,1,695,24,30155C97D461A6C001059F2F,"PLC, Product detaljeret, Aarhus, Nov. 2023.xlsx",1.0511654676258992,T-shirt
13658 T-shirt dame lyseblå Prowear,Alm.slid uden restværdi,1,692,27,30155C97D461A6C0008BE0CF,"PLC, Product detaljeret, Aarhus, Nov. 2023.xlsx",1.1876878612716764,T-shirt
13658 T-shirt dame lyseblå Prowear,Misligeholdt pga blæk,1,634,36,300ED89F3350007FE266CE0D,"PLC, Product detaljeret, Aarhus, Nov. 2023.xlsx",1.728454258675079,T-shirt
13658 T-shirt dame lyseblå Prowear,Alm.slid uden restværdi,1,581,26,30155C97D461A6C0009E8A63,"PLC, Product detaljeret, Aarhus, Nov. 2023.xlsx",1.3622030981067126,T-shirt
13658 T-shirt dame lyseblå Prowear,Alm.slid uden restværdi,1,581,25,30155C97D461A6C0009E8B6F,"PLC, Product detaljeret, Aarhus, Nov. 2023.xlsx",1.3098106712564543,T-shirt
13658 T-shirt dame lyseblå Prowear,Alm.slid uden restværdi,1,581,26,30155C97D461A6C0009E8B94,"PLC, Product detaljeret, Aarhus, Nov. 2023.xlsx",1.3622030981067126,T-shirt
13658 T-shirt dame lyseblå Prowear,Alm.slid uden restværdi,1,581,25,30155C97D461A6C0009E8B99,"PLC, Product detaljeret, Aarhus, Nov. 2023.xlsx",1.3098106712564543,T-shirt
13658 T-shirt dame lyseblå Prowear,Alm.slid uden restværdi,1,572,31,30155C97D461A6C000D887E8,"PLC, Product detaljeret, Aarhus, Nov. 2023.xlsx",1.6497202797202797,T-shirt
01427 T-shirt unisex lyseblå pb,Alm.slid uden restværdi,1,561,25,30155C97D461A4C00064BE04,"PLC, Product detaljeret, Aarhus, Nov. 2023.xlsx",1.3565062388591802,T-shirt
01427 T-shirt unisex lyseblå pb,Alm.slid uden restværdi,1,551,36,30155C97D461A4C0009208E3,"PLC, Product detaljeret, Aarhus, Nov. 2023.xlsx",1.9888203266787658,T-shirt
26056 T-shirt k/æ dame lyseblå,Alm.slid uden restværdi,1,503,19,30155C97D461A6C001105451,"PLC, Product detaljeret, Aarhus, Nov. 2023.xlsx",1.149821073558648,T-shirt
13658 T-shirt dame lyseblå Prowear,Alm.slid uden restværdi,1,491,31,30155C97D461A6C0008D0363,"PLC, Product detaljeret, Aarhus, Nov. 2023.xlsx",1.9218737270875765,T-shirt
13658 T-shirt dame lyseblå Prowear,Alm.slid uden restværdi,1,478,16,30155C97D461A6C00106258B,"PLC, Product detaljeret, Aarhus, Nov. 2023.xlsx",1.0189121338912133,T-shirt
13658 T-shirt dame lyseblå Prowear,Bortkommet med restværdi,1,461,18,30155C97D461A6C000EADC81,"PLC, Product detaljeret, Aarhus, Nov. 2023.xlsx",1.1885466377440348,T-shirt
13658 T-shirt dame lyseblå Prowear,Alm.slid uden restværdi,1,457,26,30155C97D461A6C00135DAAC,"PLC, Product detaljeret, Aarhus, Nov. 2023.xlsx",1.7318161925601752,T-shirt
26057 T-shirt k/æ uni lyseblå,Alm.slid uden restværdi,1,455,22,30155C97D461A6C00083A4C8,"PLC, Product detaljeret, Aarhus, Nov. 2023.xlsx",1.471824175824176,T-shirt
13658 T-shirt dame lyseblå Prowear,Alm.slid uden restværdi,1,442,24,30155C97D461A6C001859F55,"PLC, Product detaljeret, Aarhus, Nov. 2023.xlsx",1.6528506787330317,T-shirt
26056 T-shirt k/æ dame lyseblå,Alm.slid uden restværdi,1,384,19,30155C97D461A6C0018E5688,"PLC, Product detaljeret, Aarhus, Nov. 2023.xlsx",1.5061458333333333,T-shirt
13658 T-shirt dame lyseblå Prowear,Alm.slid uden restværdi,1,359,17,30155C97D461A6C0018F130D,"PLC, Product detaljeret, Aarhus, Nov. 2023.xlsx",1.4414484679665738,T-shirt
26056 T-shirt k/æ dame lyseblå,Bortkommet med restværdi,1,331,15,30155C97D461A6C001BCD7DB,"PLC, Product detaljeret, Aarhus, Nov. 2023.xlsx",1.3794561933534744,T-shirt
26057 T-shirt k/æ uni lyseblå,Alm.slid uden restværdi,1,326,14,30155C97D461A6C00084FFAA,"PLC, Product detaljeret, Aarhus, Nov. 2023.xlsx",1.3072392638036812,T-shirt
13658 T-shirt dame lyseblå Prowear,Alm.slid uden restværdi,1,287,16,30155C97D461A4C000D72722,"PLC, Product detaljeret, Aarhus, Nov. 2023.xlsx",1.6970034843205575,T-shirt
13658 T-shirt dame lyseblå Prowear,Alm.slid uden restværdi,1,280,11,30155C97D461A4C000D726C4,"PLC, Product detaljeret, Aarhus, Nov. 2023.xlsx",1.195857142857143,T-shirt
13658 T-shirt dame lyseblå Prowear,Alm.slid uden restværdi,1,279,16,30155C97D461A4C000D725F7,"PLC, Product detaljeret, Aarhus, Nov. 2023.xlsx",1.745663082437276,T-shirt
26056 T-shirt k/æ dame lyseblå,Bortkommet med restværdi,1,277,12,30155C97D461A6C000EE5C01,"PLC, Product detaljeret, Aarhus, Nov. 2023.xlsx",1.3187003610108303,T-shirt
13658 T-shirt dame lyseblå Prowear,Alm.slid uden restværdi,1,272,12,30155C97D461A4C000D7267A,"PLC, Product detaljeret, Aarhus, Nov. 2023.xlsx",1.3429411764705883,T-shirt
26056 T-shirt k/æ dame lyseblå,Bortkommet med restværdi,1,247,9,30155C97D461A6C0020E8EF7,"PLC, Product detaljeret, Aarhus, Nov. 2023.xlsx",1.1091497975708502,T-shirt
26056 T-shirt k/æ dame lyseblå,Bortkommet med restværdi,1,239,10,30155C97D461A6C0020E9098,"PLC, Product detaljeret, Aarhus, Nov. 2023.xlsx",1.2736401673640168,T-shirt
13658 T-shirt dame lyseblå Prowear,Alm.slid uden restværdi,1,153,7,30155C97D461A4C0010E5754,"PLC, Product detaljeret, Aarhus, Nov. 2023.xlsx",1.3926797385620915,T-shirt
01427 T-shirt unisex lyseblå pb,Alm.slid uden restværdi,1,126,7,30155C97D461A4C000F855C0,"PLC, Product detaljeret, Aarhus, Nov. 2023.xlsx",1.691111111111111,T-shirt
01427 T-shirt unisex lyseblå pb,Alm.slid uden restværdi,1,126,7,30155C97D461A4C000F8562F,"PLC, Product detaljeret, Aarhus, Nov. 2023.xlsx",1.691111111111111,T-shirt
01427 T-shirt unisex lyseblå pb,Alm.slid uden restværdi,1,126,7,30155C97D461A4C000F8567D,"PLC, Product detaljeret, Aarhus, Nov. 2023.xlsx",1.691111111111111,T-shirt
13658 T-shirt dame lyseblå Prowear,Alm.slid uden restværdi,1,80,4,30155C97D461A4C000C0A5E1,"PLC, Product detaljeret, Aarhus, Nov. 2023.xlsx",1.5220000000000002,T-shirt
13658 T-shirt dame lyseblå Prowear,Alm.slid uden restværdi,1,40,2,30155C97D461A4C001205983,"PLC, Product detaljeret, Aarhus, Nov. 2023.xlsx",1.5220000000000002,T-shirt
13658 T-shirt dame lyseblå Prowear,Alm.slid uden restværdi,1,27,1,30155C97D461A4C00120590D,"PLC, Product detaljeret, Aarhus, Nov. 2023.xlsx",1.1274074074074074,T-shirt
13658 T-shirt dame lyseblå Prowear,Alm.slid uden restværdi,1,27,1,30155C97D461A4C0012059D3,"PLC, Product detaljeret, Aarhus, Nov. 2023.xlsx",1.1274074074074074,T-shirt
13658 T-shirt dame lyseblå Prowear,Alm.slid uden restværdi,1,27,1,30155C97D461A4C001205A9F,"PLC, Product detaljeret, Aarhus, Nov. 2023.xlsx",1.1274074074074074,T-shirt
13658 T-shirt dame lyseblå Prowear,Alm.slid uden restværdi,1,2195,127,300ED89F335000400183CDDB,"PLC, Product detaljeret, Aarhus, Okt. 2023.xlsx",1.7612209567198178,T-shirt
13658 T-shirt dame lyseblå Prowear,Alm.slid uden restværdi,1,2191,106,300ED89F335000400183CABD,"PLC, Product detaljeret, Aarhus, Okt. 2023.xlsx",1.4726791419443177,T-shirt
13658 T-shirt dame lyseblå Prowear,Alm.slid uden restværdi,1,2190,106,300ED89F335000400183C971,"PLC, Product detaljeret, Aarhus, Okt. 2023.xlsx",1.4733515981735161,T-shirt
13658 T-shirt dame lyseblå Prowear,Alm.slid uden restværdi,1,2190,124,300ED89F335000400183CFF4,"PLC, Product detaljeret, Aarhus, Okt. 2023.xlsx",1.723543378995434,T-shirt
13658 T-shirt dame lyseblå Prowear,Alm.slid uden restværdi,1,2190,112,300ED89F335000400183D679,"PLC, Product detaljeret, Aarhus, Okt. 2023.xlsx",1.5567488584474887,T-shirt
13658 T-shirt dame lyseblå Prowear,Alm.slid uden restværdi,1,2189,120,300ED89F335000400183CE76,"PLC, Product detaljeret, Aarhus, Okt. 2023.xlsx",1.6687071722247602,T-shirt
13658 T-shirt dame lyseblå Prowear,Alm.slid uden restværdi,1,2189,102,300ED89F335000400183D3CA,"PLC, Product detaljeret, Aarhus, Okt. 2023.xlsx",1.4184010963910463,T-shirt
13658 T-shirt dame lyseblå Prowear,Alm.slid uden restværdi,1,2189,116,300ED89F335000400183D492,"PLC, Product detaljeret, Aarhus, Okt. 2023.xlsx",1.6130835998172681,T-shirt
13658 T-shirt dame lyseblå Prowear,Alm.slid uden restværdi,1,2182,81,300ED89F335000400183CC12,"PLC, Product detaljeret, Aarhus, Okt. 2023.xlsx",1.1299908340971587,T-shirt
13658 T-shirt dame lyseblå Prowear,Alm.slid uden restværdi,1,2182,80,300ED89F335000400183CE39,"PLC, Product detaljeret, Aarhus, Okt. 2023.xlsx",1.1160403299725024,T-shirt
13658 T-shirt dame lyseblå Prowear,Alm.slid uden restværdi,1,2182,87,300ED89F3350007FE266BFD0,"PLC, Product detaljeret, Aarhus, Okt. 2023.xlsx",1.2136938588450963,T-shirt
13658 T-shirt dame lyseblå Prowear,Alm.slid uden restværdi,1,2181,123,300ED89F335000400183D38A,"PLC, Product detaljeret, Aarhus, Okt. 2023.xlsx",1.7166987620357634,T-shirt
13658 T-shirt dame lyseblå Prowear,Alm.slid uden restværdi,1,2181,115,300ED89F335000400183D49D,"PLC, Product detaljeret, Aarhus, Okt. 2023.xlsx",1.605043558000917,T-shirt
13658 T-shirt dame lyseblå Prowear,Alm.slid uden restværdi,1,2181,84,300ED89F335000400183D8D3,"PLC, Product detaljeret, Aarhus, Okt. 2023.xlsx",1.1723796423658874,T-shirt
01427 T-shirt unisex lyseblå pb,Alm.slid uden restværdi,1,2180,113,30155C97D461A7C000E802AD,"PLC, Product detaljeret, Aarhus, Okt. 2023.xlsx",1.5778532110091745,T-shirt
13658 T-shirt dame lyseblå Prowear,Alm.slid uden restværdi,1,2178,88,300ED89F335000400183D181,"PLC, Product detaljeret, Aarhus, Okt. 2023.xlsx",1.22989898989899,T-shirt
13658 T-shirt dame lyseblå Prowear,Alm.slid uden restværdi,1,2176,85,300ED89F335000400183D052,"PLC, Product detaljeret, Aarhus, Okt. 2023.xlsx",1.1890625000000001,T-shirt
13658 T-shirt dame lyseblå Prowear,Alm.slid uden restværdi,1,2175,93,300ED89F335000400183D66F,"PLC, Product detaljeret, Aarhus, Okt. 2023.xlsx",1.3015724137931035,T-shirt
13658 T-shirt dame lyseblå Prowear,Alm.slid uden restværdi,1,2171,136,300ED89F335000400183D3CE,"PLC, Product detaljeret, Aarhus, Okt. 2023.xlsx",1.9068816213726394,T-shirt
13658 T-shirt dame lyseblå Prowear,Alm.slid uden restværdi,1,2171,104,300ED89F335000400183D656,"PLC, Product detaljeret, Aarhus, Okt. 2023.xlsx",1.4582035928143715,T-shirt
13658 T-shirt dame lyseblå Prowear,Alm.slid uden restværdi,1,2166,72,300ED89F335000400183D0EB,"PLC, Product detaljeret, Aarhus, Okt. 2023.xlsx",1.0118559556786704,T-shirt
13658 T-shirt dame lyseblå Prowear,Alm.slid uden restværdi,1,2165,113,300ED89F335000400183ADB9,"PLC, Product detaljeret, Aarhus, Okt. 2023.xlsx",1.5887852193995382,T-shirt
13658 T-shirt dame lyseblå Prowear,Alm.slid uden restværdi,1,2148,88,300ED89F3350007FE266CEC7,"PLC, Product detaljeret, Aarhus, Okt. 2023.xlsx",1.24707635009311,T-shirt
13658 T-shirt dame lyseblå Prowear,Alm.slid uden restværdi,1,2146,114,300ED89F3350007FE266CE03,"PLC, Product detaljeret, Aarhus, Okt. 2023.xlsx",1.6170363466915192,T-shirt
13658 T-shirt dame lyseblå Prowear,Alm.slid uden restværdi,1,2108,80,300ED89F33500060009D8BB7,"PLC, Product detaljeret, Aarhus, Okt. 2023.xlsx",1.1552182163187856,T-shirt
01427 T-shirt unisex lyseblå pb,Alm.slid uden restværdi,1,2061,71,300ED89F33500060009D9829,"PLC, Product detaljeret, Aarhus, Okt. 2023.xlsx",1.0486365841824359,T-shirt
01427 T-shirt unisex lyseblå pb,Bortkommet med restværdi,1,1965,81,30155C97D461A7C001178B6B,"PLC, Product detaljeret, Aarhus, Okt. 2023.xlsx",1.2547786259541986,T-shirt
13658 T-shirt dame lyseblå Prowear,Alm.slid uden restværdi,1,1916,119,300ED89F33500060009D77F4,"PLC, Product detaljeret, Aarhus, Okt. 2023.xlsx",1.8905845511482255,T-shirt
13658 T-shirt dame lyseblå Prowear,Alm.slid uden restværdi,1,1897,101,300ED89F33500060009D7A66,"PLC, Product detaljeret, Aarhus, Okt. 2023.xlsx",1.6206852925672113,T-shirt
01427 T-shirt unisex lyseblå pb,Alm.slid uden restværdi,1,1884,87,30155C97D461A7C001186B1B,"PLC, Product detaljeret, Aarhus, Okt. 2023.xlsx",1.405668789808917,T-shirt
13658 T-shirt dame lyseblå Prowear,Alm.slid uden restværdi,1,1848,79,300ED89F335000400183D6FF,"PLC, Product detaljeret, Aarhus, Okt. 2023.xlsx",1.3012770562770564,T-shirt
01427 T-shirt unisex lyseblå pb,Bortkommet med restværdi,1,1824,61,30155C97D461A7C000F0A6FA,"PLC, Product detaljeret, Aarhus, Okt. 2023.xlsx",1.0180043859649124,T-shirt
01427 T-shirt unisex lyseblå pb,Alm.slid uden restværdi,1,1777,102,30155C97D461A7C001179B3B,"PLC, Product detaljeret, Aarhus, Okt. 2023.xlsx",1.7472594259988747,T-shirt
01427 T-shirt unisex lyseblå pb,Ødelagt af lommefyld uden restværdi,1,1769,69,300ED89F33500060009D7E39,"PLC, Product detaljeret, Aarhus, Okt. 2023.xlsx",1.1873148671565856,T-shirt
13658 T-shirt dame lyseblå Prowear,Alm.slid uden restværdi,1,1511,92,300ED89F335000400183CA58,"PLC, Product detaljeret, Aarhus, Okt. 2023.xlsx",1.8533951025810722,T-shirt
26055 T-shirt 1/2 ærme da lyseblå,Alm.slid uden restværdi,1,1427,72,30155C97D461A7C0006A9DEC,"PLC, Product detaljeret, Aarhus, Okt. 2023.xlsx",1.535865451997197,T-shirt
26056 T-shirt k/æ dame lyseblå,Alm.slid uden restværdi,1,1426,78,30155C97D461A7C0005C4569,"PLC, Product detaljeret, Aarhus, Okt. 2023.xlsx",1.6650210378681627,T-shirt
26056 T-shirt k/æ dame lyseblå,Alm.slid uden restværdi,1,1426,83,30155C97D461A7C0005C4600,"PLC, Product detaljeret, Aarhus, Okt. 2023.xlsx",1.7717531556802244,T-shirt
26056 T-shirt k/æ dame lyseblå,Alm.slid uden restværdi,1,1426,92,30155C97D461A7C001EF700E,"PLC, Product detaljeret, Aarhus, Okt. 2023.xlsx",1.9638709677419355,T-shirt
26056 T-shirt k/æ dame lyseblå,Alm.slid uden restværdi,1,1426,59,30155C97D461A7C001EF711B,"PLC, Product detaljeret, Aarhus, Okt. 2023.xlsx",1.2594389901823282,T-shirt
26056 T-shirt k/æ dame lyseblå,Alm.slid uden restværdi,1,1426,87,30155C97D461A7C001EF7169,"PLC, Product detaljeret, Aarhus, Okt. 2023.xlsx",1.8571388499298738,T-shirt
26056 T-shirt k/æ dame lyseblå,Alm.slid uden restværdi,1,1419,73,30155C97D461A7C001EF70F0,"PLC, Product detaljeret, Aarhus, Okt. 2023.xlsx",1.5659760394644116,T-shirt
26056 T-shirt k/æ dame lyseblå,Alm.slid uden restværdi,1,1416,70,30155C97D461A7C0021BEEFB,"PLC, Product detaljeret, Aarhus, Okt. 2023.xlsx",1.5048022598870059,T-shirt
26056 T-shirt k/æ dame lyseblå,Alm.slid uden restværdi,1,1416,74,30155C97D461A7C0021BEF09,"PLC, Product detaljeret, Aarhus, Okt. 2023.xlsx",1.5907909604519774,T-shirt
26056 T-shirt k/æ dame lyseblå,Alm.slid uden restværdi,1,1414,78,30155C97D461A7C001EF70E2,"PLC, Product detaljeret, Aarhus, Okt. 2023.xlsx",1.6791513437057992,T-shirt
26056 T-shirt k/æ dame lyseblå,Alm.slid uden restværdi,1,1414,79,30155C97D461A7C001EF70FA,"PLC, Product detaljeret, Aarhus, Okt. 2023.xlsx",1.7006789250353607,T-shirt
26056 T-shirt k/æ dame lyseblå,Alm.slid uden restværdi,1,1414,60,30155C97D461A7C00219DD3F,"PLC, Product detaljeret, Aarhus, Okt. 2023.xlsx",1.2916548797736918,T-shirt
26056 T-shirt k/æ dame lyseblå,Alm.slid uden restværdi,1,1412,80,30155C97D461A7C00219DE52,"PLC, Product detaljeret, Aarhus, Okt. 2023.xlsx",1.7246458923512749,T-shirt
26056 T-shirt k/æ dame lyseblå,Alm.slid uden restværdi,1,1412,59,30155C97D461A7C00219DE6B,"PLC, Product detaljeret, Aarhus, Okt. 2023.xlsx",1.2719263456090653,T-shirt
26056 T-shirt k/æ dame lyseblå,Alm.slid uden restværdi,1,1412,57,30155C97D461A7C0021BF02E,"PLC, Product detaljeret, Aarhus, Okt. 2023.xlsx",1.2288101983002833,T-shirt
26056 T-shirt k/æ dame lyseblå,Alm.slid uden restværdi,1,1409,76,30155C97D461A7C0021BEF0A,"PLC, Product detaljeret, Aarhus, Okt. 2023.xlsx",1.6419020581973032,T-shirt
26056 T-shirt k/æ dame lyseblå,Alm.slid uden restværdi,1,1409,87,30155C97D461A7C0021BEF9C,"PLC, Product detaljeret, Aarhus, Okt. 2023.xlsx",1.8795457771469128,T-shirt
26056 T-shirt k/æ dame lyseblå,Alm.slid uden restværdi,1,1365,84,30155C97D461A7C001FC4BAB,"PLC, Product detaljeret, Aarhus, Okt. 2023.xlsx",1.8732307692307695,T-shirt
26056 T-shirt k/æ dame lyseblå,Alm.slid uden restværdi,1,1365,79,30155C97D461A7C001FC4BC0,"PLC, Product detaljeret, Aarhus, Okt. 2023.xlsx",1.7617289377289378,T-shirt
26056 T-shirt k/æ dame lyseblå,Alm.slid uden restværdi,1,1328,55,30155C97D461A7C00219DE67,"PLC, Product detaljeret, Aarhus, Okt. 2023.xlsx",1.2606927710843374,T-shirt
26056 T-shirt k/æ dame lyseblå,Alm.slid uden restværdi,1,1314,58,30155C97D461A7C001EF7113,"PLC, Product detaljeret, Aarhus, Okt. 2023.xlsx",1.3436225266362252,T-shirt
26056 T-shirt k/æ dame lyseblå,Alm.slid uden restværdi,1,1287,45,30155C97D461A7C0008A6495,"PLC, Product detaljeret, Aarhus, Okt. 2023.xlsx",1.0643356643356645,T-shirt
13658 T-shirt dame lyseblå Prowear,Alm.slid uden restværdi,1,1241,58,30155C97D461A7C0024496FD,"PLC, Product detaljeret, Aarhus, Okt. 2023.xlsx",1.422659145850121,T-shirt
01427 T-shirt unisex lyseblå pb,Alm.slid uden restværdi,1,1227,42,30155C97D461A7C001F15BC3,"PLC, Product detaljeret, Aarhus, Okt. 2023.xlsx",1.0419559902200488,T-shirt
13658 T-shirt dame lyseblå Prowear,Alm.slid uden restværdi,1,1219,55,30155C97D461A7C002449619,"PLC, Product detaljeret, Aarhus, Okt. 2023.xlsx",1.3734208367514358,T-shirt
01427 T-shirt unisex lyseblå pb,Alm.slid uden restværdi,1,1209,70,30155C97D461A7C002302835,"PLC, Product detaljeret, Aarhus, Okt. 2023.xlsx",1.7624483043837882,T-shirt
01427 T-shirt unisex lyseblå pb,Alm.slid uden restværdi,1,1208,64,30155C97D461A7C00230287C,"PLC, Product detaljeret, Aarhus, Okt. 2023.xlsx",1.6127152317880795,T-shirt
01427 T-shirt unisex lyseblå pb,BTS fejl uden restværdi,1,1079,46,30155C97D461A7C001F15BEA,"PLC, Product detaljeret, Aarhus, Okt. 2023.xlsx",1.2977201112140873,T-shirt
26055 T-shirt 1/2 ærme da lyseblå,Alm.slid uden restværdi,1,1028,40,30155C97D461A7C00214C106,"PLC, Product detaljeret, Aarhus, Okt. 2023.xlsx",1.1844357976653697,T-shirt
26057 T-shirt k/æ uni lyseblå,Alm.slid uden restværdi,1,973,60,30155C97D461A7C002696F5C,"PLC, Product detaljeret, Aarhus, Okt. 2023.xlsx",1.877081192189106,T-shirt
26056 T-shirt k/æ dame lyseblå,Alm.slid uden restværdi,1,961,49,30155C97D461A7C0005C4689,"PLC, Product detaljeret, Aarhus, Okt. 2023.xlsx",1.5520915712799168,T-shirt
26055 T-shirt 1/2 ærme da lyseblå,Alm.slid uden restværdi,1,929,34,30155C97D461A7C00214C0B9,"PLC, Product detaljeret, Aarhus, Okt. 2023.xlsx",1.1140581270182994,T-shirt
13658 T-shirt dame lyseblå Prowear,Ødelagt af lommefyld uden restværdi,1,926,59,30155C97D461A6C00039E41E,"PLC, Product detaljeret, Aarhus, Okt. 2023.xlsx",1.9394816414686826,T-shirt
13658 T-shirt dame lyseblå Prowear,Alm.slid uden restværdi,1,921,41,30155C97D461A6C0002CF248,"PLC, Product detaljeret, Aarhus, Okt. 2023.xlsx",1.3550922909880565,T-shirt
13658 T-shirt dame lyseblå Prowear,Alm.slid uden restværdi,1,918,48,30155C97D461A6C0000F99FD,"PLC, Product detaljeret, Aarhus, Okt. 2023.xlsx",1.5916339869281046,T-shirt
13658 T-shirt dame lyseblå Prowear,Bortkommet med restværdi,1,918,52,30155C97D461A6C00030D870,"PLC, Product detaljeret, Aarhus, Okt. 2023.xlsx",1.7242701525054467,T-shirt
26055 T-shirt 1/2 ærme da lyseblå,Alm.slid uden restværdi,1,917,34,30155C97D461A7C00214C00F,"PLC, Product detaljeret, Aarhus, Okt. 2023.xlsx",1.1286368593238822,T-shirt
26056 T-shirt k/æ dame lyseblå,Alm.slid uden restværdi,1,906,35,30155C97D461A7C002697CCD,"PLC, Product detaljeret, Aarhus, Okt. 2023.xlsx",1.1759381898454748,T-shirt
13658 T-shirt dame lyseblå Prowear,Alm.slid uden restværdi,1,901,41,30155C97D461A6C00039D9F6,"PLC, Product detaljeret, Aarhus, Okt. 2023.xlsx",1.3851720310765816,T-shirt
26057 T-shirt k/æ uni lyseblå,Alm.slid uden restværdi,1,839,30,30155C97D461A6C00083A595,"PLC, Product detaljeret, Aarhus, Okt. 2023.xlsx",1.0884386174016687,T-shirt
26057 T-shirt k/æ uni lyseblå,Alm.slid uden restværdi,1,827,42,30155C97D461A6C00083A5D3,"PLC, Product detaljeret, Aarhus, Okt. 2023.xlsx",1.5459250302297463,T-shirt
26057 T-shirt k/æ uni lyseblå,Alm.slid uden restværdi,1,826,28,30155C97D461A6C00083A59A,"PLC, Product detaljeret, Aarhus, Okt. 2023.xlsx",1.031864406779661,T-shirt
13658 T-shirt dame lyseblå Prowear,Alm.slid uden restværdi,1,817,52,30155C97D461A6C000842A65,"PLC, Product detaljeret, Aarhus, Okt. 2023.xlsx",1.9374296205630357,T-shirt
26057 T-shirt k/æ uni lyseblå,Udgået Model,1,803,49,30155C97D461A7C00219DCE8,"PLC, Product detaljeret, Aarhus, Okt. 2023.xlsx",1.8574844333748444,T-shirt
26056 T-shirt k/æ dame lyseblå,Alm.slid uden restværdi,1,784,35,30155C97D461A6C00083A7C6,"PLC, Product detaljeret, Aarhus, Okt. 2023.xlsx",1.3589285714285715,T-shirt
26056 T-shirt k/æ dame lyseblå,Alm.slid uden restværdi,1,781,37,30155C97D461A6C000839E82,"PLC, Product detaljeret, Aarhus, Okt. 2023.xlsx",1.442099871959027,T-shirt
26056 T-shirt k/æ dame lyseblå,Alm.slid uden restværdi,1,781,36,30155C97D461A6C000839F56,"PLC, Product detaljeret, Aarhus, Okt. 2023.xlsx",1.403124199743918,T-shirt
01427 T-shirt unisex lyseblå pb,Alm.slid uden restværdi,1,777,44,30155C97D461A6C0008C3916,"PLC, Product detaljeret, Aarhus, Okt. 2023.xlsx",1.723758043758044,T-shirt
26056 T-shirt k/æ dame lyseblå,Alm.slid uden restværdi,1,769,42,30155C97D461A7C002697775,"PLC, Product detaljeret, Aarhus, Okt. 2023.xlsx",1.6625227568270482,T-shirt
13658 T-shirt dame lyseblå Prowear,Alm.slid uden restværdi,1,708,38,30155C97D461A6C0008429EF,"PLC, Product detaljeret, Aarhus, Okt. 2023.xlsx",1.6337853107344633,T-shirt
13658 T-shirt dame lyseblå Prowear,Alm.slid uden restværdi,1,682,32,30155C97D461A6C00105C16C,"PLC, Product detaljeret, Aarhus, Okt. 2023.xlsx",1.4282697947214076,T-shirt
01427 T-shirt unisex lyseblå pb,Alm.slid uden restværdi,1,656,22,30155C97D461A6C000BA3C55,"PLC, Product detaljeret, Aarhus, Okt. 2023.xlsx",1.0208536585365855,T-shirt
13658 T-shirt dame lyseblå Prowear,Alm.slid uden restværdi,1,637,26,30155C97D461A6C0008BF6E2,"PLC, Product detaljeret, Aarhus, Okt. 2023.xlsx",1.2424489795918368,T-shirt
13658 T-shirt dame lyseblå Prowear,Ødelagt af lommefyld uden restværdi,1,614,25,30155C97D461A6C000900E18,"PLC, Product detaljeret, Aarhus, Okt. 2023.xlsx",1.2394136807817588,T-shirt
13658 T-shirt dame lyseblå Prowear,Alm.slid uden restværdi,1,591,20,30155C97D461A6C0009E8A5F,"PLC, Product detaljeret, Aarhus, Okt. 2023.xlsx",1.030118443316413,T-shirt
13658 T-shirt dame lyseblå Prowear,Alm.slid uden restværdi,1,578,20,30155C97D461A6C000647DF3,"PLC, Product detaljeret, Aarhus, Okt. 2023.xlsx",1.053287197231834,T-shirt
01427 T-shirt unisex lyseblå pb,Alm.slid uden restværdi,1,559,29,30155C97D461A6C0009077A7,"PLC, Product detaljeret, Aarhus, Okt. 2023.xlsx",1.5791771019677998,T-shirt
01427 T-shirt unisex lyseblå pb,Udgået Model,1,559,35,30155C97D461A6C00090780B,"PLC, Product detaljeret, Aarhus, Okt. 2023.xlsx",1.9059033989266547,T-shirt
13658 T-shirt dame lyseblå Prowear,Alm.slid uden restværdi,1,558,25,30155C97D461A6C000D887A1,"PLC, Product detaljeret, Aarhus, Okt. 2023.xlsx",1.363799283154122,T-shirt
13658 T-shirt dame lyseblå Prowear,Alm.slid uden restværdi,1,551,29,30155C97D461A6C0008D049D,"PLC, Product detaljeret, Aarhus, Okt. 2023.xlsx",1.6021052631578947,T-shirt
13658 T-shirt dame lyseblå Prowear,Alm.slid uden restværdi,1,525,25,30155C97D461A6C000D8881B,"PLC, Product detaljeret, Aarhus, Okt. 2023.xlsx",1.4495238095238094,T-shirt
01427 T-shirt unisex lyseblå pb,Alm.slid uden restværdi,1,518,31,30155C97D461A6C000E320E8,"PLC, Product detaljeret, Aarhus, Okt. 2023.xlsx",1.8216988416988418,T-shirt
13658 T-shirt dame lyseblå Prowear,Alm.slid uden restværdi,1,504,28,30155C97D461A6C001625641,"PLC, Product detaljeret, Aarhus, Okt. 2023.xlsx",1.691111111111111,T-shirt
13658 T-shirt dame lyseblå Prowear,Alm.slid uden restværdi,1,478,25,30155C97D461A4C000653BF0,"PLC, Product detaljeret, Aarhus, Okt. 2023.xlsx",1.5920502092050208,T-shirt
13658 T-shirt dame lyseblå Prowear,Alm.slid uden restværdi,1,464,27,30155C97D461A6C0008D0367,"PLC, Product detaljeret, Aarhus, Okt. 2023.xlsx",1.771293103448276,T-shirt
13658 T-shirt dame lyseblå Prowear,Alm.slid uden restværdi,1,458,25,30155C97D461A6C000EAB9B3,"PLC, Product detaljeret, Aarhus, Okt. 2023.xlsx",1.6615720524017468,T-shirt
13658 T-shirt dame lyseblå Prowear,Alm.slid uden restværdi,1,457,23,30155C97D461A6C0016255F5,"PLC, Product detaljeret, Aarhus, Okt. 2023.xlsx",1.5319912472647703,T-shirt
13658 T-shirt dame lyseblå Prowear,Bortkommet med restværdi,1,404,18,30155C97D461A6C00160197B,"PLC, Product detaljeret, Aarhus, Okt. 2023.xlsx",1.3562376237623763,T-shirt
13658 T-shirt dame lyseblå Prowear,Bortkommet med restværdi,1,404,20,30155C97D461A6C0016019E3,"PLC, Product detaljeret, Aarhus, Okt. 2023.xlsx",1.5069306930693072,T-shirt
13658 T-shirt dame lyseblå Prowear,Alm.slid uden restværdi,1,389,17,30155C97D461A7C002768640,"PLC, Product detaljeret, Aarhus, Okt. 2023.xlsx",1.3302827763496146,T-shirt
01427 T-shirt unisex lyseblå pb,Alm.slid uden restværdi,1,361,16,30155C97D461A6C000E321DB,"PLC, Product detaljeret, Aarhus, Okt. 2023.xlsx",1.3491412742382272,T-shirt
26056 T-shirt k/æ dame lyseblå,Alm.slid uden restværdi,1,333,12,30155C97D461A6C000EE5FC2,"PLC, Product detaljeret, Aarhus, Okt. 2023.xlsx",1.096936936936937,T-shirt
26056 T-shirt k/æ dame lyseblå,Alm.slid uden restværdi,1,333,16,30155C97D461A6C0018E5668,"PLC, Product detaljeret, Aarhus, Okt. 2023.xlsx",1.4625825825825827,T-shirt
26056 T-shirt k/æ dame lyseblå,Alm.slid uden restværdi,1,333,17,30155C97D461A6C0018E56C1,"PLC, Product detaljeret, Aarhus, Okt. 2023.xlsx",1.5539939939939942,T-shirt
26057 T-shirt k/æ uni lyseblå,Alm.slid uden restværdi,1,328,20,30155C97D461A6C000EE5FA9,"PLC, Product detaljeret, Aarhus, Okt. 2023.xlsx",1.8560975609756099,T-shirt
26057 T-shirt k/æ uni lyseblå,Alm.slid uden restværdi,1,328,18,30155C97D461A6C000EE6065,"PLC, Product detaljeret, Aarhus, Okt. 2023.xlsx",1.670487804878049,T-shirt
01427 T-shirt unisex lyseblå pb,Misligholdt med restværdi,1,294,16,30155C97D461A6C001A6B166,"PLC, Product detaljeret, Aarhus, Okt. 2023.xlsx",1.6565986394557823,T-shirt
13658 T-shirt dame lyseblå Prowear,Alm.slid uden restværdi,1,269,11,30155C97D461A4C000D530BE,"PLC, Product detaljeret, Aarhus, Okt. 2023.xlsx",1.2447583643122677,T-shirt
13658 T-shirt dame lyseblå Prowear,Alm.slid uden restværdi,1,263,12,30155C97D461A4C000D5307E,"PLC, Product detaljeret, Aarhus, Okt. 2023.xlsx",1.3888973384030419,T-shirt
13658 T-shirt dame lyseblå Prowear,Alm.slid uden restværdi,1,226,8,30155C97D461A6C0010ECB44,"PLC, Product detaljeret, Aarhus, Okt. 2023.xlsx",1.0775221238938053,T-shirt
26057 T-shirt k/æ uni lyseblå,Alm.slid uden restværdi,1,225,13,30155C97D461A6C000B33757,"PLC, Product detaljeret, Aarhus, Okt. 2023.xlsx",1.7587555555555556,T-shirt
13658 T-shirt dame lyseblå Prowear,Alm.slid uden restværdi,1,211,7,30155C97D461A4C0010BA029,"PLC, Product detaljeret, Aarhus, Okt. 2023.xlsx",1.0098578199052133,T-shirt
13658 T-shirt dame lyseblå Prowear,Bortkommet med restværdi,1,204,7,30155C97D461A6C001A61187,"PLC, Product detaljeret, Aarhus, Okt. 2023.xlsx",1.0445098039215688,T-shirt
13658 T-shirt dame lyseblå Prowear,Bortkommet med restværdi,1,188,7,30155C97D461A6C0010ECAF1,"PLC, Product detaljeret, Aarhus, Okt. 2023.xlsx",1.133404255319149,T-shirt
13658 T-shirt dame lyseblå Prowear,Alm.slid uden restværdi,1,173,6,300ED89F335000400183CB1D,"PLC, Product detaljeret, Aarhus, Okt. 2023.xlsx",1.0557225433526012,T-shirt
26057 T-shirt k/æ uni lyseblå,Alm.slid uden restværdi,1,117,5,30155C97D461A6C00084FF24,"PLC, Product detaljeret, Aarhus, Okt. 2023.xlsx",1.300854700854701,T-shirt
26057 T-shirt k/æ uni lyseblå,Alm.slid uden restværdi,1,116,6,30155C97D461A6C00084FF7D,"PLC, Product detaljeret, Aarhus, Okt. 2023.xlsx",1.5744827586206898,T-shirt
26057 T-shirt k/æ uni lyseblå,Alm.slid uden restværdi,1,55,2,30155C97D461A6C00084FF4B,"PLC, Product detaljeret, Aarhus, Okt. 2023.xlsx",1.1069090909090908,T-shirt
13658 T-shirt dame lyseblå Prowear,Ødelagt af lommefyld uden restværdi,1,51,3,30155C97D461A4C000C0A5A2,"PLC, Product detaljeret, Aarhus, Okt. 2023.xlsx",1.7905882352941176,T-shirt
13658 T-shirt dame lyseblå Prowear,Alm.slid uden restværdi,1,2164,112,300ED89F335000400183D3DB,"PLC, Product detaljeret, Aarhus, Sep. 2023.xlsx",1.575452865064695,T-shirt
13658 T-shirt dame lyseblå Prowear,Alm.slid uden restværdi,1,2164,80,300ED89F335000400183D69D,"PLC, Product detaljeret, Aarhus, Sep. 2023.xlsx",1.1253234750462109,T-shirt
13658 T-shirt dame lyseblå Prowear,Alm.slid uden restværdi,1,2164,89,300ED89F335000400183DB2C,"PLC, Product detaljeret, Aarhus, Sep. 2023.xlsx",1.2519223659889094,T-shirt
13658 T-shirt dame lyseblå Prowear,Alm.slid uden restværdi,1,2163,76,300ED89F3350007FE266C165,"PLC, Product detaljeret, Aarhus, Sep. 2023.xlsx",1.06955154877485,T-shirt
13658 T-shirt dame lyseblå Prowear,Alm.slid uden restværdi,1,2159,96,300ED89F335000400183B46A,"PLC, Product detaljeret, Aarhus, Sep. 2023.xlsx",1.3535155164427977,T-shirt
13658 T-shirt dame lyseblå Prowear,Alm.slid uden restværdi,1,2159,73,300ED89F335000400183D0BA,"PLC, Product detaljeret, Aarhus, Sep. 2023.xlsx",1.0292357572950441,T-shirt
13658 T-shirt dame lyseblå Prowear,Alm.slid uden restværdi,1,2159,78,300ED89F3350007FE266B66C,"PLC, Product detaljeret, Aarhus, Sep. 2023.xlsx",1.099731357109773,T-shirt
13658 T-shirt dame lyseblå Prowear,Alm.slid uden restværdi,1,2154,86,300ED89F335000400183CCD1,"PLC, Product detaljeret, Aarhus, Sep. 2023.xlsx",1.2153389043639742,T-shirt
13658 T-shirt dame lyseblå Prowear,Alm.slid uden restværdi,1,2151,125,300ED89F335000400183D0B5,"PLC, Product detaljeret, Aarhus, Sep. 2023.xlsx",1.7689446768944679,T-shirt
13658 T-shirt dame lyseblå Prowear,Alm.slid uden restværdi,1,2140,85,300ED89F335000400183ADD3,"PLC, Product detaljeret, Aarhus, Sep. 2023.xlsx",1.2090654205607476,T-shirt
13658 T-shirt dame lyseblå Prowear,Alm.slid uden restværdi,1,2139,79,300ED89F335000400183DA6F,"PLC, Product detaljeret, Aarhus, Sep. 2023.xlsx",1.1242449742870502,T-shirt
13658 T-shirt dame lyseblå Prowear,Alm.slid uden restværdi,1,2138,105,300ED89F335000400183CD33,"PLC, Product detaljeret, Aarhus, Sep. 2023.xlsx",1.4949485500467727,T-shirt
13658 T-shirt dame lyseblå Prowear,Alm.slid uden restværdi,1,2108,76,300ED89F3350007FE2678E63,"PLC, Product detaljeret, Aarhus, Sep. 2023.xlsx",1.0974573055028465,T-shirt
13658 T-shirt dame lyseblå Prowear,Alm.slid uden restværdi,1,2107,94,300ED89F3350007FE266CDE1,"PLC, Product detaljeret, Aarhus, Sep. 2023.xlsx",1.3580256288561938,T-shirt
01427 T-shirt unisex lyseblå pb,Alm.slid uden restværdi,1,1883,122,300ED89F33500060009D7E04,"PLC, Product detaljeret, Aarhus, Sep. 2023.xlsx",1.9722145512480087,T-shirt
01427 T-shirt unisex lyseblå pb,Misligholdt med restværdi,1,1784,104,30155C97D461A7C000E80079,"PLC, Product detaljeret, Aarhus, Sep. 2023.xlsx",1.7745291479820628,T-shirt
01427 T-shirt unisex lyseblå pb,Misligholdt med restværdi,1,1784,90,30155C97D461A7C000E80093,"PLC, Product detaljeret, Aarhus, Sep. 2023.xlsx",1.5356502242152468,T-shirt
01427 T-shirt unisex lyseblå pb,Alm.slid uden restværdi,1,1705,93,30155C97D461A7C0016D91E4,"PLC, Product detaljeret, Aarhus, Sep. 2023.xlsx",1.6603636363636363,T-shirt
01427 T-shirt unisex lyseblå pb,Misligholdt med restværdi,1,1688,65,30155C97D461A7C0011798A3,"PLC, Product detaljeret, Aarhus, Sep. 2023.xlsx",1.1721563981042655,T-shirt
01427 T-shirt unisex lyseblå pb,Misligholdt med restværdi,1,1688,68,30155C97D461A7C0011798C3,"PLC, Product detaljeret, Aarhus, Sep. 2023.xlsx",1.2262559241706161,T-shirt
26057 T-shirt k/æ uni lyseblå,Bortkommet med restværdi,1,1344,53,30155C97D461A7C00214BDF7,"PLC, Product detaljeret, Aarhus, Sep. 2023.xlsx",1.2003869047619047,T-shirt
26057 T-shirt k/æ uni lyseblå,Bortkommet med restværdi,1,1344,65,30155C97D461A7C00214BE36,"PLC, Product detaljeret, Aarhus, Sep. 2023.xlsx",1.4721726190476192,T-shirt
26056 T-shirt k/æ dame lyseblå,Alm.slid uden restværdi,1,1338,79,30155C97D461A7C00214BF91,"PLC, Product detaljeret, Aarhus, Sep. 2023.xlsx",1.7972795216741406,T-shirt
01427 T-shirt unisex lyseblå pb,Misligholdt med restværdi,1,1168,76,30155C97D461A7C00268DC14,"PLC, Product detaljeret, Aarhus, Sep. 2023.xlsx",1.9806849315068493,T-shirt
13658 T-shirt dame lyseblå Prowear,Alm.slid uden restværdi,1,1036,46,30155C97D461A6C00016F4C7,"PLC, Product detaljeret, Aarhus, Sep. 2023.xlsx",1.3515830115830116,T-shirt
13658 T-shirt dame lyseblå Prowear,Alm.slid uden restværdi,1,869,52,30155C97D461A6C000306E15,"PLC, Product detaljeret, Aarhus, Sep. 2023.xlsx",1.8214959723820485,T-shirt
13658 T-shirt dame lyseblå Prowear,Alm.slid uden restværdi,1,869,54,30155C97D461A6C000306E98,"PLC, Product detaljeret, Aarhus, Sep. 2023.xlsx",1.891553509781358,T-shirt
13658 T-shirt dame lyseblå Prowear,Alm.slid uden restværdi,1,868,55,30155C97D461A6C000306DB8,"PLC, Product detaljeret, Aarhus, Sep. 2023.xlsx",1.9288018433179726,T-shirt
13658 T-shirt dame lyseblå Prowear,Alm.slid uden restværdi,1,820,37,30155C97D461A6C0002F43A5,"PLC, Product detaljeret, Aarhus, Sep. 2023.xlsx",1.3735121951219513,T-shirt
13658 T-shirt dame lyseblå Prowear,Alm.slid uden restværdi,1,820,30,30155C97D461A6C0002F43D1,"PLC, Product detaljeret, Aarhus, Sep. 2023.xlsx",1.1136585365853657,T-shirt
13658 T-shirt dame lyseblå Prowear,Alm.slid uden restværdi,1,789,44,30155C97D461A6C000B19DBE,"PLC, Product detaljeret, Aarhus, Sep. 2023.xlsx",1.6975411913814957,T-shirt
26056 T-shirt k/æ dame lyseblå,Alm.slid uden restværdi,1,573,27,30155C97D461A6C00084FEBB,"PLC, Product detaljeret, Aarhus, Sep. 2023.xlsx",1.43434554973822,T-shirt
01427 T-shirt unisex lyseblå pb,Ødelagt af lommefyld uden restværdi,1,542,33,30155C97D461A6C000BA09A3,"PLC, Product detaljeret, Aarhus, Sep. 2023.xlsx",1.853357933579336,T-shirt
13658 T-shirt dame lyseblå Prowear,Alm.slid uden restværdi,1,494,25,30155C97D461A6C00070773B,"PLC, Product detaljeret, Aarhus, Sep. 2023.xlsx",1.540485829959514,T-shirt
13658 T-shirt dame lyseblå Prowear,Alm.slid uden restværdi,1,426,21,30155C97D461A6C000EADCE0,"PLC, Product detaljeret, Aarhus, Sep. 2023.xlsx",1.50056338028169,T-shirt
01427 T-shirt unisex lyseblå pb,Alm.slid uden restværdi,1,364,17,30155C97D461A6C000B213C1,"PLC, Product detaljeret, Aarhus, Sep. 2023.xlsx",1.4216483516483518,T-shirt
13658 T-shirt dame lyseblå Prowear,Alm.slid uden restværdi,1,356,13,30155C97D461A6C001602C43,"PLC, Product detaljeret, Aarhus, Sep. 2023.xlsx",1.111573033707865,T-shirt
01427 T-shirt unisex lyseblå pb,Ødelagt af lommefyld uden restværdi,1,342,12,30155C97D461A6C001360776,"PLC, Product detaljeret, Aarhus, Sep. 2023.xlsx",1.0680701754385964,T-shirt
13658 T-shirt dame lyseblå Prowear,Alm.slid uden restværdi,1,336,20,30155C97D461A7C002449625,"PLC, Product detaljeret, Aarhus, Sep. 2023.xlsx",1.811904761904762,T-shirt
26056 T-shirt k/æ dame lyseblå,Alm.slid uden restværdi,1,316,18,30155C97D461A6C00081F08A,"PLC, Product detaljeret, Aarhus, Sep. 2023.xlsx",1.7339240506329114,T-shirt
26056 T-shirt k/æ dame lyseblå,Alm.slid uden restværdi,1,248,11,30155C97D461A7C002678CA7,"PLC, Product detaljeret, Aarhus, Sep. 2023.xlsx",1.3501612903225808,T-shirt
26056 T-shirt k/æ dame lyseblå,Alm.slid uden restværdi,1,241,14,30155C97D461A6C0018E5628,"PLC, Product detaljeret, Aarhus, Sep. 2023.xlsx",1.7682987551867222,T-shirt
13658 T-shirt dame lyseblå Prowear,Bortkommet med restværdi,1,226,8,30155C97D461A6C0018F1FDD,"PLC, Product detaljeret, Aarhus, Sep. 2023.xlsx",1.0775221238938053,T-shirt
01427 T-shirt unisex lyseblå pb,Alm.slid uden restværdi,1,224,8,30155C97D461A4C000D6EACE,"PLC, Product detaljeret, Aarhus, Sep. 2023.xlsx",1.0871428571428572,T-shirt
13658 T-shirt dame lyseblå Prowear,Alm.slid uden restværdi,1,217,11,30155C97D461A4C000D6F380,"PLC, Product detaljeret, Aarhus, Sep. 2023.xlsx",1.5430414746543781,T-shirt
13658 T-shirt dame lyseblå Prowear,Alm.slid uden restværdi,1,217,9,30155C97D461A4C000D6F3A9,"PLC, Product detaljeret, Aarhus, Sep. 2023.xlsx",1.262488479262673,T-shirt
13658 T-shirt dame lyseblå Prowear,Alm.slid uden restværdi,1,217,11,30155C97D461A4C000D6F3B0,"PLC, Product detaljeret, Aarhus, Sep. 2023.xlsx",1.5430414746543781,T-shirt
13658 T-shirt dame lyseblå Prowear,Alm.slid uden restværdi,1,214,9,30155C97D461A4C000D700F5,"PLC, Product detaljeret, Aarhus, Sep. 2023.xlsx",1.2801869158878505,T-shirt
13658 T-shirt dame lyseblå Prowear,Alm.slid uden restværdi,1,208,10,30155C97D461A4C000F4A1F5,"PLC, Product detaljeret, Aarhus, Sep. 2023.xlsx",1.4634615384615386,T-shirt
13658 T-shirt dame lyseblå Prowear,Alm.slid uden restværdi,1,208,12,30155C97D461A4C000F4A2B4,"PLC, Product detaljeret, Aarhus, Sep. 2023.xlsx",1.7561538461538464,T-shirt
13658 T-shirt dame lyseblå Prowear,Alm.slid uden restværdi,1,208,9,30155C97D461A4C000F4A30A,"PLC, Product detaljeret, Aarhus, Sep. 2023.xlsx",1.3171153846153847,T-shirt
01427 T-shirt unisex lyseblå pb,BTS fejl uden restværdi,1,182,10,30155C97D461A6C0018F32AC,"PLC, Product detaljeret, Aarhus, Sep. 2023.xlsx",1.6725274725274726,T-shirt
13658 T-shirt dame lyseblå Prowear,Alm.slid uden restværdi,1,124,5,30155C97D461A4C000C2C692,"PLC, Product detaljeret, Aarhus, Sep. 2023.xlsx",1.2274193548387098,T-shirt
26055 T-shirt 1/2 ærme da lyseblå,Alm.slid uden restværdi,1,91,5,30155C97D461A4C00141B41F,"PLC, Product detaljeret, Aarhus, Sep. 2023.xlsx",1.6725274725274726,T-shirt
