Produkt - Produkt,Kassationsårsag (ui),Stk. tøj per kassationsdato,Dage i cirkulation,Total antal vask,Unik Kode (ui),Måned,Vask per måned,Kategori
10989 Poloshirt Sort Prowear,Bortkommet med restværdi,1,1022,37,30155C97D461A7C0023CC541,"PLC, Product detaljeret, Aarhus, Apr. 2023.xlsx",1.1020352250489236,Polo
10989 Poloshirt Sort Prowear,Misligholdt med restværdi,1,267,9,30155C97D461A6C000EAD3E1,"PLC, Product detaljeret, Aarhus, Apr. 2023.xlsx",1.026067415730337,Polo
10989 Poloshirt Sort Prowear,Misligholdt med restværdi,1,267,10,30155C97D461A6C000EAD3E8,"PLC, Product detaljeret, Aarhus, Apr. 2023.xlsx",1.1400749063670412,Polo
10989 Poloshirt Sort Prowear,Misligholdt med restværdi,1,267,12,30155C97D461A6C000EAD400,"PLC, Product detaljeret, Aarhus, Apr. 2023.xlsx",1.3680898876404495,Polo
10989 Poloshirt Sort Prowear,Misligholdt med restværdi,1,267,11,30155C97D461A6C000EAD459,"PLC, Product detaljeret, Aarhus, Apr. 2023.xlsx",1.2540823970037454,Polo
10989 Poloshirt Sort Prowear,Alm.slid uden restværdi,1,1679,62,30155C97D461A7C001561873,"PLC, Product detaljeret, Aarhus, Aug. 2023.xlsx",1.1240500297796308,Polo
10989 Poloshirt Sort Prowear,Bortkommet med restværdi,1,1567,79,30155C97D461A7C001F70F82,"PLC, Product detaljeret, Aarhus, Dec. 2023.xlsx",1.5346266751754947,Polo
12609 Poloshirt pique stretch sort,Misligholdt med restværdi,1,635,29,00D00B8EEBF2,"PLC, Product detaljeret, Aarhus, Dec. 2023.xlsx",1.3901732283464567,Polo
12609 Poloshirt pique stretch sort,Misligholdt med restværdi,1,635,24,00D00B8EFBE3,"PLC, Product detaljeret, Aarhus, Dec. 2023.xlsx",1.150488188976378,Polo
10989 Poloshirt Sort Prowear,Alm.slid uden restværdi,1,624,28,30155C97D461A6C00063F5F5,"PLC, Product detaljeret, Aarhus, Dec. 2023.xlsx",1.365897435897436,Polo
12609 Poloshirt pique stretch sort,Misligholdt med restværdi,1,608,33,00D00B8EF2CC,"PLC, Product detaljeret, Aarhus, Dec. 2023.xlsx",1.6521710526315792,Polo
12609 Poloshirt pique stretch sort,Misligholdt med restværdi,1,608,24,00D00B8EFA48,"PLC, Product detaljeret, Aarhus, Dec. 2023.xlsx",1.201578947368421,Polo
12609 Poloshirt pique stretch sort,Misligholdt med restværdi,1,604,27,00D00B8EB1C5,"PLC, Product detaljeret, Aarhus, Dec. 2023.xlsx",1.360728476821192,Polo
12609 Poloshirt pique stretch sort,Misligholdt med restværdi,1,532,25,00D00B8EA204,"PLC, Product detaljeret, Aarhus, Dec. 2023.xlsx",1.4304511278195489,Polo
12609 Poloshirt pique stretch sort,Misligholdt med restværdi,1,532,25,00D00B8EF0C5,"PLC, Product detaljeret, Aarhus, Dec. 2023.xlsx",1.4304511278195489,Polo
12609 Poloshirt pique stretch sort,Misligholdt med restværdi,1,383,18,00D00B8B6ACD,"PLC, Product detaljeret, Aarhus, Dec. 2023.xlsx",1.4306005221932114,Polo
10980 Poloshirt pro dame sort pb,Misligholdt med restværdi,1,213,13,30155C97D461A7C00228F2C8,"PLC, Product detaljeret, Aarhus, Dec. 2023.xlsx",1.8578403755868544,Polo
10989 Poloshirt Sort Prowear,Udgået Model,1,1385,69,30155C97D461A7C000495542,"PLC, Product detaljeret, Aarhus, Feb. 2023.xlsx",1.5165054151624549,Polo
10989 Poloshirt Sort Prowear,Udgået Model,1,976,51,30155C97D461A7C0023CC57E,"PLC, Product detaljeret, Aarhus, Feb. 2023.xlsx",1.5906147540983608,Polo
10989 Poloshirt Sort Prowear,Udgået Model,1,908,42,30155C97D461A7C0023CC4E6,"PLC, Product detaljeret, Aarhus, Feb. 2023.xlsx",1.4080176211453745,Polo
10989 Poloshirt Sort Prowear,Udgået Model,1,908,43,30155C97D461A7C0023CC4FE,"PLC, Product detaljeret, Aarhus, Feb. 2023.xlsx",1.4415418502202644,Polo
10989 Poloshirt Sort Prowear,Udgået Model,1,798,42,30155C97D461A7C0023CC58F,"PLC, Product detaljeret, Aarhus, Feb. 2023.xlsx",1.6021052631578947,Polo
10989 Poloshirt Sort Prowear,Udgået Model,1,80,4,30155C97D461A6C000305A98,"PLC, Product detaljeret, Aarhus, Feb. 2023.xlsx",1.5220000000000002,Polo
10980 Poloshirt pro dame sort pb,Alm.slid uden restværdi,1,191,9,30155C97D461A7C001F6FCB7,"PLC, Product detaljeret, Aarhus, Jan. 2023.xlsx",1.43434554973822,Polo
10980 Poloshirt pro dame sort pb,Alm.slid uden restværdi,1,139,5,30155C97D461A6C0004A26B5,"PLC, Product detaljeret, Aarhus, Jan. 2023.xlsx",1.0949640287769784,Polo
10989 Poloshirt Sort Prowear,Alm.slid uden restværdi,1,1641,104,30155C97D461A7C001561887,"PLC, Product detaljeret, Aarhus, Jul. 2023.xlsx",1.9291651432053625,Polo
10989 Poloshirt Sort Prowear,Udgået Model,1,1027,42,30155C97D461A7C0027CF2F8,"PLC, Product detaljeret, Aarhus, Jul. 2023.xlsx",1.2448685491723468,Polo
10989 Poloshirt Sort Prowear,Udgået Model,1,1020,55,30155C97D461A7C0027CF168,"PLC, Product detaljeret, Aarhus, Jul. 2023.xlsx",1.641372549019608,Polo
10989 Poloshirt Sort Prowear,Udgået Model,1,1020,54,30155C97D461A7C0027CF175,"PLC, Product detaljeret, Aarhus, Jul. 2023.xlsx",1.6115294117647059,Polo
10989 Poloshirt Sort Prowear,Udgået Model,1,1020,59,30155C97D461A7C0027CF19E,"PLC, Product detaljeret, Aarhus, Jul. 2023.xlsx",1.7607450980392159,Polo
10989 Poloshirt Sort Prowear,Udgået Model,1,1020,61,30155C97D461A7C0027CF1D4,"PLC, Product detaljeret, Aarhus, Jul. 2023.xlsx",1.8204313725490198,Polo
10989 Poloshirt Sort Prowear,Udgået Model,1,1020,65,30155C97D461A7C0027CF1F9,"PLC, Product detaljeret, Aarhus, Jul. 2023.xlsx",1.9398039215686274,Polo
10989 Poloshirt Sort Prowear,Udgået Model,1,2918,102,00D009EF79B4,"PLC, Product detaljeret, Aarhus, Jun. 2023.xlsx",1.064043865661412,Polo
10989 Poloshirt Sort Prowear,Alm.slid uden restværdi,1,1014,59,30155C97D461A7C0027CF149,"PLC, Product detaljeret, Aarhus, Jun. 2023.xlsx",1.771163708086785,Polo
10989 Poloshirt Sort Prowear,Alm.slid uden restværdi,1,1014,52,30155C97D461A7C00294E46B,"PLC, Product detaljeret, Aarhus, Jun. 2023.xlsx",1.5610256410256411,Polo
"29676 Poloshirt l/æ Safety, Sort",Udgået Model,1,242,8,00D00B779E1F,Maj,1.0062809917355373,Polo
10989 Poloshirt Sort Prowear,Alm.slid uden restværdi,1,18,1,30155C97D461A6C0000F6DD2,Maj,1.691111111111111,Polo
10989 Poloshirt Sort Prowear,BTS fejl uden restværdi,1,2529,145,30155C97D461A7C0002EAEC2,"PLC, Product detaljeret, Aarhus, Mar. 2023.xlsx",1.7452748121787267,Polo
10989 Poloshirt Sort Prowear,BTS fejl uden restværdi,1,2529,149,30155C97D461A7C0002EAEC3,"PLC, Product detaljeret, Aarhus, Mar. 2023.xlsx",1.7934203242388298,Polo
10989 Poloshirt Sort Prowear,BTS fejl uden restværdi,1,2529,142,30155C97D461A7C0002EAEE8,"PLC, Product detaljeret, Aarhus, Mar. 2023.xlsx",1.7091656781336497,Polo
10989 Poloshirt Sort Prowear,BTS fejl uden restværdi,1,2529,142,30155C97D461A7C0002EAF0D,"PLC, Product detaljeret, Aarhus, Mar. 2023.xlsx",1.7091656781336497,Polo
10989 Poloshirt Sort Prowear,BTS fejl uden restværdi,1,2529,139,30155C97D461A7C0002EAF22,"PLC, Product detaljeret, Aarhus, Mar. 2023.xlsx",1.6730565440885725,Polo
10989 Poloshirt Sort Prowear,BTS fejl uden restværdi,1,2376,99,30155C97D461A7C00031BBD6,"PLC, Product detaljeret, Aarhus, Mar. 2023.xlsx",1.2683333333333333,Polo
10989 Poloshirt Sort Prowear,BTS fejl uden restværdi,1,2296,91,30155C97D461A7C0003216E5,"PLC, Product detaljeret, Aarhus, Mar. 2023.xlsx",1.2064634146341464,Polo
10989 Poloshirt Sort Prowear,BTS fejl uden restværdi,1,1417,57,30155C97D461A7C001D4DC0D,"PLC, Product detaljeret, Aarhus, Mar. 2023.xlsx",1.2244742413549754,Polo
10989 Poloshirt Sort Prowear,BTS fejl uden restværdi,1,1394,69,30155C97D461A7C00211EFE6,"PLC, Product detaljeret, Aarhus, Mar. 2023.xlsx",1.5067144906743186,Polo
10989 Poloshirt Sort Prowear,Alm.slid uden restværdi,1,1315,53,30155C97D461A7C0004BC1B6,"PLC, Product detaljeret, Aarhus, Mar. 2023.xlsx",1.2268593155893537,Polo
10989 Poloshirt Sort Prowear,Udgået Model,1,980,35,30155C97D461A7C002689AB8,"PLC, Product detaljeret, Aarhus, Mar. 2023.xlsx",1.0871428571428572,Polo
10989 Poloshirt Sort Prowear,Udgået Model,1,920,53,30155C97D461A7C0023CC436,"PLC, Product detaljeret, Aarhus, Mar. 2023.xlsx",1.753608695652174,Polo
10989 Poloshirt Sort Prowear,Udgået Model,1,920,47,30155C97D461A7C0023CC596,"PLC, Product detaljeret, Aarhus, Mar. 2023.xlsx",1.5550869565217393,Polo
10989 Poloshirt Sort Prowear,Udgået Model,1,915,44,30155C97D461A7C0023CC4EA,"PLC, Product detaljeret, Aarhus, Mar. 2023.xlsx",1.4637814207650275,Polo
10989 Poloshirt Sort Prowear,Udgået Model,1,812,51,30155C97D461A6C0000F9196,"PLC, Product detaljeret, Aarhus, Mar. 2023.xlsx",1.9118719211822663,Polo
10989 Poloshirt Sort Prowear,Udgået Model,1,805,34,00D009EF9008,"PLC, Product detaljeret, Aarhus, Mar. 2023.xlsx",1.285664596273292,Polo
10989 Poloshirt Sort Prowear,Alm.slid uden restværdi,1,597,33,30155C97D461A6C00063F651,"PLC, Product detaljeret, Aarhus, Nov. 2023.xlsx",1.6826130653266334,Polo
10989 Poloshirt Sort Prowear,Misligholdt med restværdi,1,591,31,30155C97D461A6C00063F5EA,"PLC, Product detaljeret, Aarhus, Nov. 2023.xlsx",1.5966835871404401,Polo
10989 Poloshirt Sort Prowear,Misligholdt med restværdi,1,591,30,30155C97D461A6C00063F627,"PLC, Product detaljeret, Aarhus, Nov. 2023.xlsx",1.5451776649746194,Polo
10989 Poloshirt Sort Prowear,Misligholdt med restværdi,1,591,33,30155C97D461A6C00063F657,"PLC, Product detaljeret, Aarhus, Nov. 2023.xlsx",1.6996954314720814,Polo
10980 Poloshirt pro dame sort pb,Alm.slid uden restværdi,1,251,11,30155C97D461A7C001F6FD07,"PLC, Product detaljeret, Aarhus, Nov. 2023.xlsx",1.3340239043824702,Polo
26466 Poloshirt m/trykknap sort,Misligholdt med restværdi,1,120,5,30155C97D461A4C000D7D697,"PLC, Product detaljeret, Aarhus, Nov. 2023.xlsx",1.2683333333333333,Polo
10989 Poloshirt Sort Prowear,Alm.slid uden restværdi,1,1529,79,30155C97D461A7C001F70F26,"PLC, Product detaljeret, Aarhus, Okt. 2023.xlsx",1.5727665140614782,Polo
10989 Poloshirt Sort Prowear,Alm.slid uden restværdi,1,1529,85,30155C97D461A7C001F70F77,"PLC, Product detaljeret, Aarhus, Okt. 2023.xlsx",1.692217135382603,Polo
10989 Poloshirt Sort Prowear,Alm.slid uden restværdi,1,1529,67,30155C97D461A7C001F7100D,"PLC, Product detaljeret, Aarhus, Okt. 2023.xlsx",1.3338652714192283,Polo
10989 Poloshirt Sort Prowear,Alm.slid uden restværdi,1,1529,67,30155C97D461A7C001F71051,"PLC, Product detaljeret, Aarhus, Okt. 2023.xlsx",1.3338652714192283,Polo
10989 Poloshirt Sort Prowear,Alm.slid uden restværdi,1,1522,87,30155C97D461A7C001F70FC9,"PLC, Product detaljeret, Aarhus, Okt. 2023.xlsx",1.74,Polo
10989 Poloshirt Sort Prowear,Alm.slid uden restværdi,1,1522,81,30155C97D461A7C001F70FF3,"PLC, Product detaljeret, Aarhus, Okt. 2023.xlsx",1.62,Polo
10989 Poloshirt Sort Prowear,Alm.slid uden restværdi,1,1522,71,30155C97D461A7C001F71092,"PLC, Product detaljeret, Aarhus, Okt. 2023.xlsx",1.42,Polo
10989 Poloshirt Sort Prowear,Alm.slid uden restværdi,1,1513,74,30155C97D461A7C001F70F65,"PLC, Product detaljeret, Aarhus, Okt. 2023.xlsx",1.4888037012557833,Polo
10989 Poloshirt Sort Prowear,Alm.slid uden restværdi,1,1203,42,30155C97D461A7C002693173,"PLC, Product detaljeret, Aarhus, Okt. 2023.xlsx",1.0627431421446383,Polo
12609 Poloshirt pique stretch sort,Misligholdt med restværdi,1,223,11,00D00B8C0EAF,"PLC, Product detaljeret, Aarhus, Okt. 2023.xlsx",1.50152466367713,Polo
10989 Poloshirt Sort Prowear,BTS fejl uden restværdi,1,188,7,30155C97D461A6C001603EE5,"PLC, Product detaljeret, Aarhus, Okt. 2023.xlsx",1.133404255319149,Polo
26466 Poloshirt m/trykknap sort,Misligholdt med restværdi,1,106,5,30155C97D461A4C000D7D606,"PLC, Product detaljeret, Aarhus, Okt. 2023.xlsx",1.4358490566037738,Polo
26466 Poloshirt m/trykknap sort,Misligholdt med restværdi,1,106,5,30155C97D461A4C000D7D612,"PLC, Product detaljeret, Aarhus, Okt. 2023.xlsx",1.4358490566037738,Polo
26466 Poloshirt m/trykknap sort,Misligholdt med restværdi,1,99,5,30155C97D461A4C000D7D5DA,"PLC, Product detaljeret, Aarhus, Okt. 2023.xlsx",1.5373737373737375,Polo
26466 Poloshirt m/trykknap sort,Misligholdt med restværdi,1,99,4,30155C97D461A4C000D7D61C,"PLC, Product detaljeret, Aarhus, Okt. 2023.xlsx",1.22989898989899,Polo
26466 Poloshirt m/trykknap sort,Misligholdt med restværdi,1,99,5,30155C97D461A4C000D7D661,"PLC, Product detaljeret, Aarhus, Okt. 2023.xlsx",1.5373737373737375,Polo
26466 Poloshirt m/trykknap sort,Misligholdt med restværdi,1,99,4,30155C97D461A4C000D7D76F,"PLC, Product detaljeret, Aarhus, Okt. 2023.xlsx",1.22989898989899,Polo
26466 Poloshirt m/trykknap sort,Misligholdt med restværdi,1,99,4,30155C97D461A4C000F688A6,"PLC, Product detaljeret, Aarhus, Okt. 2023.xlsx",1.22989898989899,Polo
26466 Poloshirt m/trykknap sort,Misligholdt med restværdi,1,97,4,30155C97D461A4C000D7D5E1,"PLC, Product detaljeret, Aarhus, Okt. 2023.xlsx",1.255257731958763,Polo
26466 Poloshirt m/trykknap sort,Misligholdt med restværdi,1,97,4,30155C97D461A4C000D7D5E3,"PLC, Product detaljeret, Aarhus, Okt. 2023.xlsx",1.255257731958763,Polo
10989 Poloshirt Sort Prowear,Alm.slid uden restværdi,1,1700,59,30155C97D461A7C000BC1A27,"PLC, Product detaljeret, Aarhus, Sep. 2023.xlsx",1.0564470588235295,Polo
10989 Poloshirt Sort Prowear,Alm.slid uden restværdi,1,883,32,30155C97D461A6C0002F2176,"PLC, Product detaljeret, Aarhus, Sep. 2023.xlsx",1.1031483578708947,Polo
10989 Poloshirt Sort Prowear,Alm.slid uden restværdi,1,883,30,30155C97D461A6C0002F2191,"PLC, Product detaljeret, Aarhus, Sep. 2023.xlsx",1.0342015855039637,Polo
10989 Poloshirt Sort Prowear,Alm.slid uden restværdi,1,883,30,30155C97D461A6C0002F22AD,"PLC, Product detaljeret, Aarhus, Sep. 2023.xlsx",1.0342015855039637,Polo
10989 Poloshirt Sort Prowear,Alm.slid uden restværdi,1,815,35,30155C97D461A6C0002F220D,"PLC, Product detaljeret, Aarhus, Sep. 2023.xlsx",1.3072392638036812,Polo
10989 Poloshirt Sort Prowear,Alm.slid uden restværdi,1,815,38,30155C97D461A6C0002F2261,"PLC, Product detaljeret, Aarhus, Sep. 2023.xlsx",1.4192883435582824,Polo
10989 Poloshirt Sort Prowear,Misligholdt med restværdi,1,765,44,30155C97D461A6C000B17E19,"PLC, Product detaljeret, Aarhus, Sep. 2023.xlsx",1.750797385620915,Polo
10989 Poloshirt Sort Prowear,Udgået Model,1,539,19,30155C97D461A6C00063F589,"PLC, Product detaljeret, Aarhus, Sep. 2023.xlsx",1.0730241187384044,Polo
26466 Poloshirt m/trykknap sort,BTS fejl uden restværdi,1,69,4,30155C97D461A4C000D7D75E,"PLC, Product detaljeret, Aarhus, Sep. 2023.xlsx",1.7646376811594204,Polo
10989 Poloshirt Sort Prowear,Alm.slid uden restværdi,1,50,2,30155C97D461A4C00066A1A0,"PLC, Product detaljeret, Aarhus, Sep. 2023.xlsx",1.2176,Polo
05257 T-Shirt Pro Sort K/Æ,Misligholdt med restværdi,1,2816,136,00D009F55D4F,"PLC, Product detaljeret, Aarhus, Apr. 2023.xlsx",1.4701136363636365,T-shirt
08376 T-shirt lady sort k/æ pb,Bortkommet med restværdi,1,2767,92,00D009F0A30D,"PLC, Product detaljeret, Aarhus, Apr. 2023.xlsx",1.0120997470184316,T-shirt
08376 T-shirt lady sort k/æ pb,Bortkommet med restværdi,1,2767,103,00D009F0A7A1,"PLC, Product detaljeret, Aarhus, Apr. 2023.xlsx",1.1331116732923745,T-shirt
05257 T-Shirt Pro Sort K/Æ,Udgået Model,1,2461,92,30155C97D461A7C0004BCB1C,"PLC, Product detaljeret, Aarhus, Apr. 2023.xlsx",1.1379439252336447,T-shirt
05257 T-Shirt Pro Sort K/Æ,Bortkommet med restværdi,1,2410,87,30155C97D461A7C00032086B,"PLC, Product detaljeret, Aarhus, Apr. 2023.xlsx",1.0988713692946057,T-shirt
05257 T-Shirt Pro Sort K/Æ,Bortkommet med restværdi,1,2263,83,30155C97D461A7C0008B1193,"PLC, Product detaljeret, Aarhus, Apr. 2023.xlsx",1.1164471939902785,T-shirt
05257 T-Shirt Pro Sort K/Æ,Bortkommet med restværdi,1,2151,93,30155C97D461A7C000A03217,"PLC, Product detaljeret, Aarhus, Apr. 2023.xlsx",1.316094839609484,T-shirt
05257 T-Shirt Pro Sort K/Æ,Udgået Model,1,2133,110,30155C97D461A7C000BB04C6,"PLC, Product detaljeret, Aarhus, Apr. 2023.xlsx",1.5698077824660104,T-shirt
05257 T-Shirt Pro Sort K/Æ,Udgået Model,1,2133,109,30155C97D461A7C000BB05EE,"PLC, Product detaljeret, Aarhus, Apr. 2023.xlsx",1.5555368026254102,T-shirt
05257 T-Shirt Pro Sort K/Æ,Misligholdt med restværdi,1,2064,76,30155C97D461A7C000B0C6AD,"PLC, Product detaljeret, Aarhus, Apr. 2023.xlsx",1.1208527131782946,T-shirt
05257 T-Shirt Pro Sort K/Æ,Bortkommet med restværdi,1,2038,77,30155C97D461A7C000A04BCB,"PLC, Product detaljeret, Aarhus, Apr. 2023.xlsx",1.1500883218842002,T-shirt
05257 T-Shirt Pro Sort K/Æ,Bortkommet med restværdi,1,2036,82,30155C97D461A7C000A09226,"PLC, Product detaljeret, Aarhus, Apr. 2023.xlsx",1.2259724950884088,T-shirt
05257 T-Shirt Pro Sort K/Æ,Bortkommet med restværdi,1,1834,61,30155C97D461A7C000BA07D5,"PLC, Product detaljeret, Aarhus, Apr. 2023.xlsx",1.012453653217012,T-shirt
05257 T-Shirt Pro Sort K/Æ,Alm.slid uden restværdi,1,1828,66,30155C97D461A7C001133E17,"PLC, Product detaljeret, Aarhus, Apr. 2023.xlsx",1.0990371991247265,T-shirt
05257 T-Shirt Pro Sort K/Æ,Misligholdt med restværdi,1,1800,80,30155C97D461A7C001306821,"PLC, Product detaljeret, Aarhus, Apr. 2023.xlsx",1.352888888888889,T-shirt
05257 T-Shirt Pro Sort K/Æ,Misligholdt med restværdi,1,1800,109,30155C97D461A7C00130688B,"PLC, Product detaljeret, Aarhus, Apr. 2023.xlsx",1.8433111111111111,T-shirt
05257 T-Shirt Pro Sort K/Æ,Misligholdt med restværdi,1,1800,90,30155C97D461A7C0013068C7,"PLC, Product detaljeret, Aarhus, Apr. 2023.xlsx",1.5220000000000002,T-shirt
05257 T-Shirt Pro Sort K/Æ,Misligholdt med restværdi,1,1793,95,30155C97D461A7C001306879,"PLC, Product detaljeret, Aarhus, Apr. 2023.xlsx",1.6128276631344116,T-shirt
05257 T-Shirt Pro Sort K/Æ,Misligholdt med restværdi,1,1494,61,30155C97D461A7C0016D5EC1,"PLC, Product detaljeret, Aarhus, Apr. 2023.xlsx",1.242864792503347,T-shirt
05257 T-Shirt Pro Sort K/Æ,Misligholdt med restværdi,1,1494,65,30155C97D461A7C0016D5F43,"PLC, Product detaljeret, Aarhus, Apr. 2023.xlsx",1.324364123159304,T-shirt
05257 T-Shirt Pro Sort K/Æ,Misligholdt med restværdi,1,1494,61,30155C97D461A7C0016D6039,"PLC, Product detaljeret, Aarhus, Apr. 2023.xlsx",1.242864792503347,T-shirt
05257 T-Shirt Pro Sort K/Æ,Bortkommet med restværdi,1,1482,60,30155C97D461A7C00156969A,"PLC, Product detaljeret, Aarhus, Apr. 2023.xlsx",1.2323886639676114,T-shirt
06271 T-shirt L/Æ prowear sort,BTS fejl uden restværdi,1,1392,61,30155C97D461A7C00211E871,"PLC, Product detaljeret, Aarhus, Apr. 2023.xlsx",1.3339367816091956,T-shirt
05257 T-Shirt Pro Sort K/Æ,Udgået Model,1,1300,54,30155C97D461A7C001F6F979,"PLC, Product detaljeret, Aarhus, Apr. 2023.xlsx",1.2644307692307692,T-shirt
13854 T-shirt stretch uni sort,Alm.slid uden restværdi,1,1268,54,30155C97D461A7C00228F25D,"PLC, Product detaljeret, Aarhus, Apr. 2023.xlsx",1.2963406940063091,T-shirt
13854 T-shirt stretch uni sort,Alm.slid uden restværdi,1,1268,58,30155C97D461A7C00228F268,"PLC, Product detaljeret, Aarhus, Apr. 2023.xlsx",1.3923659305993692,T-shirt
13854 T-shirt stretch uni sort,Alm.slid uden restværdi,1,1268,62,30155C97D461A7C00228F325,"PLC, Product detaljeret, Aarhus, Apr. 2023.xlsx",1.488391167192429,T-shirt
13854 T-shirt stretch uni sort,Alm.slid uden restværdi,1,1257,56,30155C97D461A7C0021203DC,"PLC, Product detaljeret, Aarhus, Apr. 2023.xlsx",1.356117740652347,T-shirt
05257 T-Shirt Pro Sort K/Æ,Bortkommet med restværdi,1,1245,51,30155C97D461A7C0022A8D65,"PLC, Product detaljeret, Aarhus, Apr. 2023.xlsx",1.2469397590361446,T-shirt
13854 T-shirt stretch uni sort,Alm.slid uden restværdi,1,1190,45,30155C97D461A7C002114F42,"PLC, Product detaljeret, Aarhus, Apr. 2023.xlsx",1.15109243697479,T-shirt
13854 T-shirt stretch uni sort,Alm.slid uden restværdi,1,1159,42,30155C97D461A7C002114EE8,"PLC, Product detaljeret, Aarhus, Apr. 2023.xlsx",1.1030888697152719,T-shirt
05257 T-Shirt Pro Sort K/Æ,Udgået Model,1,1131,54,30155C97D461A7C0020E8474,"PLC, Product detaljeret, Aarhus, Apr. 2023.xlsx",1.453368700265252,T-shirt
05257 T-Shirt Pro Sort K/Æ,Alm.slid uden restværdi,1,1001,55,30155C97D461A7C0023AD757,"PLC, Product detaljeret, Aarhus, Apr. 2023.xlsx",1.6725274725274726,T-shirt
05257 T-Shirt Pro Sort K/Æ,Alm.slid uden restværdi,1,1001,54,30155C97D461A7C0023AD7B1,"PLC, Product detaljeret, Aarhus, Apr. 2023.xlsx",1.6421178821178821,T-shirt
05257 T-Shirt Pro Sort K/Æ,Misligholdt med restværdi,1,1000,51,30155C97D461A7C0023AD71B,"PLC, Product detaljeret, Aarhus, Apr. 2023.xlsx",1.55244,T-shirt
05257 T-Shirt Pro Sort K/Æ,Misligholdt med restværdi,1,991,56,30155C97D461A7C0023AD764,"PLC, Product detaljeret, Aarhus, Apr. 2023.xlsx",1.7201210898082746,T-shirt
24120 T-shirt l/æ Flamestat sort,Misligholdt med restværdi,1,946,32,30155C97D461A7C0022FA7B8,"PLC, Product detaljeret, Aarhus, Apr. 2023.xlsx",1.0296828752642706,T-shirt
05257 T-Shirt Pro Sort K/Æ,Misligholdt med restværdi,1,870,34,30155C97D461A7C002913A2F,"PLC, Product detaljeret, Aarhus, Apr. 2023.xlsx",1.189609195402299,T-shirt
13854 T-shirt stretch uni sort,Alm.slid uden restværdi,1,836,37,30155C97D461A6C0000F919F,"PLC, Product detaljeret, Aarhus, Apr. 2023.xlsx",1.3472248803827753,T-shirt
05257 T-Shirt Pro Sort K/Æ,Udgået Model,1,781,49,30155C97D461A6C0002F46A0,"PLC, Product detaljeret, Aarhus, Apr. 2023.xlsx",1.909807938540333,T-shirt
08376 T-shirt lady sort k/æ pb,Bortkommet med restværdi,1,734,42,30155C97D461A6C0000F5ADD,"PLC, Product detaljeret, Aarhus, Apr. 2023.xlsx",1.7417983651226159,T-shirt
05257 T-Shirt Pro Sort K/Æ,Alm.slid uden restværdi,1,697,45,30155C97D461A6C00039F0E8,"PLC, Product detaljeret, Aarhus, Apr. 2023.xlsx",1.9652797704447633,T-shirt
06271 T-shirt L/Æ prowear sort,BTS fejl uden restværdi,1,638,31,30155C97D461A6C0002CEA32,"PLC, Product detaljeret, Aarhus, Apr. 2023.xlsx",1.4790595611285267,T-shirt
06271 T-shirt L/Æ prowear sort,BTS fejl uden restværdi,1,555,20,30155C97D461A6C0005CCDAA,"PLC, Product detaljeret, Aarhus, Apr. 2023.xlsx",1.096936936936937,T-shirt
05257 T-Shirt Pro Sort K/Æ,Misligholdt med restværdi,1,503,26,30155C97D461A6C0012FD940,"PLC, Product detaljeret, Aarhus, Apr. 2023.xlsx",1.5734393638170976,T-shirt
06271 T-shirt L/Æ prowear sort,Alm.slid uden restværdi,1,502,23,30155C97D461A6C0015C6182,"PLC, Product detaljeret, Aarhus, Apr. 2023.xlsx",1.3946613545816733,T-shirt
05257 T-Shirt Pro Sort K/Æ,Misligholdt med restværdi,1,487,24,30155C97D461A6C001059A18,"PLC, Product detaljeret, Aarhus, Apr. 2023.xlsx",1.500123203285421,T-shirt
05257 T-Shirt Pro Sort K/Æ,Misligholdt med restværdi,1,460,18,30155C97D461A6C001059BC7,"PLC, Product detaljeret, Aarhus, Apr. 2023.xlsx",1.1911304347826088,T-shirt
13854 T-shirt stretch uni sort,Alm.slid uden restværdi,1,439,16,30155C97D461A6C001065635,"PLC, Product detaljeret, Aarhus, Apr. 2023.xlsx",1.1094305239179953,T-shirt
13854 T-shirt stretch uni sort,Alm.slid uden restværdi,1,439,15,30155C97D461A6C00106573E,"PLC, Product detaljeret, Aarhus, Apr. 2023.xlsx",1.0400911161731208,T-shirt
05257 T-Shirt Pro Sort K/Æ,Misligholdt med restværdi,1,400,19,30155C97D461A6C000E31FD7,"PLC, Product detaljeret, Aarhus, Apr. 2023.xlsx",1.4459000000000002,T-shirt
05257 T-Shirt Pro Sort K/Æ,Alm.slid uden restværdi,1,292,10,30155C97D461A4C000932EE3,"PLC, Product detaljeret, Aarhus, Apr. 2023.xlsx",1.0424657534246575,T-shirt
24120 T-shirt l/æ Flamestat sort,Misligholdt med restværdi,1,285,12,30155C97D461A4C00066A011,"PLC, Product detaljeret, Aarhus, Apr. 2023.xlsx",1.2816842105263158,T-shirt
05257 T-Shirt Pro Sort K/Æ,Misligholdt med restværdi,1,283,10,30155C97D461A4C000932E53,"PLC, Product detaljeret, Aarhus, Apr. 2023.xlsx",1.075618374558304,T-shirt
05257 T-Shirt Pro Sort K/Æ,Alm.slid uden restværdi,1,280,12,30155C97D461A4C000932E01,"PLC, Product detaljeret, Aarhus, Apr. 2023.xlsx",1.3045714285714287,T-shirt
05257 T-Shirt Pro Sort K/Æ,Misligholdt med restværdi,1,208,7,30155C97D461A6C0016009A4,"PLC, Product detaljeret, Aarhus, Apr. 2023.xlsx",1.0244230769230769,T-shirt
05257 T-Shirt Pro Sort K/Æ,Misligholdt med restværdi,1,206,7,30155C97D461A6C001600A30,"PLC, Product detaljeret, Aarhus, Apr. 2023.xlsx",1.034368932038835,T-shirt
05257 T-Shirt Pro Sort K/Æ,Misligholdt med restværdi,1,178,9,30155C97D461A6C000EAA05F,"PLC, Product detaljeret, Aarhus, Apr. 2023.xlsx",1.5391011235955057,T-shirt
05257 T-Shirt Pro Sort K/Æ,Misligholdt med restværdi,1,178,7,30155C97D461A6C0010DF596,"PLC, Product detaljeret, Aarhus, Apr. 2023.xlsx",1.1970786516853933,T-shirt
05257 T-Shirt Pro Sort K/Æ,Misligholdt med restværdi,1,178,7,30155C97D461A6C0010DF628,"PLC, Product detaljeret, Aarhus, Apr. 2023.xlsx",1.1970786516853933,T-shirt
05257 T-Shirt Pro Sort K/Æ,Misligholdt med restværdi,1,178,10,30155C97D461A6C001603385,"PLC, Product detaljeret, Aarhus, Apr. 2023.xlsx",1.7101123595505618,T-shirt
05257 T-Shirt Pro Sort K/Æ,Misligholdt med restværdi,1,79,5,30155C97D461A6C001A67087,"PLC, Product detaljeret, Aarhus, Apr. 2023.xlsx",1.926582278481013,T-shirt
05257 T-Shirt Pro Sort K/Æ,Misligholdt med restværdi,1,79,5,30155C97D461A6C001A670A4,"PLC, Product detaljeret, Aarhus, Apr. 2023.xlsx",1.926582278481013,T-shirt
05257 T-Shirt Pro Sort K/Æ,Misligholdt med restværdi,1,53,3,30155C97D461A4C000F31A87,"PLC, Product detaljeret, Aarhus, Apr. 2023.xlsx",1.7230188679245284,T-shirt
05257 T-Shirt Pro Sort K/Æ,Alm.slid uden restværdi,1,2902,121,00D009F132CB,"PLC, Product detaljeret, Aarhus, Aug. 2023.xlsx",1.2692074431426603,T-shirt
08376 T-shirt lady sort k/æ pb,Udgået Model,1,2894,102,00D009C18596,"PLC, Product detaljeret, Aarhus, Aug. 2023.xlsx",1.07286800276434,T-shirt
08376 T-shirt lady sort k/æ pb,Udgået Model,1,2884,107,00D009C15175,"PLC, Product detaljeret, Aarhus, Aug. 2023.xlsx",1.1293619972260749,T-shirt
05257 T-Shirt Pro Sort K/Æ,Udgået Model,1,2877,113,00D009C1633D,"PLC, Product detaljeret, Aarhus, Aug. 2023.xlsx",1.1955926312130691,T-shirt
05257 T-Shirt Pro Sort K/Æ,Misligholdt med restværdi,1,2788,109,00D00A43D4C4,"PLC, Product detaljeret, Aarhus, Aug. 2023.xlsx",1.1900860832137732,T-shirt
05257 T-Shirt Pro Sort K/Æ,Alm.slid uden restværdi,1,2744,133,00D009C23E65,"PLC, Product detaljeret, Aarhus, Aug. 2023.xlsx",1.4754081632653062,T-shirt
05257 T-Shirt Pro Sort K/Æ,Udgået Model,1,2666,129,00D009C2431F,"PLC, Product detaljeret, Aarhus, Aug. 2023.xlsx",1.4729032258064516,T-shirt
08376 T-shirt lady sort k/æ pb,Udgået Model,1,2607,125,30155C97D461A7C0004BCAD9,"PLC, Product detaljeret, Aarhus, Aug. 2023.xlsx",1.4595320291522822,T-shirt
08376 T-shirt lady sort k/æ pb,Udgået Model,1,2607,125,30155C97D461A7C0004BCAF7,"PLC, Product detaljeret, Aarhus, Aug. 2023.xlsx",1.4595320291522822,T-shirt
08376 T-shirt lady sort k/æ pb,Udgået Model,1,2607,111,30155C97D461A7C0004BCAFA,"PLC, Product detaljeret, Aarhus, Aug. 2023.xlsx",1.2960644418872267,T-shirt
08376 T-shirt lady sort k/æ pb,Udgået Model,1,2607,110,30155C97D461A7C0004BCAFE,"PLC, Product detaljeret, Aarhus, Aug. 2023.xlsx",1.2843881856540085,T-shirt
08376 T-shirt lady sort k/æ pb,Udgået Model,1,2607,87,30155C97D461A7C0004BCB06,"PLC, Product detaljeret, Aarhus, Aug. 2023.xlsx",1.0158342922899883,T-shirt
08376 T-shirt lady sort k/æ pb,Udgået Model,1,2607,122,30155C97D461A7C0004BCB09,"PLC, Product detaljeret, Aarhus, Aug. 2023.xlsx",1.4245032604526278,T-shirt
08376 T-shirt lady sort k/æ pb,Udgået Model,1,2607,123,30155C97D461A7C0004BCB13,"PLC, Product detaljeret, Aarhus, Aug. 2023.xlsx",1.436179516685846,T-shirt
08376 T-shirt lady sort k/æ pb,Udgået Model,1,2607,112,30155C97D461A7C0004BCB2A,"PLC, Product detaljeret, Aarhus, Aug. 2023.xlsx",1.307740698120445,T-shirt
08376 T-shirt lady sort k/æ pb,Udgået Model,1,2607,118,30155C97D461A7C0004BCB59,"PLC, Product detaljeret, Aarhus, Aug. 2023.xlsx",1.3777982355197547,T-shirt
05257 T-Shirt Pro Sort K/Æ,Bortkommet med restværdi,1,2407,109,30155C97D461A7C0009FFFB4,"PLC, Product detaljeret, Aarhus, Aug. 2023.xlsx",1.378462816784379,T-shirt
05257 T-Shirt Pro Sort K/Æ,Udgået Model,1,2397,132,30155C97D461A7C0009FFE07,"PLC, Product detaljeret, Aarhus, Aug. 2023.xlsx",1.6762953692115146,T-shirt
05257 T-Shirt Pro Sort K/Æ,Udgået Model,1,2397,120,30155C97D461A7C0009FFE54,"PLC, Product detaljeret, Aarhus, Aug. 2023.xlsx",1.5239048811013767,T-shirt
05257 T-Shirt Pro Sort K/Æ,Udgået Model,1,2397,101,30155C97D461A7C0009FFEEC,"PLC, Product detaljeret, Aarhus, Aug. 2023.xlsx",1.2826199415936588,T-shirt
05257 T-Shirt Pro Sort K/Æ,Udgået Model,1,2397,103,30155C97D461A7C0009FFF8B,"PLC, Product detaljeret, Aarhus, Aug. 2023.xlsx",1.3080183562786818,T-shirt
05257 T-Shirt Pro Sort K/Æ,Misligholdt med restværdi,1,1919,69,30155C97D461A7C000B178BA,"PLC, Product detaljeret, Aarhus, Aug. 2023.xlsx",1.0945075560187598,T-shirt
08376 T-shirt lady sort k/æ pb,Misligholdt med restværdi,1,1608,81,30155C97D461A7C0020A7310,"PLC, Product detaljeret, Aarhus, Aug. 2023.xlsx",1.533358208955224,T-shirt
08376 T-shirt lady sort k/æ pb,Misligholdt med restværdi,1,1608,84,30155C97D461A7C0020A732D,"PLC, Product detaljeret, Aarhus, Aug. 2023.xlsx",1.5901492537313433,T-shirt
08376 T-shirt lady sort k/æ pb,Misligholdt med restværdi,1,1608,81,30155C97D461A7C0020A737A,"PLC, Product detaljeret, Aarhus, Aug. 2023.xlsx",1.533358208955224,T-shirt
08376 T-shirt lady sort k/æ pb,Misligholdt med restværdi,1,1608,76,30155C97D461A7C0020A7388,"PLC, Product detaljeret, Aarhus, Aug. 2023.xlsx",1.4387064676616916,T-shirt
06271 T-shirt L/Æ prowear sort,Alm.slid uden restværdi,1,1417,62,30155C97D461A7C00226980F,"PLC, Product detaljeret, Aarhus, Aug. 2023.xlsx",1.3318842625264644,T-shirt
13854 T-shirt stretch uni sort,Alm.slid uden restværdi,1,1397,71,30155C97D461A7C0021147B7,"PLC, Product detaljeret, Aarhus, Aug. 2023.xlsx",1.5470579813886902,T-shirt
13854 T-shirt stretch uni sort,Alm.slid uden restværdi,1,1397,77,30155C97D461A7C00211488A,"PLC, Product detaljeret, Aarhus, Aug. 2023.xlsx",1.6777952755905512,T-shirt
13854 T-shirt stretch uni sort,Alm.slid uden restværdi,1,1397,76,30155C97D461A7C00211491D,"PLC, Product detaljeret, Aarhus, Aug. 2023.xlsx",1.6560057265569077,T-shirt
13854 T-shirt stretch uni sort,Alm.slid uden restværdi,1,1386,88,30155C97D461A7C0021170E2,"PLC, Product detaljeret, Aarhus, Aug. 2023.xlsx",1.9326984126984126,T-shirt
13854 T-shirt stretch uni sort,Alm.slid uden restværdi,1,1369,85,30155C97D461A7C002114D69,"PLC, Product detaljeret, Aarhus, Aug. 2023.xlsx",1.889992695398101,T-shirt
13854 T-shirt stretch uni sort,Udgået Model,1,1368,88,30155C97D461A7C002117118,"PLC, Product detaljeret, Aarhus, Aug. 2023.xlsx",1.9581286549707602,T-shirt
13854 T-shirt stretch uni sort,Udgået Model,1,1368,85,30155C97D461A7C0021171DB,"PLC, Product detaljeret, Aarhus, Aug. 2023.xlsx",1.891374269005848,T-shirt
05257 T-Shirt Pro Sort K/Æ,Udgået Model,1,1349,71,30155C97D461A7C002283FD7,"PLC, Product detaljeret, Aarhus, Aug. 2023.xlsx",1.6021052631578947,T-shirt
05257 T-Shirt Pro Sort K/Æ,Bortkommet med restværdi,1,1340,48,30155C97D461A7C002112F02,"PLC, Product detaljeret, Aarhus, Aug. 2023.xlsx",1.0903880597014926,T-shirt
05257 T-Shirt Pro Sort K/Æ,Udgået Model,1,1336,49,30155C97D461A7C0022A8D69,"PLC, Product detaljeret, Aarhus, Aug. 2023.xlsx",1.116437125748503,T-shirt
13854 T-shirt stretch uni sort,Alm.slid uden restværdi,1,1333,76,30155C97D461A7C002113E18,"PLC, Product detaljeret, Aarhus, Aug. 2023.xlsx",1.7355138784696176,T-shirt
13854 T-shirt stretch uni sort,Alm.slid uden restværdi,1,1329,74,30155C97D461A7C0020F12AE,"PLC, Product detaljeret, Aarhus, Aug. 2023.xlsx",1.694928517682468,T-shirt
13854 T-shirt stretch uni sort,Alm.slid uden restværdi,1,1329,70,30155C97D461A7C002113ECE,"PLC, Product detaljeret, Aarhus, Aug. 2023.xlsx",1.6033107599699024,T-shirt
13854 T-shirt stretch uni sort,Alm.slid uden restværdi,1,1328,71,30155C97D461A7C002113F82,"PLC, Product detaljeret, Aarhus, Aug. 2023.xlsx",1.6274397590361447,T-shirt
05257 T-Shirt Pro Sort K/Æ,Misligholdt med restværdi,1,1302,79,30155C97D461A7C002284909,"PLC, Product detaljeret, Aarhus, Aug. 2023.xlsx",1.846973886328725,T-shirt
05257 T-Shirt Pro Sort K/Æ,Misligholdt med restværdi,1,1302,75,30155C97D461A7C002284955,"PLC, Product detaljeret, Aarhus, Aug. 2023.xlsx",1.7534562211981568,T-shirt
08376 T-shirt lady sort k/æ pb,Bortkommet med restværdi,1,1295,49,30155C97D461A7C002767422,"PLC, Product detaljeret, Aarhus, Aug. 2023.xlsx",1.1517837837837839,T-shirt
06271 T-shirt L/Æ prowear sort,Udgået Model,1,1291,56,30155C97D461A7C002295C5E,"PLC, Product detaljeret, Aarhus, Aug. 2023.xlsx",1.3204027885360186,T-shirt
06271 T-shirt L/Æ prowear sort,Udgået Model,1,1257,57,30155C97D461A7C00216F668,"PLC, Product detaljeret, Aarhus, Aug. 2023.xlsx",1.3803341288782816,T-shirt
06271 T-shirt L/Æ prowear sort,Udgået Model,1,1238,60,30155C97D461A7C00216F66B,"PLC, Product detaljeret, Aarhus, Aug. 2023.xlsx",1.4752827140549274,T-shirt
06271 T-shirt L/Æ prowear sort,Udgået Model,1,1214,46,30155C97D461A7C001FC740D,"PLC, Product detaljeret, Aarhus, Aug. 2023.xlsx",1.1534102141680396,T-shirt
05257 T-Shirt Pro Sort K/Æ,Bortkommet med restværdi,1,1191,40,30155C97D461A7C002154BED,"PLC, Product detaljeret, Aarhus, Aug. 2023.xlsx",1.022334172963896,T-shirt
05257 T-Shirt Pro Sort K/Æ,Udgået Model,1,1174,45,30155C97D461A7C002154CED,"PLC, Product detaljeret, Aarhus, Aug. 2023.xlsx",1.1667802385008519,T-shirt
05257 T-Shirt Pro Sort K/Æ,Udgået Model,1,1174,48,30155C97D461A7C002154DA2,"PLC, Product detaljeret, Aarhus, Aug. 2023.xlsx",1.2445655877342419,T-shirt
05257 T-Shirt Pro Sort K/Æ,Alm.slid uden restværdi,1,1133,44,30155C97D461A7C0028C472D,"PLC, Product detaljeret, Aarhus, Aug. 2023.xlsx",1.1821359223300971,T-shirt
05257 T-Shirt Pro Sort K/Æ,Udgået Model,1,1062,49,30155C97D461A7C0027CF228,"PLC, Product detaljeret, Aarhus, Aug. 2023.xlsx",1.404482109227872,T-shirt
06271 T-shirt L/Æ prowear sort,Udgået Model,1,1024,40,30155C97D461A6C00013F64F,"PLC, Product detaljeret, Aarhus, Aug. 2023.xlsx",1.1890625000000001,T-shirt
05257 T-Shirt Pro Sort K/Æ,Udgået Model,1,995,44,30155C97D461A6C00016F376,"PLC, Product detaljeret, Aarhus, Aug. 2023.xlsx",1.3460904522613066,T-shirt
08395 T-shirt unisex sort k/æ bom,Misligholdt med restværdi,1,980,46,00D00B5E0135,"PLC, Product detaljeret, Aarhus, Aug. 2023.xlsx",1.4288163265306124,T-shirt
13854 T-shirt stretch uni sort,Alm.slid uden restværdi,1,969,44,30155C97D461A6C0000FF680,"PLC, Product detaljeret, Aarhus, Aug. 2023.xlsx",1.3822084623323014,T-shirt
05257 T-Shirt Pro Sort K/Æ,Misligholdt med restværdi,1,967,42,30155C97D461A6C0001419E0,"PLC, Product detaljeret, Aarhus, Aug. 2023.xlsx",1.3221096173733198,T-shirt
05257 T-Shirt Pro Sort K/Æ,Misligholdt med restværdi,1,960,52,30155C97D461A6C00017399B,"PLC, Product detaljeret, Aarhus, Aug. 2023.xlsx",1.6488333333333334,T-shirt
05257 T-Shirt Pro Sort K/Æ,Misligholdt med restværdi,1,945,32,30155C97D461A6C0000FE72A,"PLC, Product detaljeret, Aarhus, Aug. 2023.xlsx",1.0307724867724868,T-shirt
05257 T-Shirt Pro Sort K/Æ,Misligholdt med restværdi,1,945,37,30155C97D461A6C0000FE753,"PLC, Product detaljeret, Aarhus, Aug. 2023.xlsx",1.191830687830688,T-shirt
05257 T-Shirt Pro Sort K/Æ,Misligholdt med restværdi,1,945,34,30155C97D461A6C0000FE764,"PLC, Product detaljeret, Aarhus, Aug. 2023.xlsx",1.0951957671957673,T-shirt
05257 T-Shirt Pro Sort K/Æ,Misligholdt med restværdi,1,945,33,30155C97D461A6C0000FE793,"PLC, Product detaljeret, Aarhus, Aug. 2023.xlsx",1.0629841269841271,T-shirt
05257 T-Shirt Pro Sort K/Æ,Misligholdt med restværdi,1,945,34,30155C97D461A6C0000FE7BD,"PLC, Product detaljeret, Aarhus, Aug. 2023.xlsx",1.0951957671957673,T-shirt
05257 T-Shirt Pro Sort K/Æ,Misligholdt med restværdi,1,945,36,30155C97D461A6C0000FE843,"PLC, Product detaljeret, Aarhus, Aug. 2023.xlsx",1.1596190476190478,T-shirt
05257 T-Shirt Pro Sort K/Æ,Udgået Model,1,901,33,30155C97D461A6C0002F46FD,"PLC, Product detaljeret, Aarhus, Aug. 2023.xlsx",1.1148945615982242,T-shirt
08395 T-shirt unisex sort k/æ bom,Misligholdt med restværdi,1,855,45,00D00B645A3C,"PLC, Product detaljeret, Aarhus, Aug. 2023.xlsx",1.6021052631578947,T-shirt
08395 T-shirt unisex sort k/æ bom,Misligholdt med restværdi,1,790,35,00D00B6C58E3,"PLC, Product detaljeret, Aarhus, Aug. 2023.xlsx",1.348607594936709,T-shirt
08395 T-shirt unisex sort k/æ bom,Misligholdt med restværdi,1,771,35,00D00B6C67FE,"PLC, Product detaljeret, Aarhus, Aug. 2023.xlsx",1.3818417639429312,T-shirt
08395 T-shirt unisex sort k/æ bom,Misligholdt med restværdi,1,722,31,00D00B6F4E55,"PLC, Product detaljeret, Aarhus, Aug. 2023.xlsx",1.3069806094182825,T-shirt
08395 T-shirt unisex sort k/æ bom,Misligholdt med restværdi,1,715,32,00D00B6EC349,"PLC, Product detaljeret, Aarhus, Aug. 2023.xlsx",1.3623496503496504,T-shirt
08376 T-shirt lady sort k/æ pb,Alm.slid uden restværdi,1,686,44,30155C97D461A6C00014007F,"PLC, Product detaljeret, Aarhus, Aug. 2023.xlsx",1.9524198250728864,T-shirt
08395 T-shirt unisex sort k/æ bom,Misligholdt med restværdi,1,685,32,00D00B6EECC8,"PLC, Product detaljeret, Aarhus, Aug. 2023.xlsx",1.422014598540146,T-shirt
06271 T-shirt L/Æ prowear sort,Udgået Model,1,662,28,30155C97D461A6C000BAD5B9,"PLC, Product detaljeret, Aarhus, Aug. 2023.xlsx",1.2874924471299094,T-shirt
06271 T-shirt L/Æ prowear sort,Udgået Model,1,662,24,30155C97D461A6C000BAD691,"PLC, Product detaljeret, Aarhus, Aug. 2023.xlsx",1.1035649546827797,T-shirt
05257 T-Shirt Pro Sort K/Æ,Alm.slid uden restværdi,1,657,24,30155C97D461A6C000B19E4D,"PLC, Product detaljeret, Aarhus, Aug. 2023.xlsx",1.1119634703196346,T-shirt
06271 T-shirt L/Æ prowear sort,Alm.slid uden restværdi,1,649,29,30155C97D461A6C0008BF129,"PLC, Product detaljeret, Aarhus, Aug. 2023.xlsx",1.3601848998459167,T-shirt
06271 T-shirt L/Æ prowear sort,Alm.slid uden restværdi,1,649,26,30155C97D461A6C0008BF27E,"PLC, Product detaljeret, Aarhus, Aug. 2023.xlsx",1.2194761171032358,T-shirt
06271 T-shirt L/Æ prowear sort,Udgået Model,1,648,29,30155C97D461A6C0012B73D3,"PLC, Product detaljeret, Aarhus, Aug. 2023.xlsx",1.362283950617284,T-shirt
06271 T-shirt L/Æ prowear sort,Udgået Model,1,648,23,30155C97D461A6C0012B74EF,"PLC, Product detaljeret, Aarhus, Aug. 2023.xlsx",1.0804320987654321,T-shirt
13854 T-shirt stretch uni sort,Bortkommet med restværdi,1,567,32,30155C97D461A6C001066786,"PLC, Product detaljeret, Aarhus, Aug. 2023.xlsx",1.7179541446208113,T-shirt
06271 T-shirt L/Æ prowear sort,Misligholdt med restværdi,1,559,21,30155C97D461A6C000645147,"PLC, Product detaljeret, Aarhus, Aug. 2023.xlsx",1.143542039355993,T-shirt
06271 T-shirt L/Æ prowear sort,Misligholdt med restværdi,1,559,19,30155C97D461A6C000645240,"PLC, Product detaljeret, Aarhus, Aug. 2023.xlsx",1.0346332737030413,T-shirt
06271 T-shirt L/Æ prowear sort,Misligholdt med restværdi,1,559,21,30155C97D461A6C00064525C,"PLC, Product detaljeret, Aarhus, Aug. 2023.xlsx",1.143542039355993,T-shirt
06271 T-shirt L/Æ prowear sort,Misligholdt med restværdi,1,559,20,30155C97D461A6C000910423,"PLC, Product detaljeret, Aarhus, Aug. 2023.xlsx",1.089087656529517,T-shirt
06271 T-shirt L/Æ prowear sort,Misligholdt med restværdi,1,558,20,30155C97D461A6C00064530C,"PLC, Product detaljeret, Aarhus, Aug. 2023.xlsx",1.0910394265232974,T-shirt
06271 T-shirt L/Æ prowear sort,Misligholdt med restværdi,1,558,25,30155C97D461A6C000910396,"PLC, Product detaljeret, Aarhus, Aug. 2023.xlsx",1.363799283154122,T-shirt
05257 T-Shirt Pro Sort K/Æ,Bortkommet med restværdi,1,470,16,30155C97D461A4C000920880,"PLC, Product detaljeret, Aarhus, Aug. 2023.xlsx",1.0362553191489363,T-shirt
05257 T-Shirt Pro Sort K/Æ,Bortkommet med restværdi,1,470,20,30155C97D461A4C000920971,"PLC, Product detaljeret, Aarhus, Aug. 2023.xlsx",1.2953191489361702,T-shirt
08376 T-shirt lady sort k/æ pb,Udgået Model,1,422,15,30155C97D461A6C000816FC0,"PLC, Product detaljeret, Aarhus, Aug. 2023.xlsx",1.0819905213270142,T-shirt
08376 T-shirt lady sort k/æ pb,Bortkommet med restværdi,1,414,15,30155C97D461A6C0012F7401,"PLC, Product detaljeret, Aarhus, Aug. 2023.xlsx",1.1028985507246378,T-shirt
24120 T-shirt l/æ Flamestat sort,Misligholdt med restværdi,1,413,17,30155C97D461A4C00066A154,"PLC, Product detaljeret, Aarhus, Aug. 2023.xlsx",1.2529782082324457,T-shirt
24120 T-shirt l/æ Flamestat sort,Alm.slid uden restværdi,1,406,16,30155C97D461A4C00066A0B5,"PLC, Product detaljeret, Aarhus, Aug. 2023.xlsx",1.1996059113300492,T-shirt
08376 T-shirt lady sort k/æ pb,Udgået Model,1,369,13,30155C97D461A6C0012F74AD,"PLC, Product detaljeret, Aarhus, Aug. 2023.xlsx",1.0724119241192411,T-shirt
08395 T-shirt unisex sort k/æ bom,Misligholdt med restværdi,1,323,15,00D00B5E2130,"PLC, Product detaljeret, Aarhus, Aug. 2023.xlsx",1.413622291021672,T-shirt
24120 T-shirt l/æ Flamestat sort,Misligholdt med restværdi,1,314,11,30155C97D461A6C001932CD1,"PLC, Product detaljeret, Aarhus, Aug. 2023.xlsx",1.0663694267515924,T-shirt
05257 T-Shirt Pro Sort K/Æ,BTS fejl uden restværdi,1,297,13,30155C97D461A6C001B9CFA6,"PLC, Product detaljeret, Aarhus, Aug. 2023.xlsx",1.3323905723905725,T-shirt
05257 T-Shirt Pro Sort K/Æ,BTS fejl uden restværdi,1,297,10,30155C97D461A6C001B9D031,"PLC, Product detaljeret, Aarhus, Aug. 2023.xlsx",1.024915824915825,T-shirt
05257 T-Shirt Pro Sort K/Æ,BTS fejl uden restværdi,1,297,15,30155C97D461A6C001B9D0A4,"PLC, Product detaljeret, Aarhus, Aug. 2023.xlsx",1.5373737373737375,T-shirt
05257 T-Shirt Pro Sort K/Æ,BTS fejl uden restværdi,1,297,13,30155C97D461A6C001B9D0B9,"PLC, Product detaljeret, Aarhus, Aug. 2023.xlsx",1.3323905723905725,T-shirt
06271 T-shirt L/Æ prowear sort,BTS fejl uden restværdi,1,291,13,30155C97D461A6C001B9BDAB,"PLC, Product detaljeret, Aarhus, Aug. 2023.xlsx",1.3598625429553266,T-shirt
08395 T-shirt unisex sort k/æ bom,Misligholdt med restværdi,1,291,11,00D00B8B55CC,"PLC, Product detaljeret, Aarhus, Aug. 2023.xlsx",1.1506529209621992,T-shirt
05257 T-Shirt Pro Sort K/Æ,Misligholdt med restværdi,1,272,13,30155C97D461A6C0018FA834,"PLC, Product detaljeret, Aarhus, Aug. 2023.xlsx",1.4548529411764706,T-shirt
05257 T-Shirt Pro Sort K/Æ,Misligholdt med restværdi,1,272,13,30155C97D461A6C0018FA89C,"PLC, Product detaljeret, Aarhus, Aug. 2023.xlsx",1.4548529411764706,T-shirt
05257 T-Shirt Pro Sort K/Æ,Misligholdt med restværdi,1,272,10,30155C97D461A6C0018FA918,"PLC, Product detaljeret, Aarhus, Aug. 2023.xlsx",1.1191176470588236,T-shirt
05257 T-Shirt Pro Sort K/Æ,Misligholdt med restværdi,1,272,13,30155C97D461A6C0018FA92D,"PLC, Product detaljeret, Aarhus, Aug. 2023.xlsx",1.4548529411764706,T-shirt
05257 T-Shirt Pro Sort K/Æ,Misligholdt med restværdi,1,272,16,30155C97D461A6C0018FA939,"PLC, Product detaljeret, Aarhus, Aug. 2023.xlsx",1.7905882352941176,T-shirt
05257 T-Shirt Pro Sort K/Æ,Misligholdt med restværdi,1,272,15,30155C97D461A6C001B9BB9E,"PLC, Product detaljeret, Aarhus, Aug. 2023.xlsx",1.6786764705882353,T-shirt
05257 T-Shirt Pro Sort K/Æ,Misligholdt med restværdi,1,272,15,30155C97D461A6C001B9BBAC,"PLC, Product detaljeret, Aarhus, Aug. 2023.xlsx",1.6786764705882353,T-shirt
05257 T-Shirt Pro Sort K/Æ,Misligholdt med restværdi,1,272,12,30155C97D461A6C001B9BC49,"PLC, Product detaljeret, Aarhus, Aug. 2023.xlsx",1.3429411764705883,T-shirt
05257 T-Shirt Pro Sort K/Æ,Misligholdt med restværdi,1,272,13,30155C97D461A6C001B9BC8A,"PLC, Product detaljeret, Aarhus, Aug. 2023.xlsx",1.4548529411764706,T-shirt
06271 T-shirt L/Æ prowear sort,BTS fejl uden restværdi,1,269,12,30155C97D461A6C001A5E249,"PLC, Product detaljeret, Aarhus, Aug. 2023.xlsx",1.3579182156133829,T-shirt
06271 T-shirt L/Æ prowear sort,BTS fejl uden restværdi,1,269,14,30155C97D461A6C001A5E2A0,"PLC, Product detaljeret, Aarhus, Aug. 2023.xlsx",1.5842379182156134,T-shirt
06271 T-shirt L/Æ prowear sort,BTS fejl uden restværdi,1,269,11,30155C97D461A6C001A5E2A4,"PLC, Product detaljeret, Aarhus, Aug. 2023.xlsx",1.2447583643122677,T-shirt
06271 T-shirt L/Æ prowear sort,BTS fejl uden restværdi,1,269,12,30155C97D461A6C001A5E2AB,"PLC, Product detaljeret, Aarhus, Aug. 2023.xlsx",1.3579182156133829,T-shirt
05257 T-Shirt Pro Sort K/Æ,Bortkommet med restværdi,1,105,4,30155C97D461A4C0010C3CAB,"PLC, Product detaljeret, Aarhus, Aug. 2023.xlsx",1.1596190476190478,T-shirt
05257 T-Shirt Pro Sort K/Æ,Bortkommet med restværdi,1,105,4,30155C97D461A4C0010C3CB0,"PLC, Product detaljeret, Aarhus, Aug. 2023.xlsx",1.1596190476190478,T-shirt
05257 T-Shirt Pro Sort K/Æ,Misligholdt med restværdi,1,85,3,30155C97D461A4C001102332,"PLC, Product detaljeret, Aarhus, Aug. 2023.xlsx",1.0743529411764705,T-shirt
05257 T-Shirt Pro Sort K/Æ,Misligholdt med restværdi,1,80,3,30155C97D461A4C001102337,"PLC, Product detaljeret, Aarhus, Aug. 2023.xlsx",1.1415,T-shirt
05257 T-Shirt Pro Sort K/Æ,Misligholdt med restværdi,1,80,3,30155C97D461A4C00110248F,"PLC, Product detaljeret, Aarhus, Aug. 2023.xlsx",1.1415,T-shirt
05257 T-Shirt Pro Sort K/Æ,Misligholdt med restværdi,1,80,5,30155C97D461A4C0011024DC,"PLC, Product detaljeret, Aarhus, Aug. 2023.xlsx",1.9025,T-shirt
05257 T-Shirt Pro Sort K/Æ,Misligholdt med restværdi,1,80,3,30155C97D461A4C00110250F,"PLC, Product detaljeret, Aarhus, Aug. 2023.xlsx",1.1415,T-shirt
05257 T-Shirt Pro Sort K/Æ,Misligholdt med restværdi,1,63,3,30155C97D461A4C000C06C90,"PLC, Product detaljeret, Aarhus, Aug. 2023.xlsx",1.4495238095238094,T-shirt
05257 T-Shirt Pro Sort K/Æ,Misligholdt med restværdi,1,63,4,30155C97D461A4C000C06D3C,"PLC, Product detaljeret, Aarhus, Aug. 2023.xlsx",1.9326984126984126,T-shirt
05257 T-Shirt Pro Sort K/Æ,Misligholdt med restværdi,1,63,4,30155C97D461A4C000C06D85,"PLC, Product detaljeret, Aarhus, Aug. 2023.xlsx",1.9326984126984126,T-shirt
05257 T-Shirt Pro Sort K/Æ,Misligholdt med restværdi,1,63,3,30155C97D461A4C000C06E2E,"PLC, Product detaljeret, Aarhus, Aug. 2023.xlsx",1.4495238095238094,T-shirt
05257 T-Shirt Pro Sort K/Æ,Misligholdt med restværdi,1,63,3,30155C97D461A4C000C06E2F,"PLC, Product detaljeret, Aarhus, Aug. 2023.xlsx",1.4495238095238094,T-shirt
05257 T-Shirt Pro Sort K/Æ,Misligholdt med restværdi,1,58,3,30155C97D461A4C000C06D0F,"PLC, Product detaljeret, Aarhus, Aug. 2023.xlsx",1.5744827586206898,T-shirt
05257 T-Shirt Pro Sort K/Æ,Misligholdt med restværdi,1,58,3,30155C97D461A4C000C06D69,"PLC, Product detaljeret, Aarhus, Aug. 2023.xlsx",1.5744827586206898,T-shirt
05257 T-Shirt Pro Sort K/Æ,Alm.slid uden restværdi,1,24,1,30155C97D461A4C000D91AE2,"PLC, Product detaljeret, Aarhus, Aug. 2023.xlsx",1.2683333333333333,T-shirt
05257 T-Shirt Pro Sort K/Æ,Udgået Model,1,2499,113,30155C97D461A7C000A000C1,"PLC, Product detaljeret, Aarhus, Dec. 2023.xlsx",1.376438575430172,T-shirt
05257 T-Shirt Pro Sort K/Æ,Udgået Model,1,2499,96,30155C97D461A7C000A000D8,"PLC, Product detaljeret, Aarhus, Dec. 2023.xlsx",1.1693637454981993,T-shirt
05257 T-Shirt Pro Sort K/Æ,Udgået Model,1,2499,105,30155C97D461A7C000A000DD,"PLC, Product detaljeret, Aarhus, Dec. 2023.xlsx",1.2789915966386556,T-shirt
05257 T-Shirt Pro Sort K/Æ,Udgået Model,1,2499,115,30155C97D461A7C000A00112,"PLC, Product detaljeret, Aarhus, Dec. 2023.xlsx",1.4008003201280512,T-shirt
05257 T-Shirt Pro Sort K/Æ,Udgået Model,1,2499,123,30155C97D461A7C000A00125,"PLC, Product detaljeret, Aarhus, Dec. 2023.xlsx",1.4982472989195679,T-shirt
05257 T-Shirt Pro Sort K/Æ,Udgået Model,1,2499,99,30155C97D461A7C000A00128,"PLC, Product detaljeret, Aarhus, Dec. 2023.xlsx",1.205906362545018,T-shirt
05257 T-Shirt Pro Sort K/Æ,Udgået Model,1,2499,121,30155C97D461A7C000A0015E,"PLC, Product detaljeret, Aarhus, Dec. 2023.xlsx",1.4738855542216887,T-shirt
05257 T-Shirt Pro Sort K/Æ,Misligholdt med restværdi,1,2481,130,30155C97D461A7C000A031F0,"PLC, Product detaljeret, Aarhus, Dec. 2023.xlsx",1.5950020153164048,T-shirt
05257 T-Shirt Pro Sort K/Æ,Alm.slid uden restværdi,1,2474,113,30155C97D461A7C000A031AA,"PLC, Product detaljeret, Aarhus, Dec. 2023.xlsx",1.3903476151980598,T-shirt
06271 T-shirt L/Æ prowear sort,Misligholdt med restværdi,1,1996,72,30155C97D461A7C0015E8A1B,"PLC, Product detaljeret, Aarhus, Dec. 2023.xlsx",1.0980360721442886,T-shirt
06271 T-shirt L/Æ prowear sort,Misligholdt med restværdi,1,1996,74,30155C97D461A7C0015E8B1A,"PLC, Product detaljeret, Aarhus, Dec. 2023.xlsx",1.1285370741482967,T-shirt
05257 T-Shirt Pro Sort K/Æ,Misligholdt med restværdi,1,1823,110,30155C97D461A7C001307F63,"PLC, Product detaljeret, Aarhus, Dec. 2023.xlsx",1.8367526055951728,T-shirt
05257 T-Shirt Pro Sort K/Æ,Misligholdt med restværdi,1,1806,83,30155C97D461A7C001671C2F,"PLC, Product detaljeret, Aarhus, Dec. 2023.xlsx",1.3989590254706534,T-shirt
05257 T-Shirt Pro Sort K/Æ,Misligholdt med restværdi,1,1796,91,30155C97D461A7C001572F90,"PLC, Product detaljeret, Aarhus, Dec. 2023.xlsx",1.5423385300668153,T-shirt
05257 T-Shirt Pro Sort K/Æ,Misligholdt med restværdi,1,1796,79,30155C97D461A7C001573095,"PLC, Product detaljeret, Aarhus, Dec. 2023.xlsx",1.338953229398664,T-shirt
06271 T-shirt L/Æ prowear sort,Alm.slid uden restværdi,1,1719,77,30155C97D461A7C001D43BE3,"PLC, Product detaljeret, Aarhus, Dec. 2023.xlsx",1.3635136707388018,T-shirt
05257 T-Shirt Pro Sort K/Æ,Udgået Model,1,1686,72,00D009C2E398,"PLC, Product detaljeret, Aarhus, Dec. 2023.xlsx",1.299928825622776,T-shirt
06271 T-shirt L/Æ prowear sort,Bortkommet med restværdi,1,1653,64,30155C97D461A7C002125EC0,"PLC, Product detaljeret, Aarhus, Dec. 2023.xlsx",1.178560193587417,T-shirt
06271 T-shirt L/Æ prowear sort,Misligholdt med restværdi,1,1652,57,30155C97D461A7C002123464,"PLC, Product detaljeret, Aarhus, Dec. 2023.xlsx",1.0502905569007264,T-shirt
06271 T-shirt L/Æ prowear sort,Misligholdt med restværdi,1,1652,60,30155C97D461A7C0021234C6,"PLC, Product detaljeret, Aarhus, Dec. 2023.xlsx",1.1055690072639224,T-shirt
05257 T-Shirt Pro Sort K/Æ,Misligholdt med restværdi,1,1638,64,30155C97D461A7C0021254E7,"PLC, Product detaljeret, Aarhus, Dec. 2023.xlsx",1.1893528693528694,T-shirt
06271 T-shirt L/Æ prowear sort,Alm.slid uden restværdi,1,1554,64,30155C97D461A7C00226DE97,"PLC, Product detaljeret, Aarhus, Dec. 2023.xlsx",1.2536422136422136,T-shirt
06271 T-shirt L/Æ prowear sort,Alm.slid uden restværdi,1,1538,53,30155C97D461A7C001F6B9C3,"PLC, Product detaljeret, Aarhus, Dec. 2023.xlsx",1.0489726918075422,T-shirt
06271 T-shirt L/Æ prowear sort,Misligholdt med restværdi,1,1538,58,30155C97D461A7C001F6B9A4,"PLC, Product detaljeret, Aarhus, Dec. 2023.xlsx",1.1479323797139143,T-shirt
06271 T-shirt L/Æ prowear sort,Misligholdt med restværdi,1,1538,52,30155C97D461A7C001F6BA9B,"PLC, Product detaljeret, Aarhus, Dec. 2023.xlsx",1.0291807542262679,T-shirt
05257 T-Shirt Pro Sort K/Æ,Misligholdt med restværdi,1,1526,53,30155C97D461A7C0022A8D81,"PLC, Product detaljeret, Aarhus, Dec. 2023.xlsx",1.0572214941022282,T-shirt
13854 T-shirt stretch uni sort,Bortkommet med restværdi,1,1436,50,30155C97D461A7C002113E24,"PLC, Product detaljeret, Aarhus, Dec. 2023.xlsx",1.0598885793871866,T-shirt
13854 T-shirt stretch uni sort,Bortkommet med restværdi,1,1436,65,30155C97D461A7C002113E27,"PLC, Product detaljeret, Aarhus, Dec. 2023.xlsx",1.3778551532033425,T-shirt
13854 T-shirt stretch uni sort,Bortkommet med restværdi,1,1436,57,30155C97D461A7C002113EF2,"PLC, Product detaljeret, Aarhus, Dec. 2023.xlsx",1.2082729805013928,T-shirt
05257 T-Shirt Pro Sort K/Æ,Alm.slid uden restværdi,1,1391,60,30155C97D461A7C00228E526,"PLC, Product detaljeret, Aarhus, Dec. 2023.xlsx",1.3130122214234365,T-shirt
05257 T-Shirt Pro Sort K/Æ,Alm.slid uden restværdi,1,1334,63,30155C97D461A7C0021709BD,"PLC, Product detaljeret, Aarhus, Dec. 2023.xlsx",1.4375712143928037,T-shirt
06271 T-shirt L/Æ prowear sort,Bortkommet med restværdi,1,1288,74,30155C97D461A7C0023C16D9,"PLC, Product detaljeret, Aarhus, Dec. 2023.xlsx",1.7488819875776398,T-shirt
06271 T-shirt L/Æ prowear sort,Misligholdt med restværdi,1,1191,68,30155C97D461A7C00268E83F,"PLC, Product detaljeret, Aarhus, Dec. 2023.xlsx",1.737968094038623,T-shirt
06271 T-shirt L/Æ prowear sort,Misligholdt med restværdi,1,1191,63,30155C97D461A7C00268E86B,"PLC, Product detaljeret, Aarhus, Dec. 2023.xlsx",1.610176322418136,T-shirt
05257 T-Shirt Pro Sort K/Æ,Udgået Model,1,1141,52,30155C97D461A7C00226B7AB,"PLC, Product detaljeret, Aarhus, Dec. 2023.xlsx",1.3872743207712532,T-shirt
06271 T-shirt L/Æ prowear sort,Misligholdt med restværdi,1,1139,65,30155C97D461A6C000145376,"PLC, Product detaljeret, Aarhus, Dec. 2023.xlsx",1.7371378402107112,T-shirt
06271 T-shirt L/Æ prowear sort,Misligholdt med restværdi,1,1139,70,30155C97D461A6C000145540,"PLC, Product detaljeret, Aarhus, Dec. 2023.xlsx",1.8707638279192274,T-shirt
05257 T-Shirt Pro Sort K/Æ,Bortkommet med restværdi,1,1127,47,30155C97D461A6C00016F348,"PLC, Product detaljeret, Aarhus, Dec. 2023.xlsx",1.2694587400177462,T-shirt
05257 T-Shirt Pro Sort K/Æ,Bortkommet med restværdi,1,1127,57,30155C97D461A6C00016F4FA,"PLC, Product detaljeret, Aarhus, Dec. 2023.xlsx",1.5395563442768412,T-shirt
05257 T-Shirt Pro Sort K/Æ,Udgået Model,1,1064,46,30155C97D461A6C0000F7CE4,"PLC, Product detaljeret, Aarhus, Dec. 2023.xlsx",1.316015037593985,T-shirt
05257 T-Shirt Pro Sort K/Æ,Alm.slid uden restværdi,1,1054,38,30155C97D461A6C0000F7C49,"PLC, Product detaljeret, Aarhus, Dec. 2023.xlsx",1.0974573055028465,T-shirt
05257 T-Shirt Pro Sort K/Æ,Alm.slid uden restværdi,1,1054,42,30155C97D461A6C0000F7D06,"PLC, Product detaljeret, Aarhus, Dec. 2023.xlsx",1.212979127134725,T-shirt
05257 T-Shirt Pro Sort K/Æ,Udgået Model,1,890,46,30155C97D461A6C000B099A8,"PLC, Product detaljeret, Aarhus, Dec. 2023.xlsx",1.573303370786517,T-shirt
05257 T-Shirt Pro Sort K/Æ,Udgået Model,1,890,43,30155C97D461A6C000B099EE,"PLC, Product detaljeret, Aarhus, Dec. 2023.xlsx",1.4706966292134833,T-shirt
05257 T-Shirt Pro Sort K/Æ,Alm.slid uden restværdi,1,889,45,30155C97D461A6C000B09A40,"PLC, Product detaljeret, Aarhus, Dec. 2023.xlsx",1.5408323959505064,T-shirt
05257 T-Shirt Pro Sort K/Æ,Alm.slid uden restværdi,1,889,44,30155C97D461A6C000B09B22,"PLC, Product detaljeret, Aarhus, Dec. 2023.xlsx",1.506591676040495,T-shirt
05257 T-Shirt Pro Sort K/Æ,Udgået Model,1,889,48,30155C97D461A6C000B09A80,"PLC, Product detaljeret, Aarhus, Dec. 2023.xlsx",1.64355455568054,T-shirt
05257 T-Shirt Pro Sort K/Æ,Udgået Model,1,889,44,30155C97D461A6C000B09A81,"PLC, Product detaljeret, Aarhus, Dec. 2023.xlsx",1.506591676040495,T-shirt
05257 T-Shirt Pro Sort K/Æ,Alm.slid uden restværdi,1,797,27,30155C97D461A6C0008C28A4,"PLC, Product detaljeret, Aarhus, Dec. 2023.xlsx",1.0312170639899625,T-shirt
05257 T-Shirt Pro Sort K/Æ,Alm.slid uden restværdi,1,793,32,30155C97D461A6C0012EBD5A,"PLC, Product detaljeret, Aarhus, Dec. 2023.xlsx",1.2283480453972258,T-shirt
05257 T-Shirt Pro Sort K/Æ,Alm.slid uden restværdi,1,792,31,30155C97D461A6C0012EBD9E,"PLC, Product detaljeret, Aarhus, Dec. 2023.xlsx",1.1914646464646466,T-shirt
05257 T-Shirt Pro Sort K/Æ,Alm.slid uden restværdi,1,689,28,30155C97D461A6C0006451B6,"PLC, Product detaljeret, Aarhus, Dec. 2023.xlsx",1.2370391872278665,T-shirt
05257 T-Shirt Pro Sort K/Æ,Alm.slid uden restværdi,1,689,26,30155C97D461A6C0006451F3,"PLC, Product detaljeret, Aarhus, Dec. 2023.xlsx",1.1486792452830188,T-shirt
05257 T-Shirt Pro Sort K/Æ,Udgået Model,1,645,26,30155C97D461A6C000D887A5,"PLC, Product detaljeret, Aarhus, Dec. 2023.xlsx",1.2270387596899226,T-shirt
05257 T-Shirt Pro Sort K/Æ,Udgået Model,1,645,30,30155C97D461A6C000D887CB,"PLC, Product detaljeret, Aarhus, Dec. 2023.xlsx",1.415813953488372,T-shirt
05257 T-Shirt Pro Sort K/Æ,Udgået Model,1,645,29,30155C97D461A6C000D887FA,"PLC, Product detaljeret, Aarhus, Dec. 2023.xlsx",1.3686201550387598,T-shirt
05257 T-Shirt Pro Sort K/Æ,Udgået Model,1,645,26,30155C97D461A6C000D8881A,"PLC, Product detaljeret, Aarhus, Dec. 2023.xlsx",1.2270387596899226,T-shirt
05257 T-Shirt Pro Sort K/Æ,Udgået Model,1,645,24,30155C97D461A6C000D888DA,"PLC, Product detaljeret, Aarhus, Dec. 2023.xlsx",1.1326511627906977,T-shirt
05257 T-Shirt Pro Sort K/Æ,Alm.slid uden restværdi,1,644,25,30155C97D461A6C000D88863,"PLC, Product detaljeret, Aarhus, Dec. 2023.xlsx",1.1816770186335404,T-shirt
05257 T-Shirt Pro Sort K/Æ,Udgået Model,1,644,27,30155C97D461A6C00063480A,"PLC, Product detaljeret, Aarhus, Dec. 2023.xlsx",1.2762111801242237,T-shirt
05257 T-Shirt Pro Sort K/Æ,Misligholdt med restværdi,1,615,30,30155C97D461A6C00090A858,"PLC, Product detaljeret, Aarhus, Dec. 2023.xlsx",1.484878048780488,T-shirt
05257 T-Shirt Pro Sort K/Æ,Udgået Model,1,615,35,30155C97D461A6C00090A8FE,"PLC, Product detaljeret, Aarhus, Dec. 2023.xlsx",1.7323577235772358,T-shirt
05257 T-Shirt Pro Sort K/Æ,Alm.slid uden restværdi,1,578,20,30155C97D461A6C0012EBED3,"PLC, Product detaljeret, Aarhus, Dec. 2023.xlsx",1.053287197231834,T-shirt
05257 T-Shirt Pro Sort K/Æ,Alm.slid uden restværdi,1,574,25,30155C97D461A6C0012EBE12,"PLC, Product detaljeret, Aarhus, Dec. 2023.xlsx",1.3257839721254356,T-shirt
05257 T-Shirt Pro Sort K/Æ,Alm.slid uden restværdi,1,564,19,30155C97D461A6C000639389,"PLC, Product detaljeret, Aarhus, Dec. 2023.xlsx",1.0254609929078016,T-shirt
08376 T-shirt lady sort k/æ pb,Udgået Model,1,482,20,30155C97D461A6C0002CB931,"PLC, Product detaljeret, Aarhus, Dec. 2023.xlsx",1.263070539419087,T-shirt
06271 T-shirt L/Æ prowear sort,Udgået Model,1,374,13,30155C97D461A7C001663C47,"PLC, Product detaljeret, Aarhus, Dec. 2023.xlsx",1.0580748663101605,T-shirt
05257 T-Shirt Pro Sort K/Æ,Udgået Model,1,338,18,30155C97D461A6C001A67038,"PLC, Product detaljeret, Aarhus, Dec. 2023.xlsx",1.6210650887573965,T-shirt
08395 T-shirt unisex sort k/æ bom,Alm.slid uden restværdi,1,309,15,00D00B8B5433,"PLC, Product detaljeret, Aarhus, Dec. 2023.xlsx",1.4776699029126215,T-shirt
05257 T-Shirt Pro Sort K/Æ,Bortkommet med restværdi,1,304,10,30155C97D461A6C000EAA136,"PLC, Product detaljeret, Aarhus, Dec. 2023.xlsx",1.0013157894736842,T-shirt
06271 T-shirt L/Æ prowear sort,Udgået Model,1,153,7,30155C97D461A7C0016DD25D,"PLC, Product detaljeret, Aarhus, Dec. 2023.xlsx",1.3926797385620915,T-shirt
06271 T-shirt L/Æ prowear sort,Udgået Model,1,153,7,30155C97D461A7C0016DD34D,"PLC, Product detaljeret, Aarhus, Dec. 2023.xlsx",1.3926797385620915,T-shirt
06271 T-shirt L/Æ prowear sort,Fejlopmærkning,1,121,4,30155C97D461A6C001B32D25,"PLC, Product detaljeret, Aarhus, Dec. 2023.xlsx",1.0062809917355373,T-shirt
05257 T-Shirt Pro Sort K/Æ,Udgået Model,1,111,4,30155C97D461A7C0013C0AAA,"PLC, Product detaljeret, Aarhus, Dec. 2023.xlsx",1.096936936936937,T-shirt
05257 T-Shirt Pro Sort K/Æ,Udgået Model,1,100,5,30155C97D461A7C0013C0A8A,"PLC, Product detaljeret, Aarhus, Dec. 2023.xlsx",1.5220000000000002,T-shirt
05257 T-Shirt Pro Sort K/Æ,Udgået Model,1,100,5,30155C97D461A7C0013C0AC0,"PLC, Product detaljeret, Aarhus, Dec. 2023.xlsx",1.5220000000000002,T-shirt
05257 T-Shirt Pro Sort K/Æ,Udgået Model,1,100,5,30155C97D461A7C0013C0B89,"PLC, Product detaljeret, Aarhus, Dec. 2023.xlsx",1.5220000000000002,T-shirt
05257 T-Shirt Pro Sort K/Æ,Udgået Model,1,100,5,30155C97D461A7C0013C0BA4,"PLC, Product detaljeret, Aarhus, Dec. 2023.xlsx",1.5220000000000002,T-shirt
05257 T-Shirt Pro Sort K/Æ,Alm.slid uden restværdi,1,92,6,30155C97D461A4C00164515B,"PLC, Product detaljeret, Aarhus, Dec. 2023.xlsx",1.9852173913043478,T-shirt
05257 T-Shirt Pro Sort K/Æ,BTS fejl uden restværdi,1,86,3,30155C97D461A4C00164E57D,"PLC, Product detaljeret, Aarhus, Dec. 2023.xlsx",1.061860465116279,T-shirt
06271 T-shirt L/Æ prowear sort,Misligholdt med restværdi,1,86,5,30155C97D461A4C00163BBB1,"PLC, Product detaljeret, Aarhus, Dec. 2023.xlsx",1.7697674418604652,T-shirt
06271 T-shirt L/Æ prowear sort,Udgået Model,1,84,3,30155C97D461A7C001D46DE6,"PLC, Product detaljeret, Aarhus, Dec. 2023.xlsx",1.0871428571428572,T-shirt
05257 T-Shirt Pro Sort K/Æ,Misligholdt med restværdi,1,70,4,30155C97D461A4C001650062,"PLC, Product detaljeret, Aarhus, Dec. 2023.xlsx",1.7394285714285715,T-shirt
06271 T-shirt L/Æ prowear sort,Misligholdt med restværdi,1,62,3,30155C97D461A4C00164C3C4,"PLC, Product detaljeret, Aarhus, Dec. 2023.xlsx",1.4729032258064516,T-shirt
06271 T-shirt L/Æ prowear sort,Misligholdt med restværdi,1,62,3,30155C97D461A4C00164C412,"PLC, Product detaljeret, Aarhus, Dec. 2023.xlsx",1.4729032258064516,T-shirt
06271 T-shirt L/Æ prowear sort,Udgået Model,1,62,3,30155C97D461A4C00164C2E8,"PLC, Product detaljeret, Aarhus, Dec. 2023.xlsx",1.4729032258064516,T-shirt
06271 T-shirt L/Æ prowear sort,Alm.slid uden restværdi,1,56,2,30155C97D461A4C00163C867,"PLC, Product detaljeret, Aarhus, Dec. 2023.xlsx",1.0871428571428572,T-shirt
05257 T-Shirt Pro Sort K/Æ,Udgået Model,1,28,1,30155C97D461A7C000BB048F,"PLC, Product detaljeret, Aarhus, Dec. 2023.xlsx",1.0871428571428572,T-shirt
05257 T-Shirt Pro Sort K/Æ,Udgået Model,1,28,1,30155C97D461A7C000BB04D9,"PLC, Product detaljeret, Aarhus, Dec. 2023.xlsx",1.0871428571428572,T-shirt
05257 T-Shirt Pro Sort K/Æ,Udgået Model,1,28,1,30155C97D461A7C000BB0582,"PLC, Product detaljeret, Aarhus, Dec. 2023.xlsx",1.0871428571428572,T-shirt
05257 T-Shirt Pro Sort K/Æ,Udgået Model,1,28,1,30155C97D461A7C000BB05A6,"PLC, Product detaljeret, Aarhus, Dec. 2023.xlsx",1.0871428571428572,T-shirt
05257 T-Shirt Pro Sort K/Æ,Udgået Model,1,28,1,30155C97D461A7C000BB05A8,"PLC, Product detaljeret, Aarhus, Dec. 2023.xlsx",1.0871428571428572,T-shirt
05257 T-Shirt Pro Sort K/Æ,Udgået Model,1,28,1,30155C97D461A7C000BB05C1,"PLC, Product detaljeret, Aarhus, Dec. 2023.xlsx",1.0871428571428572,T-shirt
05257 T-Shirt Pro Sort K/Æ,Udgået Model,1,28,1,30155C97D461A7C000BB05CC,"PLC, Product detaljeret, Aarhus, Dec. 2023.xlsx",1.0871428571428572,T-shirt
08376 T-shirt lady sort k/æ pb,Udgået Model,1,2731,113,00D009F0977F,"PLC, Product detaljeret, Aarhus, Feb. 2023.xlsx",1.2595093372391066,T-shirt
08376 T-shirt lady sort k/æ pb,Udgået Model,1,2731,106,00D009F0AFC0,"PLC, Product detaljeret, Aarhus, Feb. 2023.xlsx",1.1814866349322592,T-shirt
08376 T-shirt lady sort k/æ pb,Udgået Model,1,2731,110,00D009F0B93F,"PLC, Product detaljeret, Aarhus, Feb. 2023.xlsx",1.2260710362504577,T-shirt
05257 T-Shirt Pro Sort K/Æ,Udgået Model,1,2711,90,00D009E3637F,"PLC, Product detaljeret, Aarhus, Feb. 2023.xlsx",1.0105496126890448,T-shirt
05257 T-Shirt Pro Sort K/Æ,Udgået Model,1,2511,85,00D009C1B89B,"PLC, Product detaljeret, Aarhus, Feb. 2023.xlsx",1.030426125049781,T-shirt
05257 T-Shirt Pro Sort K/Æ,Alm.slid uden restværdi,1,2448,134,30155C97D461A7C00031C8EE,"PLC, Product detaljeret, Aarhus, Feb. 2023.xlsx",1.6662418300653596,T-shirt
05257 T-Shirt Pro Sort K/Æ,Misligholdt med restværdi,1,2440,100,30155C97D461A7C000495C27,"PLC, Product detaljeret, Aarhus, Feb. 2023.xlsx",1.2475409836065574,T-shirt
05257 T-Shirt Pro Sort K/Æ,Udgået Model,1,2267,93,00D009E2EFCE,"PLC, Product detaljeret, Aarhus, Feb. 2023.xlsx",1.2487516541685046,T-shirt
05257 T-Shirt Pro Sort K/Æ,Udgået Model,1,2231,97,30155C97D461A7C0005BEECB,"PLC, Product detaljeret, Aarhus, Feb. 2023.xlsx",1.3234782608695652,T-shirt
05257 T-Shirt Pro Sort K/Æ,Udgået Model,1,2227,101,30155C97D461A7C0008B11A4,"PLC, Product detaljeret, Aarhus, Feb. 2023.xlsx",1.3805298607992817,T-shirt
05257 T-Shirt Pro Sort K/Æ,Udgået Model,1,2153,99,30155C97D461A7C000A031B4,"PLC, Product detaljeret, Aarhus, Feb. 2023.xlsx",1.3997027403622853,T-shirt
05257 T-Shirt Pro Sort K/Æ,Udgået Model,1,2153,86,30155C97D461A7C000A0320C,"PLC, Product detaljeret, Aarhus, Feb. 2023.xlsx",1.2159033906177426,T-shirt
05257 T-Shirt Pro Sort K/Æ,Udgået Model,1,2153,81,30155C97D461A7C000A0323A,"PLC, Product detaljeret, Aarhus, Feb. 2023.xlsx",1.145211333023688,T-shirt
05257 T-Shirt Pro Sort K/Æ,Udgået Model,1,2153,90,30155C97D461A7C000A03259,"PLC, Product detaljeret, Aarhus, Feb. 2023.xlsx",1.2724570366929866,T-shirt
05257 T-Shirt Pro Sort K/Æ,Udgået Model,1,2153,102,30155C97D461A7C000A051E3,"PLC, Product detaljeret, Aarhus, Feb. 2023.xlsx",1.4421179749187183,T-shirt
05257 T-Shirt Pro Sort K/Æ,Udgået Model,1,2153,109,30155C97D461A7C000B6AEE5,"PLC, Product detaljeret, Aarhus, Feb. 2023.xlsx",1.5410868555503947,T-shirt
05257 T-Shirt Pro Sort K/Æ,Udgået Model,1,2153,101,30155C97D461A7C000B6AFBD,"PLC, Product detaljeret, Aarhus, Feb. 2023.xlsx",1.4279795633999073,T-shirt
05257 T-Shirt Pro Sort K/Æ,Udgået Model,1,2142,101,30155C97D461A7C000A0323E,"PLC, Product detaljeret, Aarhus, Feb. 2023.xlsx",1.4353127917833801,T-shirt
05257 T-Shirt Pro Sort K/Æ,Udgået Model,1,2142,100,30155C97D461A7C000A05162,"PLC, Product detaljeret, Aarhus, Feb. 2023.xlsx",1.4211017740429506,T-shirt
05257 T-Shirt Pro Sort K/Æ,Udgået Model,1,2142,104,30155C97D461A7C000B6AF8C,"PLC, Product detaljeret, Aarhus, Feb. 2023.xlsx",1.4779458450046685,T-shirt
05257 T-Shirt Pro Sort K/Æ,Udgået Model,1,2136,94,30155C97D461A7C000B60DD6,"PLC, Product detaljeret, Aarhus, Feb. 2023.xlsx",1.3395880149812736,T-shirt
05257 T-Shirt Pro Sort K/Æ,Udgået Model,1,2040,79,30155C97D461A7C000A7F4C7,"PLC, Product detaljeret, Aarhus, Feb. 2023.xlsx",1.1788039215686275,T-shirt
05257 T-Shirt Pro Sort K/Æ,Udgået Model,1,2036,86,30155C97D461A7C000A7F317,"PLC, Product detaljeret, Aarhus, Feb. 2023.xlsx",1.2857760314341846,T-shirt
05257 T-Shirt Pro Sort K/Æ,Udgået Model,1,2036,81,30155C97D461A7C000A7F53C,"PLC, Product detaljeret, Aarhus, Feb. 2023.xlsx",1.2110216110019647,T-shirt
05257 T-Shirt Pro Sort K/Æ,Udgået Model,1,1998,77,30155C97D461A7C000A7F341,"PLC, Product detaljeret, Aarhus, Feb. 2023.xlsx",1.1731131131131132,T-shirt
05257 T-Shirt Pro Sort K/Æ,Udgået Model,1,1997,81,30155C97D461A7C000A09155,"PLC, Product detaljeret, Aarhus, Feb. 2023.xlsx",1.2346720080120182,T-shirt
13668 T-shirt active unisex sort,Misligholdt med restværdi,1,1996,90,30155C97D461A7C000EB0AD9,"PLC, Product detaljeret, Aarhus, Feb. 2023.xlsx",1.3725450901803609,T-shirt
13668 T-shirt active unisex sort,Misligholdt med restværdi,1,1996,69,30155C97D461A7C000EB0AE3,"PLC, Product detaljeret, Aarhus, Feb. 2023.xlsx",1.0522845691382765,T-shirt
13668 T-shirt active unisex sort,Misligholdt med restværdi,1,1996,82,30155C97D461A7C000EB0B18,"PLC, Product detaljeret, Aarhus, Feb. 2023.xlsx",1.2505410821643288,T-shirt
13668 T-shirt active unisex sort,Misligholdt med restværdi,1,1996,66,30155C97D461A7C000EB0B8D,"PLC, Product detaljeret, Aarhus, Feb. 2023.xlsx",1.0065330661322645,T-shirt
13668 T-shirt active unisex sort,Misligholdt med restværdi,1,1996,81,30155C97D461A7C000EB0BBF,"PLC, Product detaljeret, Aarhus, Feb. 2023.xlsx",1.2352905811623247,T-shirt
13668 T-shirt active unisex sort,Misligholdt med restværdi,1,1996,80,30155C97D461A7C000EB0C6B,"PLC, Product detaljeret, Aarhus, Feb. 2023.xlsx",1.2200400801603206,T-shirt
05257 T-Shirt Pro Sort K/Æ,Bortkommet med restværdi,1,1842,75,300ED89F33500060009D8B24,"PLC, Product detaljeret, Aarhus, Feb. 2023.xlsx",1.2394136807817588,T-shirt
05257 T-Shirt Pro Sort K/Æ,Udgået Model,1,1736,82,30155C97D461A7C001108962,"PLC, Product detaljeret, Aarhus, Feb. 2023.xlsx",1.4378341013824885,T-shirt
05257 T-Shirt Pro Sort K/Æ,Udgået Model,1,1548,81,30155C97D461A7C001568057,"PLC, Product detaljeret, Aarhus, Feb. 2023.xlsx",1.5927906976744188,T-shirt
05257 T-Shirt Pro Sort K/Æ,Udgået Model,1,1548,76,30155C97D461A7C001568064,"PLC, Product detaljeret, Aarhus, Feb. 2023.xlsx",1.4944702842377262,T-shirt
05257 T-Shirt Pro Sort K/Æ,Udgået Model,1,1548,83,30155C97D461A7C0015680B2,"PLC, Product detaljeret, Aarhus, Feb. 2023.xlsx",1.6321188630490957,T-shirt
05257 T-Shirt Pro Sort K/Æ,Udgået Model,1,1548,87,30155C97D461A7C0015680BD,"PLC, Product detaljeret, Aarhus, Feb. 2023.xlsx",1.7107751937984497,T-shirt
05257 T-Shirt Pro Sort K/Æ,Udgået Model,1,1548,86,30155C97D461A7C0015680D0,"PLC, Product detaljeret, Aarhus, Feb. 2023.xlsx",1.691111111111111,T-shirt
05257 T-Shirt Pro Sort K/Æ,Misligholdt med restværdi,1,1502,57,30155C97D461A7C001572FFD,"PLC, Product detaljeret, Aarhus, Feb. 2023.xlsx",1.155179760319574,T-shirt
05257 T-Shirt Pro Sort K/Æ,Misligholdt med restværdi,1,1502,62,30155C97D461A7C0015730B5,"PLC, Product detaljeret, Aarhus, Feb. 2023.xlsx",1.2565113182423435,T-shirt
05257 T-Shirt Pro Sort K/Æ,Misligholdt med restværdi,1,1494,56,30155C97D461A7C00157300A,"PLC, Product detaljeret, Aarhus, Feb. 2023.xlsx",1.1409906291834004,T-shirt
05257 T-Shirt Pro Sort K/Æ,Misligholdt med restværdi,1,1494,62,30155C97D461A7C0015730EB,"PLC, Product detaljeret, Aarhus, Feb. 2023.xlsx",1.2632396251673361,T-shirt
05257 T-Shirt Pro Sort K/Æ,Udgået Model,1,1401,75,30155C97D461A7C001CC157C,"PLC, Product detaljeret, Aarhus, Feb. 2023.xlsx",1.6295503211991436,T-shirt
05257 T-Shirt Pro Sort K/Æ,Udgået Model,1,1390,63,30155C97D461A7C001CC14C7,"PLC, Product detaljeret, Aarhus, Feb. 2023.xlsx",1.379654676258993,T-shirt
06271 T-shirt L/Æ prowear sort,Misligholdt med restværdi,1,1389,47,30155C97D461A7C001D46D97,"PLC, Product detaljeret, Aarhus, Feb. 2023.xlsx",1.030007199424046,T-shirt
05257 T-Shirt Pro Sort K/Æ,Udgået Model,1,1386,62,30155C97D461A7C001CC15C9,"PLC, Product detaljeret, Aarhus, Feb. 2023.xlsx",1.3616738816738818,T-shirt
05257 T-Shirt Pro Sort K/Æ,Udgået Model,1,1381,73,30155C97D461A7C001D43B01,"PLC, Product detaljeret, Aarhus, Feb. 2023.xlsx",1.6090658942795075,T-shirt
05257 T-Shirt Pro Sort K/Æ,Udgået Model,1,1203,79,30155C97D461A7C0022955FF,"PLC, Product detaljeret, Aarhus, Feb. 2023.xlsx",1.9989692435577722,T-shirt
05257 T-Shirt Pro Sort K/Æ,Udgået Model,1,1201,52,30155C97D461A7C0022A8C53,"PLC, Product detaljeret, Aarhus, Feb. 2023.xlsx",1.31796835970025,T-shirt
05257 T-Shirt Pro Sort K/Æ,Udgået Model,1,1201,53,30155C97D461A7C0022A8C71,"PLC, Product detaljeret, Aarhus, Feb. 2023.xlsx",1.3433139050791008,T-shirt
05257 T-Shirt Pro Sort K/Æ,Udgået Model,1,1201,65,30155C97D461A7C0022A8CAF,"PLC, Product detaljeret, Aarhus, Feb. 2023.xlsx",1.6474604496253125,T-shirt
05257 T-Shirt Pro Sort K/Æ,Udgået Model,1,1201,76,30155C97D461A7C0022A8CB5,"PLC, Product detaljeret, Aarhus, Feb. 2023.xlsx",1.926261448792673,T-shirt
05257 T-Shirt Pro Sort K/Æ,Udgået Model,1,1201,57,30155C97D461A7C0022A8CCF,"PLC, Product detaljeret, Aarhus, Feb. 2023.xlsx",1.4446960865945047,T-shirt
05575 T-shirt da 3/4æ sort stretch,Udgået Model,1,1198,46,30155C97D461A7C001FC95F6,"PLC, Product detaljeret, Aarhus, Feb. 2023.xlsx",1.16881469115192,T-shirt
05257 T-Shirt Pro Sort K/Æ,Udgået Model,1,1196,44,30155C97D461A7C002295628,"PLC, Product detaljeret, Aarhus, Feb. 2023.xlsx",1.1198662207357861,T-shirt
05257 T-Shirt Pro Sort K/Æ,Udgået Model,1,1194,44,30155C97D461A7C0022A8C58,"PLC, Product detaljeret, Aarhus, Feb. 2023.xlsx",1.121742043551089,T-shirt
05257 T-Shirt Pro Sort K/Æ,Udgået Model,1,1194,69,30155C97D461A7C0022A8C6A,"PLC, Product detaljeret, Aarhus, Feb. 2023.xlsx",1.7590954773869347,T-shirt
05257 T-Shirt Pro Sort K/Æ,Udgået Model,1,1194,69,30155C97D461A7C0022A8CC3,"PLC, Product detaljeret, Aarhus, Feb. 2023.xlsx",1.7590954773869347,T-shirt
05257 T-Shirt Pro Sort K/Æ,Udgået Model,1,1187,49,30155C97D461A7C0022A8C6C,"PLC, Product detaljeret, Aarhus, Feb. 2023.xlsx",1.2565796124684079,T-shirt
05257 T-Shirt Pro Sort K/Æ,Udgået Model,1,1187,55,30155C97D461A7C0022A8CCC,"PLC, Product detaljeret, Aarhus, Feb. 2023.xlsx",1.41044650379107,T-shirt
05257 T-Shirt Pro Sort K/Æ,Udgået Model,1,1177,48,30155C97D461A7C0022A8DC6,"PLC, Product detaljeret, Aarhus, Feb. 2023.xlsx",1.241393372982158,T-shirt
05257 T-Shirt Pro Sort K/Æ,Misligholdt med restværdi,1,1094,38,30155C97D461A7C002676E18,"PLC, Product detaljeret, Aarhus, Feb. 2023.xlsx",1.0573308957952468,T-shirt
05257 T-Shirt Pro Sort K/Æ,Misligholdt med restværdi,1,1094,49,30155C97D461A7C002676E1B,"PLC, Product detaljeret, Aarhus, Feb. 2023.xlsx",1.3634003656307132,T-shirt
05257 T-Shirt Pro Sort K/Æ,Misligholdt med restværdi,1,1094,61,30155C97D461A7C002676EB8,"PLC, Product detaljeret, Aarhus, Feb. 2023.xlsx",1.697294332723949,T-shirt
05257 T-Shirt Pro Sort K/Æ,Misligholdt med restværdi,1,1094,40,30155C97D461A7C002676F6B,"PLC, Product detaljeret, Aarhus, Feb. 2023.xlsx",1.1129798903107861,T-shirt
06271 T-shirt L/Æ prowear sort,Misligholdt med restværdi,1,1063,55,30155C97D461A7C00216F774,"PLC, Product detaljeret, Aarhus, Feb. 2023.xlsx",1.5749764816556915,T-shirt
05257 T-Shirt Pro Sort K/Æ,Udgået Model,1,1059,43,30155C97D461A7C002112F29,"PLC, Product detaljeret, Aarhus, Feb. 2023.xlsx",1.235996222851747,T-shirt
05257 T-Shirt Pro Sort K/Æ,Udgået Model,1,1059,44,30155C97D461A7C002112F2C,"PLC, Product detaljeret, Aarhus, Feb. 2023.xlsx",1.2647403210576016,T-shirt
05257 T-Shirt Pro Sort K/Æ,Udgået Model,1,1052,41,30155C97D461A7C002112FE0,"PLC, Product detaljeret, Aarhus, Feb. 2023.xlsx",1.1863498098859315,T-shirt
06968 T-Shirt da l/æ sort bom,Misligholdt med restværdi,1,990,37,30155C97D461A7C0023B58A1,"PLC, Product detaljeret, Aarhus, Feb. 2023.xlsx",1.1376565656565656,T-shirt
05257 T-Shirt Pro Sort K/Æ,Alm.slid uden restværdi,1,979,59,30155C97D461A7C00294DC46,"PLC, Product detaljeret, Aarhus, Feb. 2023.xlsx",1.8344841675178754,T-shirt
05257 T-Shirt Pro Sort K/Æ,Alm.slid uden restværdi,1,975,52,30155C97D461A7C00294DBD5,"PLC, Product detaljeret, Aarhus, Feb. 2023.xlsx",1.6234666666666668,T-shirt
06271 T-shirt L/Æ prowear sort,Udgået Model,1,926,44,30155C97D461A7C002753078,"PLC, Product detaljeret, Aarhus, Feb. 2023.xlsx",1.446393088552916,T-shirt
05257 T-Shirt Pro Sort K/Æ,Udgået Model,1,918,36,30155C97D461A7C002154D8E,"PLC, Product detaljeret, Aarhus, Feb. 2023.xlsx",1.1937254901960785,T-shirt
05257 T-Shirt Pro Sort K/Æ,Udgået Model,1,908,39,30155C97D461A7C002154D95,"PLC, Product detaljeret, Aarhus, Feb. 2023.xlsx",1.3074449339207048,T-shirt
05257 T-Shirt Pro Sort K/Æ,Udgået Model,1,908,42,30155C97D461A7C002154DB3,"PLC, Product detaljeret, Aarhus, Feb. 2023.xlsx",1.4080176211453745,T-shirt
05257 T-Shirt Pro Sort K/Æ,Udgået Model,1,783,34,30155C97D461A6C0000F7CF0,"PLC, Product detaljeret, Aarhus, Feb. 2023.xlsx",1.3217879948914433,T-shirt
05257 T-Shirt Pro Sort K/Æ,Udgået Model,1,778,33,30155C97D461A7C00268DB92,"PLC, Product detaljeret, Aarhus, Feb. 2023.xlsx",1.2911568123393318,T-shirt
05257 T-Shirt Pro Sort K/Æ,Udgået Model,1,737,25,30155C97D461A6C0001B1CBC,"PLC, Product detaljeret, Aarhus, Feb. 2023.xlsx",1.0325644504748983,T-shirt
13854 T-shirt stretch uni sort,Alm.slid uden restværdi,1,709,34,30155C97D461A7C002113EDB,"PLC, Product detaljeret, Aarhus, Feb. 2023.xlsx",1.4597461212976024,T-shirt
05257 T-Shirt Pro Sort K/Æ,Udgået Model,1,705,27,30155C97D461A6C0002B8233,"PLC, Product detaljeret, Aarhus, Feb. 2023.xlsx",1.1657872340425532,T-shirt
05257 T-Shirt Pro Sort K/Æ,Udgået Model,1,703,40,30155C97D461A6C00030FEC4,"PLC, Product detaljeret, Aarhus, Feb. 2023.xlsx",1.7320056899004268,T-shirt
05257 T-Shirt Pro Sort K/Æ,Udgået Model,1,703,41,30155C97D461A6C00039E646,"PLC, Product detaljeret, Aarhus, Feb. 2023.xlsx",1.7753058321479376,T-shirt
05257 T-Shirt Pro Sort K/Æ,Udgået Model,1,703,34,30155C97D461A6C00039E666,"PLC, Product detaljeret, Aarhus, Feb. 2023.xlsx",1.4722048364153628,T-shirt
13854 T-shirt stretch uni sort,Alm.slid uden restværdi,1,698,39,30155C97D461A7C002285DEC,"PLC, Product detaljeret, Aarhus, Feb. 2023.xlsx",1.7008022922636103,T-shirt
05257 T-Shirt Pro Sort K/Æ,Udgået Model,1,666,25,30155C97D461A6C0002F805D,"PLC, Product detaljeret, Aarhus, Feb. 2023.xlsx",1.1426426426426428,T-shirt
05257 T-Shirt Pro Sort K/Æ,Udgået Model,1,601,20,30155C97D461A6C000843244,"PLC, Product detaljeret, Aarhus, Feb. 2023.xlsx",1.0129783693843595,T-shirt
05257 T-Shirt Pro Sort K/Æ,Misligholdt med restværdi,1,568,25,30155C97D461A6C0003A3831,"PLC, Product detaljeret, Aarhus, Feb. 2023.xlsx",1.3397887323943662,T-shirt
05257 T-Shirt Pro Sort K/Æ,Misligholdt med restværdi,1,568,28,30155C97D461A6C0003A38D5,"PLC, Product detaljeret, Aarhus, Feb. 2023.xlsx",1.50056338028169,T-shirt
05257 T-Shirt Pro Sort K/Æ,Misligholdt med restværdi,1,568,24,30155C97D461A6C0003A38E1,"PLC, Product detaljeret, Aarhus, Feb. 2023.xlsx",1.2861971830985917,T-shirt
05257 T-Shirt Pro Sort K/Æ,Misligholdt med restværdi,1,553,22,30155C97D461A6C000B1C57A,"PLC, Product detaljeret, Aarhus, Feb. 2023.xlsx",1.210994575045208,T-shirt
06271 T-shirt L/Æ prowear sort,Alm.slid uden restværdi,1,493,31,30155C97D461A6C0008BF204,"PLC, Product detaljeret, Aarhus, Feb. 2023.xlsx",1.914077079107505,T-shirt
05257 T-Shirt Pro Sort K/Æ,Misligholdt med restværdi,1,442,26,30155C97D461A6C000B1925E,"PLC, Product detaljeret, Aarhus, Feb. 2023.xlsx",1.7905882352941176,T-shirt
05257 T-Shirt Pro Sort K/Æ,Misligholdt med restværdi,1,406,25,30155C97D461A6C000E2F6FA,"PLC, Product detaljeret, Aarhus, Feb. 2023.xlsx",1.8743842364532022,T-shirt
05257 T-Shirt Pro Sort K/Æ,Misligholdt med restværdi,1,390,25,30155C97D461A6C000E312F2,"PLC, Product detaljeret, Aarhus, Feb. 2023.xlsx",1.9512820512820512,T-shirt
05257 T-Shirt Pro Sort K/Æ,Udgået Model,1,283,12,30155C97D461A6C0012FB321,"PLC, Product detaljeret, Aarhus, Feb. 2023.xlsx",1.2907420494699648,T-shirt
05257 T-Shirt Pro Sort K/Æ,Udgået Model,1,155,9,30155C97D461A6C0019CF9CE,"PLC, Product detaljeret, Aarhus, Feb. 2023.xlsx",1.767483870967742,T-shirt
05257 T-Shirt Pro Sort K/Æ,Udgået Model,1,155,7,30155C97D461A6C0019CFA15,"PLC, Product detaljeret, Aarhus, Feb. 2023.xlsx",1.3747096774193548,T-shirt
05257 T-Shirt Pro Sort K/Æ,Udgået Model,1,155,6,30155C97D461A6C0019CFA6A,"PLC, Product detaljeret, Aarhus, Feb. 2023.xlsx",1.1783225806451614,T-shirt
05257 T-Shirt Pro Sort K/Æ,Udgået Model,1,155,7,30155C97D461A6C001B34048,"PLC, Product detaljeret, Aarhus, Feb. 2023.xlsx",1.3747096774193548,T-shirt
05257 T-Shirt Pro Sort K/Æ,Udgået Model,1,155,8,30155C97D461A6C001B34066,"PLC, Product detaljeret, Aarhus, Feb. 2023.xlsx",1.5710967741935484,T-shirt
05257 T-Shirt Pro Sort K/Æ,Udgået Model,1,155,8,30155C97D461A6C001B341E7,"PLC, Product detaljeret, Aarhus, Feb. 2023.xlsx",1.5710967741935484,T-shirt
05257 T-Shirt Pro Sort K/Æ,Udgået Model,1,133,6,30155C97D461A6C0010DDF50,"PLC, Product detaljeret, Aarhus, Feb. 2023.xlsx",1.373233082706767,T-shirt
05257 T-Shirt Pro Sort K/Æ,Udgået Model,1,133,6,30155C97D461A6C0010DDFC1,"PLC, Product detaljeret, Aarhus, Feb. 2023.xlsx",1.373233082706767,T-shirt
05257 T-Shirt Pro Sort K/Æ,Misligholdt med restværdi,1,104,4,30155C97D461A6C0018FA805,"PLC, Product detaljeret, Aarhus, Feb. 2023.xlsx",1.1707692307692308,T-shirt
05257 T-Shirt Pro Sort K/Æ,Misligholdt med restværdi,1,104,4,30155C97D461A6C001B9BBC8,"PLC, Product detaljeret, Aarhus, Feb. 2023.xlsx",1.1707692307692308,T-shirt
05257 T-Shirt Pro Sort K/Æ,Alm.slid uden restværdi,1,79,3,30155C97D461A6C0018F96F2,"PLC, Product detaljeret, Aarhus, Feb. 2023.xlsx",1.1559493670886076,T-shirt
05257 T-Shirt Pro Sort K/Æ,Misligholdt med restværdi,1,78,4,30155C97D461A6C0018F9627,"PLC, Product detaljeret, Aarhus, Feb. 2023.xlsx",1.5610256410256411,T-shirt
05257 T-Shirt Pro Sort K/Æ,Misligholdt med restværdi,1,78,4,30155C97D461A6C0018F9673,"PLC, Product detaljeret, Aarhus, Feb. 2023.xlsx",1.5610256410256411,T-shirt
05257 T-Shirt Pro Sort K/Æ,Misligholdt med restværdi,1,78,4,30155C97D461A6C0018F96BE,"PLC, Product detaljeret, Aarhus, Feb. 2023.xlsx",1.5610256410256411,T-shirt
05575 T-shirt da 3/4æ sort stretch,Udgået Model,1,57,3,30155C97D461A6C001A6AC0C,"PLC, Product detaljeret, Aarhus, Feb. 2023.xlsx",1.6021052631578947,T-shirt
05257 T-Shirt Pro Sort K/Æ,Misligholdt med restværdi,1,2785,93,00D009C161A6,"PLC, Product detaljeret, Aarhus, Jan. 2023.xlsx",1.0164883303411132,T-shirt
05257 T-Shirt Pro Sort K/Æ,Misligholdt med restværdi,1,2733,117,00D009E29510,"PLC, Product detaljeret, Aarhus, Jan. 2023.xlsx",1.303139407244786,T-shirt
05257 T-Shirt Pro Sort K/Æ,Misligholdt med restværdi,1,2733,110,00D009E339E4,"PLC, Product detaljeret, Aarhus, Jan. 2023.xlsx",1.225173801683132,T-shirt
05257 T-Shirt Pro Sort K/Æ,Misligholdt med restværdi,1,2733,126,00D009E33EA8,"PLC, Product detaljeret, Aarhus, Jan. 2023.xlsx",1.4033809001097695,T-shirt
05257 T-Shirt Pro Sort K/Æ,Misligholdt med restværdi,1,2728,121,00D009E27673,"PLC, Product detaljeret, Aarhus, Jan. 2023.xlsx",1.3501612903225808,T-shirt
05257 T-Shirt Pro Sort K/Æ,Misligholdt med restværdi,1,2728,112,00D009E370BA,"PLC, Product detaljeret, Aarhus, Jan. 2023.xlsx",1.2497360703812317,T-shirt
05257 T-Shirt Pro Sort K/Æ,Misligholdt med restværdi,1,2714,117,00D009E341FC,"PLC, Product detaljeret, Aarhus, Jan. 2023.xlsx",1.3122623434045688,T-shirt
05257 T-Shirt Pro Sort K/Æ,Misligholdt med restværdi,1,2637,87,00D009EF8CDA,"PLC, Product detaljeret, Aarhus, Jan. 2023.xlsx",1.0042775881683732,T-shirt
05257 T-Shirt Pro Sort K/Æ,Misligholdt med restværdi,1,2594,105,00D00A435395,"PLC, Product detaljeret, Aarhus, Jan. 2023.xlsx",1.2321511179645337,T-shirt
05257 T-Shirt Pro Sort K/Æ,Alm.slid uden restværdi,1,2579,110,00D00A43447D,"PLC, Product detaljeret, Aarhus, Jan. 2023.xlsx",1.2983326870880187,T-shirt
05257 T-Shirt Pro Sort K/Æ,Alm.slid uden restværdi,1,2579,137,00D00A43BBF8,"PLC, Product detaljeret, Aarhus, Jan. 2023.xlsx",1.617014346645987,T-shirt
05257 T-Shirt Pro Sort K/Æ,Alm.slid uden restværdi,1,2579,109,00D00A43DC50,"PLC, Product detaljeret, Aarhus, Jan. 2023.xlsx",1.2865296626599458,T-shirt
05257 T-Shirt Pro Sort K/Æ,Misligholdt med restværdi,1,2370,98,30155C97D461A7C0004BC76F,"PLC, Product detaljeret, Aarhus, Jan. 2023.xlsx",1.2587004219409283,T-shirt
05257 T-Shirt Pro Sort K/Æ,Alm.slid uden restværdi,1,2240,122,30155C97D461A7C00072C40E,"PLC, Product detaljeret, Aarhus, Jan. 2023.xlsx",1.6578928571428573,T-shirt
05257 T-Shirt Pro Sort K/Æ,Alm.slid uden restværdi,1,2240,91,30155C97D461A7C00072C411,"PLC, Product detaljeret, Aarhus, Jan. 2023.xlsx",1.236625,T-shirt
05257 T-Shirt Pro Sort K/Æ,Misligholdt med restværdi,1,2240,107,30155C97D461A7C00072C3FB,"PLC, Product detaljeret, Aarhus, Jan. 2023.xlsx",1.4540535714285714,T-shirt
05257 T-Shirt Pro Sort K/Æ,Alm.slid uden restværdi,1,2170,102,30155C97D461A7C000A090C7,"PLC, Product detaljeret, Aarhus, Jan. 2023.xlsx",1.4308202764976958,T-shirt
05257 T-Shirt Pro Sort K/Æ,Udgået Model,1,2119,116,30155C97D461A7C000A03278,"PLC, Product detaljeret, Aarhus, Jan. 2023.xlsx",1.6663709296838132,T-shirt
05257 T-Shirt Pro Sort K/Æ,Misligholdt med restværdi,1,1919,78,30155C97D461A7C000B1788D,"PLC, Product detaljeret, Aarhus, Jan. 2023.xlsx",1.2372694111516416,T-shirt
05257 T-Shirt Pro Sort K/Æ,Misligholdt med restværdi,1,1728,67,30155C97D461A7C000B1784C,"PLC, Product detaljeret, Aarhus, Jan. 2023.xlsx",1.1802546296296297,T-shirt
05257 T-Shirt Pro Sort K/Æ,Misligholdt med restværdi,1,1723,66,30155C97D461A7C000B1779E,"PLC, Product detaljeret, Aarhus, Jan. 2023.xlsx",1.166012768427162,T-shirt
05257 T-Shirt Pro Sort K/Æ,Misligholdt med restværdi,1,1713,66,30155C97D461A7C000B17794,"PLC, Product detaljeret, Aarhus, Jan. 2023.xlsx",1.1728196147110332,T-shirt
05257 T-Shirt Pro Sort K/Æ,Alm.slid uden restværdi,1,1708,82,30155C97D461A7C0011085C1,"PLC, Product detaljeret, Aarhus, Jan. 2023.xlsx",1.4614051522248244,T-shirt
05257 T-Shirt Pro Sort K/Æ,Misligholdt med restværdi,1,1619,66,30155C97D461A7C0013C6875,"PLC, Product detaljeret, Aarhus, Jan. 2023.xlsx",1.2409141445336629,T-shirt
05257 T-Shirt Pro Sort K/Æ,Misligholdt med restværdi,1,1618,62,30155C97D461A7C0013C688E,"PLC, Product detaljeret, Aarhus, Jan. 2023.xlsx",1.1664276885043263,T-shirt
05257 T-Shirt Pro Sort K/Æ,Misligholdt med restværdi,1,1618,55,30155C97D461A7C0013C6978,"PLC, Product detaljeret, Aarhus, Jan. 2023.xlsx",1.034734239802225,T-shirt
05257 T-Shirt Pro Sort K/Æ,Alm.slid uden restværdi,1,1611,74,30155C97D461A7C0013C8282,"PLC, Product detaljeret, Aarhus, Jan. 2023.xlsx",1.3982371198013657,T-shirt
05257 T-Shirt Pro Sort K/Æ,Misligholdt med restværdi,1,1605,71,30155C97D461A7C0013C69AB,"PLC, Product detaljeret, Aarhus, Jan. 2023.xlsx",1.3465669781931464,T-shirt
05257 T-Shirt Pro Sort K/Æ,Udgået Model,1,1585,86,30155C97D461A7C0015687BA,"PLC, Product detaljeret, Aarhus, Jan. 2023.xlsx",1.6516340694006308,T-shirt
05257 T-Shirt Pro Sort K/Æ,Udgået Model,1,1536,78,30155C97D461A7C00156804A,"PLC, Product detaljeret, Aarhus, Jan. 2023.xlsx",1.54578125,T-shirt
05257 T-Shirt Pro Sort K/Æ,Udgået Model,1,1536,80,30155C97D461A7C0015680B8,"PLC, Product detaljeret, Aarhus, Jan. 2023.xlsx",1.5854166666666667,T-shirt
05257 T-Shirt Pro Sort K/Æ,Udgået Model,1,1536,85,30155C97D461A7C0015680C4,"PLC, Product detaljeret, Aarhus, Jan. 2023.xlsx",1.6845052083333334,T-shirt
05257 T-Shirt Pro Sort K/Æ,Misligholdt med restværdi,1,1507,61,30155C97D461A7C00156B05F,"PLC, Product detaljeret, Aarhus, Jan. 2023.xlsx",1.2321433311214331,T-shirt
05257 T-Shirt Pro Sort K/Æ,Misligholdt med restværdi,1,1472,80,30155C97D461A7C001671C3A,"PLC, Product detaljeret, Aarhus, Jan. 2023.xlsx",1.6543478260869566,T-shirt
05257 T-Shirt Pro Sort K/Æ,Misligholdt med restværdi,1,1458,52,30155C97D461A7C001680071,"PLC, Product detaljeret, Aarhus, Jan. 2023.xlsx",1.0856515775034294,T-shirt
05257 T-Shirt Pro Sort K/Æ,Misligholdt med restværdi,1,1458,52,30155C97D461A7C00168009B,"PLC, Product detaljeret, Aarhus, Jan. 2023.xlsx",1.0856515775034294,T-shirt
05257 T-Shirt Pro Sort K/Æ,Misligholdt med restværdi,1,1458,52,30155C97D461A7C0016800CF,"PLC, Product detaljeret, Aarhus, Jan. 2023.xlsx",1.0856515775034294,T-shirt
05257 T-Shirt Pro Sort K/Æ,Misligholdt med restværdi,1,1458,61,30155C97D461A7C00168015B,"PLC, Product detaljeret, Aarhus, Jan. 2023.xlsx",1.2735528120713306,T-shirt
05257 T-Shirt Pro Sort K/Æ,Misligholdt med restværdi,1,1458,52,30155C97D461A7C0016801D2,"PLC, Product detaljeret, Aarhus, Jan. 2023.xlsx",1.0856515775034294,T-shirt
05257 T-Shirt Pro Sort K/Æ,Misligholdt med restværdi,1,1458,57,30155C97D461A7C001680208,"PLC, Product detaljeret, Aarhus, Jan. 2023.xlsx",1.1900411522633747,T-shirt
05257 T-Shirt Pro Sort K/Æ,Misligholdt med restværdi,1,1458,58,30155C97D461A7C00168020D,"PLC, Product detaljeret, Aarhus, Jan. 2023.xlsx",1.2109190672153636,T-shirt
08376 T-shirt lady sort k/æ pb,Alm.slid uden restværdi,1,1449,91,30155C97D461A7C001562150,"PLC, Product detaljeret, Aarhus, Jan. 2023.xlsx",1.9116908212560388,T-shirt
05257 T-Shirt Pro Sort K/Æ,Alm.slid uden restværdi,1,1266,59,30155C97D461A7C00218E938,"PLC, Product detaljeret, Aarhus, Jan. 2023.xlsx",1.418609794628752,T-shirt
05257 T-Shirt Pro Sort K/Æ,Alm.slid uden restværdi,1,1266,57,30155C97D461A7C00218EA03,"PLC, Product detaljeret, Aarhus, Jan. 2023.xlsx",1.370521327014218,T-shirt
05257 T-Shirt Pro Sort K/Æ,Udgået Model,1,1211,42,00D009C17EC4,"PLC, Product detaljeret, Aarhus, Jan. 2023.xlsx",1.0557225433526012,T-shirt
05257 T-Shirt Pro Sort K/Æ,Udgået Model,1,1211,44,00D009C181BF,"PLC, Product detaljeret, Aarhus, Jan. 2023.xlsx",1.1059950454170109,T-shirt
05257 T-Shirt Pro Sort K/Æ,Udgået Model,1,1211,40,00D009C25E0F,"PLC, Product detaljeret, Aarhus, Jan. 2023.xlsx",1.0054500412881915,T-shirt
05257 T-Shirt Pro Sort K/Æ,Udgået Model,1,1211,44,00D009C29456,"PLC, Product detaljeret, Aarhus, Jan. 2023.xlsx",1.1059950454170109,T-shirt
05257 T-Shirt Pro Sort K/Æ,Udgået Model,1,1208,65,30155C97D461A7C0022A850A,"PLC, Product detaljeret, Aarhus, Jan. 2023.xlsx",1.6379139072847682,T-shirt
13854 T-shirt stretch uni sort,Alm.slid uden restværdi,1,1158,72,30155C97D461A7C002113DCE,"PLC, Product detaljeret, Aarhus, Jan. 2023.xlsx",1.892642487046632,T-shirt
13854 T-shirt stretch uni sort,Alm.slid uden restværdi,1,1158,65,30155C97D461A7C002113ECB,"PLC, Product detaljeret, Aarhus, Jan. 2023.xlsx",1.7086355785837652,T-shirt
13854 T-shirt stretch uni sort,Alm.slid uden restværdi,1,1157,69,30155C97D461A7C002113F89,"PLC, Product detaljeret, Aarhus, Jan. 2023.xlsx",1.8153500432152119,T-shirt
13854 T-shirt stretch uni sort,Alm.slid uden restværdi,1,1155,63,30155C97D461A7C002113EAC,"PLC, Product detaljeret, Aarhus, Jan. 2023.xlsx",1.6603636363636363,T-shirt
13854 T-shirt stretch uni sort,Bortkommet med restværdi,1,1109,61,30155C97D461A7C002120413,"PLC, Product detaljeret, Aarhus, Jan. 2023.xlsx",1.674337240757439,T-shirt
05257 T-Shirt Pro Sort K/Æ,Alm.slid uden restværdi,1,933,50,30155C97D461A7C00294DB0B,"PLC, Product detaljeret, Aarhus, Jan. 2023.xlsx",1.6312968917470527,T-shirt
05257 T-Shirt Pro Sort K/Æ,Alm.slid uden restværdi,1,933,53,30155C97D461A7C00294DBA0,"PLC, Product detaljeret, Aarhus, Jan. 2023.xlsx",1.7291747052518756,T-shirt
05257 T-Shirt Pro Sort K/Æ,Misligholdt med restværdi,1,866,42,30155C97D461A7C00294F5BB,"PLC, Product detaljeret, Aarhus, Jan. 2023.xlsx",1.4763048498845268,T-shirt
05257 T-Shirt Pro Sort K/Æ,Misligholdt med restværdi,1,860,47,30155C97D461A7C00294F697,"PLC, Product detaljeret, Aarhus, Jan. 2023.xlsx",1.6635813953488374,T-shirt
05257 T-Shirt Pro Sort K/Æ,Misligholdt med restværdi,1,858,39,30155C97D461A7C0027CF21C,"PLC, Product detaljeret, Aarhus, Jan. 2023.xlsx",1.3836363636363638,T-shirt
05257 T-Shirt Pro Sort K/Æ,Alm.slid uden restværdi,1,853,48,30155C97D461A7C00294F6A9,"PLC, Product detaljeret, Aarhus, Jan. 2023.xlsx",1.7129191090269638,T-shirt
05257 T-Shirt Pro Sort K/Æ,Alm.slid uden restværdi,1,853,41,30155C97D461A7C00294F6C2,"PLC, Product detaljeret, Aarhus, Jan. 2023.xlsx",1.4631184056271982,T-shirt
05257 T-Shirt Pro Sort K/Æ,Alm.slid uden restværdi,1,853,55,30155C97D461A7C00294F79E,"PLC, Product detaljeret, Aarhus, Jan. 2023.xlsx",1.962719812426729,T-shirt
05257 T-Shirt Pro Sort K/Æ,Misligholdt med restværdi,1,845,35,30155C97D461A7C002913B00,"PLC, Product detaljeret, Aarhus, Jan. 2023.xlsx",1.260828402366864,T-shirt
05257 T-Shirt Pro Sort K/Æ,Misligholdt med restværdi,1,769,32,30155C97D461A6C0000F814F,"PLC, Product detaljeret, Aarhus, Jan. 2023.xlsx",1.2666840052015607,T-shirt
05257 T-Shirt Pro Sort K/Æ,Alm.slid uden restværdi,1,756,33,30155C97D461A6C0000F816A,"PLC, Product detaljeret, Aarhus, Jan. 2023.xlsx",1.3287301587301588,T-shirt
05257 T-Shirt Pro Sort K/Æ,Misligholdt med restværdi,1,756,25,30155C97D461A6C0000F40C4,"PLC, Product detaljeret, Aarhus, Jan. 2023.xlsx",1.0066137566137565,T-shirt
05257 T-Shirt Pro Sort K/Æ,Misligholdt med restværdi,1,756,37,30155C97D461A6C0000F8175,"PLC, Product detaljeret, Aarhus, Jan. 2023.xlsx",1.4897883597883597,T-shirt
05257 T-Shirt Pro Sort K/Æ,Misligholdt med restværdi,1,756,41,30155C97D461A6C0000F8244,"PLC, Product detaljeret, Aarhus, Jan. 2023.xlsx",1.6508465608465608,T-shirt
06271 T-shirt L/Æ prowear sort,Misligholdt med restværdi,1,740,26,30155C97D461A7C002912AC3,"PLC, Product detaljeret, Aarhus, Jan. 2023.xlsx",1.0695135135135136,T-shirt
05257 T-Shirt Pro Sort K/Æ,Bortkommet med restværdi,1,730,29,30155C97D461A7C00268BD03,"PLC, Product detaljeret, Aarhus, Jan. 2023.xlsx",1.2092602739726028,T-shirt
13854 T-shirt stretch uni sort,Bortkommet med restværdi,1,663,43,30155C97D461A7C002117159,"PLC, Product detaljeret, Aarhus, Jan. 2023.xlsx",1.9742383107088992,T-shirt
08376 T-shirt lady sort k/æ pb,Bortkommet med restværdi,1,639,24,30155C97D461A6C0000FE2F3,"PLC, Product detaljeret, Aarhus, Jan. 2023.xlsx",1.1432863849765258,T-shirt
08376 T-shirt lady sort k/æ pb,Bortkommet med restværdi,1,616,33,30155C97D461A7C0029150F4,"PLC, Product detaljeret, Aarhus, Jan. 2023.xlsx",1.6307142857142858,T-shirt
08376 T-shirt lady sort k/æ pb,Udgået Model,1,576,34,30155C97D461A6C0000FC0DB,"PLC, Product detaljeret, Aarhus, Jan. 2023.xlsx",1.7968055555555555,T-shirt
05257 T-Shirt Pro Sort K/Æ,Misligholdt med restværdi,1,575,35,30155C97D461A6C000842931,"PLC, Product detaljeret, Aarhus, Jan. 2023.xlsx",1.8528695652173914,T-shirt
05257 T-Shirt Pro Sort K/Æ,Misligholdt med restværdi,1,559,25,30155C97D461A6C0003A38CB,"PLC, Product detaljeret, Aarhus, Jan. 2023.xlsx",1.3613595706618964,T-shirt
05257 T-Shirt Pro Sort K/Æ,Udgået Model,1,449,20,30155C97D461A7C000A00153,"PLC, Product detaljeret, Aarhus, Jan. 2023.xlsx",1.355902004454343,T-shirt
05257 T-Shirt Pro Sort K/Æ,Udgået Model,1,449,23,30155C97D461A7C000A00161,"PLC, Product detaljeret, Aarhus, Jan. 2023.xlsx",1.5592873051224945,T-shirt
06271 T-shirt L/Æ prowear sort,BTS fejl uden restværdi,1,437,16,30155C97D461A7C0023C97E3,"PLC, Product detaljeret, Aarhus, Jan. 2023.xlsx",1.1145080091533182,T-shirt
05257 T-Shirt Pro Sort K/Æ,Misligholdt med restværdi,1,435,24,30155C97D461A6C000B19354,"PLC, Product detaljeret, Aarhus, Jan. 2023.xlsx",1.679448275862069,T-shirt
08376 T-shirt lady sort k/æ pb,Udgået Model,1,425,14,30155C97D461A7C001CB3855,"PLC, Product detaljeret, Aarhus, Jan. 2023.xlsx",1.002729411764706,T-shirt
24120 T-shirt l/æ Flamestat sort,Misligholdt med restværdi,1,339,14,30155C97D461A6C00081E7B6,"PLC, Product detaljeret, Aarhus, Jan. 2023.xlsx",1.257109144542773,T-shirt
24120 T-shirt l/æ Flamestat sort,Misligholdt med restværdi,1,324,11,30155C97D461A6C00081E7D3,"PLC, Product detaljeret, Aarhus, Jan. 2023.xlsx",1.0334567901234568,T-shirt
06271 T-shirt L/Æ prowear sort,Udgået Model,1,289,10,30155C97D461A7C000D75B3A,"PLC, Product detaljeret, Aarhus, Jan. 2023.xlsx",1.053287197231834,T-shirt
05257 T-Shirt Pro Sort K/Æ,Misligholdt med restværdi,1,215,10,30155C97D461A6C000EAC6CC,"PLC, Product detaljeret, Aarhus, Jan. 2023.xlsx",1.415813953488372,T-shirt
05257 T-Shirt Pro Sort K/Æ,Alm.slid uden restværdi,1,196,7,30155C97D461A4C0009350B7,"PLC, Product detaljeret, Aarhus, Jan. 2023.xlsx",1.0871428571428572,T-shirt
05257 T-Shirt Pro Sort K/Æ,Alm.slid uden restværdi,1,196,8,30155C97D461A4C000935248,"PLC, Product detaljeret, Aarhus, Jan. 2023.xlsx",1.2424489795918368,T-shirt
05257 T-Shirt Pro Sort K/Æ,Misligholdt med restværdi,1,105,4,30155C97D461A6C000EAA024,"PLC, Product detaljeret, Aarhus, Jan. 2023.xlsx",1.1596190476190478,T-shirt
05257 T-Shirt Pro Sort K/Æ,Alm.slid uden restværdi,1,78,3,30155C97D461A4C000E98BD0,"PLC, Product detaljeret, Aarhus, Jan. 2023.xlsx",1.1707692307692308,T-shirt
05257 T-Shirt Pro Sort K/Æ,BTS fejl uden restværdi,1,73,4,30155C97D461A6C0005CD460,"PLC, Product detaljeret, Aarhus, Jan. 2023.xlsx",1.6679452054794521,T-shirt
05257 T-Shirt Pro Sort K/Æ,BTS fejl uden restværdi,1,66,4,30155C97D461A6C0005CD46C,"PLC, Product detaljeret, Aarhus, Jan. 2023.xlsx",1.844848484848485,T-shirt
06271 T-shirt L/Æ prowear sort,Udgået Model,1,52,2,30155C97D461A7C000B1819B,"PLC, Product detaljeret, Aarhus, Jan. 2023.xlsx",1.1707692307692308,T-shirt
06271 T-shirt L/Æ prowear sort,Udgået Model,1,52,2,30155C97D461A7C000B1823E,"PLC, Product detaljeret, Aarhus, Jan. 2023.xlsx",1.1707692307692308,T-shirt
05257 T-Shirt Pro Sort K/Æ,Udgået Model,1,50,2,30155C97D461A7C000BA28D9,"PLC, Product detaljeret, Aarhus, Jan. 2023.xlsx",1.2176,T-shirt
26613 T-Shirt Acc Grå/Sort,Alm.slid uden restværdi,1,47,3,30155C97D461A6C001160A3B,"PLC, Product detaljeret, Aarhus, Jan. 2023.xlsx",1.9429787234042553,T-shirt
05575 T-shirt da 3/4æ sort stretch,Udgået Model,1,46,2,30155C97D461A6C001A6AC32,"PLC, Product detaljeret, Aarhus, Jan. 2023.xlsx",1.3234782608695652,T-shirt
05575 T-shirt da 3/4æ sort stretch,Udgået Model,1,46,2,30155C97D461A6C001A6AA6A,"PLC, Product detaljeret, Aarhus, Jan. 2023.xlsx",1.3234782608695652,T-shirt
05257 T-Shirt Pro Sort K/Æ,Udgået Model,1,29,1,30155C97D461A7C000F0F099,"PLC, Product detaljeret, Aarhus, Jan. 2023.xlsx",1.049655172413793,T-shirt
29981 T-Shirt Sort Bayern,Alm.slid uden restværdi,1,28,1,30155C97D461A6C001A5D852,"PLC, Product detaljeret, Aarhus, Jan. 2023.xlsx",1.0871428571428572,T-shirt
05257 T-Shirt Pro Sort K/Æ,Udgået Model,1,2813,118,00D009F13C72,"PLC, Product detaljeret, Aarhus, Jul. 2023.xlsx",1.276900106647707,T-shirt
05257 T-Shirt Pro Sort K/Æ,Udgået Model,1,2717,122,00D00A43C8FD,"PLC, Product detaljeret, Aarhus, Jul. 2023.xlsx",1.3668310636731689,T-shirt
08376 T-shirt lady sort k/æ pb,Udgået Model,1,2565,112,30155C97D461A7C0004BCAD0,"PLC, Product detaljeret, Aarhus, Jul. 2023.xlsx",1.3291539961013648,T-shirt
08376 T-shirt lady sort k/æ pb,Udgået Model,1,2565,132,30155C97D461A7C0004BCB0C,"PLC, Product detaljeret, Aarhus, Jul. 2023.xlsx",1.5665029239766084,T-shirt
08376 T-shirt lady sort k/æ pb,Udgået Model,1,2565,109,30155C97D461A7C0004BCB11,"PLC, Product detaljeret, Aarhus, Jul. 2023.xlsx",1.293551656920078,T-shirt
08376 T-shirt lady sort k/æ pb,Udgået Model,1,2565,100,30155C97D461A7C0004BCB24,"PLC, Product detaljeret, Aarhus, Jul. 2023.xlsx",1.1867446393762182,T-shirt
08376 T-shirt lady sort k/æ pb,Udgået Model,1,2565,109,30155C97D461A7C0004BCB70,"PLC, Product detaljeret, Aarhus, Jul. 2023.xlsx",1.293551656920078,T-shirt
05257 T-Shirt Pro Sort K/Æ,Udgået Model,1,2355,143,30155C97D461A7C0009FFF06,"PLC, Product detaljeret, Aarhus, Jul. 2023.xlsx",1.8483736730360936,T-shirt
05257 T-Shirt Pro Sort K/Æ,Udgået Model,1,2355,125,30155C97D461A7C0009FFF55,"PLC, Product detaljeret, Aarhus, Jul. 2023.xlsx",1.615711252653928,T-shirt
05257 T-Shirt Pro Sort K/Æ,Misligholdt med restværdi,1,1765,70,30155C97D461A7C001566F1F,"PLC, Product detaljeret, Aarhus, Jul. 2023.xlsx",1.2072521246458925,T-shirt
06271 T-shirt L/Æ prowear sort,Misligholdt med restværdi,1,1682,81,30155C97D461A7C001572065,"PLC, Product detaljeret, Aarhus, Jul. 2023.xlsx",1.4658977407847802,T-shirt
05257 T-Shirt Pro Sort K/Æ,Alm.slid uden restværdi,1,1641,106,30155C97D461A7C0015617EF,"PLC, Product detaljeret, Aarhus, Jul. 2023.xlsx",1.9662644728823888,T-shirt
05257 T-Shirt Pro Sort K/Æ,Alm.slid uden restværdi,1,1641,104,30155C97D461A7C0015617F7,"PLC, Product detaljeret, Aarhus, Jul. 2023.xlsx",1.9291651432053625,T-shirt
05257 T-Shirt Pro Sort K/Æ,Alm.slid uden restværdi,1,1641,106,30155C97D461A7C001561869,"PLC, Product detaljeret, Aarhus, Jul. 2023.xlsx",1.9662644728823888,T-shirt
05257 T-Shirt Pro Sort K/Æ,Alm.slid uden restværdi,1,1641,107,30155C97D461A7C001561891,"PLC, Product detaljeret, Aarhus, Jul. 2023.xlsx",1.984814137720902,T-shirt
06271 T-shirt L/Æ prowear sort,Udgået Model,1,1376,46,30155C97D461A7C001169AB2,"PLC, Product detaljeret, Aarhus, Jul. 2023.xlsx",1.0176162790697674,T-shirt
13854 T-shirt stretch uni sort,Alm.slid uden restværdi,1,1355,82,30155C97D461A7C002114C59,"PLC, Product detaljeret, Aarhus, Jul. 2023.xlsx",1.8421254612546125,T-shirt
13854 T-shirt stretch uni sort,Alm.slid uden restværdi,1,1355,84,30155C97D461A7C002114CBB,"PLC, Product detaljeret, Aarhus, Jul. 2023.xlsx",1.8870553505535057,T-shirt
13854 T-shirt stretch uni sort,Alm.slid uden restværdi,1,1355,81,30155C97D461A7C002114CC9,"PLC, Product detaljeret, Aarhus, Jul. 2023.xlsx",1.8196605166051663,T-shirt
13854 T-shirt stretch uni sort,Alm.slid uden restværdi,1,1355,89,30155C97D461A7C002114D18,"PLC, Product detaljeret, Aarhus, Jul. 2023.xlsx",1.9993800738007381,T-shirt
08376 T-shirt lady sort k/æ pb,Bortkommet med restværdi,1,1253,46,30155C97D461A7C0027674BA,"PLC, Product detaljeret, Aarhus, Jul. 2023.xlsx",1.117509976057462,T-shirt
06271 T-shirt L/Æ prowear sort,Udgået Model,1,1249,47,30155C97D461A7C002295C07,"PLC, Product detaljeret, Aarhus, Jul. 2023.xlsx",1.1454603682946358,T-shirt
06271 T-shirt L/Æ prowear sort,Udgået Model,1,1186,41,30155C97D461A7C001FC73F0,"PLC, Product detaljeret, Aarhus, Jul. 2023.xlsx",1.0523102866779088,T-shirt
05257 T-Shirt Pro Sort K/Æ,Misligholdt med restværdi,1,988,41,30155C97D461A7C0023BE429,"PLC, Product detaljeret, Aarhus, Jul. 2023.xlsx",1.2631983805668017,T-shirt
06271 T-shirt L/Æ prowear sort,Udgået Model,1,982,47,30155C97D461A6C00013F5BB,"PLC, Product detaljeret, Aarhus, Jul. 2023.xlsx",1.4569042769857434,T-shirt
06271 T-shirt L/Æ prowear sort,Udgået Model,1,982,58,30155C97D461A6C00013F721,"PLC, Product detaljeret, Aarhus, Jul. 2023.xlsx",1.7978818737270876,T-shirt
05257 T-Shirt Pro Sort K/Æ,Alm.slid uden restværdi,1,959,36,30155C97D461A6C00016F4EA,"PLC, Product detaljeret, Aarhus, Jul. 2023.xlsx",1.1426903023983317,T-shirt
05257 T-Shirt Pro Sort K/Æ,Misligholdt med restværdi,1,939,47,30155C97D461A7C0023BE39F,"PLC, Product detaljeret, Aarhus, Jul. 2023.xlsx",1.5236208732694356,T-shirt
05257 T-Shirt Pro Sort K/Æ,Misligholdt med restværdi,1,919,52,30155C97D461A6C000305FAA,"PLC, Product detaljeret, Aarhus, Jul. 2023.xlsx",1.7223939064200218,T-shirt
05257 T-Shirt Pro Sort K/Æ,Misligholdt med restværdi,1,919,45,30155C97D461A6C0003060BF,"PLC, Product detaljeret, Aarhus, Jul. 2023.xlsx",1.4905331882480959,T-shirt
05257 T-Shirt Pro Sort K/Æ,Udgået Model,1,909,44,30155C97D461A6C00030609A,"PLC, Product detaljeret, Aarhus, Jul. 2023.xlsx",1.4734433443344335,T-shirt
05257 T-Shirt Pro Sort K/Æ,Udgået Model,1,909,32,30155C97D461A6C0003060B2,"PLC, Product detaljeret, Aarhus, Jul. 2023.xlsx",1.0715951595159516,T-shirt
06271 T-shirt L/Æ prowear sort,Udgået Model,1,872,45,30155C97D461A6C0002CEA83,"PLC, Product detaljeret, Aarhus, Jul. 2023.xlsx",1.5708715596330276,T-shirt
06271 T-shirt L/Æ prowear sort,Udgået Model,1,872,47,30155C97D461A6C0002CEBE3,"PLC, Product detaljeret, Aarhus, Jul. 2023.xlsx",1.6406880733944955,T-shirt
05257 T-Shirt Pro Sort K/Æ,Udgået Model,1,845,31,30155C97D461A7C002688F28,"PLC, Product detaljeret, Aarhus, Jul. 2023.xlsx",1.1167337278106508,T-shirt
05257 T-Shirt Pro Sort K/Æ,BTS fejl uden restværdi,1,759,29,30155C97D461A7C002752119,"PLC, Product detaljeret, Aarhus, Jul. 2023.xlsx",1.163056653491436,T-shirt
05257 T-Shirt Pro Sort K/Æ,BTS fejl uden restværdi,1,759,26,30155C97D461A7C0027521DA,"PLC, Product detaljeret, Aarhus, Jul. 2023.xlsx",1.0427404479578393,T-shirt
05257 T-Shirt Pro Sort K/Æ,BTS fejl uden restværdi,1,759,39,30155C97D461A7C00294B21B,"PLC, Product detaljeret, Aarhus, Jul. 2023.xlsx",1.564110671936759,T-shirt
05257 T-Shirt Pro Sort K/Æ,Misligholdt med restværdi,1,759,39,30155C97D461A7C0027522AB,"PLC, Product detaljeret, Aarhus, Jul. 2023.xlsx",1.564110671936759,T-shirt
05257 T-Shirt Pro Sort K/Æ,BTS fejl uden restværdi,1,756,31,30155C97D461A7C00275224D,"PLC, Product detaljeret, Aarhus, Jul. 2023.xlsx",1.248201058201058,T-shirt
05257 T-Shirt Pro Sort K/Æ,Misligholdt med restværdi,1,756,42,30155C97D461A7C0027521D9,"PLC, Product detaljeret, Aarhus, Jul. 2023.xlsx",1.691111111111111,T-shirt
05257 T-Shirt Pro Sort K/Æ,Misligholdt med restværdi,1,756,37,30155C97D461A7C00294B14A,"PLC, Product detaljeret, Aarhus, Jul. 2023.xlsx",1.4897883597883597,T-shirt
06271 T-shirt L/Æ prowear sort,Alm.slid uden restværdi,1,741,32,30155C97D461A6C0002CEA45,"PLC, Product detaljeret, Aarhus, Jul. 2023.xlsx",1.3145479082321188,T-shirt
06271 T-shirt L/Æ prowear sort,Alm.slid uden restværdi,1,741,31,30155C97D461A6C0002CEB53,"PLC, Product detaljeret, Aarhus, Jul. 2023.xlsx",1.2734682860998652,T-shirt
06271 T-shirt L/Æ prowear sort,Alm.slid uden restværdi,1,741,32,30155C97D461A6C0002CEBFE,"PLC, Product detaljeret, Aarhus, Jul. 2023.xlsx",1.3145479082321188,T-shirt
05257 T-Shirt Pro Sort K/Æ,Misligholdt med restværdi,1,725,34,30155C97D461A6C000B1C495,"PLC, Product detaljeret, Aarhus, Jul. 2023.xlsx",1.4275310344827588,T-shirt
05257 T-Shirt Pro Sort K/Æ,Alm.slid uden restværdi,1,604,28,30155C97D461A6C0015C55D0,"PLC, Product detaljeret, Aarhus, Jul. 2023.xlsx",1.4111258278145695,T-shirt
13854 T-shirt stretch uni sort,Alm.slid uden restværdi,1,517,30,30155C97D461A6C0010667EB,"PLC, Product detaljeret, Aarhus, Jul. 2023.xlsx",1.7663442940038685,T-shirt
13854 T-shirt stretch uni sort,Alm.slid uden restværdi,1,517,30,30155C97D461A6C001066933,"PLC, Product detaljeret, Aarhus, Jul. 2023.xlsx",1.7663442940038685,T-shirt
13854 T-shirt stretch uni sort,Alm.slid uden restværdi,1,400,17,30155C97D461A4C00064B48F,"PLC, Product detaljeret, Aarhus, Jul. 2023.xlsx",1.2937,T-shirt
13854 T-shirt stretch uni sort,Alm.slid uden restværdi,1,400,21,30155C97D461A4C00064B4CF,"PLC, Product detaljeret, Aarhus, Jul. 2023.xlsx",1.5981,T-shirt
13854 T-shirt stretch uni sort,Alm.slid uden restværdi,1,386,23,30155C97D461A4C00064B4CB,"PLC, Product detaljeret, Aarhus, Jul. 2023.xlsx",1.8137823834196891,T-shirt
13854 T-shirt stretch uni sort,Alm.slid uden restværdi,1,363,21,30155C97D461A4C00064B42B,"PLC, Product detaljeret, Aarhus, Jul. 2023.xlsx",1.7609917355371902,T-shirt
08376 T-shirt lady sort k/æ pb,Udgået Model,1,327,14,30155C97D461A6C0012F7452,"PLC, Product detaljeret, Aarhus, Jul. 2023.xlsx",1.3032415902140673,T-shirt
05257 T-Shirt Pro Sort K/Æ,Misligholdt med restværdi,1,254,9,30155C97D461A6C0010F4925,"PLC, Product detaljeret, Aarhus, Jul. 2023.xlsx",1.0785826771653544,T-shirt
05257 T-Shirt Pro Sort K/Æ,Misligholdt med restværdi,1,245,12,30155C97D461A6C0019CFA23,"PLC, Product detaljeret, Aarhus, Jul. 2023.xlsx",1.4909387755102042,T-shirt
05257 T-Shirt Pro Sort K/Æ,Misligholdt med restværdi,1,238,12,30155C97D461A6C000EB06E9,"PLC, Product detaljeret, Aarhus, Jul. 2023.xlsx",1.5347899159663867,T-shirt
05257 T-Shirt Pro Sort K/Æ,Misligholdt med restværdi,1,236,14,30155C97D461A6C0016009F4,"PLC, Product detaljeret, Aarhus, Jul. 2023.xlsx",1.8057627118644068,T-shirt
05257 T-Shirt Pro Sort K/Æ,Udgået Model,1,210,9,30155C97D461A6C0018F9A2D,"PLC, Product detaljeret, Aarhus, Jul. 2023.xlsx",1.3045714285714287,T-shirt
05257 T-Shirt Pro Sort K/Æ,Alm.slid uden restværdi,1,172,9,30155C97D461A6C001A670CA,"PLC, Product detaljeret, Aarhus, Jul. 2023.xlsx",1.5927906976744188,T-shirt
05257 T-Shirt Pro Sort K/Æ,Alm.slid uden restværdi,1,167,6,30155C97D461A6C001A6C2F3,"PLC, Product detaljeret, Aarhus, Jul. 2023.xlsx",1.0936526946107785,T-shirt
05257 T-Shirt Pro Sort K/Æ,Misligholdt med restværdi,1,125,7,30155C97D461A4C000F4C5A2,"PLC, Product detaljeret, Aarhus, Jul. 2023.xlsx",1.7046400000000002,T-shirt
05257 T-Shirt Pro Sort K/Æ,Udgået Model,1,113,4,30155C97D461A4C000F4C5E4,"PLC, Product detaljeret, Aarhus, Jul. 2023.xlsx",1.0775221238938053,T-shirt
05257 T-Shirt Pro Sort K/Æ,Udgået Model,1,113,4,30155C97D461A4C000F4C671,"PLC, Product detaljeret, Aarhus, Jul. 2023.xlsx",1.0775221238938053,T-shirt
05257 T-Shirt Pro Sort K/Æ,Misligholdt med restværdi,1,96,4,30155C97D461A6C001A670E8,"PLC, Product detaljeret, Aarhus, Jul. 2023.xlsx",1.2683333333333333,T-shirt
05257 T-Shirt Pro Sort K/Æ,Udgået Model,1,84,3,30155C97D461A4C0010C3DAC,"PLC, Product detaljeret, Aarhus, Jul. 2023.xlsx",1.0871428571428572,T-shirt
05257 T-Shirt Pro Sort K/Æ,Udgået Model,1,84,3,30155C97D461A4C0010C3E20,"PLC, Product detaljeret, Aarhus, Jul. 2023.xlsx",1.0871428571428572,T-shirt
05257 T-Shirt Pro Sort K/Æ,Misligholdt med restværdi,1,83,4,30155C97D461A4C000C06B33,"PLC, Product detaljeret, Aarhus, Jul. 2023.xlsx",1.466987951807229,T-shirt
05257 T-Shirt Pro Sort K/Æ,Misligholdt med restværdi,1,83,4,30155C97D461A4C000C06C13,"PLC, Product detaljeret, Aarhus, Jul. 2023.xlsx",1.466987951807229,T-shirt
05257 T-Shirt Pro Sort K/Æ,Misligholdt med restværdi,1,83,4,30155C97D461A4C0010C3E64,"PLC, Product detaljeret, Aarhus, Jul. 2023.xlsx",1.466987951807229,T-shirt
05257 T-Shirt Pro Sort K/Æ,Udgået Model,1,74,4,30155C97D461A4C000C06B5B,"PLC, Product detaljeret, Aarhus, Jul. 2023.xlsx",1.6454054054054055,T-shirt
05257 T-Shirt Pro Sort K/Æ,Udgået Model,1,74,4,30155C97D461A4C000C06B9E,"PLC, Product detaljeret, Aarhus, Jul. 2023.xlsx",1.6454054054054055,T-shirt
08395 T-shirt unisex sort k/æ bom,Alm.slid uden restværdi,1,73,4,30155C97D461A6C0016006CE,"PLC, Product detaljeret, Aarhus, Jul. 2023.xlsx",1.6679452054794521,T-shirt
05257 T-Shirt Pro Sort K/Æ,Misligholdt med restværdi,1,72,4,30155C97D461A4C0010C3DB0,"PLC, Product detaljeret, Aarhus, Jul. 2023.xlsx",1.691111111111111,T-shirt
05257 T-Shirt Pro Sort K/Æ,Misligholdt med restværdi,1,72,4,30155C97D461A4C0010C3E3A,"PLC, Product detaljeret, Aarhus, Jul. 2023.xlsx",1.691111111111111,T-shirt
05257 T-Shirt Pro Sort K/Æ,Udgået Model,1,63,4,30155C97D461A4C0010C3DF6,"PLC, Product detaljeret, Aarhus, Jul. 2023.xlsx",1.9326984126984126,T-shirt
05257 T-Shirt Pro Sort K/Æ,Misligholdt med restværdi,1,53,2,30155C97D461A4C001102395,"PLC, Product detaljeret, Aarhus, Jul. 2023.xlsx",1.1486792452830188,T-shirt
05257 T-Shirt Pro Sort K/Æ,Misligholdt med restværdi,1,53,2,30155C97D461A4C0011024B3,"PLC, Product detaljeret, Aarhus, Jul. 2023.xlsx",1.1486792452830188,T-shirt
05257 T-Shirt Pro Sort K/Æ,Udgået Model,1,44,2,30155C97D461A4C001102378,"PLC, Product detaljeret, Aarhus, Jul. 2023.xlsx",1.3836363636363638,T-shirt
05257 T-Shirt Pro Sort K/Æ,Udgået Model,1,29,1,30155C97D461A4C0011023BA,"PLC, Product detaljeret, Aarhus, Jul. 2023.xlsx",1.049655172413793,T-shirt
05257 T-Shirt Pro Sort K/Æ,BTS fejl uden restværdi,1,2745,91,00D00A43618B,"PLC, Product detaljeret, Aarhus, Jun. 2023.xlsx",1.0091220400728598,T-shirt
08376 T-shirt lady sort k/æ pb,Udgået Model,1,2544,116,30155C97D461A7C0004BCAF2,"PLC, Product detaljeret, Aarhus, Jun. 2023.xlsx",1.3879874213836478,T-shirt
08376 T-shirt lady sort k/æ pb,Udgået Model,1,2539,115,30155C97D461A7C0004BCB10,"PLC, Product detaljeret, Aarhus, Jun. 2023.xlsx",1.3787317841669948,T-shirt
08376 T-shirt lady sort k/æ pb,Udgået Model,1,2539,102,30155C97D461A7C0004BCB79,"PLC, Product detaljeret, Aarhus, Jun. 2023.xlsx",1.2228751476959434,T-shirt
05257 T-Shirt Pro Sort K/Æ,Udgået Model,1,2334,138,30155C97D461A7C0009FFFBB,"PLC, Product detaljeret, Aarhus, Jun. 2023.xlsx",1.7997943444730078,T-shirt
05257 T-Shirt Pro Sort K/Æ,Misligholdt med restværdi,1,2086,126,30155C97D461A7C000B1786C,"PLC, Product detaljeret, Aarhus, Jun. 2023.xlsx",1.8386577181208055,T-shirt
05257 T-Shirt Pro Sort K/Æ,Misligholdt med restværdi,1,2030,78,30155C97D461A7C000F0AB0B,"PLC, Product detaljeret, Aarhus, Jun. 2023.xlsx",1.169615763546798,T-shirt
05257 T-Shirt Pro Sort K/Æ,Misligholdt med restværdi,1,2030,75,30155C97D461A7C000F0ABBA,"PLC, Product detaljeret, Aarhus, Jun. 2023.xlsx",1.1246305418719214,T-shirt
05257 T-Shirt Pro Sort K/Æ,Misligholdt med restværdi,1,2030,76,30155C97D461A7C000F0ABC7,"PLC, Product detaljeret, Aarhus, Jun. 2023.xlsx",1.139625615763547,T-shirt
05257 T-Shirt Pro Sort K/Æ,Misligholdt med restværdi,1,1983,105,30155C97D461A7C001170193,"PLC, Product detaljeret, Aarhus, Jun. 2023.xlsx",1.6118003025718608,T-shirt
06271 T-shirt L/Æ prowear sort,Alm.slid uden restværdi,1,1373,54,30155C97D461A7C002269056,"PLC, Product detaljeret, Aarhus, Jun. 2023.xlsx",1.1972032046613257,T-shirt
06271 T-shirt L/Æ prowear sort,Alm.slid uden restværdi,1,1372,60,30155C97D461A7C00226982F,"PLC, Product detaljeret, Aarhus, Jun. 2023.xlsx",1.3311953352769679,T-shirt
05257 T-Shirt Pro Sort K/Æ,Misligholdt med restværdi,1,1233,56,30155C97D461A7C002154D4C,"PLC, Product detaljeret, Aarhus, Jun. 2023.xlsx",1.382514193025142,T-shirt
06271 T-shirt L/Æ prowear sort,Udgået Model,1,1166,55,30155C97D461A7C001FC76F2,"PLC, Product detaljeret, Aarhus, Jun. 2023.xlsx",1.4358490566037738,T-shirt
06271 T-shirt L/Æ prowear sort,Udgået Model,1,1133,43,30155C97D461A7C0023C546C,"PLC, Product detaljeret, Aarhus, Jun. 2023.xlsx",1.155269196822595,T-shirt
06271 T-shirt L/Æ prowear sort,Udgået Model,1,978,59,30155C97D461A6C000358BB0,"PLC, Product detaljeret, Aarhus, Jun. 2023.xlsx",1.8363599182004091,T-shirt
06271 T-shirt L/Æ prowear sort,Alm.slid uden restværdi,1,976,58,30155C97D461A6C000358C5B,"PLC, Product detaljeret, Aarhus, Jun. 2023.xlsx",1.8089344262295082,T-shirt
08376 T-shirt lady sort k/æ pb,Udgået Model,1,922,42,30155C97D461A6C00013FFA2,"PLC, Product detaljeret, Aarhus, Jun. 2023.xlsx",1.3866377440347073,T-shirt
08376 T-shirt lady sort k/æ pb,Udgået Model,1,908,51,30155C97D461A6C00014004E,"PLC, Product detaljeret, Aarhus, Jun. 2023.xlsx",1.7097356828193833,T-shirt
05257 T-Shirt Pro Sort K/Æ,Alm.slid uden restværdi,1,889,30,30155C97D461A6C0000F8153,"PLC, Product detaljeret, Aarhus, Jun. 2023.xlsx",1.0272215973003376,T-shirt
06271 T-shirt L/Æ prowear sort,Udgået Model,1,866,37,30155C97D461A6C0002CEB7A,"PLC, Product detaljeret, Aarhus, Jun. 2023.xlsx",1.3005542725173211,T-shirt
05257 T-Shirt Pro Sort K/Æ,Alm.slid uden restværdi,1,853,34,30155C97D461A6C0002F46A7,"PLC, Product detaljeret, Aarhus, Jun. 2023.xlsx",1.2133177022274326,T-shirt
05257 T-Shirt Pro Sort K/Æ,Alm.slid uden restværdi,1,853,33,30155C97D461A6C0002F47A2,"PLC, Product detaljeret, Aarhus, Jun. 2023.xlsx",1.1776318874560376,T-shirt
05257 T-Shirt Pro Sort K/Æ,Udgået Model,1,853,29,30155C97D461A6C0002F477F,"PLC, Product detaljeret, Aarhus, Jun. 2023.xlsx",1.0348886283704573,T-shirt
05257 T-Shirt Pro Sort K/Æ,Udgået Model,1,838,36,30155C97D461A6C0000FE745,"PLC, Product detaljeret, Aarhus, Jun. 2023.xlsx",1.3076849642004773,T-shirt
05257 T-Shirt Pro Sort K/Æ,Udgået Model,1,838,29,30155C97D461A6C0002F475C,"PLC, Product detaljeret, Aarhus, Jun. 2023.xlsx",1.0534128878281623,T-shirt
05257 T-Shirt Pro Sort K/Æ,Misligholdt med restværdi,1,745,33,30155C97D461A7C00275217B,"PLC, Product detaljeret, Aarhus, Jun. 2023.xlsx",1.3483489932885906,T-shirt
05257 T-Shirt Pro Sort K/Æ,Misligholdt med restværdi,1,745,32,30155C97D461A7C00294B1D6,"PLC, Product detaljeret, Aarhus, Jun. 2023.xlsx",1.307489932885906,T-shirt
05257 T-Shirt Pro Sort K/Æ,Misligholdt med restværdi,1,742,30,30155C97D461A7C00275220A,"PLC, Product detaljeret, Aarhus, Jun. 2023.xlsx",1.2307277628032345,T-shirt
05257 T-Shirt Pro Sort K/Æ,Misligholdt med restværdi,1,742,38,30155C97D461A7C00294B271,"PLC, Product detaljeret, Aarhus, Jun. 2023.xlsx",1.558921832884097,T-shirt
06271 T-shirt L/Æ prowear sort,Udgået Model,1,559,23,30155C97D461A6C0015C5FD8,"PLC, Product detaljeret, Aarhus, Jun. 2023.xlsx",1.2524508050089445,T-shirt
13854 T-shirt stretch uni sort,Alm.slid uden restværdi,1,498,27,30155C97D461A6C0010667F6,"PLC, Product detaljeret, Aarhus, Jun. 2023.xlsx",1.6503614457831326,T-shirt
13854 T-shirt stretch uni sort,Alm.slid uden restværdi,1,498,31,30155C97D461A6C00106691D,"PLC, Product detaljeret, Aarhus, Jun. 2023.xlsx",1.894859437751004,T-shirt
05257 T-Shirt Pro Sort K/Æ,Alm.slid uden restværdi,1,446,22,30155C97D461A6C000E2F710,"PLC, Product detaljeret, Aarhus, Jun. 2023.xlsx",1.50152466367713,T-shirt
05257 T-Shirt Pro Sort K/Æ,Udgået Model,1,414,17,30155C97D461A4C00092096F,"PLC, Product detaljeret, Aarhus, Jun. 2023.xlsx",1.2499516908212562,T-shirt
13854 T-shirt stretch uni sort,Alm.slid uden restværdi,1,394,22,30155C97D461A4C00064B5B6,"PLC, Product detaljeret, Aarhus, Jun. 2023.xlsx",1.6996954314720814,T-shirt
13854 T-shirt stretch uni sort,Alm.slid uden restværdi,1,381,16,30155C97D461A4C00064B477,"PLC, Product detaljeret, Aarhus, Jun. 2023.xlsx",1.2783202099737534,T-shirt
13854 T-shirt stretch uni sort,Alm.slid uden restværdi,1,379,20,30155C97D461A4C00064B5BA,"PLC, Product detaljeret, Aarhus, Jun. 2023.xlsx",1.6063324538258577,T-shirt
13854 T-shirt stretch uni sort,Alm.slid uden restværdi,1,368,13,30155C97D461A6C0010667BF,"PLC, Product detaljeret, Aarhus, Jun. 2023.xlsx",1.0753260869565218,T-shirt
13854 T-shirt stretch uni sort,Udgået Model,1,362,15,30155C97D461A6C0010667AC,"PLC, Product detaljeret, Aarhus, Jun. 2023.xlsx",1.2613259668508288,T-shirt
13854 T-shirt stretch uni sort,Alm.slid uden restværdi,1,355,17,30155C97D461A6C00185E7FB,"PLC, Product detaljeret, Aarhus, Jun. 2023.xlsx",1.4576901408450704,T-shirt
13854 T-shirt stretch uni sort,Alm.slid uden restværdi,1,355,15,30155C97D461A6C00185E8B8,"PLC, Product detaljeret, Aarhus, Jun. 2023.xlsx",1.2861971830985917,T-shirt
05257 T-Shirt Pro Sort K/Æ,Alm.slid uden restværdi,1,337,15,30155C97D461A4C000934EFD,"PLC, Product detaljeret, Aarhus, Jun. 2023.xlsx",1.3548961424332346,T-shirt
13854 T-shirt stretch uni sort,Alm.slid uden restværdi,1,335,13,30155C97D461A4C00066B3E1,"PLC, Product detaljeret, Aarhus, Jun. 2023.xlsx",1.1812537313432836,T-shirt
13854 T-shirt stretch uni sort,Udgået Model,1,329,20,30155C97D461A4C00066B372,"PLC, Product detaljeret, Aarhus, Jun. 2023.xlsx",1.8504559270516718,T-shirt
13854 T-shirt stretch uni sort,Alm.slid uden restværdi,1,277,11,30155C97D461A7C002269F62,"PLC, Product detaljeret, Aarhus, Jun. 2023.xlsx",1.2088086642599278,T-shirt
08376 T-shirt lady sort k/æ pb,Alm.slid uden restværdi,1,216,8,30155C97D461A6C001A5D60B,"PLC, Product detaljeret, Aarhus, Jun. 2023.xlsx",1.1274074074074074,T-shirt
05257 T-Shirt Pro Sort K/Æ,Alm.slid uden restværdi,1,58,3,30155C97D461A4C000F49B47,"PLC, Product detaljeret, Aarhus, Jun. 2023.xlsx",1.5744827586206898,T-shirt
05257 T-Shirt Pro Sort K/Æ,Alm.slid uden restværdi,1,58,3,30155C97D461A4C000F49B5A,"PLC, Product detaljeret, Aarhus, Jun. 2023.xlsx",1.5744827586206898,T-shirt
26613 T-Shirt Acc Grå/Sort,Udgået Model,1,49,2,30155C97D461A6C001160A85,"PLC, Product detaljeret, Aarhus, Jun. 2023.xlsx",1.2424489795918368,T-shirt
05257 T-Shirt Pro Sort K/Æ,Bortkommet med restværdi,1,2879,98,00D009C290C8,Maj,1.0361653351858284,T-shirt
05257 T-Shirt Pro Sort K/Æ,Udgået Model,1,2807,104,00D009C1B086,Maj,1.127809048806555,T-shirt
05257 T-Shirt Pro Sort K/Æ,Udgået Model,1,2807,102,00D009C1B497,Maj,1.1061204132525828,T-shirt
08376 T-shirt lady sort k/æ pb,Bortkommet med restværdi,1,2796,108,00D009F0BCC4,Maj,1.1757939914163091,T-shirt
05257 T-Shirt Pro Sort K/Æ,Udgået Model,1,2793,100,00D009C1B542,Maj,1.0898675259577515,T-shirt
05257 T-Shirt Pro Sort K/Æ,Udgået Model,1,2793,103,00D009C1B97E,Maj,1.122563551736484,T-shirt
05257 T-Shirt Pro Sort K/Æ,Udgået Model,1,2793,98,00D009C1B9EF,Maj,1.0680701754385964,T-shirt
05257 T-Shirt Pro Sort K/Æ,Udgået Model,1,2793,100,00D009C1DC5D,Maj,1.0898675259577515,T-shirt
05257 T-Shirt Pro Sort K/Æ,Udgået Model,1,2793,105,00D009C1DE8D,Maj,1.1443609022556391,T-shirt
05257 T-Shirt Pro Sort K/Æ,Udgået Model,1,2793,100,00D009C1F634,Maj,1.0898675259577515,T-shirt
05257 T-Shirt Pro Sort K/Æ,Udgået Model,1,2793,106,00D009C1FD26,Maj,1.1552595775152168,T-shirt
05257 T-Shirt Pro Sort K/Æ,Udgået Model,1,2793,100,00D009C204E5,Maj,1.0898675259577515,T-shirt
05257 T-Shirt Pro Sort K/Æ,Udgået Model,1,2793,109,00D009C209BD,Maj,1.1879556032939493,T-shirt
05257 T-Shirt Pro Sort K/Æ,Udgået Model,1,2793,101,00D009C20D9D,Maj,1.1007662012173292,T-shirt
06271 T-shirt L/Æ prowear sort,Alm.slid uden restværdi,1,2235,78,30155C97D461A7C000A7F686,Maj,1.0623355704697985,T-shirt
06271 T-shirt L/Æ prowear sort,Alm.slid uden restværdi,1,2085,74,30155C97D461A7C000D2C8C7,Maj,1.0803645083932853,T-shirt
05257 T-Shirt Pro Sort K/Æ,Alm.slid uden restværdi,1,2017,128,30155C97D461A7C000D2CD48,Maj,1.9317402082300446,T-shirt
05257 T-Shirt Pro Sort K/Æ,Misligholdt med restværdi,1,2014,83,30155C97D461A7C000F0AC87,Maj,1.2544786494538231,T-shirt
05257 T-Shirt Pro Sort K/Æ,Alm.slid uden restværdi,1,2010,76,30155C97D461A7C000F0AB98,Maj,1.1509651741293532,T-shirt
05257 T-Shirt Pro Sort K/Æ,Udgået Model,1,1929,100,30155C97D461A7C0010D113B,Maj,1.5780196993260758,T-shirt
05257 T-Shirt Pro Sort K/Æ,Misligholdt med restværdi,1,1828,84,30155C97D461A7C001306838,Maj,1.3987746170678337,T-shirt
05257 T-Shirt Pro Sort K/Æ,Misligholdt med restværdi,1,1826,84,30155C97D461A7C001306852,Maj,1.4003066812705367,T-shirt
05257 T-Shirt Pro Sort K/Æ,Alm.slid uden restværdi,1,1813,93,30155C97D461A7C001306805,Maj,1.5614561500275788,T-shirt
05257 T-Shirt Pro Sort K/Æ,Misligholdt med restværdi,1,1813,90,30155C97D461A7C00130680C,Maj,1.5110865968008826,T-shirt
05257 T-Shirt Pro Sort K/Æ,Misligholdt med restværdi,1,1813,115,30155C97D461A7C0013068B3,Maj,1.9308328736900164,T-shirt
05257 T-Shirt Pro Sort K/Æ,Misligholdt med restværdi,1,1813,91,30155C97D461A7C0013068BD,Maj,1.527876447876448,T-shirt
05257 T-Shirt Pro Sort K/Æ,Misligholdt med restværdi,1,1813,111,30155C97D461A7C001306972,Maj,1.8636734693877552,T-shirt
05257 T-Shirt Pro Sort K/Æ,Udgået Model,1,1772,109,30155C97D461A7C001534618,Maj,1.8724379232505644,T-shirt
05257 T-Shirt Pro Sort K/Æ,Udgået Model,1,1742,61,30155C97D461A7C0011099DF,Maj,1.0659242250287027,T-shirt
05257 T-Shirt Pro Sort K/Æ,Udgået Model,1,1742,108,30155C97D461A7C0013C846D,Maj,1.8872101033295066,T-shirt
05257 T-Shirt Pro Sort K/Æ,Udgået Model,1,1742,96,30155C97D461A7C00156F399,Maj,1.67752009184845,T-shirt
05257 T-Shirt Pro Sort K/Æ,Udgået Model,1,1742,81,30155C97D461A7C00156F40B,Maj,1.4154075774971298,T-shirt
05257 T-Shirt Pro Sort K/Æ,Udgået Model,1,1742,87,30155C97D461A7C00156F40F,Maj,1.5202525832376579,T-shirt
05257 T-Shirt Pro Sort K/Æ,Udgået Model,1,1742,110,30155C97D461A7C00156F45E,Maj,1.9221584385763488,T-shirt
05257 T-Shirt Pro Sort K/Æ,Udgået Model,1,1700,65,30155C97D461A7C001669710,Maj,1.1638823529411766,T-shirt
05257 T-Shirt Pro Sort K/Æ,Udgået Model,1,1700,89,30155C97D461A7C0016698BE,Maj,1.5936235294117647,T-shirt
05257 T-Shirt Pro Sort K/Æ,Udgået Model,1,1700,70,30155C97D461A7C0016698FF,Maj,1.2534117647058824,T-shirt
05257 T-Shirt Pro Sort K/Æ,Udgået Model,1,1700,95,30155C97D461A7C0016698AA,Maj,1.701058823529412,T-shirt
05257 T-Shirt Pro Sort K/Æ,Alm.slid uden restværdi,1,1654,60,30155C97D461A7C0016753B1,Maj,1.1042321644498188,T-shirt
05257 T-Shirt Pro Sort K/Æ,Alm.slid uden restværdi,1,1576,101,30155C97D461A7C0015618FE,Maj,1.9507868020304568,T-shirt
06271 T-shirt L/Æ prowear sort,Udgået Model,1,1461,49,30155C97D461A7C0020A70BF,Maj,1.0209171800136894,T-shirt
06271 T-shirt L/Æ prowear sort,Udgået Model,1,1461,57,30155C97D461A7C0020A7121,Maj,1.1875975359342916,T-shirt
05257 T-Shirt Pro Sort K/Æ,Alm.slid uden restværdi,1,1445,91,30155C97D461A7C00203A21F,Maj,1.9169826989619376,T-shirt
13854 T-shirt stretch uni sort,Alm.slid uden restværdi,1,1294,51,30155C97D461A7C0021171F0,Maj,1.1997217928902628,T-shirt
13854 T-shirt stretch uni sort,Alm.slid uden restværdi,1,1292,44,30155C97D461A7C002114C71,Maj,1.036656346749226,T-shirt
13854 T-shirt stretch uni sort,Alm.slid uden restværdi,1,1290,59,30155C97D461A7C00226DD22,Maj,1.392217054263566,T-shirt
05257 T-Shirt Pro Sort K/Æ,Misligholdt med restværdi,1,1287,45,30155C97D461A7C0022955DA,Maj,1.0643356643356645,T-shirt
05257 T-Shirt Pro Sort K/Æ,Alm.slid uden restværdi,1,1198,59,30155C97D461A7C0027697DD,Maj,1.4991318864774623,T-shirt
24120 T-shirt l/æ Flamestat sort,Misligholdt med restværdi,1,973,33,30155C97D461A7C0022FA868,Maj,1.0323946557040082,T-shirt
24120 T-shirt l/æ Flamestat sort,Misligholdt med restværdi,1,973,38,30155C97D461A7C0022FA904,Maj,1.1888180883864339,T-shirt
08376 T-shirt lady sort k/æ pb,Udgået Model,1,972,33,00D009EF79CE,Maj,1.0334567901234568,T-shirt
08395 T-shirt unisex sort k/æ bom,Udgået Model,1,939,36,30155C97D461A6C00014026F,Maj,1.1670287539936102,T-shirt
05257 T-Shirt Pro Sort K/Æ,Alm.slid uden restværdi,1,921,37,30155C97D461A7C002913B33,Maj,1.2228881650380021,T-shirt
05257 T-Shirt Pro Sort K/Æ,Udgået Model,1,914,39,30155C97D461A6C00012604A,Maj,1.2988621444201314,T-shirt
05257 T-Shirt Pro Sort K/Æ,Udgået Model,1,904,39,30155C97D461A6C000127666,Maj,1.3132300884955752,T-shirt
05257 T-Shirt Pro Sort K/Æ,Udgået Model,1,904,41,30155C97D461A6C0001276EA,Maj,1.3805752212389382,T-shirt
05257 T-Shirt Pro Sort K/Æ,Udgået Model,1,901,34,30155C97D461A6C0001276BD,Maj,1.1486792452830188,T-shirt
05257 T-Shirt Pro Sort K/Æ,Udgået Model,1,901,43,30155C97D461A6C0001277C5,Maj,1.452741398446171,T-shirt
05257 T-Shirt Pro Sort K/Æ,Udgået Model,1,901,44,30155C97D461A6C0001277AA,Maj,1.4865260821309658,T-shirt
05257 T-Shirt Pro Sort K/Æ,BTS fejl uden restværdi,1,896,31,30155C97D461A6C00012BD40,Maj,1.0531696428571429,T-shirt
05257 T-Shirt Pro Sort K/Æ,Alm.slid uden restværdi,1,893,50,30155C97D461A6C0000FBB13,Maj,1.704367301231803,T-shirt
08395 T-shirt unisex sort k/æ bom,Udgået Model,1,887,35,30155C97D461A6C0000F4A3A,Maj,1.2011273957158963,T-shirt
05257 T-Shirt Pro Sort K/Æ,Udgået Model,1,872,33,30155C97D461A6C0000FBB68,Maj,1.1519724770642203,T-shirt
05257 T-Shirt Pro Sort K/Æ,Alm.slid uden restværdi,1,863,31,30155C97D461A6C0000F7BA0,Maj,1.093441483198146,T-shirt
05257 T-Shirt Pro Sort K/Æ,Misligholdt med restværdi,1,859,45,30155C97D461A6C000305FB7,Maj,1.5946449359720607,T-shirt
08376 T-shirt lady sort k/æ pb,Alm.slid uden restværdi,1,832,30,30155C97D461A6C0002F4B2B,Maj,1.0975961538461538,T-shirt
13854 T-shirt stretch uni sort,Alm.slid uden restværdi,1,780,39,30155C97D461A7C0021170F1,Maj,1.5220000000000002,T-shirt
13854 T-shirt stretch uni sort,Alm.slid uden restværdi,1,738,41,30155C97D461A6C0002CB148,Maj,1.691111111111111,T-shirt
08376 T-shirt lady sort k/æ pb,Bortkommet med restværdi,1,718,34,30155C97D461A6C0000F524C,Maj,1.4414484679665738,T-shirt
08376 T-shirt lady sort k/æ pb,Bortkommet med restværdi,1,718,35,30155C97D461A6C0000F532A,Maj,1.4838440111420614,T-shirt
08376 T-shirt lady sort k/æ pb,Bortkommet med restværdi,1,718,37,30155C97D461A6C0000F5335,Maj,1.5686350974930363,T-shirt
08376 T-shirt lady sort k/æ pb,Bortkommet med restværdi,1,718,36,30155C97D461A6C0000F5BA7,Maj,1.5262395543175489,T-shirt
08376 T-shirt lady sort k/æ pb,Bortkommet med restværdi,1,718,44,30155C97D461A6C0000F5BFB,Maj,1.8654038997214484,T-shirt
05257 T-Shirt Pro Sort K/Æ,Udgået Model,1,713,38,30155C97D461A6C0000F1BDA,Maj,1.622328190743338,T-shirt
05257 T-Shirt Pro Sort K/Æ,Misligholdt med restværdi,1,679,37,30155C97D461A6C000B06065,Maj,1.6587334315169369,T-shirt
05257 T-Shirt Pro Sort K/Æ,Misligholdt med restværdi,1,665,25,30155C97D461A6C000B1C613,Maj,1.1443609022556391,T-shirt
05257 T-Shirt Pro Sort K/Æ,Udgået Model,1,662,22,30155C97D461A6C000B191F8,Maj,1.0116012084592145,T-shirt
08395 T-shirt unisex sort k/æ bom,Udgået Model,1,655,25,30155C97D461A6C000B1628C,Maj,1.1618320610687023,T-shirt
06271 T-shirt L/Æ prowear sort,BTS fejl uden restværdi,1,577,32,30155C97D461A6C0005CCD83,Maj,1.6881802426343153,T-shirt
06271 T-shirt L/Æ prowear sort,Udgået Model,1,563,21,30155C97D461A6C0012F862D,Maj,1.135417406749556,T-shirt
06271 T-shirt L/Æ prowear sort,Alm.slid uden restværdi,1,539,24,30155C97D461A6C0015C6032,Maj,1.3553988868274582,T-shirt
06271 T-shirt L/Æ prowear sort,Alm.slid uden restværdi,1,539,21,30155C97D461A6C0015C61AC,Maj,1.185974025974026,T-shirt
13854 T-shirt stretch uni sort,Alm.slid uden restværdi,1,376,17,30155C97D461A6C0010668B0,Maj,1.376276595744681,T-shirt
05257 T-Shirt Pro Sort K/Æ,Misligholdt med restværdi,1,330,16,30155C97D461A6C000EAB879,Maj,1.475878787878788,T-shirt
05257 T-Shirt Pro Sort K/Æ,Misligholdt med restværdi,1,330,11,30155C97D461A6C000EAB940,Maj,1.0146666666666666,T-shirt
05257 T-Shirt Pro Sort K/Æ,Misligholdt med restværdi,1,327,11,30155C97D461A6C000EAB79D,Maj,1.0239755351681956,T-shirt
08395 T-shirt unisex sort k/æ bom,Udgået Model,1,301,15,00D00B8EFA09,Maj,1.5169435215946845,T-shirt
13854 T-shirt stretch uni sort,Alm.slid uden restværdi,1,293,15,30155C97D461A4C00064B4E2,Maj,1.5583617747440273,T-shirt
13854 T-shirt stretch uni sort,Alm.slid uden restværdi,1,287,17,30155C97D461A4C000E67142,Maj,1.8030662020905923,T-shirt
13854 T-shirt stretch uni sort,Alm.slid uden restværdi,1,287,17,30155C97D461A4C000E671CC,Maj,1.8030662020905923,T-shirt
05257 T-Shirt Pro Sort K/Æ,Misligholdt med restværdi,1,261,9,30155C97D461A6C0010D8644,Maj,1.049655172413793,T-shirt
05257 T-Shirt Pro Sort K/Æ,Alm.slid uden restværdi,1,240,9,30155C97D461A6C0010D8565,Maj,1.1415,T-shirt
05257 T-Shirt Pro Sort K/Æ,Misligholdt med restværdi,1,237,8,30155C97D461A6C001B33FC8,Maj,1.0275105485232068,T-shirt
08395 T-shirt unisex sort k/æ bom,Udgået Model,1,111,6,30155C97D461A6C00160058A,Maj,1.6454054054054055,T-shirt
13854 T-shirt stretch uni sort,Alm.slid uden restværdi,1,91,4,30155C97D461A4C000F31588,Maj,1.3380219780219782,T-shirt
05257 T-Shirt Pro Sort K/Æ,Udgået Model,1,82,4,30155C97D461A4C000D72552,Maj,1.484878048780488,T-shirt
08395 T-shirt unisex sort k/æ bom,Misligholdt med restværdi,1,52,2,30155C97D461A6C001601F7B,Maj,1.1707692307692308,T-shirt
08395 T-shirt unisex sort k/æ bom,Alm.slid uden restværdi,1,21,1,30155C97D461A6C001601FD0,Maj,1.4495238095238094,T-shirt
05257 T-Shirt Pro Sort K/Æ,Udgået Model,1,2838,94,00D009C175DC,"PLC, Product detaljeret, Aarhus, Mar. 2023.xlsx",1.0082311486962652,T-shirt
05257 T-Shirt Pro Sort K/Æ,Udgået Model,1,2838,121,00D009C25B42,"PLC, Product detaljeret, Aarhus, Mar. 2023.xlsx",1.2978294573643412,T-shirt
05257 T-Shirt Pro Sort K/Æ,Udgået Model,1,2838,111,00D009EF8C5F,"PLC, Product detaljeret, Aarhus, Mar. 2023.xlsx",1.190570824524313,T-shirt
05257 T-Shirt Pro Sort K/Æ,Udgået Model,1,2837,98,00D009C14240,"PLC, Product detaljeret, Aarhus, Mar. 2023.xlsx",1.051505111032781,T-shirt
05257 T-Shirt Pro Sort K/Æ,Udgået Model,1,2837,102,00D009C24488,"PLC, Product detaljeret, Aarhus, Mar. 2023.xlsx",1.0944236869933028,T-shirt
05257 T-Shirt Pro Sort K/Æ,Udgået Model,1,2837,100,00D009C24651,"PLC, Product detaljeret, Aarhus, Mar. 2023.xlsx",1.072964399013042,T-shirt
05257 T-Shirt Pro Sort K/Æ,Udgået Model,1,2837,98,00D009C25CC5,"PLC, Product detaljeret, Aarhus, Mar. 2023.xlsx",1.051505111032781,T-shirt
05257 T-Shirt Pro Sort K/Æ,Udgået Model,1,2837,123,00D009EF8D3B,"PLC, Product detaljeret, Aarhus, Mar. 2023.xlsx",1.3197462107860418,T-shirt
05257 T-Shirt Pro Sort K/Æ,Alm.slid uden restværdi,1,2836,100,00D009C299A3,"PLC, Product detaljeret, Aarhus, Mar. 2023.xlsx",1.073342736248237,T-shirt
05257 T-Shirt Pro Sort K/Æ,Udgået Model,1,2836,95,00D009C15B64,"PLC, Product detaljeret, Aarhus, Mar. 2023.xlsx",1.0196755994358253,T-shirt
05257 T-Shirt Pro Sort K/Æ,Udgået Model,1,2836,99,00D009C2467F,"PLC, Product detaljeret, Aarhus, Mar. 2023.xlsx",1.0626093088857547,T-shirt
05257 T-Shirt Pro Sort K/Æ,Udgået Model,1,2836,120,00D009C26CA6,"PLC, Product detaljeret, Aarhus, Mar. 2023.xlsx",1.2880112834978843,T-shirt
05257 T-Shirt Pro Sort K/Æ,Udgået Model,1,2836,101,00D009C297C9,"PLC, Product detaljeret, Aarhus, Mar. 2023.xlsx",1.0840761636107195,T-shirt
05257 T-Shirt Pro Sort K/Æ,Udgået Model,1,2836,95,00D009C2A4C9,"PLC, Product detaljeret, Aarhus, Mar. 2023.xlsx",1.0196755994358253,T-shirt
05257 T-Shirt Pro Sort K/Æ,Udgået Model,1,2836,110,00D009EF9377,"PLC, Product detaljeret, Aarhus, Mar. 2023.xlsx",1.1806770098730608,T-shirt
05257 T-Shirt Pro Sort K/Æ,Udgået Model,1,2836,125,00D009EF9B30,"PLC, Product detaljeret, Aarhus, Mar. 2023.xlsx",1.3416784203102963,T-shirt
05257 T-Shirt Pro Sort K/Æ,Udgået Model,1,2821,120,00D009C24021,"PLC, Product detaljeret, Aarhus, Mar. 2023.xlsx",1.2948599787309465,T-shirt
05257 T-Shirt Pro Sort K/Æ,Udgået Model,1,2821,96,00D009C26053,"PLC, Product detaljeret, Aarhus, Mar. 2023.xlsx",1.0358879829847571,T-shirt
05257 T-Shirt Pro Sort K/Æ,Udgået Model,1,2821,100,00D009C26A37,"PLC, Product detaljeret, Aarhus, Mar. 2023.xlsx",1.0790499822757889,T-shirt
05257 T-Shirt Pro Sort K/Æ,Udgået Model,1,2821,116,00D009C2A310,"PLC, Product detaljeret, Aarhus, Mar. 2023.xlsx",1.251697979439915,T-shirt
05257 T-Shirt Pro Sort K/Æ,Udgået Model,1,2821,111,00D009EF693B,"PLC, Product detaljeret, Aarhus, Mar. 2023.xlsx",1.1977454803261256,T-shirt
05257 T-Shirt Pro Sort K/Æ,Udgået Model,1,2821,124,00D009EF7D74,"PLC, Product detaljeret, Aarhus, Mar. 2023.xlsx",1.3380219780219782,T-shirt
05257 T-Shirt Pro Sort K/Æ,Udgået Model,1,2821,123,00D009EFABF1,"PLC, Product detaljeret, Aarhus, Mar. 2023.xlsx",1.3272314781992203,T-shirt
05257 T-Shirt Pro Sort K/Æ,Udgået Model,1,2813,126,00D009C1503A,"PLC, Product detaljeret, Aarhus, Mar. 2023.xlsx",1.3634696054034838,T-shirt
05257 T-Shirt Pro Sort K/Æ,Udgået Model,1,2813,107,00D009C1530C,"PLC, Product detaljeret, Aarhus, Mar. 2023.xlsx",1.157867045858514,T-shirt
05257 T-Shirt Pro Sort K/Æ,Udgået Model,1,2813,93,00D009C17185,"PLC, Product detaljeret, Aarhus, Mar. 2023.xlsx",1.0063704230359047,T-shirt
08376 T-shirt lady sort k/æ pb,Udgået Model,1,2754,110,00D009F0B58A,"PLC, Product detaljeret, Aarhus, Mar. 2023.xlsx",1.2158315177923023,T-shirt
05257 T-Shirt Pro Sort K/Æ,Misligholdt med restværdi,1,2741,108,00D009E33CEA,"PLC, Product detaljeret, Aarhus, Mar. 2023.xlsx",1.1993870850054726,T-shirt
08376 T-shirt lady sort k/æ pb,Udgået Model,1,2738,109,00D009F09A31,"PLC, Product detaljeret, Aarhus, Mar. 2023.xlsx",1.2118188458729,T-shirt
08376 T-shirt lady sort k/æ pb,Udgået Model,1,2738,117,00D009F0AD57,"PLC, Product detaljeret, Aarhus, Mar. 2023.xlsx",1.3007596785975166,T-shirt
08376 T-shirt lady sort k/æ pb,Udgået Model,1,2738,114,00D009F0BE9E,"PLC, Product detaljeret, Aarhus, Mar. 2023.xlsx",1.2674068663257854,T-shirt
05257 T-Shirt Pro Sort K/Æ,Udgået Model,1,2663,95,00D009AD9DCC,"PLC, Product detaljeret, Aarhus, Mar. 2023.xlsx",1.0859181374389786,T-shirt
05257 T-Shirt Pro Sort K/Æ,Misligholdt med restværdi,1,2650,108,00D00A43B1F6,"PLC, Product detaljeret, Aarhus, Mar. 2023.xlsx",1.2405735849056605,T-shirt
05257 T-Shirt Pro Sort K/Æ,Misligholdt med restværdi,1,2650,129,00D00A43BEA7,"PLC, Product detaljeret, Aarhus, Mar. 2023.xlsx",1.4817962264150943,T-shirt
05257 T-Shirt Pro Sort K/Æ,Misligholdt med restværdi,1,2650,106,00D00A43C96E,"PLC, Product detaljeret, Aarhus, Mar. 2023.xlsx",1.2176,T-shirt
05257 T-Shirt Pro Sort K/Æ,Misligholdt med restværdi,1,2650,113,00D00A43CC58,"PLC, Product detaljeret, Aarhus, Mar. 2023.xlsx",1.2980075471698114,T-shirt
05257 T-Shirt Pro Sort K/Æ,Udgået Model,1,2425,106,30155C97D461A7C0004BCA3E,"PLC, Product detaljeret, Aarhus, Mar. 2023.xlsx",1.3305731958762888,T-shirt
05257 T-Shirt Pro Sort K/Æ,Udgået Model,1,2412,94,30155C97D461A7C0005C63F3,"PLC, Product detaljeret, Aarhus, Mar. 2023.xlsx",1.186301824212272,T-shirt
05257 T-Shirt Pro Sort K/Æ,Udgået Model,1,2403,98,00D009EFA647,"PLC, Product detaljeret, Aarhus, Mar. 2023.xlsx",1.2414148980441115,T-shirt
05257 T-Shirt Pro Sort K/Æ,Udgået Model,1,2402,110,30155C97D461A7C00061C8A7,"PLC, Product detaljeret, Aarhus, Mar. 2023.xlsx",1.3940049958368026,T-shirt
05257 T-Shirt Pro Sort K/Æ,Udgået Model,1,2402,114,30155C97D461A7C00061C8B1,"PLC, Product detaljeret, Aarhus, Mar. 2023.xlsx",1.4446960865945047,T-shirt
05257 T-Shirt Pro Sort K/Æ,Misligholdt med restværdi,1,2370,103,30155C97D461A7C000866A5B,"PLC, Product detaljeret, Aarhus, Mar. 2023.xlsx",1.3229198312236288,T-shirt
06271 T-shirt L/Æ prowear sort,Udgået Model,1,2298,85,30155C97D461A7C00072C75E,"PLC, Product detaljeret, Aarhus, Mar. 2023.xlsx",1.1259355961705833,T-shirt
06271 T-shirt L/Æ prowear sort,Udgået Model,1,2298,78,30155C97D461A7C00072C760,"PLC, Product detaljeret, Aarhus, Mar. 2023.xlsx",1.033211488250653,T-shirt
06271 T-shirt L/Æ prowear sort,Udgået Model,1,2298,78,30155C97D461A7C00072C763,"PLC, Product detaljeret, Aarhus, Mar. 2023.xlsx",1.033211488250653,T-shirt
05257 T-Shirt Pro Sort K/Æ,"Kass. af RETUR,MINIMU,afmeld",1,2250,83,30155C97D461A7C0008B05CF,"PLC, Product detaljeret, Aarhus, Mar. 2023.xlsx",1.1228977777777778,T-shirt
05257 T-Shirt Pro Sort K/Æ,Misligholdt med restværdi,1,2239,109,30155C97D461A7C000A0017F,"PLC, Product detaljeret, Aarhus, Mar. 2023.xlsx",1.4818937025457792,T-shirt
05257 T-Shirt Pro Sort K/Æ,Udgået Model,1,2234,109,30155C97D461A7C0008B1194,"PLC, Product detaljeret, Aarhus, Mar. 2023.xlsx",1.4852103849597136,T-shirt
06271 T-shirt L/Æ prowear sort,Misligholdt med restværdi,1,2010,82,30155C97D461A7C000BA15AB,"PLC, Product detaljeret, Aarhus, Mar. 2023.xlsx",1.2418308457711444,T-shirt
13668 T-shirt active unisex sort,Udgået Model,1,1988,76,30155C97D461A7C000EAFDB7,"PLC, Product detaljeret, Aarhus, Mar. 2023.xlsx",1.1637022132796782,T-shirt
13668 T-shirt active unisex sort,Udgået Model,1,1988,69,30155C97D461A7C000EAFECB,"PLC, Product detaljeret, Aarhus, Mar. 2023.xlsx",1.0565191146881288,T-shirt
05257 T-Shirt Pro Sort K/Æ,Udgået Model,1,1847,117,30155C97D461A7C00108DCC0,"PLC, Product detaljeret, Aarhus, Mar. 2023.xlsx",1.9282512181916625,T-shirt
05257 T-Shirt Pro Sort K/Æ,Udgået Model,1,1800,61,30155C97D461A7C000BA0973,"PLC, Product detaljeret, Aarhus, Mar. 2023.xlsx",1.031577777777778,T-shirt
05257 T-Shirt Pro Sort K/Æ,Udgået Model,1,1783,59,30155C97D461A7C000BA07B9,"PLC, Product detaljeret, Aarhus, Mar. 2023.xlsx",1.0072686483454851,T-shirt
05257 T-Shirt Pro Sort K/Æ,Alm.slid uden restværdi,1,1655,62,30155C97D461A7C0013C682F,"PLC, Product detaljeret, Aarhus, Mar. 2023.xlsx",1.1403504531722055,T-shirt
05257 T-Shirt Pro Sort K/Æ,Udgået Model,1,1637,106,30155C97D461A7C001370F60,"PLC, Product detaljeret, Aarhus, Mar. 2023.xlsx",1.971069028711057,T-shirt
05257 T-Shirt Pro Sort K/Æ,"Kass. af RETUR,MINIMU,afmeld",1,1634,95,30155C97D461A7C00156C442,"PLC, Product detaljeret, Aarhus, Mar. 2023.xlsx",1.7697674418604652,T-shirt
05257 T-Shirt Pro Sort K/Æ,Alm.slid uden restværdi,1,1633,104,30155C97D461A7C001370F18,"PLC, Product detaljeret, Aarhus, Mar. 2023.xlsx",1.938616044090631,T-shirt
05257 T-Shirt Pro Sort K/Æ,Udgået Model,1,1619,105,30155C97D461A7C00156AF75,"PLC, Product detaljeret, Aarhus, Mar. 2023.xlsx",1.9741815935762816,T-shirt
05257 T-Shirt Pro Sort K/Æ,Udgået Model,1,1584,81,30155C97D461A7C00156AE71,"PLC, Product detaljeret, Aarhus, Mar. 2023.xlsx",1.5565909090909094,T-shirt
06271 T-shirt L/Æ prowear sort,Misligholdt med restværdi,1,1584,55,30155C97D461A7C001571FEB,"PLC, Product detaljeret, Aarhus, Mar. 2023.xlsx",1.0569444444444445,T-shirt
06271 T-shirt L/Æ prowear sort,Misligholdt med restværdi,1,1584,54,30155C97D461A7C001572011,"PLC, Product detaljeret, Aarhus, Mar. 2023.xlsx",1.0377272727272726,T-shirt
05257 T-Shirt Pro Sort K/Æ,Udgået Model,1,1568,100,30155C97D461A7C00156AF4C,"PLC, Product detaljeret, Aarhus, Mar. 2023.xlsx",1.941326530612245,T-shirt
05257 T-Shirt Pro Sort K/Æ,Udgået Model,1,1534,98,30155C97D461A7C001660CDD,"PLC, Product detaljeret, Aarhus, Mar. 2023.xlsx",1.9446675358539767,T-shirt
05257 T-Shirt Pro Sort K/Æ,Misligholdt med restværdi,1,1492,64,30155C97D461A7C0016D5F98,"PLC, Product detaljeret, Aarhus, Mar. 2023.xlsx",1.3057372654155497,T-shirt
05257 T-Shirt Pro Sort K/Æ,Misligholdt med restværdi,1,1492,66,30155C97D461A7C0016D5FEC,"PLC, Product detaljeret, Aarhus, Mar. 2023.xlsx",1.3465415549597857,T-shirt
05257 T-Shirt Pro Sort K/Æ,Alm.slid uden restværdi,1,1423,69,30155C97D461A7C001CC15A1,"PLC, Product detaljeret, Aarhus, Mar. 2023.xlsx",1.4760084328882643,T-shirt
05257 T-Shirt Pro Sort K/Æ,Udgået Model,1,1377,77,30155C97D461A7C00203C589,"PLC, Product detaljeret, Aarhus, Mar. 2023.xlsx",1.702164124909223,T-shirt
05257 T-Shirt Pro Sort K/Æ,Udgået Model,1,1368,89,30155C97D461A7C00211E8FD,"PLC, Product detaljeret, Aarhus, Mar. 2023.xlsx",1.9803801169590645,T-shirt
05257 T-Shirt Pro Sort K/Æ,Misligholdt med restværdi,1,1316,80,30155C97D461A7C00226A84D,"PLC, Product detaljeret, Aarhus, Mar. 2023.xlsx",1.8504559270516718,T-shirt
05257 T-Shirt Pro Sort K/Æ,Misligholdt med restværdi,1,1316,83,30155C97D461A7C00226A9A6,"PLC, Product detaljeret, Aarhus, Mar. 2023.xlsx",1.9198480243161096,T-shirt
05257 T-Shirt Pro Sort K/Æ,Misligholdt med restværdi,1,1316,82,30155C97D461A7C00226A9CC,"PLC, Product detaljeret, Aarhus, Mar. 2023.xlsx",1.8967173252279637,T-shirt
05257 T-Shirt Pro Sort K/Æ,Alm.slid uden restværdi,1,1303,75,30155C97D461A7C00226A8CE,"PLC, Product detaljeret, Aarhus, Mar. 2023.xlsx",1.7521105141980047,T-shirt
05257 T-Shirt Pro Sort K/Æ,Alm.slid uden restværdi,1,1303,71,30155C97D461A7C00226A8D0,"PLC, Product detaljeret, Aarhus, Mar. 2023.xlsx",1.6586646201074444,T-shirt
05257 T-Shirt Pro Sort K/Æ,Alm.slid uden restværdi,1,1303,71,30155C97D461A7C00226A93F,"PLC, Product detaljeret, Aarhus, Mar. 2023.xlsx",1.6586646201074444,T-shirt
05257 T-Shirt Pro Sort K/Æ,Alm.slid uden restværdi,1,1303,77,30155C97D461A7C00226A972,"PLC, Product detaljeret, Aarhus, Mar. 2023.xlsx",1.7988334612432848,T-shirt
05257 T-Shirt Pro Sort K/Æ,Misligholdt med restværdi,1,1303,71,30155C97D461A7C00226A84B,"PLC, Product detaljeret, Aarhus, Mar. 2023.xlsx",1.6586646201074444,T-shirt
05257 T-Shirt Pro Sort K/Æ,Misligholdt med restværdi,1,1303,64,30155C97D461A7C00226AA27,"PLC, Product detaljeret, Aarhus, Mar. 2023.xlsx",1.4951343054489639,T-shirt
05257 T-Shirt Pro Sort K/Æ,Udgået Model,1,1302,52,30155C97D461A7C0020EE23F,"PLC, Product detaljeret, Aarhus, Mar. 2023.xlsx",1.2157296466973886,T-shirt
05257 T-Shirt Pro Sort K/Æ,Misligholdt med restværdi,1,1301,46,30155C97D461A7C0020EE2A9,"PLC, Product detaljeret, Aarhus, Mar. 2023.xlsx",1.0762797847809378,T-shirt
13854 T-shirt stretch uni sort,Alm.slid uden restværdi,1,1261,75,30155C97D461A7C00228F1D4,"PLC, Product detaljeret, Aarhus, Mar. 2023.xlsx",1.810467882632831,T-shirt
13854 T-shirt stretch uni sort,Alm.slid uden restværdi,1,1242,54,30155C97D461A7C002120343,"PLC, Product detaljeret, Aarhus, Mar. 2023.xlsx",1.3234782608695652,T-shirt
13854 T-shirt stretch uni sort,Alm.slid uden restværdi,1,1242,47,30155C97D461A7C00212048B,"PLC, Product detaljeret, Aarhus, Mar. 2023.xlsx",1.1519162640901772,T-shirt
05257 T-Shirt Pro Sort K/Æ,Misligholdt med restværdi,1,1168,60,30155C97D461A7C0022AF1C8,"PLC, Product detaljeret, Aarhus, Mar. 2023.xlsx",1.5636986301369862,T-shirt
13854 T-shirt stretch uni sort,Alm.slid uden restværdi,1,1160,42,30155C97D461A7C002113E6A,"PLC, Product detaljeret, Aarhus, Mar. 2023.xlsx",1.102137931034483,T-shirt
13854 T-shirt stretch uni sort,Alm.slid uden restværdi,1,1160,54,30155C97D461A7C002113EE1,"PLC, Product detaljeret, Aarhus, Mar. 2023.xlsx",1.4170344827586208,T-shirt
08376 T-shirt lady sort k/æ pb,Misligholdt med restværdi,1,1151,56,30155C97D461A7C00218C21E,"PLC, Product detaljeret, Aarhus, Mar. 2023.xlsx",1.4810078192875762,T-shirt
05257 T-Shirt Pro Sort K/Æ,Udgået Model,1,1115,55,30155C97D461A7C002676E01,"PLC, Product detaljeret, Aarhus, Mar. 2023.xlsx",1.50152466367713,T-shirt
05257 T-Shirt Pro Sort K/Æ,Udgået Model,1,1115,43,30155C97D461A7C002676E06,"PLC, Product detaljeret, Aarhus, Mar. 2023.xlsx",1.1739192825112108,T-shirt
05257 T-Shirt Pro Sort K/Æ,Udgået Model,1,1115,38,30155C97D461A7C002676E1A,"PLC, Product detaljeret, Aarhus, Mar. 2023.xlsx",1.0374170403587444,T-shirt
05257 T-Shirt Pro Sort K/Æ,Udgået Model,1,1115,40,30155C97D461A7C002676F68,"PLC, Product detaljeret, Aarhus, Mar. 2023.xlsx",1.092017937219731,T-shirt
05257 T-Shirt Pro Sort K/Æ,Alm.slid uden restværdi,1,1091,63,30155C97D461A7C002170AF9,"PLC, Product detaljeret, Aarhus, Mar. 2023.xlsx",1.7577635197066912,T-shirt
05257 T-Shirt Pro Sort K/Æ,Udgået Model,1,1074,46,30155C97D461A7C002112E65,"PLC, Product detaljeret, Aarhus, Mar. 2023.xlsx",1.3037616387337059,T-shirt
05257 T-Shirt Pro Sort K/Æ,Misligholdt med restværdi,1,1072,43,30155C97D461A7C001D4EF53,"PLC, Product detaljeret, Aarhus, Mar. 2023.xlsx",1.2210074626865672,T-shirt
05257 T-Shirt Pro Sort K/Æ,Misligholdt med restværdi,1,1034,42,30155C97D461A7C0023CB704,"PLC, Product detaljeret, Aarhus, Mar. 2023.xlsx",1.236441005802708,T-shirt
05257 T-Shirt Pro Sort K/Æ,Alm.slid uden restværdi,1,1030,63,30155C97D461A7C0023CC27F,"PLC, Product detaljeret, Aarhus, Mar. 2023.xlsx",1.8618640776699031,T-shirt
13854 T-shirt stretch uni sort,Alm.slid uden restværdi,1,924,53,30155C97D461A7C002268A1F,"PLC, Product detaljeret, Aarhus, Mar. 2023.xlsx",1.746017316017316,T-shirt
13854 T-shirt stretch uni sort,Alm.slid uden restværdi,1,917,46,30155C97D461A7C002268AAE,"PLC, Product detaljeret, Aarhus, Mar. 2023.xlsx",1.526979280261723,T-shirt
13854 T-shirt stretch uni sort,Alm.slid uden restværdi,1,798,28,30155C97D461A7C002113DFF,"PLC, Product detaljeret, Aarhus, Mar. 2023.xlsx",1.0680701754385964,T-shirt
13854 T-shirt stretch uni sort,Alm.slid uden restværdi,1,798,32,30155C97D461A7C002113E8D,"PLC, Product detaljeret, Aarhus, Mar. 2023.xlsx",1.2206516290726817,T-shirt
05257 T-Shirt Pro Sort K/Æ,Udgået Model,1,795,28,30155C97D461A6C0002F07AE,"PLC, Product detaljeret, Aarhus, Mar. 2023.xlsx",1.0721006289308177,T-shirt
05257 T-Shirt Pro Sort K/Æ,Udgået Model,1,794,33,30155C97D461A6C0002F07A5,"PLC, Product detaljeret, Aarhus, Mar. 2023.xlsx",1.2651385390428211,T-shirt
08376 T-shirt lady sort k/æ pb,Alm.slid uden restværdi,1,698,43,30155C97D461A6C0000F5BB0,"PLC, Product detaljeret, Aarhus, Mar. 2023.xlsx",1.875243553008596,T-shirt
08376 T-shirt lady sort k/æ pb,Udgået Model,1,677,27,30155C97D461A6C0000F5348,"PLC, Product detaljeret, Aarhus, Mar. 2023.xlsx",1.214002954209749,T-shirt
08376 T-shirt lady sort k/æ pb,Alm.slid uden restværdi,1,675,38,30155C97D461A6C0000F5A89,"PLC, Product detaljeret, Aarhus, Mar. 2023.xlsx",1.7136592592592592,T-shirt
06271 T-shirt L/Æ prowear sort,Alm.slid uden restværdi,1,637,28,30155C97D461A6C000B1900F,"PLC, Product detaljeret, Aarhus, Mar. 2023.xlsx",1.3380219780219782,T-shirt
08376 T-shirt lady sort k/æ pb,Alm.slid uden restværdi,1,611,30,30155C97D461A6C0000F52D7,"PLC, Product detaljeret, Aarhus, Mar. 2023.xlsx",1.4945990180032733,T-shirt
05257 T-Shirt Pro Sort K/Æ,Misligholdt med restværdi,1,539,32,30155C97D461A6C00030DAC2,"PLC, Product detaljeret, Aarhus, Mar. 2023.xlsx",1.8071985157699444,T-shirt
08376 T-shirt lady sort k/æ pb,Udgået Model,1,538,22,30155C97D461A6C0008C7AB8,"PLC, Product detaljeret, Aarhus, Mar. 2023.xlsx",1.2447583643122677,T-shirt
05257 T-Shirt Pro Sort K/Æ,Udgået Model,1,537,24,30155C97D461A7C002913A31,"PLC, Product detaljeret, Aarhus, Mar. 2023.xlsx",1.3604469273743018,T-shirt
06271 T-shirt L/Æ prowear sort,Alm.slid uden restværdi,1,525,25,30155C97D461A6C0008BF100,"PLC, Product detaljeret, Aarhus, Mar. 2023.xlsx",1.4495238095238094,T-shirt
06271 T-shirt L/Æ prowear sort,Alm.slid uden restværdi,1,525,19,30155C97D461A6C0008BF139,"PLC, Product detaljeret, Aarhus, Mar. 2023.xlsx",1.1016380952380953,T-shirt
06271 T-shirt L/Æ prowear sort,Alm.slid uden restværdi,1,525,25,30155C97D461A6C0008BF251,"PLC, Product detaljeret, Aarhus, Mar. 2023.xlsx",1.4495238095238094,T-shirt
06271 T-shirt L/Æ prowear sort,Alm.slid uden restværdi,1,525,23,30155C97D461A6C0008BF29F,"PLC, Product detaljeret, Aarhus, Mar. 2023.xlsx",1.333561904761905,T-shirt
06271 T-shirt L/Æ prowear sort,Alm.slid uden restværdi,1,525,27,30155C97D461A6C0008BF2A2,"PLC, Product detaljeret, Aarhus, Mar. 2023.xlsx",1.5654857142857144,T-shirt
06271 T-shirt L/Æ prowear sort,Alm.slid uden restværdi,1,525,18,30155C97D461A6C0008BF2C0,"PLC, Product detaljeret, Aarhus, Mar. 2023.xlsx",1.043657142857143,T-shirt
05257 T-Shirt Pro Sort K/Æ,Misligholdt med restværdi,1,478,21,30155C97D461A6C000E22BDE,"PLC, Product detaljeret, Aarhus, Mar. 2023.xlsx",1.3373221757322176,T-shirt
05257 T-Shirt Pro Sort K/Æ,Udgået Model,1,307,12,30155C97D461A4C00092E243,"PLC, Product detaljeret, Aarhus, Mar. 2023.xlsx",1.1898371335504885,T-shirt
05575 T-shirt da 3/4æ sort stretch,Udgået Model,1,303,10,30155C97D461A6C001065C62,"PLC, Product detaljeret, Aarhus, Mar. 2023.xlsx",1.0046204620462045,T-shirt
05575 T-shirt da 3/4æ sort stretch,Udgået Model,1,293,11,30155C97D461A6C001065C12,"PLC, Product detaljeret, Aarhus, Mar. 2023.xlsx",1.142798634812287,T-shirt
05257 T-Shirt Pro Sort K/Æ,BTS fejl uden restværdi,1,189,11,30155C97D461A6C001B33F81,"PLC, Product detaljeret, Aarhus, Mar. 2023.xlsx",1.7716402116402117,T-shirt
05257 T-Shirt Pro Sort K/Æ,Alm.slid uden restværdi,1,188,7,30155C97D461A6C001B33F8B,"PLC, Product detaljeret, Aarhus, Mar. 2023.xlsx",1.133404255319149,T-shirt
05257 T-Shirt Pro Sort K/Æ,BTS fejl uden restværdi,1,188,9,30155C97D461A6C001B33F7A,"PLC, Product detaljeret, Aarhus, Mar. 2023.xlsx",1.4572340425531916,T-shirt
05257 T-Shirt Pro Sort K/Æ,Alm.slid uden restværdi,1,177,9,30155C97D461A6C001603284,"PLC, Product detaljeret, Aarhus, Mar. 2023.xlsx",1.5477966101694918,T-shirt
05257 T-Shirt Pro Sort K/Æ,Misligholdt med restværdi,1,177,9,30155C97D461A6C000EB1580,"PLC, Product detaljeret, Aarhus, Mar. 2023.xlsx",1.5477966101694918,T-shirt
05257 T-Shirt Pro Sort K/Æ,Misligholdt med restværdi,1,177,11,30155C97D461A6C000EB15A8,"PLC, Product detaljeret, Aarhus, Mar. 2023.xlsx",1.8917514124293786,T-shirt
05257 T-Shirt Pro Sort K/Æ,Misligholdt med restværdi,1,177,10,30155C97D461A6C000EAA000,"PLC, Product detaljeret, Aarhus, Mar. 2023.xlsx",1.719774011299435,T-shirt
05257 T-Shirt Pro Sort K/Æ,Misligholdt med restværdi,1,177,10,30155C97D461A6C000EAA026,"PLC, Product detaljeret, Aarhus, Mar. 2023.xlsx",1.719774011299435,T-shirt
05257 T-Shirt Pro Sort K/Æ,Misligholdt med restværdi,1,177,9,30155C97D461A6C000EAA052,"PLC, Product detaljeret, Aarhus, Mar. 2023.xlsx",1.5477966101694918,T-shirt
05257 T-Shirt Pro Sort K/Æ,Misligholdt med restværdi,1,177,11,30155C97D461A6C001603281,"PLC, Product detaljeret, Aarhus, Mar. 2023.xlsx",1.8917514124293786,T-shirt
05257 T-Shirt Pro Sort K/Æ,Misligholdt med restværdi,1,177,11,30155C97D461A6C001603383,"PLC, Product detaljeret, Aarhus, Mar. 2023.xlsx",1.8917514124293786,T-shirt
05257 T-Shirt Pro Sort K/Æ,Misligholdt med restværdi,1,158,9,30155C97D461A4C000E98CB7,"PLC, Product detaljeret, Aarhus, Mar. 2023.xlsx",1.7339240506329114,T-shirt
05257 T-Shirt Pro Sort K/Æ,Misligholdt med restværdi,1,136,7,30155C97D461A6C001B9BBF3,"PLC, Product detaljeret, Aarhus, Mar. 2023.xlsx",1.5667647058823528,T-shirt
05257 T-Shirt Pro Sort K/Æ,Misligholdt med restværdi,1,136,5,30155C97D461A6C001B9BC1F,"PLC, Product detaljeret, Aarhus, Mar. 2023.xlsx",1.1191176470588236,T-shirt
05257 T-Shirt Pro Sort K/Æ,Misligholdt med restværdi,1,136,7,30155C97D461A6C001B9BC45,"PLC, Product detaljeret, Aarhus, Mar. 2023.xlsx",1.5667647058823528,T-shirt
05257 T-Shirt Pro Sort K/Æ,Misligholdt med restværdi,1,136,6,30155C97D461A6C001B9BC47,"PLC, Product detaljeret, Aarhus, Mar. 2023.xlsx",1.3429411764705883,T-shirt
05257 T-Shirt Pro Sort K/Æ,Misligholdt med restværdi,1,136,8,30155C97D461A6C001B9BC7D,"PLC, Product detaljeret, Aarhus, Mar. 2023.xlsx",1.7905882352941176,T-shirt
05257 T-Shirt Pro Sort K/Æ,Alm.slid uden restværdi,1,121,5,30155C97D461A6C0018FA8AA,"PLC, Product detaljeret, Aarhus, Mar. 2023.xlsx",1.2578512396694215,T-shirt
05257 T-Shirt Pro Sort K/Æ,Misligholdt med restværdi,1,103,4,30155C97D461A6C000EB06CE,"PLC, Product detaljeret, Aarhus, Mar. 2023.xlsx",1.1821359223300971,T-shirt
05257 T-Shirt Pro Sort K/Æ,Misligholdt med restværdi,1,103,4,30155C97D461A6C000EB06DC,"PLC, Product detaljeret, Aarhus, Mar. 2023.xlsx",1.1821359223300971,T-shirt
05575 T-shirt da 3/4æ sort stretch,Udgået Model,1,57,2,30155C97D461A6C001A6ABA6,"PLC, Product detaljeret, Aarhus, Mar. 2023.xlsx",1.0680701754385964,T-shirt
05575 T-shirt da 3/4æ sort stretch,Udgået Model,1,57,2,30155C97D461A6C001A6ABC8,"PLC, Product detaljeret, Aarhus, Mar. 2023.xlsx",1.0680701754385964,T-shirt
05575 T-shirt da 3/4æ sort stretch,Udgået Model,1,57,3,30155C97D461A6C001A6AAFD,"PLC, Product detaljeret, Aarhus, Mar. 2023.xlsx",1.6021052631578947,T-shirt
05257 T-Shirt Pro Sort K/Æ,Misligholdt med restværdi,1,2634,125,30155C97D461A7C0006CB3AA,"PLC, Product detaljeret, Aarhus, Nov. 2023.xlsx",1.4445709946848901,T-shirt
05257 T-Shirt Pro Sort K/Æ,Misligholdt med restværdi,1,2615,123,30155C97D461A7C000866F53,"PLC, Product detaljeret, Aarhus, Nov. 2023.xlsx",1.4317858508604209,T-shirt
05257 T-Shirt Pro Sort K/Æ,Misligholdt med restværdi,1,2453,148,30155C97D461A7C000A03289,"PLC, Product detaljeret, Aarhus, Nov. 2023.xlsx",1.8365756216877294,T-shirt
05257 T-Shirt Pro Sort K/Æ,Misligholdt med restværdi,1,2447,119,30155C97D461A7C000A0322C,"PLC, Product detaljeret, Aarhus, Nov. 2023.xlsx",1.48032693093584,T-shirt
08376 T-shirt lady sort k/æ pb,Alm.slid uden restværdi,1,2242,78,00D009C17ED5,"PLC, Product detaljeret, Aarhus, Nov. 2023.xlsx",1.0590187332738625,T-shirt
06271 T-shirt L/Æ prowear sort,"Kass. af RETUR,MINIMU,afmeld",1,2046,72,30155C97D461A7C001132941,"PLC, Product detaljeret, Aarhus, Nov. 2023.xlsx",1.0712023460410558,T-shirt
06271 T-shirt L/Æ prowear sort,Alm.slid uden restværdi,1,1856,64,30155C97D461A7C001662692,"PLC, Product detaljeret, Aarhus, Nov. 2023.xlsx",1.049655172413793,T-shirt
06271 T-shirt L/Æ prowear sort,Alm.slid uden restværdi,1,1785,84,30155C97D461A7C001CBE03E,"PLC, Product detaljeret, Aarhus, Nov. 2023.xlsx",1.4324705882352942,T-shirt
05257 T-Shirt Pro Sort K/Æ,Alm.slid uden restværdi,1,1766,74,30155C97D461A7C000A9B98C,"PLC, Product detaljeret, Aarhus, Nov. 2023.xlsx",1.275515288788222,T-shirt
05257 T-Shirt Pro Sort K/Æ,Alm.slid uden restværdi,1,1766,61,30155C97D461A7C000B0C187,"PLC, Product detaljeret, Aarhus, Nov. 2023.xlsx",1.0514382785956966,T-shirt
05257 T-Shirt Pro Sort K/Æ,Alm.slid uden restværdi,1,1766,76,30155C97D461A7C000B0C1A7,"PLC, Product detaljeret, Aarhus, Nov. 2023.xlsx",1.3099886749716874,T-shirt
05257 T-Shirt Pro Sort K/Æ,Alm.slid uden restværdi,1,1766,71,30155C97D461A7C000B0C2D5,"PLC, Product detaljeret, Aarhus, Nov. 2023.xlsx",1.2238052095130239,T-shirt
08376 T-shirt lady sort k/æ pb,Alm.slid uden restværdi,1,1760,70,30155C97D461A7C0008669D6,"PLC, Product detaljeret, Aarhus, Nov. 2023.xlsx",1.2106818181818182,T-shirt
08376 T-shirt lady sort k/æ pb,Alm.slid uden restværdi,1,1732,80,30155C97D461A7C0008669BC,"PLC, Product detaljeret, Aarhus, Nov. 2023.xlsx",1.4060046189376445,T-shirt
08376 T-shirt lady sort k/æ pb,Udgået Model,1,1729,72,30155C97D461A7C0008669E7,"PLC, Product detaljeret, Aarhus, Nov. 2023.xlsx",1.2675997686524003,T-shirt
06271 T-shirt L/Æ prowear sort,Alm.slid uden restværdi,1,1626,69,30155C97D461A7C00212660A,"PLC, Product detaljeret, Aarhus, Nov. 2023.xlsx",1.2917343173431735,T-shirt
05257 T-Shirt Pro Sort K/Æ,Misligholdt med restværdi,1,1622,75,30155C97D461A7C002125441,"PLC, Product detaljeret, Aarhus, Nov. 2023.xlsx",1.4075215782983972,T-shirt
05257 T-Shirt Pro Sort K/Æ,Misligholdt med restværdi,1,1622,62,30155C97D461A7C00212551D,"PLC, Product detaljeret, Aarhus, Nov. 2023.xlsx",1.1635511713933415,T-shirt
05257 T-Shirt Pro Sort K/Æ,Alm.slid uden restværdi,1,1570,65,30155C97D461A7C0021204BE,"PLC, Product detaljeret, Aarhus, Nov. 2023.xlsx",1.2602547770700636,T-shirt
08376 T-shirt lady sort k/æ pb,Alm.slid uden restværdi,1,1525,58,30155C97D461A7C0016753EC,"PLC, Product detaljeret, Aarhus, Nov. 2023.xlsx",1.1577180327868855,T-shirt
13854 T-shirt stretch uni sort,Alm.slid uden restværdi,1,1505,57,30155C97D461A7C00228F25B,"PLC, Product detaljeret, Aarhus, Nov. 2023.xlsx",1.1528770764119602,T-shirt
13854 T-shirt stretch uni sort,Alm.slid uden restværdi,1,1505,58,30155C97D461A7C00228F370,"PLC, Product detaljeret, Aarhus, Nov. 2023.xlsx",1.1731029900332226,T-shirt
13854 T-shirt stretch uni sort,Alm.slid uden restværdi,1,1463,93,30155C97D461A7C002113F8C,"PLC, Product detaljeret, Aarhus, Nov. 2023.xlsx",1.93501025290499,T-shirt
05257 T-Shirt Pro Sort K/Æ,Alm.slid uden restværdi,1,1402,81,30155C97D461A7C002284ADD,"PLC, Product detaljeret, Aarhus, Nov. 2023.xlsx",1.7586590584878745,T-shirt
08376 T-shirt lady sort k/æ pb,Alm.slid uden restværdi,1,1395,50,30155C97D461A7C001675599,"PLC, Product detaljeret, Aarhus, Nov. 2023.xlsx",1.0910394265232974,T-shirt
05257 T-Shirt Pro Sort K/Æ,Udgået Model,1,1361,70,30155C97D461A7C00276CD5C,"PLC, Product detaljeret, Aarhus, Nov. 2023.xlsx",1.5656135194709773,T-shirt
05257 T-Shirt Pro Sort K/Æ,Alm.slid uden restværdi,1,1353,64,30155C97D461A7C0023B7AF1,"PLC, Product detaljeret, Aarhus, Nov. 2023.xlsx",1.4398817442719882,T-shirt
05257 T-Shirt Pro Sort K/Æ,Alm.slid uden restværdi,1,1350,54,30155C97D461A7C0021709C1,"PLC, Product detaljeret, Aarhus, Nov. 2023.xlsx",1.2176,T-shirt
05257 T-Shirt Pro Sort K/Æ,Alm.slid uden restværdi,1,1342,51,30155C97D461A7C0023B7AE5,"PLC, Product detaljeret, Aarhus, Nov. 2023.xlsx",1.1568107302533532,T-shirt
05257 T-Shirt Pro Sort K/Æ,Alm.slid uden restværdi,1,1342,46,30155C97D461A7C0023B7AEB,"PLC, Product detaljeret, Aarhus, Nov. 2023.xlsx",1.043397913561848,T-shirt
05257 T-Shirt Pro Sort K/Æ,Alm.slid uden restværdi,1,1342,56,30155C97D461A7C0023B7B0E,"PLC, Product detaljeret, Aarhus, Nov. 2023.xlsx",1.2702235469448586,T-shirt
05257 T-Shirt Pro Sort K/Æ,Alm.slid uden restværdi,1,1339,57,30155C97D461A7C0021709BC,"PLC, Product detaljeret, Aarhus, Nov. 2023.xlsx",1.2958028379387603,T-shirt
05257 T-Shirt Pro Sort K/Æ,Alm.slid uden restværdi,1,1339,62,30155C97D461A7C0021709D6,"PLC, Product detaljeret, Aarhus, Nov. 2023.xlsx",1.4094697535474234,T-shirt
05257 T-Shirt Pro Sort K/Æ,Alm.slid uden restværdi,1,1339,44,30155C97D461A7C002170A57,"PLC, Product detaljeret, Aarhus, Nov. 2023.xlsx",1.0002688573562362,T-shirt
05257 T-Shirt Pro Sort K/Æ,Alm.slid uden restværdi,1,1339,48,30155C97D461A7C002170A75,"PLC, Product detaljeret, Aarhus, Nov. 2023.xlsx",1.0912023898431666,T-shirt
05257 T-Shirt Pro Sort K/Æ,Alm.slid uden restværdi,1,1339,51,30155C97D461A7C0023B7A35,"PLC, Product detaljeret, Aarhus, Nov. 2023.xlsx",1.1594025392083644,T-shirt
05257 T-Shirt Pro Sort K/Æ,Alm.slid uden restværdi,1,1337,58,30155C97D461A7C0023B79D8,"PLC, Product detaljeret, Aarhus, Nov. 2023.xlsx",1.3205086013462977,T-shirt
05257 T-Shirt Pro Sort K/Æ,Alm.slid uden restværdi,1,1337,62,30155C97D461A7C0023B79FA,"PLC, Product detaljeret, Aarhus, Nov. 2023.xlsx",1.4115781600598356,T-shirt
05257 T-Shirt Pro Sort K/Æ,Alm.slid uden restværdi,1,1337,68,30155C97D461A7C0023B7A42,"PLC, Product detaljeret, Aarhus, Nov. 2023.xlsx",1.5481824981301422,T-shirt
05257 T-Shirt Pro Sort K/Æ,Alm.slid uden restværdi,1,1337,59,30155C97D461A7C0023B7A56,"PLC, Product detaljeret, Aarhus, Nov. 2023.xlsx",1.3432759910246823,T-shirt
05257 T-Shirt Pro Sort K/Æ,Alm.slid uden restværdi,1,1337,50,30155C97D461A7C0023B7A5D,"PLC, Product detaljeret, Aarhus, Nov. 2023.xlsx",1.1383694839192222,T-shirt
05257 T-Shirt Pro Sort K/Æ,Alm.slid uden restværdi,1,1337,62,30155C97D461A7C0023B7AB2,"PLC, Product detaljeret, Aarhus, Nov. 2023.xlsx",1.4115781600598356,T-shirt
05257 T-Shirt Pro Sort K/Æ,Alm.slid uden restværdi,1,1337,45,30155C97D461A7C0023B7AEE,"PLC, Product detaljeret, Aarhus, Nov. 2023.xlsx",1.0245325355272998,T-shirt
05257 T-Shirt Pro Sort K/Æ,Alm.slid uden restværdi,1,1337,61,30155C97D461A7C0023B7AFD,"PLC, Product detaljeret, Aarhus, Nov. 2023.xlsx",1.388810770381451,T-shirt
05257 T-Shirt Pro Sort K/Æ,Alm.slid uden restværdi,1,1337,70,30155C97D461A7C0023B7AAE,"PLC, Product detaljeret, Aarhus, Nov. 2023.xlsx",1.593717277486911,T-shirt
05257 T-Shirt Pro Sort K/Æ,Alm.slid uden restværdi,1,1337,68,30155C97D461A7C0027686A5,"PLC, Product detaljeret, Aarhus, Nov. 2023.xlsx",1.5481824981301422,T-shirt
05257 T-Shirt Pro Sort K/Æ,Alm.slid uden restværdi,1,1337,54,30155C97D461A7C0027686B2,"PLC, Product detaljeret, Aarhus, Nov. 2023.xlsx",1.22943904263276,T-shirt
05257 T-Shirt Pro Sort K/Æ,Alm.slid uden restværdi,1,1327,44,30155C97D461A7C002170F27,"PLC, Product detaljeret, Aarhus, Nov. 2023.xlsx",1.0093142426526,T-shirt
05257 T-Shirt Pro Sort K/Æ,Alm.slid uden restværdi,1,1310,82,30155C97D461A7C002448F96,"PLC, Product detaljeret, Aarhus, Nov. 2023.xlsx",1.905404580152672,T-shirt
05257 T-Shirt Pro Sort K/Æ,Alm.slid uden restværdi,1,1306,64,30155C97D461A7C002170A52,"PLC, Product detaljeret, Aarhus, Nov. 2023.xlsx",1.4916998468606433,T-shirt
05257 T-Shirt Pro Sort K/Æ,Alm.slid uden restværdi,1,1304,68,30155C97D461A7C0023BC10E,"PLC, Product detaljeret, Aarhus, Nov. 2023.xlsx",1.587361963190184,T-shirt
05257 T-Shirt Pro Sort K/Æ,Alm.slid uden restværdi,1,1304,43,30155C97D461A7C0023BC19C,"PLC, Product detaljeret, Aarhus, Nov. 2023.xlsx",1.0037730061349692,T-shirt
05257 T-Shirt Pro Sort K/Æ,Alm.slid uden restværdi,1,1304,60,30155C97D461A7C0023BEB11,"PLC, Product detaljeret, Aarhus, Nov. 2023.xlsx",1.4006134969325152,T-shirt
05257 T-Shirt Pro Sort K/Æ,Alm.slid uden restværdi,1,1302,81,30155C97D461A7C002448E66,"PLC, Product detaljeret, Aarhus, Nov. 2023.xlsx",1.8937327188940094,T-shirt
05257 T-Shirt Pro Sort K/Æ,Alm.slid uden restværdi,1,1302,85,30155C97D461A7C002448F14,"PLC, Product detaljeret, Aarhus, Nov. 2023.xlsx",1.9872503840245777,T-shirt
05257 T-Shirt Pro Sort K/Æ,Alm.slid uden restværdi,1,1295,62,30155C97D461A7C0023BB7DD,"PLC, Product detaljeret, Aarhus, Nov. 2023.xlsx",1.4573590733590733,T-shirt
05257 T-Shirt Pro Sort K/Æ,Alm.slid uden restværdi,1,1292,63,30155C97D461A7C0023BC10D,"PLC, Product detaljeret, Aarhus, Nov. 2023.xlsx",1.4843034055727555,T-shirt
05257 T-Shirt Pro Sort K/Æ,Alm.slid uden restværdi,1,1292,65,30155C97D461A7C0023BC185,"PLC, Product detaljeret, Aarhus, Nov. 2023.xlsx",1.5314241486068112,T-shirt
05257 T-Shirt Pro Sort K/Æ,Alm.slid uden restværdi,1,1292,52,30155C97D461A7C0023BC1B1,"PLC, Product detaljeret, Aarhus, Nov. 2023.xlsx",1.225139318885449,T-shirt
05257 T-Shirt Pro Sort K/Æ,Misligholdt med restværdi,1,1259,49,30155C97D461A7C00294DBFB,"PLC, Product detaljeret, Aarhus, Nov. 2023.xlsx",1.1847180301826847,T-shirt
05257 T-Shirt Pro Sort K/Æ,Misligholdt med restværdi,1,1249,45,30155C97D461A7C00294DC28,"PLC, Product detaljeret, Aarhus, Nov. 2023.xlsx",1.0967173738991194,T-shirt
05257 T-Shirt Pro Sort K/Æ,Misligholdt med restværdi,1,1244,57,30155C97D461A7C00294DADD,"PLC, Product detaljeret, Aarhus, Nov. 2023.xlsx",1.39475884244373,T-shirt
05257 T-Shirt Pro Sort K/Æ,Alm.slid uden restværdi,1,1225,70,30155C97D461A7C0023C5257,"PLC, Product detaljeret, Aarhus, Nov. 2023.xlsx",1.7394285714285715,T-shirt
08376 T-shirt lady sort k/æ pb,Alm.slid uden restværdi,1,1173,76,30155C97D461A7C000866ED3,"PLC, Product detaljeret, Aarhus, Nov. 2023.xlsx",1.972242114236999,T-shirt
08376 T-shirt lady sort k/æ pb,Alm.slid uden restværdi,1,1172,76,30155C97D461A7C0027533AC,"PLC, Product detaljeret, Aarhus, Nov. 2023.xlsx",1.9739249146757678,T-shirt
08376 T-shirt lady sort k/æ pb,Alm.slid uden restværdi,1,1161,71,30155C97D461A7C002688913,"PLC, Product detaljeret, Aarhus, Nov. 2023.xlsx",1.8615331610680448,T-shirt
05257 T-Shirt Pro Sort K/Æ,Alm.slid uden restværdi,1,1047,44,30155C97D461A7C00295273D,"PLC, Product detaljeret, Aarhus, Nov. 2023.xlsx",1.2792359121298948,T-shirt
05257 T-Shirt Pro Sort K/Æ,Alm.slid uden restværdi,1,1039,47,30155C97D461A7C0029526F9,"PLC, Product detaljeret, Aarhus, Nov. 2023.xlsx",1.3769778633301253,T-shirt
05257 T-Shirt Pro Sort K/Æ,Alm.slid uden restværdi,1,1023,34,30155C97D461A6C0000F7B7F,"PLC, Product detaljeret, Aarhus, Nov. 2023.xlsx",1.0116911045943304,T-shirt
05257 T-Shirt Pro Sort K/Æ,Alm.slid uden restværdi,1,987,35,30155C97D461A6C00030FF78,"PLC, Product detaljeret, Aarhus, Nov. 2023.xlsx",1.0794326241134753,T-shirt
05257 T-Shirt Pro Sort K/Æ,Alm.slid uden restværdi,1,987,37,30155C97D461A6C00039E5E6,"PLC, Product detaljeret, Aarhus, Nov. 2023.xlsx",1.141114488348531,T-shirt
05257 T-Shirt Pro Sort K/Æ,Alm.slid uden restværdi,1,953,50,30155C97D461A6C00030FF90,"PLC, Product detaljeret, Aarhus, Nov. 2023.xlsx",1.597061909758657,T-shirt
05257 T-Shirt Pro Sort K/Æ,Misligholdt med restværdi,1,816,30,30155C97D461A6C000BA6980,"PLC, Product detaljeret, Aarhus, Nov. 2023.xlsx",1.1191176470588236,T-shirt
08395 T-shirt unisex sort k/æ bom,Misligholdt med restværdi,1,765,28,00D00B6F00F7,"PLC, Product detaljeret, Aarhus, Nov. 2023.xlsx",1.1141437908496734,T-shirt
06968 T-Shirt da l/æ sort bom,Udgået Model,1,764,27,30155C97D461A6C000126BE0,"PLC, Product detaljeret, Aarhus, Nov. 2023.xlsx",1.075759162303665,T-shirt
05257 T-Shirt Pro Sort K/Æ,Misligholdt med restværdi,1,759,26,30155C97D461A6C0012EBD42,"PLC, Product detaljeret, Aarhus, Nov. 2023.xlsx",1.0427404479578393,T-shirt
08395 T-shirt unisex sort k/æ bom,Misligholdt med restværdi,1,737,37,00D00B7A6618,"PLC, Product detaljeret, Aarhus, Nov. 2023.xlsx",1.5281953867028495,T-shirt
06271 T-shirt L/Æ prowear sort,Alm.slid uden restværdi,1,720,26,30155C97D461A6C0015C6154,"PLC, Product detaljeret, Aarhus, Nov. 2023.xlsx",1.099222222222222,T-shirt
06271 T-shirt L/Æ prowear sort,Alm.slid uden restværdi,1,718,26,30155C97D461A6C0015C617E,"PLC, Product detaljeret, Aarhus, Nov. 2023.xlsx",1.1022841225626743,T-shirt
06271 T-shirt L/Æ prowear sort,Udgået Model,1,665,24,30155C97D461A7C001178306,"PLC, Product detaljeret, Aarhus, Nov. 2023.xlsx",1.0985864661654137,T-shirt
05257 T-Shirt Pro Sort K/Æ,Udgået Model,1,602,21,30155C97D461A6C001585367,"PLC, Product detaljeret, Aarhus, Nov. 2023.xlsx",1.061860465116279,T-shirt
05257 T-Shirt Pro Sort K/Æ,Udgået Model,1,602,20,30155C97D461A6C0015854C6,"PLC, Product detaljeret, Aarhus, Nov. 2023.xlsx",1.011295681063123,T-shirt
05257 T-Shirt Pro Sort K/Æ,Alm.slid uden restværdi,1,576,28,30155C97D461A6C00090A86A,"PLC, Product detaljeret, Aarhus, Nov. 2023.xlsx",1.4797222222222224,T-shirt
07326 T-Shirt Herre L.Æ. Sort,Udgået Model,1,521,20,30155C97D461A7C00072C7C5,"PLC, Product detaljeret, Aarhus, Nov. 2023.xlsx",1.1685220729366603,T-shirt
07326 T-Shirt Herre L.Æ. Sort,Udgået Model,1,521,18,30155C97D461A7C00072C83A,"PLC, Product detaljeret, Aarhus, Nov. 2023.xlsx",1.0516698656429944,T-shirt
07326 T-Shirt Herre L.Æ. Sort,Udgået Model,1,521,19,30155C97D461A7C00072C856,"PLC, Product detaljeret, Aarhus, Nov. 2023.xlsx",1.1100959692898273,T-shirt
06271 T-shirt L/Æ prowear sort,Udgået Model,1,520,20,30155C97D461A7C000F02EAD,"PLC, Product detaljeret, Aarhus, Nov. 2023.xlsx",1.1707692307692308,T-shirt
05257 T-Shirt Pro Sort K/Æ,Udgået Model,1,408,17,30155C97D461A7C0013C82A4,"PLC, Product detaljeret, Aarhus, Nov. 2023.xlsx",1.2683333333333333,T-shirt
05257 T-Shirt Pro Sort K/Æ,Udgået Model,1,406,15,30155C97D461A7C0027521E9,"PLC, Product detaljeret, Aarhus, Nov. 2023.xlsx",1.1246305418719214,T-shirt
05257 T-Shirt Pro Sort K/Æ,Udgået Model,1,403,17,30155C97D461A7C0027521BC,"PLC, Product detaljeret, Aarhus, Nov. 2023.xlsx",1.2840694789081888,T-shirt
05257 T-Shirt Pro Sort K/Æ,Udgået Model,1,403,14,30155C97D461A7C00275222A,"PLC, Product detaljeret, Aarhus, Nov. 2023.xlsx",1.057468982630273,T-shirt
05257 T-Shirt Pro Sort K/Æ,Udgået Model,1,382,14,30155C97D461A6C0002F7FFA,"PLC, Product detaljeret, Aarhus, Nov. 2023.xlsx",1.1156020942408376,T-shirt
05257 T-Shirt Pro Sort K/Æ,Udgået Model,1,375,14,30155C97D461A7C002752179,"PLC, Product detaljeret, Aarhus, Nov. 2023.xlsx",1.136426666666667,T-shirt
05257 T-Shirt Pro Sort K/Æ,Udgået Model,1,375,17,30155C97D461A7C0027521F8,"PLC, Product detaljeret, Aarhus, Nov. 2023.xlsx",1.3799466666666669,T-shirt
06271 T-shirt L/Æ prowear sort,Udgået Model,1,367,20,30155C97D461A7C000B9DFF2,"PLC, Product detaljeret, Aarhus, Nov. 2023.xlsx",1.6588555858310627,T-shirt
26613 T-Shirt Acc Grå/Sort,Misligholdt med restværdi,1,360,13,30155C97D461A4C000B952F3,"PLC, Product detaljeret, Aarhus, Nov. 2023.xlsx",1.099222222222222,T-shirt
26613 T-Shirt Acc Grå/Sort,Misligholdt med restværdi,1,360,16,30155C97D461A4C000B95375,"PLC, Product detaljeret, Aarhus, Nov. 2023.xlsx",1.352888888888889,T-shirt
26613 T-Shirt Acc Grå/Sort,Misligholdt med restværdi,1,360,15,30155C97D461A4C000B953B2,"PLC, Product detaljeret, Aarhus, Nov. 2023.xlsx",1.2683333333333333,T-shirt
05257 T-Shirt Pro Sort K/Æ,Alm.slid uden restværdi,1,346,14,30155C97D461A6C0010DE0AA,"PLC, Product detaljeret, Aarhus, Nov. 2023.xlsx",1.2316763005780347,T-shirt
06271 T-shirt L/Æ prowear sort,Udgået Model,1,287,14,30155C97D461A7C000F02F8A,"PLC, Product detaljeret, Aarhus, Nov. 2023.xlsx",1.484878048780488,T-shirt
06271 T-shirt L/Æ prowear sort,Udgået Model,1,282,14,30155C97D461A6C000E2DCCE,"PLC, Product detaljeret, Aarhus, Nov. 2023.xlsx",1.5112056737588653,T-shirt
05257 T-Shirt Pro Sort K/Æ,Udgået Model,1,280,15,30155C97D461A6C00030603A,"PLC, Product detaljeret, Aarhus, Nov. 2023.xlsx",1.6307142857142858,T-shirt
05257 T-Shirt Pro Sort K/Æ,Udgået Model,1,278,11,30155C97D461A6C0005CD4E0,"PLC, Product detaljeret, Aarhus, Nov. 2023.xlsx",1.2044604316546763,T-shirt
05257 T-Shirt Pro Sort K/Æ,Udgået Model,1,278,10,30155C97D461A6C0005CD51E,"PLC, Product detaljeret, Aarhus, Nov. 2023.xlsx",1.0949640287769784,T-shirt
05257 T-Shirt Pro Sort K/Æ,Udgået Model,1,278,10,30155C97D461A6C0005CD5CE,"PLC, Product detaljeret, Aarhus, Nov. 2023.xlsx",1.0949640287769784,T-shirt
06271 T-shirt L/Æ prowear sort,Udgået Model,1,269,13,30155C97D461A6C001058ECD,"PLC, Product detaljeret, Aarhus, Nov. 2023.xlsx",1.4710780669144983,T-shirt
06271 T-shirt L/Æ prowear sort,Udgået Model,1,240,13,30155C97D461A6C000E2DCB9,"PLC, Product detaljeret, Aarhus, Nov. 2023.xlsx",1.6488333333333334,T-shirt
05257 T-Shirt Pro Sort K/Æ,Alm.slid uden restværdi,1,212,10,30155C97D461A4C000F49A31,"PLC, Product detaljeret, Aarhus, Nov. 2023.xlsx",1.4358490566037738,T-shirt
05257 T-Shirt Pro Sort K/Æ,Misligholdt med restværdi,1,210,7,30155C97D461A4C000F402C7,"PLC, Product detaljeret, Aarhus, Nov. 2023.xlsx",1.0146666666666666,T-shirt
05257 T-Shirt Pro Sort K/Æ,Udgået Model,1,149,9,30155C97D461A6C000314985,"PLC, Product detaljeret, Aarhus, Nov. 2023.xlsx",1.8386577181208055,T-shirt
05257 T-Shirt Pro Sort K/Æ,Udgået Model,1,134,6,30155C97D461A7C000BAF9CC,"PLC, Product detaljeret, Aarhus, Nov. 2023.xlsx",1.3629850746268657,T-shirt
05257 T-Shirt Pro Sort K/Æ,Udgået Model,1,134,5,30155C97D461A7C000BB0519,"PLC, Product detaljeret, Aarhus, Nov. 2023.xlsx",1.135820895522388,T-shirt
05257 T-Shirt Pro Sort K/Æ,Udgået Model,1,134,6,30155C97D461A7C000BB052C,"PLC, Product detaljeret, Aarhus, Nov. 2023.xlsx",1.3629850746268657,T-shirt
07326 T-Shirt Herre L.Æ. Sort,Udgået Model,1,112,4,30155C97D461A7C000729E77,"PLC, Product detaljeret, Aarhus, Nov. 2023.xlsx",1.0871428571428572,T-shirt
05257 T-Shirt Pro Sort K/Æ,Udgået Model,1,111,4,30155C97D461A7C001349C02,"PLC, Product detaljeret, Aarhus, Nov. 2023.xlsx",1.096936936936937,T-shirt
07326 T-Shirt Herre L.Æ. Sort,Udgået Model,1,111,5,30155C97D461A7C000B96DFB,"PLC, Product detaljeret, Aarhus, Nov. 2023.xlsx",1.3711711711711712,T-shirt
06271 T-shirt L/Æ prowear sort,Udgået Model,1,109,4,30155C97D461A7C000729E7C,"PLC, Product detaljeret, Aarhus, Nov. 2023.xlsx",1.1170642201834864,T-shirt
06968 T-Shirt da l/æ sort bom,Udgået Model,1,99,4,30155C97D461A6C000CD63B8,"PLC, Product detaljeret, Aarhus, Nov. 2023.xlsx",1.22989898989899,T-shirt
06271 T-shirt L/Æ prowear sort,Udgået Model,1,78,5,30155C97D461A7C000B9D9C1,"PLC, Product detaljeret, Aarhus, Nov. 2023.xlsx",1.9512820512820512,T-shirt
05257 T-Shirt Pro Sort K/Æ,Alm.slid uden restværdi,1,35,2,30155C97D461A4C000C09EB8,"PLC, Product detaljeret, Aarhus, Nov. 2023.xlsx",1.7394285714285715,T-shirt
05257 T-Shirt Pro Sort K/Æ,BTS fejl uden restværdi,1,29,1,30155C97D461A4C00164C4EE,"PLC, Product detaljeret, Aarhus, Nov. 2023.xlsx",1.049655172413793,T-shirt
05257 T-Shirt Pro Sort K/Æ,BTS fejl uden restværdi,1,29,1,30155C97D461A4C00164C5B3,"PLC, Product detaljeret, Aarhus, Nov. 2023.xlsx",1.049655172413793,T-shirt
05257 T-Shirt Pro Sort K/Æ,BTS fejl uden restværdi,1,29,1,30155C97D461A4C00164C5F1,"PLC, Product detaljeret, Aarhus, Nov. 2023.xlsx",1.049655172413793,T-shirt
06271 T-shirt L/Æ prowear sort,BTS fejl uden restværdi,1,29,1,30155C97D461A4C00164C531,"PLC, Product detaljeret, Aarhus, Nov. 2023.xlsx",1.049655172413793,T-shirt
06271 T-shirt L/Æ prowear sort,BTS fejl uden restværdi,1,29,1,30155C97D461A4C00164C550,"PLC, Product detaljeret, Aarhus, Nov. 2023.xlsx",1.049655172413793,T-shirt
06271 T-shirt L/Æ prowear sort,BTS fejl uden restværdi,1,29,1,30155C97D461A4C00164C565,"PLC, Product detaljeret, Aarhus, Nov. 2023.xlsx",1.049655172413793,T-shirt
06271 T-shirt L/Æ prowear sort,BTS fejl uden restværdi,1,29,1,30155C97D461A4C00164C57B,"PLC, Product detaljeret, Aarhus, Nov. 2023.xlsx",1.049655172413793,T-shirt
05257 T-Shirt Pro Sort K/Æ,Udgået Model,1,27,1,30155C97D461A7C000BB0487,"PLC, Product detaljeret, Aarhus, Nov. 2023.xlsx",1.1274074074074074,T-shirt
05257 T-Shirt Pro Sort K/Æ,Udgået Model,1,27,1,30155C97D461A7C000BB0558,"PLC, Product detaljeret, Aarhus, Nov. 2023.xlsx",1.1274074074074074,T-shirt
06271 T-shirt L/Æ prowear sort,Udgået Model,1,25,1,30155C97D461A7C0008ABC59,"PLC, Product detaljeret, Aarhus, Nov. 2023.xlsx",1.2176,T-shirt
06271 T-shirt L/Æ prowear sort,Udgået Model,1,25,1,30155C97D461A7C0008ABC5D,"PLC, Product detaljeret, Aarhus, Nov. 2023.xlsx",1.2176,T-shirt
06271 T-shirt L/Æ prowear sort,Udgået Model,1,25,1,30155C97D461A7C0008ABCCE,"PLC, Product detaljeret, Aarhus, Nov. 2023.xlsx",1.2176,T-shirt
06271 T-shirt L/Æ prowear sort,Udgået Model,1,25,1,30155C97D461A7C0008ABCE5,"PLC, Product detaljeret, Aarhus, Nov. 2023.xlsx",1.2176,T-shirt
06271 T-shirt L/Æ prowear sort,Udgået Model,1,25,1,30155C97D461A7C0008ABCF4,"PLC, Product detaljeret, Aarhus, Nov. 2023.xlsx",1.2176,T-shirt
05257 T-Shirt Pro Sort K/Æ,Alm.slid uden restværdi,1,20,1,30155C97D461A6C001A6B051,"PLC, Product detaljeret, Aarhus, Nov. 2023.xlsx",1.5220000000000002,T-shirt
05257 T-Shirt Pro Sort K/Æ,Bortkommet med restværdi,1,2796,111,00D009EF7B25,"PLC, Product detaljeret, Aarhus, Okt. 2023.xlsx",1.2084549356223175,T-shirt
05257 T-Shirt Pro Sort K/Æ,Alm.slid uden restværdi,1,2342,93,30155C97D461A7C000B60E58,"PLC, Product detaljeret, Aarhus, Okt. 2023.xlsx",1.2087617421007686,T-shirt
05257 T-Shirt Pro Sort K/Æ,Alm.slid uden restværdi,1,2290,89,30155C97D461A7C000B5AF7F,"PLC, Product detaljeret, Aarhus, Okt. 2023.xlsx",1.1830393013100438,T-shirt
05257 T-Shirt Pro Sort K/Æ,Alm.slid uden restværdi,1,2182,87,30155C97D461A7C000BA0A47,"PLC, Product detaljeret, Aarhus, Okt. 2023.xlsx",1.2136938588450963,T-shirt
05257 T-Shirt Pro Sort K/Æ,Misligholdt med restværdi,1,2058,78,30155C97D461A7C00123B184,"PLC, Product detaljeret, Aarhus, Okt. 2023.xlsx",1.1537026239067056,T-shirt
05257 T-Shirt Pro Sort K/Æ,Misligholdt med restværdi,1,2058,80,30155C97D461A7C00123B1BF,"PLC, Product detaljeret, Aarhus, Okt. 2023.xlsx",1.183284742468416,T-shirt
05257 T-Shirt Pro Sort K/Æ,Misligholdt med restværdi,1,2058,86,30155C97D461A7C00123B1D4,"PLC, Product detaljeret, Aarhus, Okt. 2023.xlsx",1.2720310981535472,T-shirt
05257 T-Shirt Pro Sort K/Æ,Misligholdt med restværdi,1,2058,71,30155C97D461A7C00123B290,"PLC, Product detaljeret, Aarhus, Okt. 2023.xlsx",1.0501652089407192,T-shirt
05257 T-Shirt Pro Sort K/Æ,Misligholdt med restværdi,1,2058,82,30155C97D461A7C00123B2AD,"PLC, Product detaljeret, Aarhus, Okt. 2023.xlsx",1.2128668610301263,T-shirt
06271 T-shirt L/Æ prowear sort,Alm.slid uden restværdi,1,1811,63,30155C97D461A7C0016626A7,"PLC, Product detaljeret, Aarhus, Okt. 2023.xlsx",1.0589287686361126,T-shirt
06271 T-shirt L/Æ prowear sort,Alm.slid uden restværdi,1,1811,63,30155C97D461A7C0016626AE,"PLC, Product detaljeret, Aarhus, Okt. 2023.xlsx",1.0589287686361126,T-shirt
05257 T-Shirt Pro Sort K/Æ,Alm.slid uden restværdi,1,1797,86,30155C97D461A7C00156AF69,"PLC, Product detaljeret, Aarhus, Okt. 2023.xlsx",1.4567835281023929,T-shirt
05257 T-Shirt Pro Sort K/Æ,Alm.slid uden restværdi,1,1747,97,30155C97D461A7C00166DFAB,"PLC, Product detaljeret, Aarhus, Okt. 2023.xlsx",1.6901431024613625,T-shirt
05257 T-Shirt Pro Sort K/Æ,Udgået Model,1,1734,58,30155C97D461A7C000B0C14E,"PLC, Product detaljeret, Aarhus, Okt. 2023.xlsx",1.0181776239907727,T-shirt
05257 T-Shirt Pro Sort K/Æ,Alm.slid uden restværdi,1,1644,79,30155C97D461A7C0016D5F06,"PLC, Product detaljeret, Aarhus, Okt. 2023.xlsx",1.4627493917274939,T-shirt
06271 T-shirt L/Æ prowear sort,Alm.slid uden restværdi,1,1505,78,30155C97D461A7C00226DD8F,"PLC, Product detaljeret, Aarhus, Okt. 2023.xlsx",1.5776212624584718,T-shirt
13854 T-shirt stretch uni sort,Alm.slid uden restværdi,1,1466,57,30155C97D461A7C00228F1C0,"PLC, Product detaljeret, Aarhus, Okt. 2023.xlsx",1.1835470668485675,T-shirt
13854 T-shirt stretch uni sort,Alm.slid uden restværdi,1,1466,70,30155C97D461A7C00228F28B,"PLC, Product detaljeret, Aarhus, Okt. 2023.xlsx",1.4534788540245567,T-shirt
13854 T-shirt stretch uni sort,Bortkommet med restværdi,1,1448,65,30155C97D461A7C002114E03,"PLC, Product detaljeret, Aarhus, Okt. 2023.xlsx",1.366436464088398,T-shirt
13854 T-shirt stretch uni sort,Alm.slid uden restværdi,1,1441,88,30155C97D461A7C002113DE9,"PLC, Product detaljeret, Aarhus, Okt. 2023.xlsx",1.8589312977099237,T-shirt
05257 T-Shirt Pro Sort K/Æ,Bortkommet med restværdi,1,1430,61,30155C97D461A7C002299CD5,"PLC, Product detaljeret, Aarhus, Okt. 2023.xlsx",1.2984895104895107,T-shirt
05257 T-Shirt Pro Sort K/Æ,Alm.slid uden restværdi,1,1411,55,30155C97D461A7C00228402C,"PLC, Product detaljeret, Aarhus, Okt. 2023.xlsx",1.1865343727852586,T-shirt
13854 T-shirt stretch uni sort,Alm.slid uden restværdi,1,1398,57,30155C97D461A7C002113E34,"PLC, Product detaljeret, Aarhus, Okt. 2023.xlsx",1.2411158798283262,T-shirt
13854 T-shirt stretch uni sort,Alm.slid uden restværdi,1,1398,63,30155C97D461A7C002113E5A,"PLC, Product detaljeret, Aarhus, Okt. 2023.xlsx",1.3717596566523607,T-shirt
13854 T-shirt stretch uni sort,Alm.slid uden restværdi,1,1398,58,30155C97D461A7C00216A3E0,"PLC, Product detaljeret, Aarhus, Okt. 2023.xlsx",1.262889842632332,T-shirt
05257 T-Shirt Pro Sort K/Æ,Alm.slid uden restværdi,1,1385,79,30155C97D461A7C002284945,"PLC, Product detaljeret, Aarhus, Okt. 2023.xlsx",1.73628880866426,T-shirt
05257 T-Shirt Pro Sort K/Æ,Alm.slid uden restværdi,1,1385,85,30155C97D461A7C002284A65,"PLC, Product detaljeret, Aarhus, Okt. 2023.xlsx",1.868158844765343,T-shirt
05257 T-Shirt Pro Sort K/Æ,Alm.slid uden restværdi,1,1383,54,30155C97D461A7C00266D932,"PLC, Product detaljeret, Aarhus, Okt. 2023.xlsx",1.1885466377440348,T-shirt
05257 T-Shirt Pro Sort K/Æ,Alm.slid uden restværdi,1,1383,59,30155C97D461A7C00266D93A,"PLC, Product detaljeret, Aarhus, Okt. 2023.xlsx",1.298597252349964,T-shirt
05257 T-Shirt Pro Sort K/Æ,Alm.slid uden restværdi,1,1383,69,30155C97D461A7C00266DA61,"PLC, Product detaljeret, Aarhus, Okt. 2023.xlsx",1.5186984815618223,T-shirt
05257 T-Shirt Pro Sort K/Æ,Alm.slid uden restværdi,1,1383,64,30155C97D461A7C00266DAC4,"PLC, Product detaljeret, Aarhus, Okt. 2023.xlsx",1.408647866955893,T-shirt
05257 T-Shirt Pro Sort K/Æ,Alm.slid uden restværdi,1,1383,49,30155C97D461A7C00266DAC5,"PLC, Product detaljeret, Aarhus, Okt. 2023.xlsx",1.0784960231381056,T-shirt
05257 T-Shirt Pro Sort K/Æ,Alm.slid uden restværdi,1,1320,63,30155C97D461A7C00217099C,"PLC, Product detaljeret, Aarhus, Okt. 2023.xlsx",1.452818181818182,T-shirt
05257 T-Shirt Pro Sort K/Æ,Alm.slid uden restværdi,1,1320,75,30155C97D461A7C0023B7A47,"PLC, Product detaljeret, Aarhus, Okt. 2023.xlsx",1.7295454545454545,T-shirt
05257 T-Shirt Pro Sort K/Æ,Alm.slid uden restværdi,1,1320,46,30155C97D461A7C0023B7A4C,"PLC, Product detaljeret, Aarhus, Okt. 2023.xlsx",1.0607878787878788,T-shirt
05257 T-Shirt Pro Sort K/Æ,Alm.slid uden restværdi,1,1320,76,30155C97D461A7C0023B7A72,"PLC, Product detaljeret, Aarhus, Okt. 2023.xlsx",1.7526060606060607,T-shirt
05257 T-Shirt Pro Sort K/Æ,Alm.slid uden restværdi,1,1320,50,30155C97D461A7C0023B7B11,"PLC, Product detaljeret, Aarhus, Okt. 2023.xlsx",1.153030303030303,T-shirt
05257 T-Shirt Pro Sort K/Æ,Alm.slid uden restværdi,1,1317,73,30155C97D461A7C0021709E6,"PLC, Product detaljeret, Aarhus, Okt. 2023.xlsx",1.6872589217919516,T-shirt
05257 T-Shirt Pro Sort K/Æ,Alm.slid uden restværdi,1,1317,63,30155C97D461A7C002170A31,"PLC, Product detaljeret, Aarhus, Okt. 2023.xlsx",1.456127562642369,T-shirt
05257 T-Shirt Pro Sort K/Æ,Bortkommet med restværdi,1,1303,54,30155C97D461A7C002769699,"PLC, Product detaljeret, Aarhus, Okt. 2023.xlsx",1.2615195702225632,T-shirt
05257 T-Shirt Pro Sort K/Æ,Alm.slid uden restværdi,1,1296,68,30155C97D461A7C0021709F8,"PLC, Product detaljeret, Aarhus, Okt. 2023.xlsx",1.5971604938271604,T-shirt
05257 T-Shirt Pro Sort K/Æ,Alm.slid uden restværdi,1,1296,59,30155C97D461A7C0023B7A9D,"PLC, Product detaljeret, Aarhus, Okt. 2023.xlsx",1.3857716049382718,T-shirt
05257 T-Shirt Pro Sort K/Æ,Alm.slid uden restværdi,1,1291,70,30155C97D461A7C0023BA3E4,"PLC, Product detaljeret, Aarhus, Okt. 2023.xlsx",1.6505034856700234,T-shirt
05257 T-Shirt Pro Sort K/Æ,Misligholdt med restværdi,1,1289,44,30155C97D461A7C00217466C,"PLC, Product detaljeret, Aarhus, Okt. 2023.xlsx",1.0390690457719163,T-shirt
05257 T-Shirt Pro Sort K/Æ,Misligholdt med restværdi,1,1289,60,30155C97D461A7C002174698,"PLC, Product detaljeret, Aarhus, Okt. 2023.xlsx",1.416912335143522,T-shirt
05257 T-Shirt Pro Sort K/Æ,Misligholdt med restværdi,1,1289,62,30155C97D461A7C002174700,"PLC, Product detaljeret, Aarhus, Okt. 2023.xlsx",1.464142746314973,T-shirt
05257 T-Shirt Pro Sort K/Æ,Misligholdt med restværdi,1,1289,63,30155C97D461A7C002174719,"PLC, Product detaljeret, Aarhus, Okt. 2023.xlsx",1.4877579519006983,T-shirt
05257 T-Shirt Pro Sort K/Æ,Misligholdt med restværdi,1,1289,47,30155C97D461A7C002174798,"PLC, Product detaljeret, Aarhus, Okt. 2023.xlsx",1.1099146625290923,T-shirt
05257 T-Shirt Pro Sort K/Æ,Misligholdt med restværdi,1,1289,50,30155C97D461A7C0021747FB,"PLC, Product detaljeret, Aarhus, Okt. 2023.xlsx",1.1807602792862684,T-shirt
05257 T-Shirt Pro Sort K/Æ,Misligholdt med restværdi,1,1289,48,30155C97D461A7C0021747FD,"PLC, Product detaljeret, Aarhus, Okt. 2023.xlsx",1.1335298681148178,T-shirt
05257 T-Shirt Pro Sort K/Æ,Misligholdt med restværdi,1,1289,51,30155C97D461A7C0021775FB,"PLC, Product detaljeret, Aarhus, Okt. 2023.xlsx",1.2043754848719939,T-shirt
05257 T-Shirt Pro Sort K/Æ,Misligholdt med restværdi,1,1289,57,30155C97D461A7C00217765E,"PLC, Product detaljeret, Aarhus, Okt. 2023.xlsx",1.346066718386346,T-shirt
05257 T-Shirt Pro Sort K/Æ,Misligholdt med restværdi,1,1289,44,30155C97D461A7C00217766C,"PLC, Product detaljeret, Aarhus, Okt. 2023.xlsx",1.0390690457719163,T-shirt
05257 T-Shirt Pro Sort K/Æ,Alm.slid uden restværdi,1,1282,63,30155C97D461A7C0023BC015,"PLC, Product detaljeret, Aarhus, Okt. 2023.xlsx",1.4958814352574104,T-shirt
05257 T-Shirt Pro Sort K/Æ,Alm.slid uden restværdi,1,1282,64,30155C97D461A7C0023BC021,"PLC, Product detaljeret, Aarhus, Okt. 2023.xlsx",1.519625585023401,T-shirt
05257 T-Shirt Pro Sort K/Æ,Alm.slid uden restværdi,1,1282,45,30155C97D461A7C0023BC0B7,"PLC, Product detaljeret, Aarhus, Okt. 2023.xlsx",1.0684867394695787,T-shirt
05257 T-Shirt Pro Sort K/Æ,Alm.slid uden restværdi,1,1282,55,30155C97D461A7C0023BC0D5,"PLC, Product detaljeret, Aarhus, Okt. 2023.xlsx",1.3059282371294851,T-shirt
05257 T-Shirt Pro Sort K/Æ,Alm.slid uden restværdi,1,1282,67,30155C97D461A7C0023BC186,"PLC, Product detaljeret, Aarhus, Okt. 2023.xlsx",1.590858034321373,T-shirt
05257 T-Shirt Pro Sort K/Æ,Alm.slid uden restværdi,1,1282,45,30155C97D461A7C0023BEB20,"PLC, Product detaljeret, Aarhus, Okt. 2023.xlsx",1.0684867394695787,T-shirt
06271 T-shirt L/Æ prowear sort,Bortkommet med restværdi,1,1231,66,30155C97D461A7C0023C5444,"PLC, Product detaljeret, Aarhus, Okt. 2023.xlsx",1.632038992688871,T-shirt
05257 T-Shirt Pro Sort K/Æ,Alm.slid uden restværdi,1,1219,63,30155C97D461A7C0024444D7,"PLC, Product detaljeret, Aarhus, Okt. 2023.xlsx",1.5731911402789174,T-shirt
05257 T-Shirt Pro Sort K/Æ,Alm.slid uden restværdi,1,1195,41,30155C97D461A7C00294C3E1,"PLC, Product detaljeret, Aarhus, Okt. 2023.xlsx",1.0443849372384937,T-shirt
05257 T-Shirt Pro Sort K/Æ,Bortkommet med restværdi,1,1116,40,30155C97D461A7C0027CA956,"PLC, Product detaljeret, Aarhus, Okt. 2023.xlsx",1.0910394265232974,T-shirt
05257 T-Shirt Pro Sort K/Æ,Bortkommet med restværdi,1,1106,37,30155C97D461A7C00294B818,"PLC, Product detaljeret, Aarhus, Okt. 2023.xlsx",1.0183363471971068,T-shirt
05257 T-Shirt Pro Sort K/Æ,Udgået Model,1,1082,47,30155C97D461A6C0000F1232,"PLC, Product detaljeret, Aarhus, Okt. 2023.xlsx",1.3222550831792976,T-shirt
05257 T-Shirt Pro Sort K/Æ,Udgået Model,1,1044,36,300ED89F33500060009DD920,"PLC, Product detaljeret, Aarhus, Okt. 2023.xlsx",1.049655172413793,T-shirt
05257 T-Shirt Pro Sort K/Æ,Udgået Model,1,1044,41,300ED89F33500060009DDA3C,"PLC, Product detaljeret, Aarhus, Okt. 2023.xlsx",1.19544061302682,T-shirt
05257 T-Shirt Pro Sort K/Æ,Alm.slid uden restværdi,1,1022,37,30155C97D461A6C0000F7BC1,"PLC, Product detaljeret, Aarhus, Okt. 2023.xlsx",1.1020352250489236,T-shirt
05257 T-Shirt Pro Sort K/Æ,Alm.slid uden restværdi,1,1015,44,30155C97D461A6C0000F7B7A,"PLC, Product detaljeret, Aarhus, Okt. 2023.xlsx",1.3195665024630543,T-shirt
05257 T-Shirt Pro Sort K/Æ,Alm.slid uden restværdi,1,955,45,30155C97D461A6C00039E6E7,"PLC, Product detaljeret, Aarhus, Okt. 2023.xlsx",1.43434554973822,T-shirt
05257 T-Shirt Pro Sort K/Æ,BTS fejl uden restværdi,1,814,36,30155C97D461A6C000B1C5EC,"PLC, Product detaljeret, Aarhus, Okt. 2023.xlsx",1.3462407862407861,T-shirt
05257 T-Shirt Pro Sort K/Æ,Alm.slid uden restværdi,1,802,29,30155C97D461A6C000B17FEA,"PLC, Product detaljeret, Aarhus, Okt. 2023.xlsx",1.10069825436409,T-shirt
05257 T-Shirt Pro Sort K/Æ,Alm.slid uden restværdi,1,730,44,30155C97D461A6C0005CD5CB,"PLC, Product detaljeret, Aarhus, Okt. 2023.xlsx",1.8347397260273974,T-shirt
05257 T-Shirt Pro Sort K/Æ,Alm.slid uden restværdi,1,730,42,30155C97D461A6C000BA41D7,"PLC, Product detaljeret, Aarhus, Okt. 2023.xlsx",1.7513424657534247,T-shirt
05257 T-Shirt Pro Sort K/Æ,Alm.slid uden restværdi,1,728,39,30155C97D461A6C0005CD576,"PLC, Product detaljeret, Aarhus, Okt. 2023.xlsx",1.6307142857142858,T-shirt
05257 T-Shirt Pro Sort K/Æ,Alm.slid uden restværdi,1,720,39,30155C97D461A6C0012B7414,"PLC, Product detaljeret, Aarhus, Okt. 2023.xlsx",1.6488333333333334,T-shirt
13854 T-shirt stretch uni sort,Alm.slid uden restværdi,1,637,34,30155C97D461A7C002113E7D,"PLC, Product detaljeret, Aarhus, Okt. 2023.xlsx",1.624740973312402,T-shirt
05257 T-Shirt Pro Sort K/Æ,Udgået Model,1,596,32,300ED89F3350004000A9E7AA,"PLC, Product detaljeret, Aarhus, Okt. 2023.xlsx",1.6343624161073826,T-shirt
05257 T-Shirt Pro Sort K/Æ,Udgået Model,1,596,28,300ED89F3350004000A9E95B,"PLC, Product detaljeret, Aarhus, Okt. 2023.xlsx",1.4300671140939598,T-shirt
05257 T-Shirt Pro Sort K/Æ,Udgået Model,1,596,29,300ED89F33500060001E89A6,"PLC, Product detaljeret, Aarhus, Okt. 2023.xlsx",1.4811409395973154,T-shirt
05257 T-Shirt Pro Sort K/Æ,Udgået Model,1,596,36,300ED89F33500060001E89AE,"PLC, Product detaljeret, Aarhus, Okt. 2023.xlsx",1.8386577181208055,T-shirt
05257 T-Shirt Pro Sort K/Æ,Alm.slid uden restværdi,1,584,26,30155C97D461A6C0008CE5F3,"PLC, Product detaljeret, Aarhus, Okt. 2023.xlsx",1.3552054794520547,T-shirt
08395 T-shirt unisex sort k/æ bom,Misligholdt med restværdi,1,476,18,30155C97D461A6C000BAC711,"PLC, Product detaljeret, Aarhus, Okt. 2023.xlsx",1.15109243697479,T-shirt
05257 T-Shirt Pro Sort K/Æ,Alm.slid uden restværdi,1,473,17,30155C97D461A6C000722F4F,"PLC, Product detaljeret, Aarhus, Okt. 2023.xlsx",1.0940380549682875,T-shirt
05257 T-Shirt Pro Sort K/Æ,Alm.slid uden restværdi,1,473,17,30155C97D461A6C000722FE7,"PLC, Product detaljeret, Aarhus, Okt. 2023.xlsx",1.0940380549682875,T-shirt
08395 T-shirt unisex sort k/æ bom,Alm.slid uden restværdi,1,469,20,30155C97D461A6C000BAC758,"PLC, Product detaljeret, Aarhus, Okt. 2023.xlsx",1.2980810234541578,T-shirt
08395 T-shirt unisex sort k/æ bom,Misligholdt med restværdi,1,468,22,30155C97D461A6C0010D4A85,"PLC, Product detaljeret, Aarhus, Okt. 2023.xlsx",1.430940170940171,T-shirt
08395 T-shirt unisex sort k/æ bom,Misligholdt med restværdi,1,468,19,30155C97D461A6C0010D4C06,"PLC, Product detaljeret, Aarhus, Okt. 2023.xlsx",1.235811965811966,T-shirt
13854 T-shirt stretch uni sort,Alm.slid uden restværdi,1,466,26,30155C97D461A7C0022688F9,"PLC, Product detaljeret, Aarhus, Okt. 2023.xlsx",1.6983690987124465,T-shirt
13854 T-shirt stretch uni sort,Alm.slid uden restværdi,1,465,29,30155C97D461A7C002113FAA,"PLC, Product detaljeret, Aarhus, Okt. 2023.xlsx",1.8984086021505375,T-shirt
13854 T-shirt stretch uni sort,Alm.slid uden restværdi,1,465,25,30155C97D461A7C00216A23A,"PLC, Product detaljeret, Aarhus, Okt. 2023.xlsx",1.6365591397849464,T-shirt
08395 T-shirt unisex sort k/æ bom,Misligholdt med restværdi,1,460,17,30155C97D461A6C000BAC764,"PLC, Product detaljeret, Aarhus, Okt. 2023.xlsx",1.1249565217391306,T-shirt
08395 T-shirt unisex sort k/æ bom,Misligholdt med restværdi,1,460,16,30155C97D461A6C000BAC76E,"PLC, Product detaljeret, Aarhus, Okt. 2023.xlsx",1.0587826086956522,T-shirt
08395 T-shirt unisex sort k/æ bom,Misligholdt med restværdi,1,459,18,30155C97D461A6C0010D4A72,"PLC, Product detaljeret, Aarhus, Okt. 2023.xlsx",1.1937254901960785,T-shirt
05257 T-Shirt Pro Sort K/Æ,Alm.slid uden restværdi,1,440,16,30155C97D461A6C000722EB3,"PLC, Product detaljeret, Aarhus, Okt. 2023.xlsx",1.1069090909090908,T-shirt
05257 T-Shirt Pro Sort K/Æ,Alm.slid uden restværdi,1,428,16,30155C97D461A6C0000F7B9F,"PLC, Product detaljeret, Aarhus, Okt. 2023.xlsx",1.1379439252336447,T-shirt
05257 T-Shirt Pro Sort K/Æ,Alm.slid uden restværdi,1,406,15,30155C97D461A6C000722EF6,"PLC, Product detaljeret, Aarhus, Okt. 2023.xlsx",1.1246305418719214,T-shirt
05257 T-Shirt Pro Sort K/Æ,Udgået Model,1,344,17,300ED89F3350004000A9E8F9,"PLC, Product detaljeret, Aarhus, Okt. 2023.xlsx",1.5043023255813954,T-shirt
05257 T-Shirt Pro Sort K/Æ,Udgået Model,1,344,15,300ED89F3350004000A9E931,"PLC, Product detaljeret, Aarhus, Okt. 2023.xlsx",1.3273255813953488,T-shirt
05257 T-Shirt Pro Sort K/Æ,Misligholdt med restværdi,1,336,13,30155C97D461A6C0018FA85D,"PLC, Product detaljeret, Aarhus, Okt. 2023.xlsx",1.1777380952380954,T-shirt
05257 T-Shirt Pro Sort K/Æ,Alm.slid uden restværdi,1,335,21,30155C97D461A6C0018F99CA,"PLC, Product detaljeret, Aarhus, Okt. 2023.xlsx",1.908179104477612,T-shirt
05257 T-Shirt Pro Sort K/Æ,BTS fejl uden restværdi,1,335,19,30155C97D461A6C0018F9A79,"PLC, Product detaljeret, Aarhus, Okt. 2023.xlsx",1.72644776119403,T-shirt
05257 T-Shirt Pro Sort K/Æ,Alm.slid uden restværdi,1,327,11,30155C97D461A6C000EAA0F8,"PLC, Product detaljeret, Aarhus, Okt. 2023.xlsx",1.0239755351681956,T-shirt
05257 T-Shirt Pro Sort K/Æ,Alm.slid uden restværdi,1,259,10,30155C97D461A6C000EAA119,"PLC, Product detaljeret, Aarhus, Okt. 2023.xlsx",1.1752895752895753,T-shirt
13854 T-shirt stretch uni sort,Alm.slid uden restværdi,1,194,11,30155C97D461A4C000F4A9F3,"PLC, Product detaljeret, Aarhus, Okt. 2023.xlsx",1.725979381443299,T-shirt
13854 T-shirt stretch uni sort,Alm.slid uden restværdi,1,187,11,30155C97D461A4C000F4AA38,"PLC, Product detaljeret, Aarhus, Okt. 2023.xlsx",1.7905882352941176,T-shirt
13854 T-shirt stretch uni sort,Alm.slid uden restværdi,1,187,7,30155C97D461A4C000F4AA94,"PLC, Product detaljeret, Aarhus, Okt. 2023.xlsx",1.1394652406417112,T-shirt
05257 T-Shirt Pro Sort K/Æ,Alm.slid uden restværdi,1,159,7,30155C97D461A4C000F40314,"PLC, Product detaljeret, Aarhus, Okt. 2023.xlsx",1.340125786163522,T-shirt
05257 T-Shirt Pro Sort K/Æ,Alm.slid uden restværdi,1,159,9,30155C97D461A4C000F40337,"PLC, Product detaljeret, Aarhus, Okt. 2023.xlsx",1.7230188679245284,T-shirt
05257 T-Shirt Pro Sort K/Æ,Alm.slid uden restværdi,1,159,7,30155C97D461A4C000F40378,"PLC, Product detaljeret, Aarhus, Okt. 2023.xlsx",1.340125786163522,T-shirt
05257 T-Shirt Pro Sort K/Æ,Alm.slid uden restværdi,1,159,10,30155C97D461A4C000F40394,"PLC, Product detaljeret, Aarhus, Okt. 2023.xlsx",1.9144654088050315,T-shirt
05257 T-Shirt Pro Sort K/Æ,Alm.slid uden restværdi,1,159,9,30155C97D461A4C000F40499,"PLC, Product detaljeret, Aarhus, Okt. 2023.xlsx",1.7230188679245284,T-shirt
05257 T-Shirt Pro Sort K/Æ,Misligholdt med restværdi,1,159,7,30155C97D461A4C000F4032C,"PLC, Product detaljeret, Aarhus, Okt. 2023.xlsx",1.340125786163522,T-shirt
05257 T-Shirt Pro Sort K/Æ,Misligholdt med restværdi,1,159,7,30155C97D461A4C000F40464,"PLC, Product detaljeret, Aarhus, Okt. 2023.xlsx",1.340125786163522,T-shirt
05257 T-Shirt Pro Sort K/Æ,Misligholdt med restværdi,1,159,7,30155C97D461A4C000F404AA,"PLC, Product detaljeret, Aarhus, Okt. 2023.xlsx",1.340125786163522,T-shirt
05257 T-Shirt Pro Sort K/Æ,Bortkommet med restværdi,1,98,4,30155C97D461A4C000C06CE5,"PLC, Product detaljeret, Aarhus, Okt. 2023.xlsx",1.2424489795918368,T-shirt
05257 T-Shirt Pro Sort K/Æ,Bortkommet med restværdi,1,98,4,30155C97D461A4C000C06E0D,"PLC, Product detaljeret, Aarhus, Okt. 2023.xlsx",1.2424489795918368,T-shirt
05257 T-Shirt Pro Sort K/Æ,Bortkommet med restværdi,1,98,4,30155C97D461A4C000C06E1A,"PLC, Product detaljeret, Aarhus, Okt. 2023.xlsx",1.2424489795918368,T-shirt
05257 T-Shirt Pro Sort K/Æ,BTS fejl uden restværdi,1,89,3,30155C97D461A4C0010E8C79,"PLC, Product detaljeret, Aarhus, Okt. 2023.xlsx",1.026067415730337,T-shirt
05257 T-Shirt Pro Sort K/Æ,BTS fejl uden restværdi,1,89,4,30155C97D461A4C0010E8C94,"PLC, Product detaljeret, Aarhus, Okt. 2023.xlsx",1.3680898876404495,T-shirt
05257 T-Shirt Pro Sort K/Æ,Misligholdt med restværdi,1,81,4,30155C97D461A4C000C06D4F,"PLC, Product detaljeret, Aarhus, Okt. 2023.xlsx",1.5032098765432098,T-shirt
05257 T-Shirt Pro Sort K/Æ,Misligholdt med restværdi,1,81,5,30155C97D461A4C000C06DFF,"PLC, Product detaljeret, Aarhus, Okt. 2023.xlsx",1.8790123456790124,T-shirt
05257 T-Shirt Pro Sort K/Æ,BTS fejl uden restværdi,1,73,3,30155C97D461A4C000D7C5E9,"PLC, Product detaljeret, Aarhus, Okt. 2023.xlsx",1.250958904109589,T-shirt
05257 T-Shirt Pro Sort K/Æ,BTS fejl uden restværdi,1,73,3,30155C97D461A4C000D7CEAB,"PLC, Product detaljeret, Aarhus, Okt. 2023.xlsx",1.250958904109589,T-shirt
24120 T-shirt l/æ Flamestat sort,Misligholdt med restværdi,1,66,3,30155C97D461A6C001879DDE,"PLC, Product detaljeret, Aarhus, Okt. 2023.xlsx",1.3836363636363638,T-shirt
05257 T-Shirt Pro Sort K/Æ,Udgået Model,1,55,2,30155C97D461A7C0027CC5A6,"PLC, Product detaljeret, Aarhus, Okt. 2023.xlsx",1.1069090909090908,T-shirt
05257 T-Shirt Pro Sort K/Æ,BTS fejl uden restværdi,1,53,2,30155C97D461A4C001102398,"PLC, Product detaljeret, Aarhus, Okt. 2023.xlsx",1.1486792452830188,T-shirt
08376 T-shirt lady sort k/æ pb,Alm.slid uden restværdi,1,2918,101,00D009C18ED9,"PLC, Product detaljeret, Aarhus, Sep. 2023.xlsx",1.0536120630568884,T-shirt
08376 T-shirt lady sort k/æ pb,Alm.slid uden restværdi,1,2905,102,00D009C16EFA,"PLC, Product detaljeret, Aarhus, Sep. 2023.xlsx",1.0688055077452667,T-shirt
05257 T-Shirt Pro Sort K/Æ,Udgået Model,1,2888,129,00D009C25CD8,"PLC, Product detaljeret, Aarhus, Sep. 2023.xlsx",1.3596814404432132,T-shirt
05257 T-Shirt Pro Sort K/Æ,Alm.slid uden restværdi,1,2777,121,00D00A43B104,"PLC, Product detaljeret, Aarhus, Sep. 2023.xlsx",1.3263377745768814,T-shirt
05257 T-Shirt Pro Sort K/Æ,Alm.slid uden restværdi,1,2734,93,30155C97D461A7C00031B7B8,"PLC, Product detaljeret, Aarhus, Sep. 2023.xlsx",1.0354498902706657,T-shirt
05257 T-Shirt Pro Sort K/Æ,"Kass. af RETUR,MINIMU,afmeld",1,2711,97,30155C97D461A7C0002EABA3,"PLC, Product detaljeret, Aarhus, Sep. 2023.xlsx",1.0891479158981927,T-shirt
05257 T-Shirt Pro Sort K/Æ,Alm.slid uden restværdi,1,2340,101,30155C97D461A7C000B60E4F,"PLC, Product detaljeret, Aarhus, Sep. 2023.xlsx",1.313863247863248,T-shirt
05257 T-Shirt Pro Sort K/Æ,Alm.slid uden restværdi,1,2340,97,30155C97D461A7C000B60E5A,"PLC, Product detaljeret, Aarhus, Sep. 2023.xlsx",1.2618290598290598,T-shirt
05257 T-Shirt Pro Sort K/Æ,Alm.slid uden restværdi,1,2340,96,30155C97D461A7C000B60EAC,"PLC, Product detaljeret, Aarhus, Sep. 2023.xlsx",1.2488205128205128,T-shirt
05257 T-Shirt Pro Sort K/Æ,Alm.slid uden restværdi,1,2288,86,30155C97D461A7C000B5B046,"PLC, Product detaljeret, Aarhus, Sep. 2023.xlsx",1.144160839160839,T-shirt
05257 T-Shirt Pro Sort K/Æ,Alm.slid uden restværdi,1,2224,92,30155C97D461A7C000D2D293,"PLC, Product detaljeret, Aarhus, Sep. 2023.xlsx",1.2592086330935253,T-shirt
05257 T-Shirt Pro Sort K/Æ,Alm.slid uden restværdi,1,2224,99,30155C97D461A7C000D2D2C1,"PLC, Product detaljeret, Aarhus, Sep. 2023.xlsx",1.3550179856115108,T-shirt
05257 T-Shirt Pro Sort K/Æ,Alm.slid uden restværdi,1,2224,95,30155C97D461A7C000D2D363,"PLC, Product detaljeret, Aarhus, Sep. 2023.xlsx",1.3002697841726618,T-shirt
05257 T-Shirt Pro Sort K/Æ,Alm.slid uden restværdi,1,2180,84,30155C97D461A7C000BA0989,"PLC, Product detaljeret, Aarhus, Sep. 2023.xlsx",1.1729174311926607,T-shirt
05257 T-Shirt Pro Sort K/Æ,Alm.slid uden restværdi,1,2180,84,30155C97D461A7C000BA09DB,"PLC, Product detaljeret, Aarhus, Sep. 2023.xlsx",1.1729174311926607,T-shirt
05257 T-Shirt Pro Sort K/Æ,Alm.slid uden restværdi,1,2180,76,30155C97D461A7C000BA0A96,"PLC, Product detaljeret, Aarhus, Sep. 2023.xlsx",1.061211009174312,T-shirt
05257 T-Shirt Pro Sort K/Æ,Alm.slid uden restværdi,1,2180,87,30155C97D461A7C000BA0ACE,"PLC, Product detaljeret, Aarhus, Sep. 2023.xlsx",1.2148073394495413,T-shirt
05257 T-Shirt Pro Sort K/Æ,Alm.slid uden restværdi,1,2180,74,30155C97D461A7C000BA0B2B,"PLC, Product detaljeret, Aarhus, Sep. 2023.xlsx",1.0332844036697248,T-shirt
05257 T-Shirt Pro Sort K/Æ,Alm.slid uden restværdi,1,2180,86,30155C97D461A7C000BA0B48,"PLC, Product detaljeret, Aarhus, Sep. 2023.xlsx",1.200844036697248,T-shirt
05257 T-Shirt Pro Sort K/Æ,Alm.slid uden restværdi,1,2180,81,30155C97D461A7C000BA0AAF,"PLC, Product detaljeret, Aarhus, Sep. 2023.xlsx",1.13102752293578,T-shirt
05257 T-Shirt Pro Sort K/Æ,Alm.slid uden restværdi,1,2095,74,30155C97D461A7C0011782E5,"PLC, Product detaljeret, Aarhus, Sep. 2023.xlsx",1.0752076372315036,T-shirt
08376 T-shirt lady sort k/æ pb,Alm.slid uden restværdi,1,1963,91,30155C97D461A7C000D710BF,"PLC, Product detaljeret, Aarhus, Sep. 2023.xlsx",1.4111258278145695,T-shirt
05257 T-Shirt Pro Sort K/Æ,Udgået Model,1,1924,92,30155C97D461A7C00134A224,"PLC, Product detaljeret, Aarhus, Sep. 2023.xlsx",1.4555509355509357,T-shirt
05257 T-Shirt Pro Sort K/Æ,Alm.slid uden restværdi,1,1835,77,30155C97D461A7C001566F49,"PLC, Product detaljeret, Aarhus, Sep. 2023.xlsx",1.2773188010899184,T-shirt
05257 T-Shirt Pro Sort K/Æ,Alm.slid uden restværdi,1,1830,77,30155C97D461A7C001566E16,"PLC, Product detaljeret, Aarhus, Sep. 2023.xlsx",1.2808087431693989,T-shirt
05257 T-Shirt Pro Sort K/Æ,Alm.slid uden restværdi,1,1830,70,30155C97D461A7C001566FE8,"PLC, Product detaljeret, Aarhus, Sep. 2023.xlsx",1.1643715846994536,T-shirt
06271 T-shirt L/Æ prowear sort,Alm.slid uden restværdi,1,1809,75,30155C97D461A7C00166261A,"PLC, Product detaljeret, Aarhus, Sep. 2023.xlsx",1.2620232172470978,T-shirt
06271 T-shirt L/Æ prowear sort,Alm.slid uden restværdi,1,1556,67,30155C97D461A7C0021235DE,"PLC, Product detaljeret, Aarhus, Sep. 2023.xlsx",1.310719794344473,T-shirt
13854 T-shirt stretch uni sort,Alm.slid uden restværdi,1,1423,88,30155C97D461A7C002113DF2,"PLC, Product detaljeret, Aarhus, Sep. 2023.xlsx",1.882445537596627,T-shirt
13854 T-shirt stretch uni sort,Bortkommet med restværdi,1,1405,84,30155C97D461A7C002114C01,"PLC, Product detaljeret, Aarhus, Sep. 2023.xlsx",1.8199003558718863,T-shirt
13854 T-shirt stretch uni sort,Bortkommet med restværdi,1,1405,78,30155C97D461A7C002114CB6,"PLC, Product detaljeret, Aarhus, Sep. 2023.xlsx",1.6899074733096087,T-shirt
13854 T-shirt stretch uni sort,Bortkommet med restværdi,1,1405,91,30155C97D461A7C002114D62,"PLC, Product detaljeret, Aarhus, Sep. 2023.xlsx",1.97155871886121,T-shirt
13854 T-shirt stretch uni sort,Alm.slid uden restværdi,1,1400,64,30155C97D461A7C002114DF1,"PLC, Product detaljeret, Aarhus, Sep. 2023.xlsx",1.3915428571428572,T-shirt
13854 T-shirt stretch uni sort,Alm.slid uden restværdi,1,1400,58,30155C97D461A7C002114EFD,"PLC, Product detaljeret, Aarhus, Sep. 2023.xlsx",1.2610857142857141,T-shirt
05257 T-Shirt Pro Sort K/Æ,Alm.slid uden restværdi,1,1398,50,30155C97D461A7C0022955E7,"PLC, Product detaljeret, Aarhus, Sep. 2023.xlsx",1.0886981402002862,T-shirt
05257 T-Shirt Pro Sort K/Æ,Alm.slid uden restværdi,1,1389,55,30155C97D461A7C002299CB9,"PLC, Product detaljeret, Aarhus, Sep. 2023.xlsx",1.2053275737940965,T-shirt
05257 T-Shirt Pro Sort K/Æ,Udgået Model,1,1368,78,30155C97D461A7C002283FEC,"PLC, Product detaljeret, Aarhus, Sep. 2023.xlsx",1.7356140350877192,T-shirt
05257 T-Shirt Pro Sort K/Æ,Udgået Model,1,1360,75,30155C97D461A7C00228407D,"PLC, Product detaljeret, Aarhus, Sep. 2023.xlsx",1.6786764705882353,T-shirt
05257 T-Shirt Pro Sort K/Æ,Alm.slid uden restværdi,1,1356,87,30155C97D461A7C002283FF6,"PLC, Product detaljeret, Aarhus, Sep. 2023.xlsx",1.9530088495575222,T-shirt
06271 T-shirt L/Æ prowear sort,Udgået Model,1,1197,65,30155C97D461A7C0023C5407,"PLC, Product detaljeret, Aarhus, Sep. 2023.xlsx",1.6529657477025899,T-shirt
06271 T-shirt L/Æ prowear sort,Udgået Model,1,1164,49,30155C97D461A7C0022FB153,"PLC, Product detaljeret, Aarhus, Sep. 2023.xlsx",1.2814089347079038,T-shirt
05257 T-Shirt Pro Sort K/Æ,Alm.slid uden restværdi,1,1151,70,30155C97D461A7C0028C46D7,"PLC, Product detaljeret, Aarhus, Sep. 2023.xlsx",1.85125977410947,T-shirt
05257 T-Shirt Pro Sort K/Æ,Udgået Model,1,1151,57,30155C97D461A7C0028C46F2,"PLC, Product detaljeret, Aarhus, Sep. 2023.xlsx",1.50745438748914,T-shirt
05257 T-Shirt Pro Sort K/Æ,Udgået Model,1,1151,57,30155C97D461A7C0028C473C,"PLC, Product detaljeret, Aarhus, Sep. 2023.xlsx",1.50745438748914,T-shirt
06271 T-shirt L/Æ prowear sort,Alm.slid uden restværdi,1,1151,59,30155C97D461A7C0022FB152,"PLC, Product detaljeret, Aarhus, Sep. 2023.xlsx",1.5603475238922675,T-shirt
06271 T-shirt L/Æ prowear sort,Udgået Model,1,1151,69,30155C97D461A7C0022FB14F,"PLC, Product detaljeret, Aarhus, Sep. 2023.xlsx",1.8248132059079063,T-shirt
05257 T-Shirt Pro Sort K/Æ,Alm.slid uden restværdi,1,1119,55,30155C97D461A7C002695E7E,"PLC, Product detaljeret, Aarhus, Sep. 2023.xlsx",1.4961572832886507,T-shirt
05257 T-Shirt Pro Sort K/Æ,Alm.slid uden restværdi,1,1119,38,30155C97D461A7C002695E87,"PLC, Product detaljeret, Aarhus, Sep. 2023.xlsx",1.0337086684539767,T-shirt
05257 T-Shirt Pro Sort K/Æ,Alm.slid uden restværdi,1,1119,41,30155C97D461A7C002695EB1,"PLC, Product detaljeret, Aarhus, Sep. 2023.xlsx",1.1153172475424487,T-shirt
05257 T-Shirt Pro Sort K/Æ,Alm.slid uden restværdi,1,1119,38,30155C97D461A7C002695EDC,"PLC, Product detaljeret, Aarhus, Sep. 2023.xlsx",1.0337086684539767,T-shirt
05257 T-Shirt Pro Sort K/Æ,Alm.slid uden restværdi,1,1119,51,30155C97D461A7C002695F5E,"PLC, Product detaljeret, Aarhus, Sep. 2023.xlsx",1.3873458445040217,T-shirt
05257 T-Shirt Pro Sort K/Æ,Alm.slid uden restværdi,1,1119,43,30155C97D461A7C002695FAA,"PLC, Product detaljeret, Aarhus, Sep. 2023.xlsx",1.1697229669347633,T-shirt
05257 T-Shirt Pro Sort K/Æ,Udgået Model,1,1119,48,30155C97D461A7C002695F08,"PLC, Product detaljeret, Aarhus, Sep. 2023.xlsx",1.3057372654155497,T-shirt
05257 T-Shirt Pro Sort K/Æ,Alm.slid uden restværdi,1,1114,38,30155C97D461A7C002951843,"PLC, Product detaljeret, Aarhus, Sep. 2023.xlsx",1.0383482944344704,T-shirt
05257 T-Shirt Pro Sort K/Æ,Alm.slid uden restværdi,1,1103,50,30155C97D461A7C0029129DB,"PLC, Product detaljeret, Aarhus, Sep. 2023.xlsx",1.3798730734360836,T-shirt
05257 T-Shirt Pro Sort K/Æ,Alm.slid uden restværdi,1,1099,52,30155C97D461A7C0023C263C,"PLC, Product detaljeret, Aarhus, Sep. 2023.xlsx",1.4402911737943584,T-shirt
05257 T-Shirt Pro Sort K/Æ,Alm.slid uden restværdi,1,1088,52,30155C97D461A7C00291293F,"PLC, Product detaljeret, Aarhus, Sep. 2023.xlsx",1.4548529411764706,T-shirt
05257 T-Shirt Pro Sort K/Æ,Udgået Model,1,1086,48,30155C97D461A6C0000E8B28,"PLC, Product detaljeret, Aarhus, Sep. 2023.xlsx",1.345414364640884,T-shirt
05257 T-Shirt Pro Sort K/Æ,Udgået Model,1,1086,41,30155C97D461A6C0000E8C25,"PLC, Product detaljeret, Aarhus, Sep. 2023.xlsx",1.149208103130755,T-shirt
05257 T-Shirt Pro Sort K/Æ,Udgået Model,1,1086,37,30155C97D461A6C0000E8C84,"PLC, Product detaljeret, Aarhus, Sep. 2023.xlsx",1.0370902394106816,T-shirt
05257 T-Shirt Pro Sort K/Æ,Alm.slid uden restværdi,1,1075,40,30155C97D461A7C0027CAA2D,"PLC, Product detaljeret, Aarhus, Sep. 2023.xlsx",1.1326511627906977,T-shirt
05257 T-Shirt Pro Sort K/Æ,BTS fejl uden restværdi,1,1052,40,30155C97D461A6C0000F1289,"PLC, Product detaljeret, Aarhus, Sep. 2023.xlsx",1.1574144486692015,T-shirt
05257 T-Shirt Pro Sort K/Æ,Alm.slid uden restværdi,1,1030,35,30155C97D461A6C00016F346,"PLC, Product detaljeret, Aarhus, Sep. 2023.xlsx",1.034368932038835,T-shirt
13854 T-shirt stretch uni sort,Alm.slid uden restværdi,1,1002,50,30155C97D461A7C002268AB2,"PLC, Product detaljeret, Aarhus, Sep. 2023.xlsx",1.5189620758483036,T-shirt
05257 T-Shirt Pro Sort K/Æ,Alm.slid uden restværdi,1,800,29,30155C97D461A6C000B17E58,"PLC, Product detaljeret, Aarhus, Sep. 2023.xlsx",1.10345,T-shirt
05257 T-Shirt Pro Sort K/Æ,Alm.slid uden restværdi,1,800,30,30155C97D461A6C000B17E6A,"PLC, Product detaljeret, Aarhus, Sep. 2023.xlsx",1.1415,T-shirt
05257 T-Shirt Pro Sort K/Æ,Misligholdt med restværdi,1,763,31,30155C97D461A6C0008CC89D,"PLC, Product detaljeret, Aarhus, Sep. 2023.xlsx",1.2367496723460025,T-shirt
05257 T-Shirt Pro Sort K/Æ,Misligholdt med restværdi,1,763,38,30155C97D461A6C0008CC8E5,"PLC, Product detaljeret, Aarhus, Sep. 2023.xlsx",1.5160157273918742,T-shirt
05257 T-Shirt Pro Sort K/Æ,Misligholdt med restværdi,1,763,29,30155C97D461A6C0008CC8E8,"PLC, Product detaljeret, Aarhus, Sep. 2023.xlsx",1.156959370904325,T-shirt
05257 T-Shirt Pro Sort K/Æ,Misligholdt med restværdi,1,763,27,30155C97D461A6C0008CC903,"PLC, Product detaljeret, Aarhus, Sep. 2023.xlsx",1.0771690694626475,T-shirt
05257 T-Shirt Pro Sort K/Æ,Misligholdt med restværdi,1,763,32,30155C97D461A6C0008CC918,"PLC, Product detaljeret, Aarhus, Sep. 2023.xlsx",1.2766448230668415,T-shirt
05257 T-Shirt Pro Sort K/Æ,Misligholdt med restværdi,1,763,29,30155C97D461A6C0008CC9E0,"PLC, Product detaljeret, Aarhus, Sep. 2023.xlsx",1.156959370904325,T-shirt
05257 T-Shirt Pro Sort K/Æ,Misligholdt med restværdi,1,763,31,30155C97D461A6C0008CC9F1,"PLC, Product detaljeret, Aarhus, Sep. 2023.xlsx",1.2367496723460025,T-shirt
05257 T-Shirt Pro Sort K/Æ,Misligholdt med restværdi,1,763,31,30155C97D461A6C0008CC9F9,"PLC, Product detaljeret, Aarhus, Sep. 2023.xlsx",1.2367496723460025,T-shirt
05257 T-Shirt Pro Sort K/Æ,Misligholdt med restværdi,1,762,29,30155C97D461A6C0008CC856,"PLC, Product detaljeret, Aarhus, Sep. 2023.xlsx",1.158477690288714,T-shirt
05257 T-Shirt Pro Sort K/Æ,Misligholdt med restværdi,1,762,26,30155C97D461A6C0008CC9D3,"PLC, Product detaljeret, Aarhus, Sep. 2023.xlsx",1.0386351706036745,T-shirt
05257 T-Shirt Pro Sort K/Æ,Misligholdt med restværdi,1,762,28,30155C97D461A6C0008CCA21,"PLC, Product detaljeret, Aarhus, Sep. 2023.xlsx",1.118530183727034,T-shirt
08395 T-shirt unisex sort k/æ bom,Misligholdt med restværdi,1,757,37,00D00B6F3C48,"PLC, Product detaljeret, Aarhus, Sep. 2023.xlsx",1.4878203434610304,T-shirt
08395 T-shirt unisex sort k/æ bom,Misligholdt med restværdi,1,694,34,00D00B777FD2,"PLC, Product detaljeret, Aarhus, Sep. 2023.xlsx",1.4912968299711815,T-shirt
05257 T-Shirt Pro Sort K/Æ,Misligholdt med restværdi,1,686,33,30155C97D461A6C0012EB133,"PLC, Product detaljeret, Aarhus, Sep. 2023.xlsx",1.4643148688046648,T-shirt
05257 T-Shirt Pro Sort K/Æ,Misligholdt med restværdi,1,679,34,30155C97D461A6C0012EB046,"PLC, Product detaljeret, Aarhus, Sep. 2023.xlsx",1.5242415316642122,T-shirt
05257 T-Shirt Pro Sort K/Æ,Misligholdt med restværdi,1,679,33,30155C97D461A6C0012EB146,"PLC, Product detaljeret, Aarhus, Sep. 2023.xlsx",1.4794108983799705,T-shirt
06271 T-shirt L/Æ prowear sort,Udgået Model,1,670,27,30155C97D461A6C0012F422A,"PLC, Product detaljeret, Aarhus, Sep. 2023.xlsx",1.2266865671641791,T-shirt
05257 T-Shirt Pro Sort K/Æ,Alm.slid uden restværdi,1,658,30,30155C97D461A6C0012FE433,"PLC, Product detaljeret, Aarhus, Sep. 2023.xlsx",1.3878419452887538,T-shirt
05257 T-Shirt Pro Sort K/Æ,Misligholdt med restværdi,1,658,28,30155C97D461A6C0015C5478,"PLC, Product detaljeret, Aarhus, Sep. 2023.xlsx",1.2953191489361702,T-shirt
05257 T-Shirt Pro Sort K/Æ,Misligholdt med restværdi,1,651,32,30155C97D461A6C0012FE487,"PLC, Product detaljeret, Aarhus, Sep. 2023.xlsx",1.4962826420890938,T-shirt
05257 T-Shirt Pro Sort K/Æ,Misligholdt med restværdi,1,651,32,30155C97D461A6C0015C54C3,"PLC, Product detaljeret, Aarhus, Sep. 2023.xlsx",1.4962826420890938,T-shirt
05257 T-Shirt Pro Sort K/Æ,Misligholdt med restværdi,1,651,30,30155C97D461A6C0015C55A3,"PLC, Product detaljeret, Aarhus, Sep. 2023.xlsx",1.4027649769585255,T-shirt
05257 T-Shirt Pro Sort K/Æ,Misligholdt med restværdi,1,651,32,30155C97D461A6C0015C55D5,"PLC, Product detaljeret, Aarhus, Sep. 2023.xlsx",1.4962826420890938,T-shirt
05257 T-Shirt Pro Sort K/Æ,Misligholdt med restværdi,1,651,28,30155C97D461A6C0015C55E5,"PLC, Product detaljeret, Aarhus, Sep. 2023.xlsx",1.309247311827957,T-shirt
05257 T-Shirt Pro Sort K/Æ,Udgået Model,1,627,31,30155C97D461A6C000E30228,"PLC, Product detaljeret, Aarhus, Sep. 2023.xlsx",1.5050079744816587,T-shirt
05257 T-Shirt Pro Sort K/Æ,Udgået Model,1,627,28,30155C97D461A6C000E3023E,"PLC, Product detaljeret, Aarhus, Sep. 2023.xlsx",1.3593620414673047,T-shirt
05257 T-Shirt Pro Sort K/Æ,Udgået Model,1,627,37,30155C97D461A6C000E3024B,"PLC, Product detaljeret, Aarhus, Sep. 2023.xlsx",1.7962998405103667,T-shirt
05257 T-Shirt Pro Sort K/Æ,Udgået Model,1,627,31,30155C97D461A6C0012F74C9,"PLC, Product detaljeret, Aarhus, Sep. 2023.xlsx",1.5050079744816587,T-shirt
05257 T-Shirt Pro Sort K/Æ,Alm.slid uden restværdi,1,596,22,30155C97D461A6C000E31EAA,"PLC, Product detaljeret, Aarhus, Sep. 2023.xlsx",1.1236241610738256,T-shirt
05257 T-Shirt Pro Sort K/Æ,Alm.slid uden restværdi,1,589,30,30155C97D461A6C0012FE48E,"PLC, Product detaljeret, Aarhus, Sep. 2023.xlsx",1.5504244482173175,T-shirt
08395 T-shirt unisex sort k/æ bom,Misligholdt med restværdi,1,580,25,00D00B779933,"PLC, Product detaljeret, Aarhus, Sep. 2023.xlsx",1.3120689655172415,T-shirt
05257 T-Shirt Pro Sort K/Æ,Alm.slid uden restværdi,1,573,27,30155C97D461A6C0012FE300,"PLC, Product detaljeret, Aarhus, Sep. 2023.xlsx",1.43434554973822,T-shirt
05257 T-Shirt Pro Sort K/Æ,Alm.slid uden restværdi,1,568,19,30155C97D461A6C00072336B,"PLC, Product detaljeret, Aarhus, Sep. 2023.xlsx",1.0182394366197183,T-shirt
05257 T-Shirt Pro Sort K/Æ,Misligholdt med restværdi,1,567,25,30155C97D461A6C000D887EF,"PLC, Product detaljeret, Aarhus, Sep. 2023.xlsx",1.342151675485009,T-shirt
05257 T-Shirt Pro Sort K/Æ,Misligholdt med restværdi,1,567,21,30155C97D461A6C000D88820,"PLC, Product detaljeret, Aarhus, Sep. 2023.xlsx",1.1274074074074074,T-shirt
05257 T-Shirt Pro Sort K/Æ,Misligholdt med restværdi,1,567,24,30155C97D461A6C000D888A2,"PLC, Product detaljeret, Aarhus, Sep. 2023.xlsx",1.2884656084656085,T-shirt
05257 T-Shirt Pro Sort K/Æ,Misligholdt med restværdi,1,567,22,30155C97D461A6C000D888B0,"PLC, Product detaljeret, Aarhus, Sep. 2023.xlsx",1.1810934744268078,T-shirt
05257 T-Shirt Pro Sort K/Æ,Misligholdt med restværdi,1,520,22,30155C97D461A6C000913252,"PLC, Product detaljeret, Aarhus, Sep. 2023.xlsx",1.2878461538461539,T-shirt
05257 T-Shirt Pro Sort K/Æ,Misligholdt med restværdi,1,520,20,30155C97D461A6C0009133C5,"PLC, Product detaljeret, Aarhus, Sep. 2023.xlsx",1.1707692307692308,T-shirt
05257 T-Shirt Pro Sort K/Æ,Misligholdt med restværdi,1,520,20,30155C97D461A6C0009133FF,"PLC, Product detaljeret, Aarhus, Sep. 2023.xlsx",1.1707692307692308,T-shirt
05257 T-Shirt Pro Sort K/Æ,Misligholdt med restværdi,1,496,21,30155C97D461A4C000920909,"PLC, Product detaljeret, Aarhus, Sep. 2023.xlsx",1.2887903225806452,T-shirt
06271 T-shirt L/Æ prowear sort,Alm.slid uden restværdi,1,490,19,30155C97D461A6C0012ED9A4,"PLC, Product detaljeret, Aarhus, Sep. 2023.xlsx",1.180326530612245,T-shirt
13854 T-shirt stretch uni sort,Alm.slid uden restværdi,1,361,15,30155C97D461A6C0010E8B9E,"PLC, Product detaljeret, Aarhus, Sep. 2023.xlsx",1.264819944598338,T-shirt
05257 T-Shirt Pro Sort K/Æ,Udgået Model,1,349,13,30155C97D461A6C000EAA16F,"PLC, Product detaljeret, Aarhus, Sep. 2023.xlsx",1.133868194842407,T-shirt
05257 T-Shirt Pro Sort K/Æ,Misligholdt med restværdi,1,247,12,30155C97D461A6C001A63DA6,"PLC, Product detaljeret, Aarhus, Sep. 2023.xlsx",1.4788663967611337,T-shirt
29982 T-Shirt Sort Terminalen,Misligholdt med restværdi,1,233,8,30155C97D461A6C001A5D92C,"PLC, Product detaljeret, Aarhus, Sep. 2023.xlsx",1.0451502145922746,T-shirt
06271 T-shirt L/Æ prowear sort,Misligholdt med restværdi,1,226,9,30155C97D461A6C0019D0788,"PLC, Product detaljeret, Aarhus, Sep. 2023.xlsx",1.212212389380531,T-shirt
26613 T-Shirt Acc Grå/Sort,Misligholdt med restværdi,1,218,8,30155C97D461A6C001BB3985,"PLC, Product detaljeret, Aarhus, Sep. 2023.xlsx",1.1170642201834864,T-shirt
26613 T-Shirt Acc Grå/Sort,Misligholdt med restværdi,1,215,9,30155C97D461A6C001BB388A,"PLC, Product detaljeret, Aarhus, Sep. 2023.xlsx",1.2742325581395348,T-shirt
08395 T-shirt unisex sort k/æ bom,Misligholdt med restværdi,1,194,9,00D00B8BE521,"PLC, Product detaljeret, Aarhus, Sep. 2023.xlsx",1.4121649484536083,T-shirt
05257 T-Shirt Pro Sort K/Æ,Bortkommet med restværdi,1,125,5,30155C97D461A6C0018E7F0D,"PLC, Product detaljeret, Aarhus, Sep. 2023.xlsx",1.2176,T-shirt
05257 T-Shirt Pro Sort K/Æ,Alm.slid uden restværdi,1,124,6,30155C97D461A4C0010C3E52,"PLC, Product detaljeret, Aarhus, Sep. 2023.xlsx",1.4729032258064516,T-shirt
05257 T-Shirt Pro Sort K/Æ,Bortkommet med restværdi,1,99,5,30155C97D461A4C00110235B,"PLC, Product detaljeret, Aarhus, Sep. 2023.xlsx",1.5373737373737375,T-shirt
05257 T-Shirt Pro Sort K/Æ,Bortkommet med restværdi,1,99,5,30155C97D461A4C0011023C6,"PLC, Product detaljeret, Aarhus, Sep. 2023.xlsx",1.5373737373737375,T-shirt
05257 T-Shirt Pro Sort K/Æ,Alm.slid uden restværdi,1,87,3,30155C97D461A4C001102349,"PLC, Product detaljeret, Aarhus, Sep. 2023.xlsx",1.049655172413793,T-shirt
05257 T-Shirt Pro Sort K/Æ,Alm.slid uden restværdi,1,87,5,30155C97D461A6C000EAA020,"PLC, Product detaljeret, Aarhus, Sep. 2023.xlsx",1.7494252873563219,T-shirt
05257 T-Shirt Pro Sort K/Æ,Misligholdt med restværdi,1,87,3,30155C97D461A4C001102342,"PLC, Product detaljeret, Aarhus, Sep. 2023.xlsx",1.049655172413793,T-shirt
05257 T-Shirt Pro Sort K/Æ,Misligholdt med restværdi,1,87,5,30155C97D461A4C001102419,"PLC, Product detaljeret, Aarhus, Sep. 2023.xlsx",1.7494252873563219,T-shirt
05257 T-Shirt Pro Sort K/Æ,Misligholdt med restværdi,1,87,4,30155C97D461A4C0011024F5,"PLC, Product detaljeret, Aarhus, Sep. 2023.xlsx",1.3995402298850574,T-shirt
05257 T-Shirt Pro Sort K/Æ,Alm.slid uden restværdi,1,65,4,30155C97D461A4C000C06D47,"PLC, Product detaljeret, Aarhus, Sep. 2023.xlsx",1.8732307692307695,T-shirt
05257 T-Shirt Pro Sort K/Æ,Alm.slid uden restværdi,1,65,4,30155C97D461A4C000C06E30,"PLC, Product detaljeret, Aarhus, Sep. 2023.xlsx",1.8732307692307695,T-shirt
05257 T-Shirt Pro Sort K/Æ,Misligholdt med restværdi,1,65,3,30155C97D461A4C000C06D07,"PLC, Product detaljeret, Aarhus, Sep. 2023.xlsx",1.4049230769230772,T-shirt
05257 T-Shirt Pro Sort K/Æ,Misligholdt med restværdi,1,65,3,30155C97D461A4C000C06D7B,"PLC, Product detaljeret, Aarhus, Sep. 2023.xlsx",1.4049230769230772,T-shirt
05257 T-Shirt Pro Sort K/Æ,Misligholdt med restværdi,1,65,3,30155C97D461A4C000C06E0B,"PLC, Product detaljeret, Aarhus, Sep. 2023.xlsx",1.4049230769230772,T-shirt
08395 T-shirt unisex sort k/æ bom,Alm.slid uden restværdi,1,51,2,30155C97D461A6C0019EBE15,"PLC, Product detaljeret, Aarhus, Sep. 2023.xlsx",1.1937254901960785,T-shirt
05257 T-Shirt Pro Sort K/Æ,BTS fejl uden restværdi,1,50,2,30155C97D461A4C000BFE402,"PLC, Product detaljeret, Aarhus, Sep. 2023.xlsx",1.2176,T-shirt
05257 T-Shirt Pro Sort K/Æ,BTS fejl uden restværdi,1,50,2,30155C97D461A4C000BFE4E0,"PLC, Product detaljeret, Aarhus, Sep. 2023.xlsx",1.2176,T-shirt
05257 T-Shirt Pro Sort K/Æ,BTS fejl uden restværdi,1,50,2,30155C97D461A4C000BFE4EC,"PLC, Product detaljeret, Aarhus, Sep. 2023.xlsx",1.2176,T-shirt
07326 T-Shirt Herre L.Æ. Sort,Alm.slid uden restværdi,1,50,2,30155C97D461A4C00066A19D,"PLC, Product detaljeret, Aarhus, Sep. 2023.xlsx",1.2176,T-shirt
08395 T-shirt unisex sort k/æ bom,Alm.slid uden restværdi,1,50,3,30155C97D461A4C00066A1AC,"PLC, Product detaljeret, Aarhus, Sep. 2023.xlsx",1.8264,T-shirt
08395 T-shirt unisex sort k/æ bom,Alm.slid uden restværdi,1,49,2,30155C97D461A4C00066A1C2,"PLC, Product detaljeret, Aarhus, Sep. 2023.xlsx",1.2424489795918368,T-shirt
08395 T-shirt unisex sort k/æ bom,Alm.slid uden restværdi,1,49,2,30155C97D461A4C00066A321,"PLC, Product detaljeret, Aarhus, Sep. 2023.xlsx",1.2424489795918368,T-shirt
08395 T-shirt unisex sort k/æ bom,Alm.slid uden restværdi,1,21,1,30155C97D461A6C0019EC43E,"PLC, Product detaljeret, Aarhus, Sep. 2023.xlsx",1.4495238095238094,T-shirt
22569 Termoundertrøje zip-hals sort,Misligholdt med restværdi,1,2090,94,30155C97D461A7C00084F62D,"PLC, Product detaljeret, Aarhus, Apr. 2023.xlsx",1.3690717703349284,undertrøje
07112 Undertrøje Højhal L.Ærm Sort,Alm.slid uden restværdi,1,1796,80,300ED89F3350007FE2680483,"PLC, Product detaljeret, Aarhus, Apr. 2023.xlsx",1.355902004454343,undertrøje
22569 Termoundertrøje zip-hals sort,Alm.slid uden restværdi,1,1181,42,30155C97D461A7C001D0123C,"PLC, Product detaljeret, Aarhus, Apr. 2023.xlsx",1.0825402201524132,undertrøje
22569 Termoundertrøje zip-hals sort,Alm.slid uden restværdi,1,1162,43,30155C97D461A7C001E4D5A9,"PLC, Product detaljeret, Aarhus, Apr. 2023.xlsx",1.1264371772805508,undertrøje
22569 Termoundertrøje zip-hals sort,Misligholdt med restværdi,1,497,29,30155C97D461A6C00026B9AC,"PLC, Product detaljeret, Aarhus, Apr. 2023.xlsx",1.7761770623742457,undertrøje
22569 Termoundertrøje zip-hals sort,Alm.slid uden restværdi,1,358,18,30155C97D461A6C00013CABE,"PLC, Product detaljeret, Aarhus, Apr. 2023.xlsx",1.5305027932960895,undertrøje
22569 Termoundertrøje zip-hals sort,Misligholdt med restværdi,1,1704,86,30155C97D461A7C001C70C20,"PLC, Product detaljeret, Aarhus, Aug. 2023.xlsx",1.5362910798122067,undertrøje
22569 Termoundertrøje zip-hals sort,Misligeholdt pga blæk,1,1703,90,30155C97D461A7C001C70BC5,"PLC, Product detaljeret, Aarhus, Aug. 2023.xlsx",1.6086905460951262,undertrøje
22569 Termoundertrøje zip-hals sort,Alm.slid uden restværdi,1,654,23,30155C97D461A6C00026B928,"PLC, Product detaljeret, Aarhus, Aug. 2023.xlsx",1.0705198776758411,undertrøje
22569 Termoundertrøje zip-hals sort,Misligholdt med restværdi,1,613,38,30155C97D461A6C00013CC56,"PLC, Product detaljeret, Aarhus, Aug. 2023.xlsx",1.8869820554649268,undertrøje
22569 Termoundertrøje zip-hals sort,Alm.slid uden restværdi,1,2302,105,30155C97D461A7C000A85BAD,"PLC, Product detaljeret, Aarhus, Dec. 2023.xlsx",1.3884448305821027,undertrøje
07112 Undertrøje Højhal L.Ærm Sort,Alm.slid uden restværdi,1,2259,118,300ED89F3350007FE2678570,"PLC, Product detaljeret, Aarhus, Dec. 2023.xlsx",1.5900486941124392,undertrøje
07112 Undertrøje Højhal L.Ærm Sort,Alm.slid uden restværdi,1,2259,105,300ED89F3350007FE26785B0,"PLC, Product detaljeret, Aarhus, Dec. 2023.xlsx",1.4148738379814079,undertrøje
07112 Undertrøje Højhal L.Ærm Sort,Alm.slid uden restværdi,1,2041,98,300ED89F3350007FE2680527,"PLC, Product detaljeret, Aarhus, Dec. 2023.xlsx",1.461597256246938,undertrøje
07112 Undertrøje Højhal L.Ærm Sort,Alm.slid uden restværdi,1,2039,125,300ED89F3350007FE26803FC,"PLC, Product detaljeret, Aarhus, Dec. 2023.xlsx",1.8661108386463954,undertrøje
07112 Undertrøje Højhal L.Ærm Sort,Alm.slid uden restværdi,1,2039,107,300ED89F3350007FE2680521,"PLC, Product detaljeret, Aarhus, Dec. 2023.xlsx",1.5973908778813144,undertrøje
07112 Undertrøje Højhal L.Ærm Sort,Alm.slid uden restværdi,1,1978,116,300ED89F33500060009D8645,"PLC, Product detaljeret, Aarhus, Dec. 2023.xlsx",1.7851567239635997,undertrøje
07112 Undertrøje Højhal L.Ærm Sort,Alm.slid uden restværdi,1,1978,100,300ED89F33500060009D873D,"PLC, Product detaljeret, Aarhus, Dec. 2023.xlsx",1.5389282103134478,undertrøje
22569 Termoundertrøje zip-hals sort,Alm.slid uden restværdi,1,1908,107,30155C97D461A7C000C78098,"PLC, Product detaljeret, Aarhus, Dec. 2023.xlsx",1.7070649895178198,undertrøje
07112 Undertrøje Højhal L.Ærm Sort,Alm.slid uden restværdi,1,1764,104,300ED89F3350005FE252C88A,"PLC, Product detaljeret, Aarhus, Dec. 2023.xlsx",1.7946485260770977,undertrøje
07112 Undertrøje Højhal L.Ærm Sort,Alm.slid uden restværdi,1,1012,49,30155C97D461A6C00073B574,"PLC, Product detaljeret, Aarhus, Dec. 2023.xlsx",1.4738735177865612,undertrøje
07112 Undertrøje Højhal L.Ærm Sort,Alm.slid uden restværdi,1,998,51,30155C97D461A6C0004A1E87,"PLC, Product detaljeret, Aarhus, Dec. 2023.xlsx",1.555551102204409,undertrøje
07112 Undertrøje Højhal L.Ærm Sort,Alm.slid uden restværdi,1,996,60,30155C97D461A6C0004A1E75,"PLC, Product detaljeret, Aarhus, Dec. 2023.xlsx",1.8337349397590361,undertrøje
07112 Undertrøje Højhal L.Ærm Sort,Alm.slid uden restværdi,1,643,24,30155C97D461A6C0015B42DE,"PLC, Product detaljeret, Aarhus, Dec. 2023.xlsx",1.1361741835147747,undertrøje
07112 Undertrøje Højhal L.Ærm Sort,Alm.slid uden restværdi,1,434,24,30155C97D461A7C0023969B2,"PLC, Product detaljeret, Aarhus, Dec. 2023.xlsx",1.6833179723502305,undertrøje
07112 Undertrøje Højhal L.Ærm Sort,Alm.slid uden restværdi,1,325,17,30155C97D461A6C001932286,"PLC, Product detaljeret, Aarhus, Dec. 2023.xlsx",1.5922461538461539,undertrøje
22569 Termoundertrøje zip-hals sort,Alm.slid uden restværdi,1,1967,87,30155C97D461A7C000A48148,"PLC, Product detaljeret, Aarhus, Feb. 2023.xlsx",1.3463548551093036,undertrøje
22569 Termoundertrøje zip-hals sort,Misligholdt med restværdi,1,1232,69,30155C97D461A7C001D01238,"PLC, Product detaljeret, Aarhus, Feb. 2023.xlsx",1.7048376623376624,undertrøje
22569 Termoundertrøje zip-hals sort,Alm.slid uden restværdi,1,1191,63,30155C97D461A7C001C7DF35,"PLC, Product detaljeret, Aarhus, Feb. 2023.xlsx",1.610176322418136,undertrøje
22569 Termoundertrøje zip-hals sort,Misligholdt med restværdi,1,1120,40,30155C97D461A7C001E4D6AC,"PLC, Product detaljeret, Aarhus, Feb. 2023.xlsx",1.0871428571428572,undertrøje
22569 Termoundertrøje zip-hals sort,Misligholdt med restværdi,1,749,40,30155C97D461A7C00240810F,"PLC, Product detaljeret, Aarhus, Feb. 2023.xlsx",1.6256341789052071,undertrøje
22569 Termoundertrøje zip-hals sort,Misligholdt med restværdi,1,725,33,30155C97D461A7C00240809B,"PLC, Product detaljeret, Aarhus, Feb. 2023.xlsx",1.385544827586207,undertrøje
22569 Termoundertrøje zip-hals sort,Misligholdt med restværdi,1,405,21,30155C97D461A6C00013CA85,"PLC, Product detaljeret, Aarhus, Feb. 2023.xlsx",1.5783703703703704,undertrøje
12280 Undertrøje sort dame P/B,Udgået Model,1,261,10,30155C97D461A4C00092EFB1,"PLC, Product detaljeret, Aarhus, Feb. 2023.xlsx",1.1662835249042145,undertrøje
12280 Undertrøje sort dame P/B,Udgået Model,1,259,10,30155C97D461A4C00092EFB2,"PLC, Product detaljeret, Aarhus, Feb. 2023.xlsx",1.1752895752895753,undertrøje
12280 Undertrøje sort dame P/B,Udgået Model,1,259,9,30155C97D461A4C00092EFCA,"PLC, Product detaljeret, Aarhus, Feb. 2023.xlsx",1.0577606177606178,undertrøje
12280 Undertrøje sort dame P/B,Udgået Model,1,149,7,30155C97D461A6C0010D80F9,"PLC, Product detaljeret, Aarhus, Feb. 2023.xlsx",1.4300671140939598,undertrøje
12280 Undertrøje sort dame P/B,Udgået Model,1,149,6,30155C97D461A6C0010D814B,"PLC, Product detaljeret, Aarhus, Feb. 2023.xlsx",1.225771812080537,undertrøje
22569 Termoundertrøje zip-hals sort,Misligholdt med restværdi,1,2505,106,30155C97D461A7C0000A5B7A,"PLC, Product detaljeret, Aarhus, Jan. 2023.xlsx",1.2880798403193614,undertrøje
22569 Termoundertrøje zip-hals sort,Misligholdt med restværdi,1,2007,99,30155C97D461A7C00084F659,"PLC, Product detaljeret, Aarhus, Jan. 2023.xlsx",1.50152466367713,undertrøje
22569 Termoundertrøje zip-hals sort,Misligholdt med restværdi,1,1987,105,30155C97D461A7C00084F6C2,"PLC, Product detaljeret, Aarhus, Jan. 2023.xlsx",1.608555611474585,undertrøje
22569 Termoundertrøje zip-hals sort,Alm.slid uden restværdi,1,1717,82,30155C97D461A7C000C1A04F,"PLC, Product detaljeret, Aarhus, Jan. 2023.xlsx",1.453744903902155,undertrøje
22569 Termoundertrøje zip-hals sort,Alm.slid uden restværdi,1,1518,81,30155C97D461A7C001C70BF3,"PLC, Product detaljeret, Aarhus, Jan. 2023.xlsx",1.6242687747035573,undertrøje
22569 Termoundertrøje zip-hals sort,Alm.slid uden restværdi,1,1512,72,30155C97D461A7C001C70CEF,"PLC, Product detaljeret, Aarhus, Jan. 2023.xlsx",1.4495238095238094,undertrøje
22569 Termoundertrøje zip-hals sort,Misligholdt med restværdi,1,1271,73,30155C97D461A7C001C7CDCC,"PLC, Product detaljeret, Aarhus, Jan. 2023.xlsx",1.748324154209284,undertrøje
22569 Termoundertrøje zip-hals sort,Misligholdt med restværdi,1,1128,73,30155C97D461A7C001489CC3,"PLC, Product detaljeret, Aarhus, Jan. 2023.xlsx",1.9699645390070921,undertrøje
22569 Termoundertrøje zip-hals sort,Misligholdt med restværdi,1,933,36,30155C97D461A7C001489CC8,"PLC, Product detaljeret, Aarhus, Jan. 2023.xlsx",1.174533762057878,undertrøje
22569 Termoundertrøje zip-hals sort,Misligholdt med restværdi,1,930,40,30155C97D461A7C0022F9BFA,"PLC, Product detaljeret, Aarhus, Jan. 2023.xlsx",1.309247311827957,undertrøje
22569 Termoundertrøje zip-hals sort,Misligholdt med restværdi,1,905,54,30155C97D461A7C001D010DA,"PLC, Product detaljeret, Aarhus, Jan. 2023.xlsx",1.8163093922651934,undertrøje
22569 Termoundertrøje zip-hals sort,Alm.slid uden restværdi,1,792,41,30155C97D461A7C001E4D92C,"PLC, Product detaljeret, Aarhus, Jan. 2023.xlsx",1.575808080808081,undertrøje
22569 Termoundertrøje zip-hals sort,Misligholdt med restværdi,1,763,46,30155C97D461A7C0029036E1,"PLC, Product detaljeret, Aarhus, Jan. 2023.xlsx",1.8351769331585845,undertrøje
22569 Termoundertrøje zip-hals sort,Alm.slid uden restværdi,1,744,44,30155C97D461A7C00290360C,"PLC, Product detaljeret, Aarhus, Jan. 2023.xlsx",1.800215053763441,undertrøje
22569 Termoundertrøje zip-hals sort,Misligholdt med restværdi,1,742,30,30155C97D461A7C002903766,"PLC, Product detaljeret, Aarhus, Jan. 2023.xlsx",1.2307277628032345,undertrøje
22569 Termoundertrøje zip-hals sort,Alm.slid uden restværdi,1,739,37,30155C97D461A7C00290449B,"PLC, Product detaljeret, Aarhus, Jan. 2023.xlsx",1.5240595399188093,undertrøje
22569 Termoundertrøje zip-hals sort,Misligholdt med restværdi,1,728,31,30155C97D461A7C001E4D6CC,"PLC, Product detaljeret, Aarhus, Jan. 2023.xlsx",1.2962087912087914,undertrøje
22569 Termoundertrøje zip-hals sort,Misligholdt med restværdi,1,715,44,30155C97D461A7C00290362F,"PLC, Product detaljeret, Aarhus, Jan. 2023.xlsx",1.8732307692307695,undertrøje
22569 Termoundertrøje zip-hals sort,Misligholdt med restværdi,1,700,29,30155C97D461A7C002904558,"PLC, Product detaljeret, Aarhus, Jan. 2023.xlsx",1.2610857142857141,undertrøje
22569 Termoundertrøje zip-hals sort,Misligholdt med restværdi,1,679,32,30155C97D461A7C002903602,"PLC, Product detaljeret, Aarhus, Jan. 2023.xlsx",1.4345802650957291,undertrøje
22569 Termoundertrøje zip-hals sort,Alm.slid uden restværdi,1,634,31,30155C97D461A6C000CD43D8,"PLC, Product detaljeret, Aarhus, Jan. 2023.xlsx",1.488391167192429,undertrøje
22569 Termoundertrøje zip-hals sort,Misligholdt med restværdi,1,526,19,30155C97D461A7C002301221,"PLC, Product detaljeret, Aarhus, Jan. 2023.xlsx",1.0995437262357415,undertrøje
22569 Termoundertrøje zip-hals sort,Misligholdt med restværdi,1,421,17,30155C97D461A7C0022F9D5F,"PLC, Product detaljeret, Aarhus, Jan. 2023.xlsx",1.2291686460807603,undertrøje
22569 Termoundertrøje zip-hals sort,Alm.slid uden restværdi,1,401,25,30155C97D461A6C000CD6563,"PLC, Product detaljeret, Aarhus, Jan. 2023.xlsx",1.8977556109725688,undertrøje
12280 Undertrøje sort dame P/B,Udgået Model,1,388,16,30155C97D461A7C0029104C0,"PLC, Product detaljeret, Aarhus, Jan. 2023.xlsx",1.255257731958763,undertrøje
22569 Termoundertrøje zip-hals sort,Misligholdt med restværdi,1,270,17,30155C97D461A6C00081EEDE,"PLC, Product detaljeret, Aarhus, Jan. 2023.xlsx",1.9165925925925924,undertrøje
22569 Termoundertrøje zip-hals sort,BTS fejl uden restværdi,1,179,7,30155C97D461A6C00081EB5C,"PLC, Product detaljeret, Aarhus, Jan. 2023.xlsx",1.190391061452514,undertrøje
12280 Undertrøje sort dame P/B,Udgået Model,1,136,7,30155C97D461A6C0010D8145,"PLC, Product detaljeret, Aarhus, Jan. 2023.xlsx",1.5667647058823528,undertrøje
22569 Termoundertrøje zip-hals sort,Misligholdt med restværdi,1,2174,104,30155C97D461A7C00084F5CF,"PLC, Product detaljeret, Aarhus, Jul. 2023.xlsx",1.4561913523459062,undertrøje
07112 Undertrøje Højhal L.Ærm Sort,Udgået Model,1,2086,124,300ED89F3350007FE2678575,"PLC, Product detaljeret, Aarhus, Jun. 2023.xlsx",1.8094726749760308,undertrøje
22569 Termoundertrøje zip-hals sort,BTS fejl uden restværdi,1,2086,71,30155C97D461A7C000A47FDE,"PLC, Product detaljeret, Aarhus, Jun. 2023.xlsx",1.0360690316395016,undertrøje
22569 Termoundertrøje zip-hals sort,BTS fejl uden restværdi,1,2086,74,30155C97D461A7C000A47FFA,"PLC, Product detaljeret, Aarhus, Jun. 2023.xlsx",1.0798465963566635,undertrøje
22569 Termoundertrøje zip-hals sort,Alm.slid uden restværdi,1,2070,104,30155C97D461A7C000A4817D,"PLC, Product detaljeret, Aarhus, Jun. 2023.xlsx",1.529352657004831,undertrøje
22569 Termoundertrøje zip-hals sort,Alm.slid uden restværdi,1,2017,116,30155C97D461A7C000C786DE,"PLC, Product detaljeret, Aarhus, Jun. 2023.xlsx",1.750639563708478,undertrøje
22569 Termoundertrøje zip-hals sort,BTS fejl uden restværdi,1,1963,85,30155C97D461A7C000C1ABCE,"PLC, Product detaljeret, Aarhus, Jun. 2023.xlsx",1.3180845644421804,undertrøje
22569 Termoundertrøje zip-hals sort,BTS fejl uden restværdi,1,1963,67,30155C97D461A7C000C1AD33,"PLC, Product detaljeret, Aarhus, Jun. 2023.xlsx",1.0389607743250129,undertrøje
22569 Termoundertrøje zip-hals sort,Alm.slid uden restværdi,1,1947,109,30155C97D461A7C000C1A74C,"PLC, Product detaljeret, Aarhus, Jun. 2023.xlsx",1.7041397021058038,undertrøje
22569 Termoundertrøje zip-hals sort,BTS fejl uden restværdi,1,1655,70,30155C97D461A7C001C70BD4,"PLC, Product detaljeret, Aarhus, Jun. 2023.xlsx",1.2874924471299094,undertrøje
22569 Termoundertrøje zip-hals sort,BTS fejl uden restværdi,1,1655,59,30155C97D461A7C001C70C01,"PLC, Product detaljeret, Aarhus, Jun. 2023.xlsx",1.0851722054380664,undertrøje
22569 Termoundertrøje zip-hals sort,BTS fejl uden restværdi,1,1655,68,30155C97D461A7C001C70C79,"PLC, Product detaljeret, Aarhus, Jun. 2023.xlsx",1.2507069486404836,undertrøje
22569 Termoundertrøje zip-hals sort,BTS fejl uden restværdi,1,1655,60,30155C97D461A7C001C70D64,"PLC, Product detaljeret, Aarhus, Jun. 2023.xlsx",1.1035649546827797,undertrøje
22569 Termoundertrøje zip-hals sort,BTS fejl uden restværdi,1,1655,89,30155C97D461A7C001C70D98,"PLC, Product detaljeret, Aarhus, Jun. 2023.xlsx",1.6369546827794563,undertrøje
22569 Termoundertrøje zip-hals sort,BTS fejl uden restværdi,1,1655,80,30155C97D461A7C001C70DA2,"PLC, Product detaljeret, Aarhus, Jun. 2023.xlsx",1.4714199395770393,undertrøje
22569 Termoundertrøje zip-hals sort,Alm.slid uden restværdi,1,1639,83,30155C97D461A7C001C70CEC,"PLC, Product detaljeret, Aarhus, Jun. 2023.xlsx",1.5415009151921903,undertrøje
07112 Undertrøje Højhal L.Ærm Sort,Udgået Model,1,1631,80,30155C97D461A7C00148A6AA,"PLC, Product detaljeret, Aarhus, Jun. 2023.xlsx",1.493071735131821,undertrøje
22569 Termoundertrøje zip-hals sort,BTS fejl uden restværdi,1,1388,54,30155C97D461A7C00148AC27,"PLC, Product detaljeret, Aarhus, Jun. 2023.xlsx",1.1842651296829974,undertrøje
22569 Termoundertrøje zip-hals sort,Alm.slid uden restværdi,1,1302,65,30155C97D461A7C001C7DFAE,"PLC, Product detaljeret, Aarhus, Jun. 2023.xlsx",1.519662058371736,undertrøje
07112 Undertrøje Højhal L.Ærm Sort,Udgået Model,1,697,39,30155C97D461A7C0023969CB,"PLC, Product detaljeret, Aarhus, Jun. 2023.xlsx",1.703242467718795,undertrøje
22569 Termoundertrøje zip-hals sort,Alm.slid uden restværdi,1,508,23,30155C97D461A6C00026B90B,"PLC, Product detaljeret, Aarhus, Jun. 2023.xlsx",1.378188976377953,undertrøje
22569 Termoundertrøje zip-hals sort,Alm.slid uden restværdi,1,2046,117,30155C97D461A7C000A48098,Maj,1.7407038123167156,undertrøje
22569 Termoundertrøje zip-hals sort,Alm.slid uden restværdi,1,2046,76,30155C97D461A7C000A481A2,Maj,1.1307135874877812,undertrøje
22569 Termoundertrøje zip-hals sort,Misligholdt med restværdi,1,1941,99,30155C97D461A7C000C1ACEC,Maj,1.55258114374034,undertrøje
22569 Termoundertrøje zip-hals sort,Misligholdt med restværdi,1,1626,54,30155C97D461A7C00148A607,Maj,1.0109225092250924,undertrøje
22569 Termoundertrøje zip-hals sort,Alm.slid uden restværdi,1,1615,90,30155C97D461A7C001C70C13,Maj,1.6963467492260063,undertrøje
22569 Termoundertrøje zip-hals sort,Alm.slid uden restværdi,1,1615,105,30155C97D461A7C001C70D2B,Maj,1.9790712074303407,undertrøje
22569 Termoundertrøje zip-hals sort,Misligholdt med restværdi,1,1025,47,30155C97D461A7C001489BA2,Maj,1.3957853658536585,undertrøje
22569 Termoundertrøje zip-hals sort,Alm.slid uden restværdi,1,803,30,30155C97D461A7C00290364D,Maj,1.1372353673723536,undertrøje
22569 Termoundertrøje zip-hals sort,Alm.slid uden restværdi,1,705,43,30155C97D461A6C00023FBEE,Maj,1.8566241134751773,undertrøje
22569 Termoundertrøje zip-hals sort,Alm.slid uden restværdi,1,667,40,30155C97D461A6C0015B498C,Maj,1.825487256371814,undertrøje
22569 Termoundertrøje zip-hals sort,Misligholdt med restværdi,1,2043,96,30155C97D461A7C00084F63A,"PLC, Product detaljeret, Aarhus, Mar. 2023.xlsx",1.430367107195301,undertrøje
22569 Termoundertrøje zip-hals sort,BTS fejl uden restværdi,1,2026,121,30155C97D461A7C0000A5B0D,"PLC, Product detaljeret, Aarhus, Mar. 2023.xlsx",1.8179861796643635,undertrøje
22569 Termoundertrøje zip-hals sort,BTS fejl uden restværdi,1,2026,75,30155C97D461A7C0000A5B6B,"PLC, Product detaljeret, Aarhus, Mar. 2023.xlsx",1.1268509378084897,undertrøje
22569 Termoundertrøje zip-hals sort,BTS fejl uden restværdi,1,2026,80,30155C97D461A7C00084F5AF,"PLC, Product detaljeret, Aarhus, Mar. 2023.xlsx",1.201974333662389,undertrøje
22569 Termoundertrøje zip-hals sort,BTS fejl uden restværdi,1,2026,87,30155C97D461A7C00084F76C,"PLC, Product detaljeret, Aarhus, Mar. 2023.xlsx",1.307147087857848,undertrøje
22569 Termoundertrøje zip-hals sort,BTS fejl uden restværdi,1,2026,90,30155C97D461A7C000A85A17,"PLC, Product detaljeret, Aarhus, Mar. 2023.xlsx",1.3522211253701877,undertrøje
22569 Termoundertrøje zip-hals sort,BTS fejl uden restværdi,1,2026,101,30155C97D461A7C000A85A70,"PLC, Product detaljeret, Aarhus, Mar. 2023.xlsx",1.5174925962487662,undertrøje
22569 Termoundertrøje zip-hals sort,BTS fejl uden restværdi,1,2026,107,30155C97D461A7C000A85B05,"PLC, Product detaljeret, Aarhus, Mar. 2023.xlsx",1.6076406712734452,undertrøje
22569 Termoundertrøje zip-hals sort,BTS fejl uden restværdi,1,2026,113,30155C97D461A7C000A85B3B,"PLC, Product detaljeret, Aarhus, Mar. 2023.xlsx",1.6977887462981245,undertrøje
22569 Termoundertrøje zip-hals sort,BTS fejl uden restværdi,1,2026,101,30155C97D461A7C000A85B61,"PLC, Product detaljeret, Aarhus, Mar. 2023.xlsx",1.5174925962487662,undertrøje
22569 Termoundertrøje zip-hals sort,BTS fejl uden restværdi,1,2026,117,30155C97D461A7C000A85B9A,"PLC, Product detaljeret, Aarhus, Mar. 2023.xlsx",1.757887462981244,undertrøje
07112 Undertrøje Højhal L.Ærm Sort,Alm.slid uden restværdi,1,1990,79,300ED89F3350004000D33D92,"PLC, Product detaljeret, Aarhus, Mar. 2023.xlsx",1.208422110552764,undertrøje
07112 Undertrøje Højhal L.Ærm Sort,Alm.slid uden restværdi,1,1990,106,300ED89F3350004000D33D97,"PLC, Product detaljeret, Aarhus, Mar. 2023.xlsx",1.621427135678392,undertrøje
07112 Undertrøje Højhal L.Ærm Sort,Alm.slid uden restværdi,1,1990,78,300ED89F3350004000D33D9B,"PLC, Product detaljeret, Aarhus, Mar. 2023.xlsx",1.1931256281407037,undertrøje
07112 Undertrøje Højhal L.Ærm Sort,Alm.slid uden restværdi,1,1990,116,300ED89F3350004000D33E0D,"PLC, Product detaljeret, Aarhus, Mar. 2023.xlsx",1.774391959798995,undertrøje
07112 Undertrøje Højhal L.Ærm Sort,Alm.slid uden restværdi,1,1990,101,300ED89F3350004000D33E20,"PLC, Product detaljeret, Aarhus, Mar. 2023.xlsx",1.5449447236180907,undertrøje
22569 Termoundertrøje zip-hals sort,BTS fejl uden restværdi,1,1982,72,30155C97D461A7C000C77B50,"PLC, Product detaljeret, Aarhus, Mar. 2023.xlsx",1.1057921291624622,undertrøje
22569 Termoundertrøje zip-hals sort,BTS fejl uden restværdi,1,1982,75,30155C97D461A7C000C77CAC,"PLC, Product detaljeret, Aarhus, Mar. 2023.xlsx",1.1518668012108981,undertrøje
22569 Termoundertrøje zip-hals sort,BTS fejl uden restværdi,1,1922,73,30155C97D461A7C000C787E8,"PLC, Product detaljeret, Aarhus, Mar. 2023.xlsx",1.156149843912591,undertrøje
22569 Termoundertrøje zip-hals sort,BTS fejl uden restværdi,1,1922,66,30155C97D461A7C000C78864,"PLC, Product detaljeret, Aarhus, Mar. 2023.xlsx",1.0452861602497399,undertrøje
22569 Termoundertrøje zip-hals sort,BTS fejl uden restværdi,1,1872,87,30155C97D461A7C000C1ACC0,"PLC, Product detaljeret, Aarhus, Mar. 2023.xlsx",1.4146794871794872,undertrøje
22569 Termoundertrøje zip-hals sort,BTS fejl uden restværdi,1,1872,73,30155C97D461A7C000C1ACCE,"PLC, Product detaljeret, Aarhus, Mar. 2023.xlsx",1.1870299145299146,undertrøje
22569 Termoundertrøje zip-hals sort,Alm.slid uden restværdi,1,1618,75,30155C97D461A7C001489B6E,"PLC, Product detaljeret, Aarhus, Mar. 2023.xlsx",1.411001236093943,undertrøje
22569 Termoundertrøje zip-hals sort,BTS fejl uden restværdi,1,1614,54,30155C97D461A7C00148AACA,"PLC, Product detaljeret, Aarhus, Mar. 2023.xlsx",1.0184386617100372,undertrøje
22569 Termoundertrøje zip-hals sort,BTS fejl uden restværdi,1,1564,59,30155C97D461A7C001C70C07,"PLC, Product detaljeret, Aarhus, Mar. 2023.xlsx",1.148312020460358,undertrøje
22569 Termoundertrøje zip-hals sort,BTS fejl uden restværdi,1,1564,67,30155C97D461A7C001C70CB8,"PLC, Product detaljeret, Aarhus, Mar. 2023.xlsx",1.3040153452685423,undertrøje
22569 Termoundertrøje zip-hals sort,BTS fejl uden restværdi,1,1564,63,30155C97D461A7C001C70CCD,"PLC, Product detaljeret, Aarhus, Mar. 2023.xlsx",1.2261636828644502,undertrøje
22569 Termoundertrøje zip-hals sort,Alm.slid uden restværdi,1,1550,70,30155C97D461A7C001C70D81,"PLC, Product detaljeret, Aarhus, Mar. 2023.xlsx",1.3747096774193548,undertrøje
22569 Termoundertrøje zip-hals sort,BTS fejl uden restværdi,1,1260,43,30155C97D461A7C001D0113D,"PLC, Product detaljeret, Aarhus, Mar. 2023.xlsx",1.0388253968253969,undertrøje
22569 Termoundertrøje zip-hals sort,BTS fejl uden restværdi,1,1260,53,30155C97D461A7C001D0123B,"PLC, Product detaljeret, Aarhus, Mar. 2023.xlsx",1.2804126984126987,undertrøje
22569 Termoundertrøje zip-hals sort,BTS fejl uden restværdi,1,1172,42,30155C97D461A7C001D010F8,"PLC, Product detaljeret, Aarhus, Mar. 2023.xlsx",1.090853242320819,undertrøje
22569 Termoundertrøje zip-hals sort,BTS fejl uden restværdi,1,1151,52,30155C97D461A7C001E4D5FE,"PLC, Product detaljeret, Aarhus, Mar. 2023.xlsx",1.3752215464813207,undertrøje
22569 Termoundertrøje zip-hals sort,BTS fejl uden restværdi,1,1151,54,30155C97D461A7C001E4D71D,"PLC, Product detaljeret, Aarhus, Mar. 2023.xlsx",1.4281146828844484,undertrøje
22569 Termoundertrøje zip-hals sort,BTS fejl uden restværdi,1,1151,54,30155C97D461A7C001E4D7E6,"PLC, Product detaljeret, Aarhus, Mar. 2023.xlsx",1.4281146828844484,undertrøje
22569 Termoundertrøje zip-hals sort,BTS fejl uden restværdi,1,1120,55,30155C97D461A7C001E4D625,"PLC, Product detaljeret, Aarhus, Mar. 2023.xlsx",1.4948214285714285,undertrøje
22569 Termoundertrøje zip-hals sort,BTS fejl uden restværdi,1,1107,49,30155C97D461A7C00214C8EF,"PLC, Product detaljeret, Aarhus, Mar. 2023.xlsx",1.3473893405600723,undertrøje
22569 Termoundertrøje zip-hals sort,BTS fejl uden restværdi,1,914,45,30155C97D461A7C002408097,"PLC, Product detaljeret, Aarhus, Mar. 2023.xlsx",1.4986870897155362,undertrøje
22569 Termoundertrøje zip-hals sort,BTS fejl uden restværdi,1,914,46,30155C97D461A7C0029036B7,"PLC, Product detaljeret, Aarhus, Mar. 2023.xlsx",1.5319912472647703,undertrøje
22569 Termoundertrøje zip-hals sort,BTS fejl uden restværdi,1,911,40,30155C97D461A7C0022F9624,"PLC, Product detaljeret, Aarhus, Mar. 2023.xlsx",1.3365532381997807,undertrøje
22569 Termoundertrøje zip-hals sort,BTS fejl uden restværdi,1,806,46,30155C97D461A7C002301031,"PLC, Product detaljeret, Aarhus, Mar. 2023.xlsx",1.73727047146402,undertrøje
22569 Termoundertrøje zip-hals sort,Misligholdt med restværdi,1,763,39,30155C97D461A7C002903613,"PLC, Product detaljeret, Aarhus, Mar. 2023.xlsx",1.5559108781127131,undertrøje
22569 Termoundertrøje zip-hals sort,Misligholdt med restværdi,1,575,35,30155C97D461A6C00081EBF3,"PLC, Product detaljeret, Aarhus, Mar. 2023.xlsx",1.8528695652173914,undertrøje
22569 Termoundertrøje zip-hals sort,Misligholdt med restværdi,1,501,31,30155C97D461A6C00023FC1F,"PLC, Product detaljeret, Aarhus, Mar. 2023.xlsx",1.883512974051896,undertrøje
07112 Undertrøje Højhal L.Ærm Sort,Alm.slid uden restværdi,1,2251,128,300ED89F3350007FE26786B1,"PLC, Product detaljeret, Aarhus, Nov. 2023.xlsx",1.7309284762327855,undertrøje
22569 Termoundertrøje zip-hals sort,Alm.slid uden restværdi,1,2240,111,30155C97D461A7C00084FAA5,"PLC, Product detaljeret, Aarhus, Nov. 2023.xlsx",1.5084107142857142,undertrøje
22569 Termoundertrøje zip-hals sort,Misligholdt med restværdi,1,2199,113,30155C97D461A7C000C78924,"PLC, Product detaljeret, Aarhus, Nov. 2023.xlsx",1.5642201000454754,undertrøje
07112 Undertrøje Højhal L.Ærm Sort,Alm.slid uden restværdi,1,2186,89,30155C97D461A7C000A4767C,"PLC, Product detaljeret, Aarhus, Nov. 2023.xlsx",1.2393229643183898,undertrøje
07112 Undertrøje Højhal L.Ærm Sort,Alm.slid uden restværdi,1,2010,119,300ED89F3350007FE26805F7,"PLC, Product detaljeret, Aarhus, Nov. 2023.xlsx",1.8021691542288558,undertrøje
07112 Undertrøje Højhal L.Ærm Sort,Alm.slid uden restværdi,1,1754,112,300ED89F3350005FE252C894,"PLC, Product detaljeret, Aarhus, Nov. 2023.xlsx",1.9437172177879134,undertrøje
07112 Undertrøje Højhal L.Ærm Sort,Alm.slid uden restværdi,1,1520,99,30155C97D461A7C000A477B9,"PLC, Product detaljeret, Aarhus, Nov. 2023.xlsx",1.9826052631578945,undertrøje
22569 Termoundertrøje zip-hals sort,Alm.slid uden restværdi,1,1239,79,30155C97D461A7C0000A6E84,"PLC, Product detaljeret, Aarhus, Nov. 2023.xlsx",1.9408878127522196,undertrøje
07112 Undertrøje Højhal L.Ærm Sort,Alm.slid uden restværdi,1,1002,48,30155C97D461A6C00073B55B,"PLC, Product detaljeret, Aarhus, Nov. 2023.xlsx",1.4582035928143715,undertrøje
07112 Undertrøje Højhal L.Ærm Sort,Alm.slid uden restværdi,1,988,36,30155C97D461A6C0004A1D5E,"PLC, Product detaljeret, Aarhus, Nov. 2023.xlsx",1.1091497975708502,undertrøje
07112 Undertrøje Højhal L.Ærm Sort,Alm.slid uden restværdi,1,988,37,30155C97D461A6C0004A1DB9,"PLC, Product detaljeret, Aarhus, Nov. 2023.xlsx",1.1399595141700405,undertrøje
07112 Undertrøje Højhal L.Ærm Sort,Alm.slid uden restværdi,1,893,52,30155C97D461A7C002396A7D,"PLC, Product detaljeret, Aarhus, Nov. 2023.xlsx",1.772541993281075,undertrøje
22569 Termoundertrøje zip-hals sort,Alm.slid uden restværdi,1,888,43,30155C97D461A6C00023FBE7,"PLC, Product detaljeret, Aarhus, Nov. 2023.xlsx",1.474009009009009,undertrøje
22569 Termoundertrøje zip-hals sort,Alm.slid uden restværdi,1,252,15,30155C97D461A6C001933BFF,"PLC, Product detaljeret, Aarhus, Nov. 2023.xlsx",1.811904761904762,undertrøje
22569 Termoundertrøje zip-hals sort,Alm.slid uden restværdi,1,2260,130,30155C97D461A7C00084F634,"PLC, Product detaljeret, Aarhus, Okt. 2023.xlsx",1.7509734513274338,undertrøje
22569 Termoundertrøje zip-hals sort,Misligholdt med restværdi,1,1838,101,30155C97D461A7C00148AACF,"PLC, Product detaljeret, Aarhus, Okt. 2023.xlsx",1.672709466811752,undertrøje
07112 Undertrøje Højhal L.Ærm Sort,Alm.slid uden restværdi,1,1205,75,30155C97D461A7C000A477EE,"PLC, Product detaljeret, Aarhus, Okt. 2023.xlsx",1.8946058091286309,undertrøje
22569 Termoundertrøje zip-hals sort,"Kass. af RETUR,MINIMU,afmeld",1,1083,36,30155C97D461A7C0023012F7,"PLC, Product detaljeret, Aarhus, Okt. 2023.xlsx",1.0118559556786704,undertrøje
22569 Termoundertrøje zip-hals sort,"Kass. af RETUR,MINIMU,afmeld",1,2255,116,30155C97D461A7C00084F5D4,"PLC, Product detaljeret, Aarhus, Sep. 2023.xlsx",1.5658713968957874,undertrøje
22569 Termoundertrøje zip-hals sort,"Kass. af RETUR,MINIMU,afmeld",1,2011,100,30155C97D461A7C000C1CA82,"PLC, Product detaljeret, Aarhus, Sep. 2023.xlsx",1.513674788662357,undertrøje
22569 Termoundertrøje zip-hals sort,Alm.slid uden restværdi,1,1792,71,30155C97D461A7C001489CF5,"PLC, Product detaljeret, Aarhus, Sep. 2023.xlsx",1.2060491071428572,undertrøje
22569 Termoundertrøje zip-hals sort,Alm.slid uden restværdi,1,1756,106,30155C97D461A7C000C1C4DF,"PLC, Product detaljeret, Aarhus, Sep. 2023.xlsx",1.8374943052391801,undertrøje
22569 Termoundertrøje zip-hals sort,Alm.slid uden restværdi,1,1667,104,30155C97D461A7C001C7D924,"PLC, Product detaljeret, Aarhus, Sep. 2023.xlsx",1.8990761847630475,undertrøje
22569 Termoundertrøje zip-hals sort,"Kass. af RETUR,MINIMU,afmeld",1,1303,77,30155C97D461A7C00214C980,"PLC, Product detaljeret, Aarhus, Sep. 2023.xlsx",1.7988334612432848,undertrøje
22569 Termoundertrøje zip-hals sort,"Kass. af RETUR,MINIMU,afmeld",1,1002,62,30155C97D461A7C002301056,"PLC, Product detaljeret, Aarhus, Sep. 2023.xlsx",1.883512974051896,undertrøje
22569 Termoundertrøje zip-hals sort,"Kass. af RETUR,MINIMU,afmeld",1,968,57,30155C97D461A7C00230106F,"PLC, Product detaljeret, Aarhus, Sep. 2023.xlsx",1.7924380165289255,undertrøje
22569 Termoundertrøje zip-hals sort,"Kass. af RETUR,MINIMU,afmeld",1,646,38,30155C97D461A4C000BE7538,"PLC, Product detaljeret, Aarhus, Sep. 2023.xlsx",1.7905882352941176,undertrøje
22569 Termoundertrøje zip-hals sort,Misligholdt med restværdi,1,314,15,30155C97D461A6C00013CB8E,"PLC, Product detaljeret, Aarhus, Sep. 2023.xlsx",1.4541401273885353,undertrøje
